fw_ID,model,richness,links,connectance,distance,basal,top,intermediate,diameter,herbivory,omnivory,predpreyRatio,l_S,GenSD,VulSD,TL,ChLen,ChSD,ChNum,path,LinkSD,S1,S2,S4,S5,centrality,loops,intervals,MaxSim,Clust,trophicCoherence,trophicVar
ltm_1_10,LTM,10,6,0.06,1.0,0.6,0.7,-0.3,2,0.1,0.2,0.75,0.6,1.405456737852613,1.7916128329552332,1.8,2.5,0.5773502691896257,1.3862943611198906,1.1428571428571428,2.459549291242073,0.03,0.02,0.02,0.0,2.6363636363636367,0.0,0,0.27999999999999997,0.7499999999999999,0.408248290463863,1.2333333333333334
atn_1_10,ATN,10,9,0.09,1.0,0.4,0.4,0.2,3,0.2,0.2,1.0,0.9,0.9728833730787924,1.1049210289019482,2.25,3.0,1.224744871391589,1.6094379124341003,1.0,1.5537908861780023,0.07,0.02,0.02,0.01,1.2222222222222223,0.0,0,0.27999999999999997,0.3333333333333333,0.3333333333333333,1.6805555555555556
adbm_1_10,ADBM,10,16,0.16,2.0,0.4,0.4,0.2,1,0.2,0.4,1.0,1.6,1.1486707293408518,1.148670729340852,1.9700000000000002,2.8823529411764706,1.1114378604524227,2.833213344056216,1.0,1.467234738471584,0.0,0.2,0.0,0.0,2.0456852791878175,0.0,0,0.39999999999999997,1.0,0.6274950199005567,0.8617777777777778
niche_1_10,Niche,10,15,0.15,3.0,0.4,0.2,0.4,2,0.1,0.4,1.3333333333333333,1.5,1.0540925533894598,0.7200822998230957,2.028125,2.9473684210526314,0.7050361858740393,2.9444389791664403,1.3181818181818181,1.2171612389003692,0.16,0.05,0.04,0.1,1.9508196721311475,0.0,0,0.5261904761904762,0.544973544973545,0.41426390541939967,1.00009765625
cascade_1_10,Cascade,10,21,0.21,2.0,0.2,0.2,0.6,3,0.2,0.6,1.0,2.1,0.7920619015793428,0.8232573003104723,2.2666666666666666,2.736842105263158,0.9911892555667041,2.9444389791664403,1.0869565217391304,0.5406154401881397,0.13,0.11,0.14,0.13,1.5974025974025976,0.0,3,0.3888095238095238,0.3966666666666667,0.6160216370067166,0.6027434842249657
random_1_10,Random,10,24,0.24,1.0,0.0,0.0,1.0,5,0.0,0.6,1.0,2.4,0.6860605019571372,0.48907824615719475,5.907663040609534e16,NaN,NaN,0.0,1.3888888888888888,0.7296625298090943,0.1,0.03,0.05,0.09,1.1444983405667604,1.0,2,0.3007936507936508,0.4766666666666667,5.802298395176403,156.44444444444446
maxent_1_10,MaxEnt,10,17,0.17,1.0,0.0,0.1,0.9,8,0.0,0.4,0.9,1.7,0.623147003218459,0.6820598874872975,6.661338147750939e-17,NaN,NaN,0.0,1.6857142857142857,0.8410827682167535,0.14,0.04,0.08,0.07,1.4478267691824884,0.9,1,0.25547619047619047,0.5296296296296296,1.0740467607126287,0.42339368690914836
ltm_2_10,LTM,10,19,0.19,1.0,0.2,0.1,0.7,2,0.2,0.6,1.125,1.9,0.7212212207401569,0.7627040392731285,2.528125,1.5,0.7071067811865476,0.6931471805599453,1.1363636363636365,0.8153649149910351,0.11,0.09,0.08,0.03,1.4827586206896552,0.3,0,0.5,0.437037037037037,0.685195166310791,1.1786518614969135
atn_2_10,ATN,10,9,0.09,2.0,0.5,0.3,0.2,2,0.3,0.2,1.4,0.9,1.4296488196754653,0.9728833730787924,1.625,2.0,0.8944271909999159,1.791759469228055,1.3076923076923077,1.5537908861780023,0.04,0.02,0.01,0.05,1.9850746268656718,0.0,0,0.32333333333333336,0.5733333333333334,0.485912657903775,0.4895833333333333
adbm_2_10,ADBM,10,27,0.27,3.0,0.2,0.2,0.6,2,0.3,0.4,1.0,2.7,1.062732800822585,0.6060709979572136,2.3785714285714286,2.875,1.0080322575483707,3.4657359027997265,1.1290322580645162,0.609831557295233,0.11,0.25,0.1,0.35,1.5560401663454713,0.0,0,0.7504761904761905,0.5323809523809524,0.6725927091345492,0.817517006802721
niche_2_10,Niche,10,21,0.21,2.0,0.2,0.4,0.4,2,0.2,0.5,0.75,2.1,0.7920619015793428,1.132448189316633,2.3475,2.3333333333333335,0.6859943405700354,2.8903717578961645,1.0454545454545454,0.8635854291260598,0.08,0.13,0.24,0.11,1.5862068965517242,0.0,0,0.5728571428571428,0.49259259259259264,0.46568774878139035,0.7242291666666666
cascade_2_10,Cascade,10,30,0.3,2.0,0.2,0.1,0.7,3,0.1,0.7,1.125,3.0,0.7535922203472519,0.6478835438717,2.5259642857142857,4.1625,1.2267457207144188,4.382026634673881,1.1428571428571428,0.49690399499995325,0.25,0.35,0.12,0.18,1.3560209424083767,0.0,6,0.4924603174603175,0.6821428571428572,0.6837132260752341,0.8778980456349207
random_2_10,Random,10,28,0.28,1.0,0.0,0.0,1.0,4,0.0,0.8,1.0,2.8,0.5270462766947299,0.3688555567816587,3.9076186226002e16,NaN,NaN,0.0,1.4489795918367347,0.6344244092606776,0.25,0.06,0.04,0.12,2.7494420473143872,1.0,9,0.3587012987012987,0.43952380952380954,8.23754471047914,85.33333333333333
maxent_2_10,MaxEnt,10,18,0.18,2.0,0.2,0.3,0.5,3,0.1,0.5,0.875,1.8,0.7768954430890012,0.899626503814157,3.140804597701149,3.638888888888889,1.1988751341576764,3.58351893845611,1.4838709677419355,1.3405156348780636,0.12,0.03,0.05,0.03,2.3114992721979624,0.3,2,0.3507936507936508,0.373015873015873,0.8705015413292748,2.009595058792443
ltm_3_10,LTM,10,9,0.09,1.0,0.4,0.6,0.0,2,0.2,0.3,0.6666666666666666,0.9,0.9728833730787924,1.4296488196754653,0.8000000000000002,1.0,0.0,0.6931471805599453,1.1818181818181819,1.9457667461575847,0.0,0.0,0.02,0.0,1.7906976744186045,0.3,0,0.4019047619047619,0.6666666666666666,0.7290473969608956,0.6967366891267013
atn_3_10,ATN,10,6,0.06,2.0,0.6,0.5,-0.1,2,0.3,0.1,1.25,0.6,1.405456737852613,1.1653431646335017,1.45,1.2,0.4472135954999579,1.6094379124341003,1.0,1.3146843962443593,0.01,0.0,0.01,0.02,2.333333333333333,0.0,0,0.36666666666666664,0.0,0.28867513459481287,0.35833333333333334
adbm_3_10,ADBM,10,13,0.13,2.0,0.4,0.3,0.3,2,0.3,0.2,1.1666666666666667,1.3,1.3592162339178024,0.8919244682526197,1.8699999999999999,2.0,1.0540925533894598,2.302585092994046,1.0714285714285714,1.266573234382407,0.01,0.08,0.0,0.08,1.643171806167401,0.0,0,0.3833333333333333,0.8388888888888889,0.6961432213383857,0.6995555555555555
niche_3_10,Niche,10,6,0.06,2.0,0.7,0.5,-0.2,1,0.3,0.0,1.6666666666666667,0.6,1.7916128329552337,1.1653431646335017,1.3,1.0,0.0,1.791759469228055,1.0,1.5315609724544692,0.0,0.0,0.01,0.04,4.454545454545454,0.0,0,0.5166666666666666,0.0,1.5700924586837752e-16,0.23333333333333328
cascade_3_10,Cascade,10,10,0.1,3.0,0.2,0.4,0.4,2,0.4,0.0,0.75,1.0,0.816496580927726,1.0540925533894598,2.2,2.0,0.0,1.791759469228055,1.1666666666666667,0.9428090415820632,0.06,0.0,0.05,0.03,0.5306122448979591,0.0,0,0.4,0.0,2.432376777795247e-16,0.6222222222222221
random_3_10,Random,10,9,0.09,1.0,0.4,0.5,0.1,3,0.1,0.2,0.8333333333333334,0.9,0.9728833730787925,1.222783260682902,2.2,2.5,1.0488088481701516,1.791759469228055,1.1818181818181819,1.4628457524541851,0.06,0.01,0.04,0.02,1.5,0.0,1,0.20666666666666664,0.25,0.6666666666666666,1.288888888888889
maxent_3_10,MaxEnt,10,6,0.06,2.0,0.7,0.5,-0.2,2,0.2,0.0,1.6666666666666667,0.6,2.1081851067789192,1.1653431646335017,1.4,1.2,0.44721359549995804,1.6094379124341003,1.0,2.048787657176197,0.01,0.0,0.01,0.06,3.4444444444444446,0.0,0,0.39,0.0,0.0,0.48888888888888904
ltm_4_10,LTM,10,5,0.05,2.0,0.6,0.6,-0.2,2,0.2,0.1,1.0,0.5,1.4142135623730951,1.4142135623730951,1.6,2.0,1.0,1.0986122886681098,1.0,2.1081851067789192,0.02,0.01,0.0,0.0,1.8571428571428568,0.0,0,0.09166666666666665,0.7777777777777777,0.31622776601683794,0.7666666666666669
atn_4_10,ATN,10,8,0.08,3.0,0.4,0.3,0.3,3,0.3,0.1,1.1666666666666667,0.8,0.9860132971832694,0.7905694150420948,1.95,2.0,1.0,1.6094379124341003,1.2727272727272727,0.8740073734751261,0.04,0.0,0.01,0.02,1.5316455696202533,0.0,0,0.35,0.0,0.25,1.0249999999999997
adbm_4_10,ADBM,10,19,0.19,2.0,0.3,0.1,0.6,4,0.1,0.3,1.2857142857142858,1.9,1.2268164025997959,0.7627040392731284,2.9714285714285715,3.6923076923076925,1.7504578155735615,2.5649493574615367,1.1818181818181819,1.0467672905386876,0.06,0.14,0.04,0.19,2.181818181818182,0.0,0,0.5533333333333333,0.5595238095238095,1.3239409159294762,2.510147392290249
niche_4_10,Niche,10,8,0.08,3.0,0.6,0.5,-0.1,2,0.2,0.2,1.25,0.8,1.5365907428821481,1.1486707293408518,1.5,1.5,0.5477225575051661,1.791759469228055,1.2,1.5811388300841895,0.02,0.01,0.02,0.05,3.038461538461538,0.0,0,0.24499999999999997,0.27777777777777773,0.408248290463863,0.4506172839506172
cascade_4_10,Cascade,10,6,0.06,2.0,0.6,0.7,-0.3,2,0.2,0.1,0.75,0.6,1.405456737852613,1.6101529717988263,1.55,1.6666666666666667,0.5163977794943222,1.791759469228055,1.0,2.194268628681278,0.03,0.01,0.02,0.01,2.333333333333333,0.0,0,0.21666666666666665,0.5416666666666667,0.28867513459481287,0.5805555555555556
random_4_10,Random,10,11,0.11,2.0,0.3,0.3,0.4,3,0.3,0.2,1.0,1.1,1.0004590314678288,1.0883809088526044,2.033333333333333,1.8571428571428572,0.8997354108424372,1.9459101490553132,1.411764705882353,1.0320840221773575,0.05,0.01,0.06,0.05,1.5416036308623295,0.0,0,0.31333333333333335,0.19047619047619047,0.5504818825631803,0.7024691358024691
maxent_4_10,MaxEnt,10,8,0.08,2.0,0.5,0.5,0.0,2,0.2,0.2,1.0,0.8,1.2909944487358056,1.2909944487358056,1.7,1.8,0.8366600265340756,1.6094379124341003,1.2,1.5811388300841895,0.03,0.01,0.03,0.03,2.296703296703297,0.0,0,0.15,0.16666666666666666,0.5,0.6222222222222222
ltm_5_10,LTM,10,18,0.18,2.0,0.4,0.3,0.3,3,0.0,0.5,1.1666666666666667,1.8,1.073435314532551,0.7314228762270926,4.6866666666666665,3.7,1.3018205875255098,2.995732273553991,1.3571428571428572,1.3405156348780636,0.07,0.05,0.03,0.12,1.356020942408377,0.5,0,0.5226190476190475,0.5875,2.8406224322266294,10.86943209876543
atn_5_10,ATN,10,19,0.19,3.0,0.3,0.3,0.4,2,0.1,0.6,1.0,1.9,0.8395428851933614,0.8395428851933614,2.4555555555555557,3.730769230769231,0.7775701798650618,3.258096538021482,1.2692307692307692,1.131544947129621,0.19,0.15,0.05,0.05,2.751065643648764,0.0,0,0.5428571428571429,0.6291666666666667,0.43033148291193524,1.4744855967078188
adbm_5_10,ADBM,10,31,0.31,2.0,0.2,0.2,0.6,2,0.1,0.6,1.0,3.1,0.9180806110166263,0.7820686686437927,3.1025,4.627118644067797,1.1729465561618408,4.07753744390572,1.0,0.8439319084020895,0.05,0.59,0.0,0.1,1.8159570901776738,0.0,0,0.6222222222222222,0.9404761904761904,0.8901793947506927,1.7078402777777775
niche_5_10,Niche,10,13,0.13,4.0,0.5,0.4,0.1,3,0.1,0.4,1.2,1.3,1.0908742249324435,1.1495647062287127,1.8888888888888886,3.066666666666667,0.7037315505489967,2.70805020110221,1.2941176470588236,1.6297690853405848,0.09,0.09,0.03,0.02,2.0612244897959187,0.0,0,0.39166666666666666,0.6722222222222222,0.4729130191131595,1.0534979423868314
cascade_5_10,Cascade,10,29,0.29,2.0,0.1,0.1,0.8,2,0.1,0.6,1.0,2.9,0.6982226459074686,0.7528516273017386,3.1245555555555558,4.075,1.384668802388388,3.6888794541139363,1.1714285714285715,0.3914801463431356,0.21,0.29,0.2,0.17,2.4768211920529803,0.0,3,0.547420634920635,0.5990476190476188,0.9864218656652841,0.8948626748971193
random_5_10,Random,10,26,0.26,1.0,0.0,0.1,0.9,4,0.0,0.3,0.9,2.6,0.5191911982388868,0.4865042554105199,1.863752793864052e16,NaN,NaN,0.0,1.4186046511627908,0.826898230594723,0.11,0.05,0.05,0.03,1.7281770816772428,0.9,5,0.3713888888888889,0.5111111111111111,2.1661735138967266,1.7777777777777777
maxent_5_10,MaxEnt,10,24,0.24,1.0,0.1,0.2,0.7,3,0.0,0.7,0.8888888888888888,2.4,0.5957669608202004,0.6860605019571372,23.456249999999997,4.666666666666667,1.1293194051465598,3.1780538303479458,1.4878048780487805,0.8958064164776168,0.15,0.05,0.05,0.09,0.9064911484339537,0.6,5,0.3361111111111111,0.6222222222222221,7.263771044826966,80.68580729166663
ltm_6_10,LTM,10,6,0.06,2.0,0.6,0.5,-0.1,3,0.1,0.2,1.25,0.6,1.405456737852613,1.1653431646335017,2.1,1.6666666666666667,1.1547005383792517,1.0986122886681098,1.0,1.8921540406584891,0.0,0.0,0.0,0.01,2.333333333333333,0.2,0,0.15,0.0,1.632993161855452,2.5444444444444443
atn_6_10,ATN,10,10,0.1,2.0,0.3,0.1,0.6,6,0.1,0.2,1.2857142857142858,1.0,0.9428090415820634,0.4714045207910317,3.1,4.0,2.160246899469287,1.3862943611198906,1.2307692307692308,0.816496580927726,0.07,0.01,0.0,0.03,1.0408163265306123,0.0,0,0.25833333333333336,0.23809523809523808,1.2649110640673518,3.4333333333333336
adbm_6_10,ADBM,10,18,0.18,2.0,0.3,0.1,0.6,3,0.2,0.3,1.2857142857142858,1.8,1.2505142974914172,0.7768954430890012,2.257142857142857,2.857142857142857,1.167320591199077,2.6390573296152584,1.0526315789473684,1.1172668984443226,0.03,0.16,0.0,0.14,1.4633431085043989,0.0,0,0.4533333333333333,0.6410714285714286,0.7670030318021245,0.9608276643990928
niche_6_10,Niche,10,9,0.09,4.0,0.6,0.2,0.2,3,0.2,0.1,2.0,0.9,1.7723683131859849,0.6307180135528295,1.56,1.8333333333333333,0.9831920802501751,1.791759469228055,1.5,1.5537908861780023,0.03,0.01,0.0,0.1,4.6277056277056285,0.0,0,0.5666666666666667,0.42000000000000004,0.5962847939999439,0.6026666666666667
cascade_6_10,Cascade,10,13,0.13,2.0,0.4,0.4,0.2,3,0.2,0.4,1.0,1.3,0.9628196592573635,1.0288411614225066,1.8666666666666667,2.076923076923077,0.75955452531275,2.5649493574615367,1.1875,1.0383823964777736,0.06,0.04,0.06,0.05,2.668122270742358,0.0,2,0.295,0.3125,0.5063696835418333,0.634567901234568
random_6_10,Random,10,15,0.15,2.0,0.2,0.0,0.8,4,0.1,0.4,1.25,1.5,0.8461970117626564,0.47140452079103173,4.15,NaN,NaN,0.0,2.088888888888889,0.9938079899999065,0.08,0.01,0.02,0.04,4.025360905189231,0.7,0,0.3092857142857143,0.35416666666666663,1.5728411239225428,4.641437098255278
maxent_6_10,MaxEnt,10,9,0.09,2.0,0.5,0.4,0.1,3,0.1,0.4,1.2,0.9,1.1049210289019482,0.9728833730787925,1.8625,2.4285714285714284,1.1338934190276817,1.9459101490553132,1.4285714285714286,1.4628457524541851,0.06,0.02,0.01,0.02,3.736842105263158,0.0,1,0.16166666666666665,0.5,0.689706056551952,0.9390624999999999
ltm_7_10,LTM,10,25,0.25,3.0,0.3,0.1,0.6,3,0.1,0.6,1.2857142857142858,2.5,0.7363574011458174,0.5077182070575939,2.467361111111111,4.440298507462686,1.0369938771279041,4.897839799950911,1.4523809523809523,0.8219218670625302,0.28,0.19,0.0,0.07,2.984819734345351,0.2,1,0.5444444444444445,0.8109523809523809,0.595546745374304,1.5316363383058984
atn_7_10,ATN,10,10,0.1,1.0,0.3,0.1,0.6,6,0.1,0.2,1.2857142857142858,1.0,0.816496580927726,0.4714045207910317,2.75,3.75,2.6299556396765835,1.3862943611198906,1.1666666666666667,0.8164965809277261,0.09,0.0,0.01,0.03,1.0,0.0,0,0.36666666666666664,0.0,1.118033988749895,2.0694444444444446
adbm_7_10,ADBM,10,19,0.19,2.0,0.3,0.1,0.6,3,0.1,0.3,1.2857142857142858,1.9,1.2516532618762786,0.6301152630199289,2.7314285714285713,3.7333333333333334,1.486446705914413,2.70805020110221,1.0952380952380953,1.0757691029302383,0.09,0.14,0.01,0.2,1.179930795847751,0.0,0,0.5021428571428571,0.6160714285714285,1.0075073254624427,1.892240866717057
niche_7_10,Niche,10,24,0.24,2.0,0.5,0.4,0.1,1,0.3,0.2,1.2,2.4,1.097134314340639,0.9860132971832694,1.5666666666666669,1.5714285714285714,0.5039526306789697,3.332204510175204,1.0,0.7556372504853025,0.0,0.16,0.26,0.32,1.307692307692308,0.0,0,0.8666666666666668,0.41481481481481475,0.3333333333333333,0.371604938271605
cascade_7_10,Cascade,10,12,0.12,2.0,0.4,0.3,0.3,2,0.3,0.3,1.1666666666666667,1.2,1.0243938285880985,1.2297746456210366,1.7833333333333332,1.875,0.6408699444616557,2.0794415416798357,1.25,1.1915339216404008,0.05,0.02,0.09,0.06,2.0612244897959187,0.0,0,0.35333333333333333,0.33749999999999997,0.34020690871988585,0.5682098765432098
random_7_10,Random,10,14,0.14,1.0,0.2,0.2,0.6,3,0.1,0.5,1.0,1.4,0.6900655593423543,0.6900655593423544,3.4083333333333337,2.2857142857142856,0.7559289460184545,1.9459101490553132,1.125,0.7377111135633174,0.06,0.02,0.03,0.03,1.2641509433962264,0.4,0,0.3009523809523809,0.3333333333333333,1.2186546055462342,3.222916666666667
maxent_7_10,MaxEnt,10,7,0.07,3.0,0.6,0.5,-0.1,2,0.1,0.1,1.25,0.7,1.7880936529065323,1.1761037176408067,0.8777777777777779,1.5,0.7071067811865476,0.6931471805599453,1.125,2.150779007740232,0.01,0.0,0.0,0.05,2.1578947368421053,0.2,0,0.18333333333333332,0.5416666666666666,0.9310440556223427,0.5574759945130304
ltm_8_10,LTM,10,18,0.18,3.0,0.6,0.1,0.3,3,0.1,0.3,2.25,1.8,1.6101529717988263,0.5105203241514897,1.5705882352941176,NaN,NaN,0.0,1.2916666666666667,1.6186498802527522,0.02,0.02,0.0,0.24,6.544910179640719,0.3,0,0.6202020202020202,0.7410714285714286,0.6896276625517245,0.5698193002691272
atn_8_10,ATN,10,15,0.15,3.0,0.4,0.3,0.3,3,0.1,0.4,1.1666666666666667,1.5,1.0540925533894598,0.9558139185602919,2.1333333333333333,3.7142857142857144,0.8254203058555569,2.6390573296152584,1.48,1.405456737852613,0.12,0.1,0.03,0.05,4.194805194805194,0.0,0,0.41142857142857137,0.6714285714285715,0.5607167664526093,1.2861454046639231
adbm_8_10,ADBM,10,29,0.29,2.0,0.3,0.3,0.4,2,0.1,0.6,1.0,2.9,0.9813965152246695,0.8200486888154929,2.2535714285714286,3.0384615384615383,1.0657141297434514,3.9512437185814275,1.0,0.7930201522142686,0.03,0.43,0.1,0.21,2.818181818181818,0.0,0,0.743452380952381,0.8034391534391535,0.7299125319680628,0.8658892878138906
niche_8_10,Niche,10,12,0.12,2.0,0.4,0.5,0.1,2,0.5,0.1,0.8333333333333334,1.2,1.0243938285880985,1.2909944487358058,1.65,1.0909090909090908,0.30151134457776363,2.3978952727983707,1.0,0.8050764858994132,0.01,0.0,0.12,0.08,1.727272727272727,0.0,0,0.6566666666666667,0.0,0.2041241452319315,0.3361111111111111
cascade_8_10,Cascade,10,16,0.16,2.0,0.2,0.3,0.5,4,0.1,0.4,0.875,1.6,1.070436048222094,0.733617369235792,3.1875,3.789473684210526,1.6525719808972872,2.9444389791664403,1.1111111111111112,0.8740073734751264,0.1,0.05,0.06,0.13,0.875,0.0,1,0.37,0.3259259259259259,1.1293319374745407,2.4071180555555554
random_8_10,Random,10,22,0.22,2.0,0.2,0.1,0.7,4,0.0,0.8,1.125,2.2,0.5984368987312575,0.6356417261637282,5.328806584362141,NaN,NaN,0.0,1.7142857142857142,0.8886592908251623,0.11,0.04,0.08,0.07,2.124042879019908,0.8,4,0.3944444444444445,0.5111111111111111,2.3596726054737456,6.606026633248094
maxent_8_10,MaxEnt,10,5,0.05,2.0,0.7,0.7,-0.4,1,0.3,0.0,1.0,0.5,1.699673171197595,1.9436506316151,1.3,1.0,0.0,1.6094379124341003,1.0,2.1081851067789197,0.0,0.0,0.03,0.02,4.0,0.0,0,0.25,0.0,0.0,0.23333333333333334
ltm_9_10,LTM,10,21,0.21,2.0,0.2,0.2,0.6,3,0.0,0.7,1.0,2.1,0.6127066370037709,0.6900655593423541,3.675,2.7777777777777777,0.9718253158075502,2.1972245773362196,1.25,0.8031181359157789,0.08,0.05,0.04,0.01,1.058823529411765,0.5,2,0.36035714285714276,0.8148148148148149,1.1700630833624392,3.5562499999999986
atn_9_10,ATN,10,11,0.11,1.0,0.3,0.2,0.5,5,0.1,0.2,1.1428571428571428,1.1,0.9040262963743211,0.7959954870644664,3.1833333333333327,5.25,0.4629100498862757,2.0794415416798357,1.1538461538461537,1.2712834523274563,0.11,0.02,0.02,0.03,1.2058823529411766,0.0,0,0.4333333333333333,0.27777777777777773,0.24618298195866545,3.515123456790122
adbm_9_10,ADBM,10,17,0.17,1.0,0.3,0.3,0.4,3,0.1,0.3,1.0,1.7,1.1781034420235137,0.9625833496967512,3.0347222222222223,4.461538461538462,1.1266014242982163,2.5649493574615367,1.105263157894737,1.364119774974595,0.06,0.17,0.01,0.07,1.5,0.0,0,0.45,0.780952380952381,0.6874319138398924,2.7278485082304513
niche_9_10,Niche,10,3,0.03,2.0,0.8,0.7,-0.5,1,0.2,0.0,1.5,0.3,2.249828525701843,1.6101529717988263,1.2,1.0,0.0,1.0986122886681098,1.0,2.330686329267004,0.0,0.0,0.0,0.01,5.666666666666666,0.0,0,0.2,0.0,0.0,0.17777777777777784
cascade_9_10,Cascade,10,5,0.05,3.0,0.6,0.6,-0.2,2,0.2,0.1,1.0,0.5,1.4142135623730951,1.4142135623730951,1.55,1.6666666666666667,0.5773502691896257,1.0986122886681098,1.1666666666666667,1.885618083164127,0.02,0.0,0.01,0.01,2.076923076923077,0.0,0,0.13333333333333333,0.0,0.31622776601683794,0.5805555555555556
random_9_10,Random,10,6,0.06,3.0,0.7,0.5,-0.2,2,0.2,0.1,1.6666666666666667,0.6,1.7916128329552332,1.165343164633502,1.3333333333333333,1.4,0.5477225575051661,1.6094379124341003,1.25,1.892154040658489,0.02,0.0,0.01,0.04,5.086956521739131,0.0,0,0.36666666666666664,0.0,0.33333333333333337,0.2962962962962963
maxent_9_10,MaxEnt,10,6,0.06,2.0,0.7,0.7,-0.4,1,0.3,0.0,1.0,0.6,1.7916128329552332,1.7916128329552332,1.3,1.0,0.0,1.791759469228055,1.0,2.0487876571761974,0.0,0.0,0.04,0.04,4.454545454545454,0.0,0,0.3666666666666666,0.0,1.5700924586837752e-16,0.23333333333333328
ltm_10_10,LTM,10,17,0.17,1.0,0.2,0.2,0.6,3,0.0,0.6,1.0,1.7,0.6820598874872975,0.8790788929984272,0.24450663349917087,1.0,0.0,0.0,1.2608695652173914,1.0449343211352335,0.08,0.03,0.07,0.04,2.098106712564544,0.5,0,0.3985714285714285,0.2791666666666667,0.8149189856873512,0.9542667918660186
atn_10_10,ATN,10,15,0.15,1.0,0.2,0.1,0.7,5,0.1,0.5,1.125,1.5,0.7200822998230957,0.6478835438717,3.483333333333333,5.222222222222222,0.7320844981409595,2.8903717578961645,1.3636363636363635,0.6285393610547091,0.11,0.06,0.02,0.03,1.6666666666666667,0.0,0,0.5066666666666667,0.5925925925925926,0.4346134936801766,3.545987654320988
adbm_10_10,ADBM,10,22,0.22,4.0,0.2,0.2,0.6,3,0.1,0.5,1.0,2.2,0.9040262963743211,0.9772433634301273,3.5916666666666663,5.0,0.8728715609439694,3.091042453358316,1.4848484848484849,1.1175205402779256,0.07,0.3,0.04,0.01,3.5047533923783214,0.0,0,0.5339285714285714,0.8,0.6306562238868912,2.959027777777777
niche_10_10,Niche,10,35,0.35,2.0,0.2,0.2,0.6,2,0.1,0.7,1.0,3.5,0.8109231602822096,0.7648751621051909,2.4168898809523807,3.074074074074074,0.9718253158075499,4.394449154672439,1.0789473684210527,0.46656947481584343,0.06,0.6,0.16,0.2,3.179104477611941,0.0,0,0.7813095238095238,0.8398412698412698,0.6591687468254113,0.7407756856359442
cascade_10_10,Cascade,10,27,0.27,3.0,0.2,0.1,0.7,2,0.2,0.6,1.125,2.7,0.6307180135528296,0.891115181857708,2.302083333333333,3.789473684210526,1.2767758112768801,3.6375861597263857,1.1818181818181819,0.49996189460040946,0.19,0.23,0.26,0.13,1.174629324546952,0.0,4,0.46944444444444444,0.5578571428571429,0.6061986900776443,0.6494261188271606
random_10_10,Random,10,28,0.28,3.0,0.1,0.0,0.9,4,0.0,0.8,1.1111111111111112,2.8,0.6023386019368342,0.4054615801411048,7.965495867768597,NaN,NaN,0.0,1.3863636363636365,0.7932538689979849,0.09,0.06,0.03,0.03,2.518796992481203,0.9,6,0.43389249639249633,0.5066666666666666,2.4850395918386012,9.744649244131784
maxent_10_10,MaxEnt,10,18,0.18,2.0,0.4,0.2,0.4,4,0.0,0.6,1.3333333333333333,1.8,0.9728833730787925,0.899626503814157,3.7917808219178077,3.7142857142857144,1.3259870882635918,2.6390573296152584,1.4516129032258065,1.575707213791307,0.03,0.02,0.02,0.03,3.3963712491277036,0.5,5,0.29714285714285715,0.6285714285714287,1.9446533827522179,6.091149058610119
ltm_11_10,LTM,10,10,0.1,4.0,0.6,0.3,0.1,3,0.1,0.3,1.75,1.0,1.4142135623730951,0.9428090415820634,1.575,2.25,0.8864052604279183,2.0794415416798357,1.4,1.5634719199411433,0.06,0.02,0.02,0.07,3.583333333333333,0.0,0,0.5133333333333334,0.3333333333333333,0.570087712549569,0.5840277777777777
atn_11_10,ATN,10,13,0.13,2.0,0.4,0.1,0.5,4,0.1,0.3,1.5,1.3,1.0288411614225066,0.5191911982388868,2.251851851851852,3.933333333333333,1.0327955589886444,2.70805020110221,1.1333333333333333,1.0383823964777736,0.12,0.03,0.01,0.07,2.02158273381295,0.0,0,0.6074999999999999,0.3875,0.7218386007241576,1.5368998628257886
adbm_11_10,ADBM,10,24,0.24,3.0,0.3,0.2,0.5,3,0.1,0.5,1.1428571428571428,2.4,1.0243938285880985,0.8827915878928169,2.4657142857142853,3.4,1.2247448713915892,3.2188758248682006,1.1428571428571428,0.9781564923143895,0.06,0.29,0.08,0.15,3.035874439461883,0.0,0,0.593452380952381,0.7494047619047618,0.8107903257815503,1.2192154195011335
niche_11_10,Niche,10,25,0.25,2.0,0.5,0.2,0.3,1,0.2,0.3,1.6,2.5,1.2961481396815722,0.7118052168020874,1.5910714285714285,2.2,0.8866830868758714,3.4011973816621555,1.0,0.9237604307034013,0.0,0.25,0.08,0.41,2.485477178423237,0.0,0,0.8333333333333333,0.6707142857142857,0.45118890563867875,0.40446310468631896
cascade_11_10,Cascade,10,29,0.29,2.0,0.2,0.1,0.7,2,0.2,0.6,1.125,2.9,0.8200486888154929,0.6389398671120596,2.3538888888888887,3.5348837209302326,1.0767861619366241,3.7612001156935624,1.1470588235294117,0.35613639965125676,0.17,0.31,0.12,0.22,2.007518796992481,0.0,3,0.5424206349206349,0.6773809523809524,0.6491176839069045,0.7044156378600822
random_11_10,Random,10,26,0.26,1.0,0.0,0.0,1.0,5,0.0,0.7,1.0,2.6,0.4865042554105199,0.41344911529736156,-4.517025933121587e16,NaN,NaN,0.0,1.4680851063829787,0.7431475254456122,0.19,0.04,0.05,0.04,2.1183908563200284,1.0,7,0.33465367965367965,0.45999999999999996,7.985563898011884,35.55555555555556
maxent_11_10,MaxEnt,10,21,0.21,3.0,0.3,0.1,0.6,3,0.0,0.7,1.2857142857142858,2.1,0.7920619015793428,0.7256590127404738,2.6428571428571423,2.8333333333333335,1.1690451944500122,1.791759469228055,1.3333333333333333,0.8031181359157789,0.05,0.04,0.1,0.07,2.128103277060576,0.5,4,0.29500000000000004,0.45999999999999996,1.1640014084766221,1.3819321967470115
ltm_12_10,LTM,10,13,0.13,2.0,0.4,0.1,0.5,4,0.0,0.5,1.5,1.3,0.8919244682526197,0.6332866171912035,2.4,3.6666666666666665,1.4142135623730951,2.1972245773362196,1.380952380952381,1.0998774661296007,0.1,0.0,0.02,0.05,2.2432432432432434,0.2,0,0.3283333333333333,0.11904761904761904,1.0459527207369814,1.5506172839506172
atn_12_10,ATN,10,9,0.09,2.0,0.5,0.4,0.1,2,0.3,0.1,1.2,0.9,1.4296488196754653,0.9728833730787924,1.65,2.0,0.816496580927726,1.9459101490553132,1.3076923076923077,1.5537908861780023,0.04,0.02,0.01,0.05,2.4951456310679614,0.0,0,0.5166666666666667,0.5733333333333334,0.28867513459481287,0.6000000000000001
adbm_12_10,ADBM,10,16,0.16,4.0,0.3,0.3,0.4,3,0.2,0.3,1.0,1.6,1.1102427162061856,0.8936504412303007,2.5700000000000003,3.4615384615384617,1.6132464481796023,2.5649493574615367,1.2105263157894737,1.1711224435462662,0.05,0.13,0.01,0.06,1.4896265560165978,0.0,0,0.51,0.625,1.0093314619093174,1.7425185185185184
niche_12_10,Niche,10,19,0.19,2.0,0.3,0.6,0.1,2,0.1,0.6,0.5714285714285714,1.9,0.8395428851933614,1.4133427411314268,2.2583333333333333,2.391304347826087,0.8387832331734848,3.1354942159291497,1.05,1.354404144955704,0.02,0.2,0.21,0.0,2.4285714285714284,0.0,0,0.6141666666666665,0.8470238095238095,0.5978763587489283,0.8756944444444446
cascade_12_10,Cascade,10,26,0.26,3.0,0.2,0.2,0.6,2,0.1,0.7,1.0,2.6,0.6832262868961142,0.8542733973824451,2.3895833333333334,3.15625,1.1943246168117698,3.4657359027997265,1.1333333333333333,0.3972290611494787,0.16,0.2,0.23,0.15,2.4196891191709846,0.0,4,0.5,0.5561904761904761,0.652462303292285,0.6996120541838134
random_12_10,Random,10,27,0.27,1.0,0.1,0.0,0.9,4,0.0,0.8,1.1111111111111112,2.7,0.5534941178138245,0.5534941178138245,60.59411764705878,NaN,NaN,0.0,1.469387755102041,0.876456264162906,0.13,0.08,0.03,0.07,2.077606306206284,0.9,6,0.3068398268398268,0.626984126984127,11.511329864614623,551.9027767098121
maxent_12_10,MaxEnt,10,24,0.24,3.0,0.1,0.3,0.6,3,0.1,0.8,0.7777777777777778,2.4,0.5624571314254607,0.8606629658238704,3.728999999999999,4.5064935064935066,1.1655513335505605,4.343805421853684,1.425,1.0540925533894598,0.19,0.1,0.1,0.02,2.981768459434823,0.4,6,0.3701875901875901,0.7371428571428572,0.9375169134276793,1.8714174074074077
ltm_13_10,LTM,10,24,0.24,2.0,0.2,0.0,0.8,2,0.3,0.5,1.25,2.4,1.0053867261585478,0.5624571314254608,2.2395663956639567,NaN,NaN,0.0,1.1111111111111112,0.7807482956975109,0.12,0.14,0.07,0.18,1.2842639593908631,0.2,1,0.5884271284271285,0.48380952380952386,0.536819277120949,0.6984696221548184
atn_13_10,ATN,10,11,0.11,3.0,0.4,0.4,0.2,2,0.5,0.1,1.0,1.1,1.0004590314678288,1.0883809088526044,1.6666666666666665,1.4444444444444444,0.5270462766947299,2.1972245773362196,1.1538461538461537,0.835396894066074,0.04,0.0,0.07,0.06,1.7450980392156863,0.0,0,0.5583333333333333,0.0,0.24618298195866548,0.3703703703703703
adbm_13_10,ADBM,10,12,0.12,2.0,0.3,0.5,0.2,1,0.5,0.2,0.7142857142857143,1.2,1.0971343143406387,1.2297746456210366,1.8583333333333332,1.7777777777777777,0.8333333333333334,2.1972245773362196,1.0,1.2546210878484685,0.0,0.07,0.04,0.02,0.7910447761194029,0.0,0,0.6599999999999999,0.75,0.41666666666666663,0.4537808641975309
niche_13_10,Niche,10,5,0.05,2.0,0.7,0.7,-0.4,1,0.3,0.0,1.0,0.5,1.699673171197595,1.699673171197595,1.3,1.0,0.0,1.6094379124341003,1.0,1.8856180831641267,0.0,0.0,0.02,0.02,4.0,0.0,0,0.4,0.0,0.0,0.23333333333333334
cascade_13_10,Cascade,10,12,0.12,2.0,0.3,0.3,0.4,2,0.4,0.2,1.0,1.2,0.8606629658238704,1.0971343143406387,1.95,1.875,0.6408699444616557,2.0794415416798357,1.25,0.8958064164776166,0.06,0.01,0.08,0.05,1.6373626373626373,0.0,0,0.31166666666666665,0.16666666666666669,0.24532669073132907,0.6052469135802468
random_13_10,Random,10,14,0.14,3.0,0.2,0.3,0.5,4,0.2,0.4,0.875,1.4,0.8384198505551909,0.9035079029052513,2.4625,2.3333333333333335,1.0,2.1972245773362196,1.35,0.6563832739090583,0.08,0.02,0.08,0.07,1.222222222222222,0.0,1,0.29166666666666663,0.18518518518518517,0.6911429457272724,0.9307291666666665
maxent_13_10,MaxEnt,10,7,0.07,3.0,0.5,0.5,0.0,4,0.1,0.1,1.0,0.7,1.355261854357877,1.1761037176408067,2.2333333333333334,2.75,1.5,1.3862943611198906,1.3636363636363635,1.8070158058105026,0.05,0.0,0.02,0.03,2.559322033898305,0.0,0,0.19166666666666662,0.0,0.816496580927726,2.248148148148148
ltm_14_10,LTM,10,26,0.26,2.0,0.2,0.2,0.6,3,0.0,0.7,1.0,2.6,0.7068742949789857,0.6332866171912035,12.344999999999994,4.904761904761905,1.1647154747190156,3.7376696182833684,1.4090909090909092,1.0383823964777736,0.09,0.05,0.07,0.08,3.688426990851088,0.7,0,0.5683333333333332,0.5185185185185185,4.563715591489021,37.59302777777773
atn_14_10,ATN,10,10,0.1,1.0,0.3,0.4,0.3,3,0.4,0.0,0.8571428571428571,1.0,0.816496580927726,0.9428090415820634,2.1,2.3333333333333335,1.0327955589886446,1.791759469228055,1.1666666666666667,1.0540925533894598,0.08,0.0,0.04,0.03,0.9354838709677419,0.0,0,0.6,0.0,0.0,0.9888888888888887
adbm_14_10,ADBM,10,25,0.25,2.0,0.2,0.2,0.6,3,0.2,0.3,1.0,2.5,1.1035296904831233,0.6599663291074443,2.6914285714285717,3.230769230769231,1.210212950110593,3.258096538021482,1.0384615384615385,0.7302967433402215,0.09,0.22,0.09,0.31,1.1116138763197587,0.0,0,0.6755555555555555,0.5123809523809524,0.8549686711052217,1.252390022675737
niche_14_10,Niche,10,10,0.1,2.0,0.7,0.5,-0.2,1,0.3,0.0,1.6666666666666667,1.0,1.632993161855452,1.1547005383792515,1.3,1.0,0.0,2.302585092994046,1.0,1.3333333333333333,0.0,0.0,0.06,0.12,2.6363636363636367,0.0,0,0.5733333333333333,0.0,1.7199501139797033e-16,0.23333333333333325
cascade_14_10,Cascade,10,9,0.09,2.0,0.4,0.5,0.1,2,0.3,0.2,0.8333333333333334,0.9,1.1049210289019482,1.222783260682902,1.8,1.7142857142857142,0.7559289460184545,1.9459101490553132,1.1,1.3658584381174648,0.04,0.01,0.04,0.03,1.4,0.0,0,0.30333333333333334,0.16666666666666666,0.415739709641549,0.5728395061728396
random_14_10,Random,10,8,0.08,2.0,0.5,0.4,0.1,3,0.1,0.2,1.2,0.8,1.2909944487358056,0.9860132971832694,3.233333333333333,1.0,0.0,0.0,1.5714285714285714,1.7873008824606011,0.03,0.02,0.0,0.02,3.7908745247148286,0.4,0,0.21333333333333332,0.7666666666666666,2.3746344747958337,7.581481481481479
maxent_14_10,MaxEnt,10,9,0.09,3.0,0.5,0.4,0.1,2,0.2,0.3,1.2,0.9,1.222783260682902,1.104921028901948,1.7083333333333335,1.7142857142857142,0.7559289460184545,1.9459101490553132,1.1818181818181819,1.3658584381174648,0.04,0.01,0.03,0.04,2.389830508474576,0.0,1,0.26666666666666666,0.3,0.37883838047182933,0.6747685185185185
ltm_15_10,LTM,10,21,0.21,4.0,0.3,0.1,0.6,3,0.0,0.6,1.2857142857142858,2.1,0.8232573003104723,0.4735375838151205,3.3157407407407407,3.8181818181818183,1.2587357087234732,3.091042453358316,1.3103448275862069,0.6659103797905724,0.11,0.05,0.02,0.11,3.3613707165109035,0.5,1,0.534047619047619,0.6133333333333335,1.6754179416633632,2.9545505639384233
atn_15_10,ATN,10,11,0.11,3.0,0.3,0.3,0.4,2,0.4,0.2,1.0,1.1,0.9040262963743211,0.9040262963743211,1.9,1.7142857142857142,0.48795003647426666,1.9459101490553132,1.2142857142857142,0.5749595745760689,0.05,0.0,0.05,0.05,1.127659574468085,0.0,0,0.6333333333333333,0.0,0.30151134457776363,0.4888888888888887
adbm_15_10,ADBM,10,20,0.2,3.0,0.3,0.2,0.5,3,0.3,0.3,1.1428571428571428,2.0,1.35400640077266,0.5773502691896257,2.1,2.125,0.9574271077563381,2.772588722239781,1.1304347826086956,0.8498365855987975,0.08,0.06,0.1,0.37,1.465753424657534,0.0,0,0.7416666666666666,0.2619047619047619,0.7071067811865476,0.7666666666666663
niche_15_10,Niche,10,10,0.1,3.0,0.3,0.5,0.2,3,0.3,0.1,0.7142857142857143,1.0,0.9428090415820634,1.1547005383792515,2.2333333333333334,2.3333333333333335,0.5163977794943222,1.791759469228055,1.4375,1.247219128924647,0.07,0.0,0.06,0.04,1.5688073394495412,0.0,0,0.41166666666666674,0.0,0.25819888974716115,1.1370370370370368
cascade_15_10,Cascade,10,14,0.14,2.0,0.3,0.3,0.4,2,0.3,0.3,1.0,1.4,0.8384198505551909,0.9642122253007899,2.0,2.0,0.4472135954999579,2.3978952727983707,1.263157894736842,0.8109231602822096,0.09,0.02,0.09,0.07,2.342618384401114,0.0,1,0.4933333333333333,0.2962962962962963,0.33333333333333337,0.6172839506172839
random_15_10,Random,10,13,0.13,2.0,0.2,0.4,0.4,3,0.2,0.2,0.75,1.3,0.8919244682526197,0.9628196592573635,2.55,2.0,0.9428090415820634,2.302585092994046,1.2777777777777777,0.8268982305947231,0.07,0.02,0.07,0.06,1.4793388429752068,0.0,0,0.4083333333333333,0.29166666666666663,0.7071067811865476,1.1361111111111113
maxent_15_10,MaxEnt,10,9,0.09,2.0,0.5,0.4,0.1,4,0.0,0.3,1.2,0.9,1.2227832606829023,1.104921028901948,2.45,3.0,1.0,1.0986122886681098,1.25,1.9457667461575847,0.04,0.0,0.01,0.02,3.37956204379562,0.3,0,0.15166666666666667,0.6,1.2527746981977423,2.4555555555555553
ltm_16_10,LTM,10,21,0.21,3.0,0.2,0.1,0.7,3,0.0,0.6,1.125,2.1,0.7256590127404737,0.6525334854315704,5.983333333333333,3.888888888888889,1.1826634392157036,2.8903717578961645,1.4411764705882353,0.9988655696858586,0.13,0.02,0.05,0.11,2.876418454402385,0.5,0,0.5442857142857143,0.18333333333333332,2.4325218803564126,7.383564814814814
atn_16_10,ATN,10,18,0.18,2.0,0.4,0.3,0.3,2,0.2,0.4,1.1666666666666667,1.8,0.9728833730787926,0.9369711585684087,1.862222222222222,2.1666666666666665,0.701964118163034,3.1780538303479458,1.1,0.9868824144054983,0.06,0.14,0.06,0.07,1.4881516587677726,0.0,0,0.7771428571428571,0.625,0.42648916060695646,0.6737777777777777
adbm_16_10,ADBM,10,32,0.32,2.0,0.2,0.2,0.6,2,0.1,0.5,1.0,3.2,0.9524274542218716,0.7482618748361655,2.8710714285714283,4.2592592592592595,1.2466587069107657,3.9889840465642745,1.0857142857142856,0.7822909731466078,0.03,0.6,0.01,0.17,2.9980961446930032,0.0,0,0.6904761904761905,0.9153439153439152,0.8510687142347594,1.2999798595364072
niche_16_10,Niche,10,19,0.19,2.0,0.3,0.2,0.5,3,0.1,0.5,1.1428571428571428,1.9,0.8020441719763131,0.9099159635010484,2.375,3.125,0.8327955253822958,3.4657359027997265,1.4516129032258065,1.0467672905386878,0.18,0.12,0.1,0.07,2.116883116883117,0.0,0,0.72,0.4392857142857143,0.4659455581480466,1.2673611111111112
cascade_16_10,Cascade,10,22,0.22,2.0,0.2,0.2,0.6,2,0.3,0.5,1.0,2.2,0.8782652573448144,0.8517254134881936,2.2115,2.740740740740741,1.0225380411427467,3.295836866004329,1.12,0.748429638498695,0.13,0.15,0.14,0.15,1.3076923076923077,0.0,2,0.4436904761904762,0.6026190476190476,0.6090044036264135,0.5862113888888889
random_16_10,Random,10,26,0.26,1.0,0.1,0.1,0.8,4,0.0,0.8,1.0,2.6,0.6587298758289809,0.5790558866992931,7.635790094339624,4.777777777777778,1.0983392947305521,3.58351893845611,1.5714285714285714,0.7649453277013486,0.17,0.12,0.1,0.09,2.806806107889864,0.8,5,0.34976190476190466,0.6028571428571429,2.1474578771998534,7.4698672893242435
maxent_16_10,MaxEnt,10,15,0.15,1.0,0.1,0.2,0.7,5,0.1,0.0,0.8888888888888888,1.5,0.5665577237325317,0.7856742013183862,-1.2970366926827029e17,1.0,0.0,0.0,1.52,0.9428090415820635,0.08,0.0,0.05,0.04,1.9815428300993845,0.7,2,0.195,0.33333333333333337,0.9660917830792959,4.6730671726813444e33
ltm_17_10,LTM,10,19,0.19,2.0,0.3,0.2,0.5,3,0.1,0.6,1.1428571428571428,1.9,0.8395428851933614,0.677202072477852,2.387310606060606,3.210526315789474,1.4749368110164,2.9444389791664403,1.1818181818181819,0.7360062092422117,0.1,0.08,0.05,0.07,2.5999999999999996,0.2,1,0.47238095238095246,0.5666666666666668,0.8350438259412313,1.230141734580655
atn_17_10,ATN,10,12,0.12,2.0,0.4,0.2,0.4,4,0.1,0.2,1.3333333333333333,1.2,1.1653431646335017,0.6573421981221796,2.525,3.9,1.3703203194062978,2.302585092994046,1.2,1.1249142628509214,0.08,0.03,0.01,0.07,2.174603174603175,0.0,0,0.5866666666666667,0.38095238095238093,1.030776406404415,2.1451388888888885
adbm_17_10,ADBM,10,22,0.22,2.0,0.2,0.1,0.7,4,0.1,0.4,1.125,2.2,1.2083273962046597,0.6707861703387471,3.6875,4.4,1.6818357317441641,2.70805020110221,1.2592592592592593,0.9865951876424064,0.07,0.21,0.02,0.24,1.9116117850953203,0.0,0,0.5726190476190476,0.741005291005291,1.294656851693283,3.2543402777777777
niche_17_10,Niche,10,6,0.06,2.0,0.7,0.7,-0.4,1,0.1,0.2,1.0,0.6,1.7916128329552337,1.7916128329552332,1.3833333333333333,1.4,0.5477225575051661,1.6094379124341003,1.0,2.3306863292670035,0.0,0.02,0.02,0.02,4.454545454545454,0.0,0,0.26666666666666666,0.6666666666666666,0.44095855184409843,0.39537037037037037
cascade_17_10,Cascade,10,15,0.15,2.0,0.4,0.3,0.3,2,0.3,0.3,1.1666666666666667,1.5,1.0061539042374907,0.9558139185602919,1.7333333333333332,1.6153846153846154,0.5063696835418334,2.5649493574615367,1.1176470588235294,0.7027283689263065,0.04,0.04,0.09,0.1,2.8709677419354844,0.0,2,0.43666666666666665,0.4444444444444444,0.38005847503304596,0.4333333333333333
random_17_10,Random,10,19,0.19,1.0,0.1,0.0,0.9,5,0.0,0.8,1.1111111111111112,1.9,0.5233836452693439,0.677202072477852,24.341666666666665,NaN,NaN,0.0,2.0357142857142856,0.9544891585077505,0.11,0.01,0.07,0.07,3.3487042375038683,0.9,2,0.33325396825396825,0.36296296296296293,5.343466251315467,85.48391203703704
maxent_17_10,MaxEnt,10,14,0.14,2.0,0.5,0.2,0.3,3,0.1,0.4,1.6,1.4,1.1268723396380222,0.6900655593423543,1.7444444444444442,2.388888888888889,0.9164438231805327,2.8903717578961645,1.125,1.1065666703449764,0.1,0.05,0.02,0.09,1.896551724137931,0.0,2,0.3471428571428571,0.6375,0.5539659798925443,0.6777777777777777
ltm_18_10,LTM,10,15,0.15,3.0,0.3,0.3,0.4,3,0.0,0.6,1.0,1.5,0.7856742013183862,0.7856742013183862,3.8200000000000003,4.466666666666667,1.0600988273786194,2.70805020110221,1.25,1.257078722109418,0.11,0.02,0.03,0.02,0.9780219780219779,0.4,3,0.2833333333333333,0.5166666666666666,1.3170112066791682,4.6064691358024685
atn_18_10,ATN,10,15,0.15,2.0,0.3,0.1,0.6,4,0.2,0.4,1.2857142857142858,1.5,0.7200822998230957,0.47140452079103173,2.6,4.0,0.0,2.995732273553991,1.25,0.8314794192830982,0.22,0.0,0.06,0.09,0.9047619047619047,0.0,0,0.8099999999999999,0.0,2.8665835232995054e-16,2.0444444444444443
adbm_18_10,ADBM,10,19,0.19,1.0,0.2,0.2,0.6,2,0.3,0.3,1.0,1.9,1.0942081494394864,0.8020441719763133,2.5300000000000002,3.3333333333333335,1.1126972805283735,2.70805020110221,1.0,1.0467672905386876,0.07,0.17,0.02,0.11,0.7543859649122807,0.0,0,0.5,0.6458333333333334,0.5466538295454676,1.1759135802469136
niche_18_10,Niche,10,9,0.09,2.0,0.6,0.7,-0.3,1,0.3,0.1,0.75,0.9,1.330243333042072,1.8481444370184668,1.4333333333333331,1.25,0.4629100498862757,2.0794415416798357,1.0,1.8739423171368172,0.0,0.02,0.1,0.04,1.727272727272727,0.0,0,0.5333333333333333,0.2777777777777778,0.2721655269759087,0.32222222222222224
cascade_18_10,Cascade,10,20,0.2,2.0,0.1,0.2,0.7,3,0.2,0.5,0.8888888888888888,2.0,0.8498365855987975,0.7071067811865476,2.8916666666666666,3.210526315789474,1.0316624861746775,2.9444389791664403,1.46875,0.6666666666666666,0.17,0.09,0.1,0.14,1.2539776075427223,0.0,1,0.35261904761904755,0.36333333333333334,0.6481812160876685,0.9939043209876542
random_18_10,Random,10,17,0.17,1.0,0.0,0.0,1.0,6,0.0,0.3,1.0,1.7,0.3970285633591488,0.39702856335914877,1.4919845894239286e17,NaN,NaN,0.0,1.5333333333333334,0.49604355453621635,0.11,0.02,0.02,0.02,1.9109085563069685,1.0,1,0.19333333333333333,0.24999999999999994,15.310511575577165,113.77777777777777
maxent_18_10,MaxEnt,10,12,0.12,2.0,0.4,0.4,0.2,3,0.2,0.3,1.0,1.2,1.0243938285880987,0.9460770203292445,1.95,2.272727272727273,0.9045340337332909,2.3978952727983707,1.5909090909090908,0.8958064164776166,0.07,0.0,0.07,0.08,4.191594561186649,0.0,2,0.2533333333333333,0.0,0.6123724356957945,0.8027777777777778
ltm_19_10,LTM,10,18,0.18,3.0,0.4,0.1,0.5,3,0.2,0.4,1.5,1.8,1.1355340530930291,0.6307180135528297,2.0548387096774197,1.0,0.0,0.0,1.3703703703703705,1.261436027105659,0.07,0.02,0.05,0.11,2.7899917965545526,0.4,1,0.4455555555555556,0.5041666666666667,0.9555988449674788,1.0287496306573658
atn_19_10,ATN,10,11,0.11,2.0,0.4,0.2,0.4,5,0.2,0.1,1.3333333333333333,1.1,1.0883809088526044,0.6707861703387471,2.3,3.0,2.0,1.9459101490553132,1.6842105263157894,0.835396894066074,0.07,0.0,0.03,0.07,3.7201210287443267,0.0,0,0.55,0.0,0.4264014327112209,2.011111111111111
adbm_19_10,ADBM,10,16,0.16,3.0,0.3,0.2,0.5,4,0.2,0.3,1.1428571428571428,1.6,1.2219065248845984,0.733617369235792,2.5270833333333336,3.1666666666666665,1.6422453217986943,2.4849066497880004,1.1578947368421053,1.0944937947136413,0.05,0.11,0.0,0.11,1.2018348623853212,0.0,0,0.3742857142857143,0.7,1.0197432530217267,1.6201822916666666
niche_19_10,Niche,10,9,0.09,2.0,0.4,0.4,0.2,2,0.4,0.1,1.0,0.9,1.330243333042072,1.1049210289019482,1.75,1.5,0.5477225575051661,1.791759469228055,1.1,1.261436027105659,0.01,0.02,0.02,0.04,1.1818181818181819,0.0,0,0.4033333333333333,0.5,0.3333333333333333,0.5138888888888888
cascade_19_10,Cascade,10,22,0.22,2.0,0.3,0.1,0.6,3,0.3,0.4,1.2857142857142858,2.2,0.9040262963743211,0.7959954870644664,1.975,2.92,0.9539392014169455,3.2188758248682006,1.12,0.6499275936220369,0.13,0.13,0.14,0.18,2.856749311294766,0.0,3,0.488095238095238,0.37952380952380954,0.5636730193359202,0.5522222222222224
random_19_10,Random,10,22,0.22,2.0,0.1,0.0,0.9,6,0.0,0.8,1.1111111111111112,2.2,0.5984368987312575,0.46945252681302024,28.152380952380945,NaN,NaN,0.0,1.6,0.5335399048987578,0.11,0.0,0.07,0.07,2.9346775395490448,0.9,4,0.2580952380952381,0.17666666666666667,9.068090306216096,130.75726883345925
maxent_19_10,MaxEnt,10,15,0.15,4.0,0.2,0.2,0.6,4,0.2,0.3,1.0,1.5,0.9558139185602919,0.9558139185602919,5.35,3.625,1.5059406173077154,2.0794415416798357,1.391304347826087,1.1331154474650633,0.03,0.03,0.06,0.07,1.4444444444444446,0.4,0,0.33095238095238094,0.6208333333333332,2.5342103744997613,12.768209876543208
ltm_20_10,LTM,10,17,0.17,2.0,0.4,0.1,0.5,2,0.1,0.5,1.5,1.7,1.1781034420235137,0.4842780013815086,2.009375,2.8823529411764706,1.1114378604524227,2.833213344056216,1.0555555555555556,0.968556002763017,0.14,0.06,0.03,0.18,2.75,0.0,0,0.5742857142857143,0.3111111111111111,0.7018063615539881,0.8676323784722224
atn_20_10,ATN,10,8,0.08,3.0,0.5,0.4,0.1,2,0.4,0.1,1.2,0.8,1.2909944487358056,0.9860132971832694,1.5666666666666667,1.3333333333333333,0.5163977794943223,1.791759469228055,1.1111111111111112,1.0540925533894596,0.02,0.0,0.02,0.04,1.7027027027027026,0.0,0,0.45,0.0,0.2886751345948129,0.39629629629629626
adbm_20_10,ADBM,10,9,0.09,2.0,0.4,0.3,0.3,3,0.2,0.1,1.1666666666666667,0.9,1.330243333042072,0.9728833730787924,2.3,2.6,1.5165750888103102,1.6094379124341003,1.1,1.462845752454185,0.04,0.02,0.01,0.04,1.1818181818181817,0.0,0,0.29500000000000004,0.5333333333333333,0.816496580927726,1.788888888888889
niche_20_10,Niche,10,18,0.18,2.0,0.1,0.3,0.6,3,0.1,0.6,0.7777777777777778,1.8,0.7314228762270926,0.8996265038141571,3.18,3.4375,1.2632629707758134,2.772588722239781,1.3333333333333333,0.8364140585656455,0.15,0.08,0.11,0.07,1.4096385542168675,0.0,0,0.4666666666666667,0.36333333333333334,0.5960518247415888,1.552888888888889
cascade_20_10,Cascade,10,24,0.24,3.0,0.2,0.1,0.7,2,0.3,0.5,1.125,2.4,0.8827915878928169,0.6860605019571372,2.2876,3.125,0.7974142996067924,3.1780538303479458,1.1724137931034482,0.6148873228105183,0.16,0.19,0.1,0.18,1.4232887490165225,0.0,3,0.5714285714285714,0.6242857142857143,0.4645930118573316,0.7412309333333335
random_20_10,Random,10,22,0.22,1.0,0.0,0.1,0.9,4,0.0,0.2,0.9,2.2,0.46945252681302024,0.5160420110886789,4.508812797357164e16,NaN,NaN,0.0,1.6363636363636365,0.6843387751900736,0.09,0.0,0.07,0.03,1.4518388791593697,0.8,4,0.3007936507936508,0.29666666666666663,4.123105625617661,64.0
maxent_20_10,MaxEnt,10,20,0.2,1.0,0.0,0.2,0.8,5,0.0,0.7,0.8,2.0,0.5773502691896257,0.9428090415820634,1.6653345369377348e-16,NaN,NaN,0.0,1.375,1.0801234497346435,0.12,0.04,0.09,0.06,1.7777777777777775,0.7,3,0.3261904761904762,0.43597883597883597,0.9203838921209674,0.4120453648915198
ltm_21_10,LTM,10,17,0.17,2.0,0.2,0.5,0.3,2,0.1,0.6,0.625,1.7,0.6820598874872975,1.3313133487661142,2.583333333333333,2.611111111111111,0.9164438231805327,2.8903717578961645,1.105263157894737,1.306535784231975,0.06,0.07,0.17,0.0,1.4,0.2,1,0.5203571428571429,0.75,0.6022832373885361,1.0879629629629628
atn_21_10,ATN,10,12,0.12,2.0,0.4,0.3,0.3,2,0.2,0.2,1.1666666666666667,1.2,1.0243938285880985,0.8606629658238706,1.911111111111111,2.090909090909091,0.5393598899705937,2.3978952727983707,1.1428571428571428,1.1249142628509217,0.06,0.05,0.01,0.03,2.488372093023256,0.0,0,0.6933333333333335,0.7222222222222222,0.3685138655950444,0.7374485596707818
adbm_21_10,ADBM,10,18,0.18,1.0,0.2,0.3,0.5,4,0.1,0.3,0.875,1.8,1.0409977275966813,0.9369711585684087,3.7733333333333334,4.857142857142857,1.0271051820261912,2.6390573296152584,1.1428571428571428,1.086139133230754,0.07,0.14,0.06,0.09,1.05078125,0.0,0,0.5261904761904762,0.5833333333333334,0.721794745284965,3.5518024691358026
niche_21_10,Niche,10,23,0.23,3.0,0.3,0.2,0.5,2,0.1,0.6,1.1428571428571428,2.3,0.9403552578265701,0.7114746497758596,2.32,3.0625,1.0453429750487975,3.4657359027997265,1.206896551724138,0.7723427590999552,0.17,0.17,0.1,0.19,2.8942976356050076,0.0,0,0.6041666666666667,0.5148148148148148,0.7335967906198402,1.026716049382716
cascade_21_10,Cascade,10,23,0.23,2.0,0.2,0.1,0.7,3,0.1,0.6,1.125,2.3,0.82111394053422,0.795122708657693,2.4458333333333337,2.9411764705882355,0.9663454503498038,2.833213344056216,1.1481481481481481,0.4673772607709305,0.16,0.11,0.19,0.2,2.1578947368421053,0.0,1,0.5282539682539682,0.4033333333333333,0.7395895845826849,0.7465007716049384
random_21_10,Random,10,27,0.27,2.0,0.1,0.0,0.9,4,0.0,0.8,1.1111111111111112,2.7,0.5252357379304357,0.6307180135528296,21.048034934497814,NaN,NaN,0.0,1.4565217391304348,0.9594745297642195,0.11,0.02,0.05,0.07,3.6288720046756286,0.9,8,0.342987012987013,0.5394179894179894,4.20695146705692,52.362515334693576
maxent_21_10,MaxEnt,10,16,0.16,2.0,0.4,0.3,0.3,2,0.1,0.3,1.1666666666666667,1.6,1.256925260749863,0.8936504412303006,2.633333333333333,2.388888888888889,0.6978023391872253,2.8903717578961645,1.4482758620689655,1.5534459901922706,0.04,0.03,0.03,0.1,5.081081081081081,0.3,1,0.4606060606060606,0.7047619047619048,1.1902380714238079,2.6037037037037014
ltm_22_10,LTM,10,24,0.24,3.0,0.3,0.1,0.6,2,0.0,0.7,1.2857142857142858,2.4,0.7657804862272346,0.9043789220055393,2.886666666666666,3.7222222222222223,1.1366897079077878,3.58351893845611,1.2,0.9582326839255745,0.11,0.11,0.12,0.1,0.9682059046177137,0.3,0,0.7230555555555556,0.6,1.2220485987790244,1.7207283950617276
atn_22_10,ATN,10,11,0.11,2.0,0.3,0.3,0.4,3,0.3,0.1,1.0,1.1,0.9040262963743211,0.7959954870644663,2.2333333333333334,2.25,0.8864052604279183,2.0794415416798357,1.2666666666666666,0.835396894066074,0.06,0.02,0.02,0.03,1.6785714285714284,0.0,0,0.7,0.41666666666666663,0.24618298195866548,1.285185185185185
adbm_22_10,ADBM,10,19,0.19,2.0,0.3,0.1,0.6,4,0.1,0.2,1.2857142857142858,1.9,1.4562460329436584,0.5792131234813747,3.03125,3.5384615384615383,1.8081014266989472,2.5649493574615367,1.1363636363636365,1.1846977555181848,0.06,0.13,0.01,0.3,1.553191489361702,0.0,0,0.6483333333333333,0.7206349206349206,1.3769589978904038,2.74047550154321
niche_22_10,Niche,10,32,0.32,2.0,0.2,0.2,0.6,2,0.3,0.5,1.0,3.2,0.9524274542218716,0.638737904864829,2.2142857142857144,2.8947368421052633,0.9197090092274489,4.04305126783455,1.0588235294117647,0.4468252206151503,0.08,0.43,0.11,0.34,1.5677603423680455,0.0,0,0.7125,0.7314285714285714,0.5518727136428219,0.6002771478961955
cascade_22_10,Cascade,10,20,0.2,2.0,0.2,0.2,0.6,3,0.2,0.5,1.0,2.0,0.8498365855987975,0.8498365855987975,2.277222222222222,3.4444444444444446,1.293523333527109,2.8903717578961645,1.1666666666666667,0.7817359599705717,0.12,0.13,0.1,0.1,1.3195876288659796,0.0,2,0.344047619047619,0.5851851851851851,0.6150955963040157,0.5993652263374485
random_22_10,Random,10,23,0.23,2.0,0.1,0.1,0.8,4,0.0,0.7,1.0,2.3,0.6165810836574681,0.5815189173257647,6.882777777777778,4.346153846153846,1.263085355541982,3.258096538021482,1.2333333333333334,0.7990752899762448,0.14,0.06,0.08,0.11,1.542372881355932,0.8,6,0.38916666666666666,0.6214285714285713,2.4637043185829315,5.43101817558299
maxent_22_10,MaxEnt,10,10,0.1,2.0,0.4,0.5,0.1,3,0.1,0.3,0.8333333333333334,1.0,1.0540925533894598,1.3333333333333333,0.7257995735607676,2.0,1.4142135623730951,0.6931471805599453,1.0909090909090908,1.6329931618554523,0.02,0.01,0.03,0.03,1.4489795918367347,0.2,1,0.16666666666666666,0.42857142857142855,1.1213381587342686,0.9981943263679575
ltm_23_10,LTM,10,17,0.17,1.0,0.3,0.4,0.3,3,0.0,0.6,0.8571428571428571,1.7,0.834197936713045,1.0394006494665546,0.30000000000000004,NaN,NaN,0.0,1.2608695652173914,1.5488955025985491,0.02,0.03,0.05,0.04,2.7151702786377703,0.5,0,0.5033333333333333,0.6142857142857142,0.8833425822675248,0.49690476190476196
atn_23_10,ATN,10,12,0.12,2.0,0.3,0.3,0.4,2,0.3,0.4,1.0,1.2,0.8606629658238704,0.8606629658238706,2.1291666666666664,2.5,0.9258200997725514,2.0794415416798357,1.0769230769230769,0.8958064164776166,0.05,0.05,0.01,0.01,1.1818181818181817,0.0,0,0.41999999999999993,0.7962962962962963,0.36204473327047426,0.9561921296296296
adbm_23_10,ADBM,10,20,0.2,2.0,0.2,0.2,0.6,3,0.2,0.4,1.0,2.0,1.0274023338281628,0.816496580927726,3.1433333333333335,4.277777777777778,1.6016739609309327,2.8903717578961645,1.1304347826086956,1.0,0.06,0.21,0.01,0.08,1.3661971830985917,0.0,0,0.54,0.6814814814814816,1.037893165129351,2.3582839506172846
niche_23_10,Niche,10,9,0.09,2.0,0.4,0.6,0.0,2,0.3,0.2,0.6666666666666666,0.9,0.9728833730787924,1.6101529717988263,1.8,1.375,0.5175491695067657,2.0794415416798357,1.1,1.4628457524541851,0.01,0.02,0.07,0.01,1.6086956521739129,0.0,0,0.5666666666666667,0.5333333333333333,0.3333333333333333,0.5666666666666668
cascade_23_10,Cascade,10,4,0.04,2.0,0.7,0.7,-0.4,1,0.3,0.0,1.0,0.4,1.7480147469502527,1.7480147469502527,1.3,1.0,0.0,1.3862943611198906,1.0,1.9720265943665387,0.0,0.0,0.01,0.01,2.9999999999999996,0.0,0,0.2,0.0,0.0,0.23333333333333328
random_23_10,Random,10,7,0.07,3.0,0.4,0.4,0.2,4,0.2,0.1,1.0,0.7,0.9642122253007899,0.9642122253007899,2.3,3.3333333333333335,0.5773502691896258,1.0986122886681098,1.5,1.5356681425330574,0.06,0.0,0.01,0.01,1.6966292134831462,0.0,0,0.11666666666666665,0.0,0.2672612419124244,1.8444444444444446
maxent_23_10,MaxEnt,10,4,0.04,2.0,0.7,0.7,-0.4,2,0.1,0.1,1.0,0.4,1.7480147469502527,1.7480147469502527,1.5,2.5,0.7071067811865476,0.6931471805599453,1.0,2.838231060987733,0.02,0.01,0.0,0.0,2.9999999999999996,0.0,0,0.09166666666666666,0.7777777777777778,0.3535533905932738,0.7777777777777778
ltm_24_10,LTM,10,7,0.07,2.0,0.5,0.5,0.0,2,0.2,0.1,1.0,0.7,1.1761037176408067,1.355261854357877,1.75,1.5,0.5477225575051661,1.791759469228055,1.2222222222222223,1.5356681425330572,0.03,0.0,0.03,0.02,2.75,0.0,0,0.5,0.0,0.2672612419124244,0.7361111111111112
atn_24_10,ATN,10,17,0.17,2.0,0.3,0.2,0.5,2,0.3,0.4,1.1428571428571428,1.7,0.9625833496967511,0.7867608881466227,2.1416666666666666,3.3157894736842106,1.1081832770072813,2.9444389791664403,1.2272727272727273,1.081101862909037,0.11,0.13,0.01,0.05,1.6035502958579881,0.0,0,0.439047619047619,0.6904761904761905,0.5918927350491148,0.8998649691358023
adbm_24_10,ADBM,10,13,0.13,2.0,0.3,0.2,0.5,5,0.2,0.2,1.1428571428571428,1.3,1.3592162339178022,0.6332866171912035,2.7,2.875,1.9594095320493148,2.0794415416798357,1.55,1.0998774661296007,0.05,0.04,0.01,0.12,1.6911314984709478,0.0,0,0.4119047619047619,0.44999999999999996,1.3008872711759818,2.233333333333333
niche_24_10,Niche,10,17,0.17,2.0,0.3,0.3,0.4,2,0.3,0.4,1.0,1.7,1.1109188607227682,1.1781034420235137,1.9861111111111107,2.0833333333333335,0.6685579234215215,2.4849066497880004,1.0,1.1829884807057534,0.01,0.12,0.12,0.1,1.307692307692308,0.0,0,0.5171428571428571,0.6041666666666666,0.4552406053007541,0.5770318930041152
cascade_24_10,Cascade,10,19,0.19,2.0,0.3,0.1,0.6,3,0.2,0.4,1.2857142857142858,1.9,1.149089325881601,0.5792131234813747,2.157142857142857,2.6,0.9102589898327995,2.70805020110221,1.05,0.8153649149910353,0.12,0.08,0.06,0.22,1.7450980392156863,0.0,1,0.43999999999999995,0.44190476190476186,0.6175305538695279,0.8208475056689342
random_24_10,Random,10,24,0.24,1.0,0.0,0.0,1.0,5,0.0,0.0,1.0,2.4,0.3513641844631533,0.6273105439242342,3.970805327324103e16,NaN,NaN,0.0,1.6444444444444444,0.5485671571703195,0.09,0.04,0.07,0.04,1.5321543408360125,1.0,7,0.3085714285714286,0.48999999999999994,1.0,71.11111111111111
maxent_24_10,MaxEnt,10,10,0.1,3.0,0.4,0.4,0.2,5,0.0,0.3,1.0,1.0,1.0540925533894598,1.0540925533894598,4.749999999999998,2.5,0.7071067811865476,0.6931471805599453,1.2857142857142858,1.7638342073763937,0.06,0.02,0.02,0.01,2.174603174603175,0.4,1,0.13666666666666666,0.7166666666666667,2.492488716122902,12.6111111111111
ltm_25_10,LTM,10,31,0.31,2.0,0.2,0.0,0.8,3,0.0,0.8,1.25,3.1,0.6531760235908577,0.41505933474448997,3.4021143680922634,NaN,NaN,0.0,1.3617021276595744,0.6232850213414811,0.21,0.15,0.06,0.09,2.1982193064667293,0.8,5,0.492063492063492,0.6852380952380951,1.1158004463300413,2.0745553473466933
atn_25_10,ATN,10,11,0.11,2.0,0.3,0.3,0.4,4,0.1,0.1,1.0,1.1,0.904026296374321,0.7959954870644664,2.8,3.8333333333333335,0.7177405625652734,2.4849066497880004,1.3529411764705883,1.2712834523274563,0.12,0.01,0.03,0.04,1.7631578947368425,0.0,0,0.5,0.3,0.24618298195866548,2.4740740740740748
adbm_25_10,ADBM,10,24,0.24,2.0,0.3,0.1,0.6,3,0.1,0.4,1.2857142857142858,2.4,1.260756190878913,0.6860605019571372,2.718055555555556,3.7083333333333335,1.4884823513044847,3.1780538303479458,1.04,1.0540925533894596,0.05,0.28,0.01,0.3,1.975206611570248,0.0,0,0.6021428571428571,0.838888888888889,1.0259403150732467,1.7757330246913583
niche_25_10,Niche,10,19,0.19,2.0,0.3,0.3,0.4,2,0.4,0.2,1.0,1.9,1.2268164025997959,0.7627040392731284,1.9714285714285715,1.9411764705882353,0.747545001596402,2.833213344056216,1.0952380952380953,0.8522777404555172,0.06,0.08,0.1,0.25,1.4778761061946903,0.0,0,0.6078571428571429,0.36878306878306877,0.5345224838248488,0.6113378684807255
cascade_25_10,Cascade,10,12,0.12,3.0,0.4,0.4,0.2,2,0.3,0.2,1.0,1.2,0.9460770203292446,0.9460770203292445,1.8166666666666664,1.8,0.42163702135578396,2.302585092994046,1.2,0.8958064164776166,0.07,0.01,0.06,0.06,2.4883720930232562,0.0,1,0.26999999999999996,0.09259259259259259,0.31180478223116176,0.5953703703703703
random_25_10,Random,10,19,0.19,1.0,0.1,0.1,0.8,7,0.0,0.7,1.0,1.9,0.5233836452693439,0.5792131234813747,40.1166666666666,3.5,0.7071067811865476,0.6931471805599453,1.3076923076923077,0.7360062092422117,0.02,0.01,0.02,0.02,0.69971671388102,0.8,6,0.2664285714285714,0.5185185185185186,12.593625975257396,505.27191358024515
maxent_25_10,MaxEnt,10,14,0.14,4.0,0.4,0.1,0.5,4,0.1,0.4,1.5,1.4,1.1761037176408067,0.6900655593423543,2.2666666666666666,1.6666666666666667,1.1547005383792517,1.0986122886681098,1.7241379310344827,1.2953781436890899,0.04,0.0,0.04,0.06,4.875706214689266,0.3,2,0.2966666666666667,0.3857142857142857,1.0103629710818451,1.5120370370370373
ltm_26_10,LTM,10,8,0.08,2.0,0.5,0.3,0.2,3,0.3,0.2,1.4,0.8,1.2909944487358056,0.7905694150420948,1.65,2.0,1.0,1.6094379124341003,1.2727272727272727,1.3437096247164249,0.05,0.0,0.01,0.04,1.8915662650602412,0.0,0,0.22333333333333333,0.0,0.5068968775248516,0.5459876543209875
atn_26_10,ATN,10,10,0.1,3.0,0.4,0.1,0.5,5,0.1,0.2,1.5,1.0,1.247219128924647,0.4714045207910317,2.675,4.75,0.7071067811865476,2.0794415416798357,1.3571428571428572,1.247219128924647,0.08,0.01,0.0,0.06,2.1578947368421053,0.0,0,0.4416666666666666,0.38888888888888884,0.3535533905932738,3.417361111111111
adbm_26_10,ADBM,10,19,0.19,3.0,0.3,0.2,0.5,2,0.3,0.3,1.1428571428571428,1.9,1.2516532618762786,0.7627040392731284,2.1514285714285712,2.8666666666666667,1.0600988273786194,2.70805020110221,1.0952380952380953,1.1040093138633176,0.04,0.17,0.01,0.17,1.179930795847751,0.0,0,0.4854761904761905,0.5862433862433862,0.6707643491048664,0.8820045351473921
niche_26_10,Niche,10,6,0.06,2.0,0.7,0.6,-0.3,1,0.2,0.1,1.3333333333333333,0.6,2.1081851067789197,1.6101529717988265,1.325,1.2,0.44721359549995804,1.6094379124341003,1.0,2.330686329267004,0.0,0.01,0.02,0.05,3.4444444444444446,0.0,0,0.3583333333333333,0.5,0.3535533905932738,0.2784722222222222
cascade_26_10,Cascade,10,11,0.11,3.0,0.5,0.4,0.1,2,0.3,0.2,1.2,1.1,1.3173978860172217,1.0883809088526044,1.5666666666666669,1.4444444444444444,0.7264831572567789,2.1972245773362196,1.1538461538461537,1.196873797462515,0.03,0.01,0.06,0.09,2.380281690140845,0.0,0,0.35,0.09523809523809523,0.4264014327112209,0.37160493827160507
random_26_10,Random,10,11,0.11,2.0,0.3,0.5,0.2,2,0.2,0.3,0.7142857142857143,1.1,0.904026296374321,1.1697126706435625,2.3583333333333334,2.5454545454545454,1.0357254813546264,2.3978952727983707,1.1538461538461537,1.3415723406774942,0.07,0.03,0.05,0.02,1.0,0.0,1,0.18166666666666664,0.38333333333333336,0.6600045913522576,1.2562499999999999
maxent_26_10,MaxEnt,10,7,0.07,3.0,0.7,0.5,-0.2,2,0.2,0.1,1.6666666666666667,0.7,1.9107050140703696,1.1761037176408067,1.325,1.3333333333333333,0.5163977794943223,1.791759469228055,1.125,1.9284244506015797,0.01,0.01,0.01,0.06,5.0,0.0,0,0.2833333333333333,0.375,0.32732683535398854,0.2784722222222221
ltm_27_10,LTM,10,41,0.41,3.0,0.2,0.0,0.8,3,0.1,0.7,1.25,4.1,0.664979025908245,0.4370627660395321,3.147705360586193,NaN,NaN,0.0,1.3620689655172413,0.7253563584779013,0.21,0.15,0.02,0.08,4.829370086382607,0.7,5,0.5603785103785104,0.8530952380952381,1.094437351418142,1.8881700827763146
atn_27_10,ATN,10,12,0.12,2.0,0.2,0.5,0.3,3,0.3,0.4,0.625,1.2,0.6573421981221796,1.097134314340639,2.575,2.8,0.9411239481143201,2.70805020110221,1.45,1.2546210878484685,0.1,0.04,0.05,0.0,1.376237623762376,0.0,0,0.594047619047619,0.6238095238095237,0.3145764348029479,1.3999999999999997
adbm_27_10,ADBM,10,19,0.19,2.0,0.2,0.2,0.6,4,0.1,0.3,1.0,1.9,1.1755695135263828,0.802044171976313,3.6333333333333337,4.142857142857143,1.6104057232283404,2.6390573296152584,1.32,0.9544891585077505,0.07,0.11,0.08,0.2,1.5416036308623298,0.0,0,0.5845238095238094,0.4370370370370371,1.2336651995421624,3.0651234567901238
niche_27_10,Niche,10,4,0.04,2.0,0.7,0.8,-0.5,1,0.3,0.0,0.6666666666666666,0.4,1.7480147469502527,2.41522945769824,1.3,1.0,0.0,1.3862943611198906,1.0,2.5819888974716108,0.0,0.0,0.03,0.01,2.9999999999999996,0.0,0,0.31666666666666665,0.0,0.0,0.23333333333333334
cascade_27_10,Cascade,10,14,0.14,2.0,0.3,0.2,0.5,2,0.2,0.4,1.1428571428571428,1.4,0.9642122253007899,0.9035079029052513,2.1875,2.2222222222222223,1.0929064207170003,2.1972245773362196,1.263157894736842,0.8780518530755131,0.07,0.04,0.06,0.07,2.037974683544304,0.0,1,0.31166666666666665,0.3592592592592592,0.6940077992334276,0.8669945987654322
random_27_10,Random,10,9,0.09,2.0,0.5,0.4,0.1,2,0.4,0.1,1.2,0.9,1.222783260682902,0.9728833730787924,1.5333333333333332,1.125,0.3535533905932738,2.0794415416798357,1.0,0.7027283689263065,0.01,0.0,0.03,0.05,1.9999999999999998,0.0,0,0.41666666666666663,0.0,0.2721655269759087,0.3259259259259259
maxent_27_10,MaxEnt,10,5,0.05,2.0,0.7,0.6,-0.3,2,0.1,0.1,1.3333333333333333,0.5,1.699673171197595,1.4142135623730951,1.8,1.0,0.0,0.6931471805599453,1.1666666666666667,2.309401076758503,0.0,0.0,0.01,0.01,2.75,0.2,0,0.18333333333333332,0.0,1.2649110640673518,2.1777777777777785
ltm_28_10,LTM,10,4,0.04,2.0,0.7,0.7,-0.4,1,0.3,0.0,1.0,0.4,1.7480147469502527,1.7480147469502527,1.3,1.0,0.0,1.3862943611198906,1.0,1.9720265943665387,0.0,0.0,0.01,0.01,3.0,0.0,0,0.2,0.0,0.0,0.23333333333333334
atn_28_10,ATN,10,15,0.15,2.0,0.4,0.1,0.5,3,0.2,0.4,1.5,1.5,1.1439589045541112,0.7200822998230957,1.9,3.3333333333333335,1.0730867399773196,2.4849066497880004,1.5,1.1331154474650633,0.1,0.07,0.02,0.1,2.699226305609284,0.0,0,0.4342857142857143,0.5916666666666667,0.6206328908341753,0.7172839506172839
adbm_28_10,ADBM,10,8,0.08,2.0,0.3,0.3,0.4,5,0.2,0.1,1.0,0.8,0.7905694150420948,0.7905694150420948,2.6,2.6666666666666665,2.081665999466133,1.0986122886681098,1.2727272727272727,0.8740073734751264,0.05,0.0,0.01,0.01,1.033898305084746,0.0,0,0.16666666666666666,0.0,1.0,2.0444444444444443
niche_28_10,Niche,10,31,0.31,2.0,0.2,0.3,0.5,2,0.2,0.6,0.875,3.1,0.7671423217951384,0.8252294130903179,2.33125,3.217391304347826,0.9814329841314369,4.5217885770490405,1.088235294117647,0.6415670490398407,0.12,0.47,0.15,0.11,2.6681222707423586,0.0,0,0.7341269841269841,0.7894179894179894,0.6063757352154393,0.7303674768518519
cascade_28_10,Cascade,10,23,0.23,2.0,0.2,0.2,0.6,2,0.2,0.5,1.0,2.3,0.8463073229366048,0.8707721093217277,2.4066666666666667,3.130434782608696,1.358620551284111,3.1354942159291497,1.08,0.6216698721602092,0.11,0.16,0.17,0.16,1.3653088042049935,0.0,3,0.48380952380952386,0.5223809523809523,0.7764654214610189,0.7500740740740741
random_28_10,Random,10,30,0.3,1.0,0.0,0.0,1.0,3,0.0,0.9,1.0,3.0,0.5879447357921312,0.47140452079103173,6.661338147750939e-16,NaN,NaN,0.0,1.4680851063829787,0.6666666666666666,0.13,0.07,0.08,0.1,0.775028460227545,1.0,9,0.39196969696969697,0.5871428571428571,1.6233243064357992,4.077906545944954
maxent_28_10,MaxEnt,10,19,0.19,2.0,0.2,0.2,0.6,5,0.2,0.4,1.0,1.9,0.8395428851933614,0.8395428851933614,2.861111111111111,3.238095238095238,1.3001831372834332,3.044522437723423,1.2083333333333333,0.8876568870648083,0.1,0.07,0.09,0.08,1.7586206896551724,0.5,3,0.31380952380952387,0.3888888888888889,1.0715841273809188,1.821921201036427
ltm_29_10,LTM,10,31,0.31,2.0,0.2,0.0,0.8,3,0.0,0.8,1.25,3.1,0.5576904292425781,0.3861996773347951,3.0965116279069766,NaN,NaN,0.0,1.3111111111111111,0.2964311559589295,0.14,0.06,0.13,0.07,1.2082018927444798,0.8,4,0.5788888888888889,0.49333333333333335,1.1000873069463386,1.9024713058109495
atn_29_10,ATN,10,13,0.13,1.0,0.3,0.3,0.4,2,0.2,0.4,1.0,1.3,0.8919244682526197,0.8919244682526197,2.2666666666666666,2.5,0.9258200997725514,2.0794415416798357,1.0,0.9029136852132824,0.03,0.08,0.0,0.0,1.1428571428571426,0.0,0,0.39,0.9375,0.5063696835418333,1.093827160493827
adbm_29_10,ADBM,10,17,0.17,2.0,0.3,0.2,0.5,4,0.1,0.4,1.1428571428571428,1.7,1.0394006494665546,0.8790788929984272,2.7699999999999996,3.8,1.65615734242165,2.70805020110221,1.0555555555555556,1.1500296704796218,0.06,0.16,0.0,0.04,1.764976958525346,0.0,0,0.42666666666666664,0.65,1.1453229701190633,1.9151111111111112
niche_29_10,Niche,10,19,0.19,2.0,0.6,0.1,0.3,1,0.2,0.2,2.25,1.9,1.5973585459775492,0.7212212207401568,1.4555555555555555,1.7647058823529411,0.6642111641550714,2.833213344056216,1.0,1.2602305260398579,0.0,0.12,0.05,0.38,3.368932038834951,0.0,0,0.785,0.6347222222222222,0.4040728322978044,0.35580246913580255
cascade_29_10,Cascade,10,20,0.2,3.0,0.2,0.3,0.5,2,0.2,0.6,0.875,2.0,0.7453559924999299,0.8819171036881969,2.3194444444444446,2.5416666666666665,0.7790276362049131,3.1780538303479458,1.3103448275862069,0.6666666666666666,0.16,0.08,0.16,0.12,2.298429319371728,0.0,4,0.3525,0.37,0.5338105503862804,0.6871141975308642
random_29_10,Random,10,24,0.24,2.0,0.1,0.1,0.8,6,0.0,0.7,1.0,2.4,0.8146043499230654,0.4479032082388083,16.008730158730156,4.2,1.7402791237532642,2.70805020110221,1.368421052631579,0.6148873228105183,0.11,0.05,0.05,0.2,2.5984110912064806,0.8,3,0.35460317460317464,0.42333333333333334,5.5803810405132035,31.695843481425484
maxent_29_10,MaxEnt,10,16,0.16,2.0,0.4,0.2,0.4,4,0.0,0.4,1.3333333333333333,1.6,1.2219065248845982,0.733617369235792,3.326153846153846,3.1818181818181817,1.4012980994907414,2.3978952727983707,1.3043478260869565,1.3437096247164249,0.04,0.03,0.03,0.1,4.042016806722689,0.5,2,0.31333333333333335,0.5238095238095238,1.782268018548509,4.47020644312952
ltm_30_10,LTM,10,12,0.12,3.0,0.5,0.1,0.4,3,0.2,0.3,1.8,1.2,1.2297746456210366,0.5270462766947299,1.7833333333333332,2.8333333333333335,0.7177405625652734,2.4849066497880004,1.1428571428571428,1.3146843962443593,0.12,0.02,0.01,0.09,3.067796610169492,0.0,0,0.6833333333333333,0.2888888888888889,0.3510895738823483,0.8872685185185184
atn_30_10,ATN,10,10,0.1,2.0,0.5,0.4,0.1,2,0.3,0.2,1.2,1.0,1.247219128924647,0.9428090415820634,1.5666666666666667,1.4,0.5163977794943223,2.302585092994046,1.0,1.0540925533894598,0.04,0.0,0.04,0.07,2.1578947368421053,0.0,0,0.85,0.0,0.3651483716701107,0.37160493827160496
adbm_30_10,ADBM,10,18,0.18,2.0,0.3,0.3,0.4,2,0.2,0.3,1.0,1.8,1.1355340530930291,0.899626503814157,2.165,2.235294117647059,0.9701425001453321,2.833213344056216,1.0526315789473684,0.9868824144054983,0.02,0.14,0.05,0.12,1.5104602510460252,0.0,0,0.5421428571428571,0.625,0.7397447007057382,0.788361111111111
niche_30_10,Niche,10,24,0.24,2.0,0.2,0.3,0.5,2,0.1,0.5,0.875,2.4,0.8827915878928169,0.9254628471643156,2.3761904761904757,2.375,0.7071067811865476,3.4657359027997265,1.1428571428571428,0.7027283689263065,0.12,0.16,0.23,0.21,1.1806853582554517,0.0,0,0.8187301587301586,0.44380952380952376,0.524530528312962,0.7661627614008566
cascade_30_10,Cascade,10,25,0.25,2.0,0.2,0.2,0.6,3,0.2,0.6,1.0,2.5,0.8485281374238569,0.8692269873603532,2.2664583333333335,2.6,1.0801234497346435,3.2188758248682006,1.0740740740740742,0.46188021535170065,0.07,0.2,0.2,0.19,1.6540284360189577,0.0,3,0.4119047619047619,0.6023809523809525,0.6518762983368342,0.5757122395833334
random_30_10,Random,10,25,0.25,1.0,0.1,0.0,0.9,6,0.0,0.7,1.1111111111111112,2.5,0.6036923425424944,0.5077182070575939,28.611999999999984,NaN,NaN,0.0,2.2837837837837838,0.7055336829505575,0.17,0.05,0.05,0.08,2.5730035833363267,0.9,10,0.28682539682539676,0.47000000000000003,8.45483814156131,106.0529955555554
maxent_30_10,MaxEnt,10,19,0.19,2.0,0.2,0.3,0.5,3,0.2,0.5,0.875,1.9,0.8020441719763131,0.9099159635010484,3.1614285714285715,3.84375,1.322494588073566,3.4657359027997265,1.3448275862068966,1.2844214187875878,0.11,0.05,0.07,0.02,2.239074550128535,0.4,4,0.25126984126984125,0.724404761904762,1.1157788338264163,2.4468049886621315
ltm_31_10,LTM,10,28,0.28,2.0,0.2,0.1,0.7,3,0.0,0.8,1.125,2.8,0.6254250255506523,0.6476890718445449,2.8252212389380533,4.535714285714286,1.4005856673692658,3.332204510175204,1.6170212765957446,0.6116777418411967,0.15,0.12,0.15,0.09,2.332244364586737,0.7,2,0.5987301587301587,0.6576190476190475,1.0462366423198226,1.194817526822774
atn_31_10,ATN,10,15,0.15,3.0,0.4,0.3,0.3,3,0.1,0.5,1.1666666666666667,1.5,1.0061539042374907,1.0540925533894598,2.033333333333333,2.8333333333333335,0.7177405625652734,2.4849066497880004,1.25,1.2957670877434,0.12,0.06,0.09,0.08,3.633204633204633,0.0,0,0.5092857142857143,0.3523809523809524,0.47919685895217384,0.9617283950617284
adbm_31_10,ADBM,10,11,0.11,2.0,0.3,0.2,0.5,4,0.1,0.1,1.1428571428571428,1.1,1.3173978860172217,1.0004590314678288,3.2,4.0,1.7320508075688772,1.6094379124341003,1.0833333333333333,1.4721160971504383,0.06,0.03,0.03,0.07,0.8072289156626506,0.0,0,0.38666666666666666,0.5142857142857142,1.044465935734187,3.288888888888889
niche_31_10,Niche,10,31,0.31,2.0,0.2,0.2,0.6,2,0.1,0.7,1.0,3.1,0.825229413090318,0.6352281930211583,2.579340277777778,3.347826086956522,0.9974391763340427,4.23410650459726,1.205128205128205,0.47604179830491733,0.2,0.39,0.11,0.23,3.1666666666666665,0.0,0,0.7082142857142858,0.7171428571428572,0.6838830628535154,0.9679435991619513
cascade_31_10,Cascade,10,32,0.32,2.0,0.1,0.1,0.8,2,0.1,0.8,1.0,3.2,0.6718548123582125,0.8690272339422587,2.7437499999999995,3.933333333333333,1.2684994714586637,3.8066624897703196,1.135135135135135,0.4218428485690956,0.12,0.43,0.27,0.13,2.3488372093023253,0.0,3,0.5054545454545454,0.7357936507936508,0.7192327756030732,0.5866745598702443
random_31_10,Random,10,27,0.27,1.0,0.0,0.1,0.9,5,0.0,0.0,0.9,2.7,0.5534941178138245,0.6060709979572136,7.948853342308925e16,NaN,NaN,0.0,1.607843137254902,0.8038923751160348,0.12,0.07,0.08,0.09,3.1776558708724547,0.9,4,0.4216269841269841,0.6097619047619048,1.0,284.44444444444446
maxent_31_10,MaxEnt,10,17,0.17,2.0,0.3,0.5,0.2,2,0.2,0.4,0.7142857142857143,1.7,1.0017286097603766,1.3313133487661142,1.991111111111111,1.7058823529411764,0.6859943405700353,2.833213344056216,1.0555555555555556,1.1829884807057534,0.02,0.09,0.2,0.1,1.8301886792452828,0.0,0,0.48999999999999994,0.49523809523809526,0.4841721366952767,0.5604609053497942
ltm_32_10,LTM,10,5,0.05,2.0,0.7,0.5,-0.2,2,0.2,0.1,1.6666666666666667,0.5,1.9436506316151,1.0540925533894598,1.3333333333333333,1.25,0.5,1.3862943611198906,1.0,1.8856180831641267,0.01,0.0,0.0,0.03,3.285714285714285,0.0,0,0.25,0.0,0.36514837167011077,0.2962962962962963
atn_32_10,ATN,10,13,0.13,1.0,0.3,0.2,0.5,5,0.1,0.4,1.1428571428571428,1.3,0.8148845426702924,0.6332866171912035,2.558333333333333,3.6666666666666665,0.9701425001453319,2.8903717578961645,1.1875,1.0383823964777736,0.15,0.02,0.03,0.05,1.6666666666666665,0.0,0,0.5133333333333333,0.19047619047619047,0.5126602313623643,1.8025462962962964
adbm_32_10,ADBM,10,26,0.26,2.0,0.2,0.1,0.7,2,0.2,0.5,1.125,2.6,1.0908742249324435,0.7068742949789857,2.755357142857143,3.857142857142857,1.2387055882620108,3.332204510175204,1.0,0.8845224774697609,0.06,0.34,0.02,0.23,1.2134387351778657,0.0,0,0.6376984126984127,0.7973544973544973,0.8141097747077634,1.3462337018140589
niche_32_10,Niche,10,6,0.06,2.0,0.8,0.4,-0.2,1,0.2,0.0,3.0,0.6,2.1081851067789197,0.8606629658238706,1.2,1.0,0.0,1.791759469228055,1.0,1.7213259316477407,0.0,0.0,0.0,0.06,4.0,0.0,0,0.6,0.0,2.220446049250313e-16,0.1777777777777777
cascade_32_10,Cascade,10,17,0.17,3.0,0.3,0.2,0.5,2,0.4,0.3,1.1428571428571428,1.7,0.9625833496967512,0.8790788929984272,1.9155555555555555,1.9230769230769231,0.6405126152203485,2.5649493574615367,1.2608695652173914,0.6323339410430237,0.07,0.05,0.11,0.13,1.9122541603630858,0.0,3,0.3335714285714286,0.2633333333333333,0.43885372573625553,0.5025843621399175
random_32_10,Random,10,14,0.14,3.0,0.3,0.0,0.7,5,0.1,0.5,1.4285714285714286,1.4,0.8384198505551909,0.49943278484292947,3.657142857142857,NaN,NaN,0.0,1.6296296296296295,0.8780518530755131,0.11,0.01,0.04,0.08,2.980099502487562,0.5,0,0.39333333333333337,0.25,1.9277103982011108,5.7648274124464605
maxent_32_10,MaxEnt,10,7,0.07,3.0,0.6,0.4,0.0,3,0.2,0.2,1.5,0.7,1.5133570078162575,0.9642122253007899,1.5333333333333332,2.0,0.816496580927726,1.3862943611198906,1.2222222222222223,1.6768397011103817,0.03,0.01,0.0,0.03,2.783783783783784,0.0,0,0.145,0.3333333333333333,0.4879500364742666,0.5296296296296297
ltm_33_10,LTM,10,21,0.21,2.0,0.3,0.2,0.5,3,0.1,0.6,1.1428571428571428,2.1,0.9377178087455194,0.7256590127404737,2.244212962962963,3.033333333333333,1.2172137016162359,3.4011973816621555,1.3666666666666667,0.7027283689263065,0.1,0.16,0.06,0.13,3.2748091603053426,0.0,0,0.49297619047619035,0.6222222222222222,0.8010520743546854,0.8433847379401005
atn_33_10,ATN,10,12,0.12,2.0,0.4,0.2,0.4,4,0.1,0.3,1.3333333333333333,1.2,1.0243938285880985,0.6573421981221796,2.5333333333333337,4.384615384615385,1.325296290046213,2.5649493574615367,1.0769230769230769,1.2546210878484685,0.11,0.04,0.0,0.04,1.830188679245283,0.0,0,0.47833333333333333,0.5571428571428572,0.9173678575185804,2.24636488340192
adbm_33_10,ADBM,10,21,0.21,2.0,0.4,0.2,0.4,2,0.1,0.4,1.3333333333333333,2.1,1.2982923839160971,0.7920619015793428,2.275625,3.3636363636363638,1.4324622340390172,3.091042453358316,1.0,1.2254132740075419,0.04,0.24,0.0,0.21,2.252032520325203,0.0,0,0.5488888888888889,0.8497023809523809,0.9397552239558878,1.3964275173611114
niche_33_10,Niche,10,20,0.2,2.0,0.4,0.4,0.2,2,0.1,0.5,1.0,2.0,1.0,0.97182531580755,1.8777777777777775,2.269230769230769,0.8744228866031495,3.258096538021482,1.2307692307692308,0.97182531580755,0.08,0.14,0.13,0.14,2.387096774193548,0.0,0,0.6373809523809524,0.5851851851851853,0.5514962811734527,0.6155555555555554
cascade_33_10,Cascade,10,18,0.18,2.0,0.2,0.4,0.4,3,0.3,0.5,0.75,1.8,0.7768954430890012,1.0075163339804032,2.213888888888889,2.0625,0.6800735254367721,2.772588722239781,1.1428571428571428,0.652104328209593,0.09,0.06,0.16,0.1,1.2988505747126433,0.0,1,0.5283333333333333,0.47000000000000003,0.45756107780021615,0.5757973251028806
random_33_10,Random,10,18,0.18,4.0,0.2,0.1,0.7,4,0.0,0.6,1.125,1.8,0.7314228762270926,0.573775310549247,4.236363636363636,4.222222222222222,1.7159383568311668,2.1972245773362196,1.5161290322580645,0.7027283689263065,0.09,0.03,0.03,0.06,1.4193548387096775,0.4,3,0.32857142857142857,0.31481481481481477,1.6259489000359166,3.146028466483012
maxent_33_10,MaxEnt,10,15,0.15,3.0,0.4,0.2,0.4,3,0.0,0.5,1.3333333333333333,1.5,1.0061539042374907,0.7200822998230957,2.8599999999999994,NaN,NaN,0.0,1.3636363636363635,1.2957670877434,0.06,0.04,0.01,0.07,3.5977011494252866,0.6,4,0.2113095238095238,0.6458333333333334,1.3346660006658344,3.111555555555555
ltm_34_10,LTM,10,10,0.1,3.0,0.5,0.5,0.0,3,0.1,0.3,1.0,1.0,1.1547005383792515,1.247219128924647,1.9916666666666665,2.8181818181818183,1.0787197799411872,2.3978952727983707,1.4375,1.699673171197595,0.08,0.02,0.05,0.04,2.294117647058824,0.0,0,0.31666666666666665,0.25555555555555554,0.6922186552431728,1.3247685185185185
atn_34_10,ATN,10,8,0.08,2.0,0.5,0.2,0.3,4,0.2,0.2,1.6,0.8,1.1486707293408518,0.5270462766947299,1.8,2.2,1.3038404810405297,1.6094379124341003,1.2,1.0540925533894596,0.05,0.0,0.0,0.03,2.7037037037037033,0.0,0,0.3666666666666667,0.0,0.45069390943299864,0.9416666666666667
adbm_34_10,ADBM,10,22,0.22,4.0,0.2,0.2,0.6,3,0.1,0.4,1.0,2.2,0.9772433634301271,0.9040262963743211,3.4983333333333335,5.0,0.8728715609439694,3.091042453358316,1.542857142857143,1.1175205402779258,0.07,0.3,0.01,0.04,3.7762634181642745,0.0,0,0.5357142857142858,0.8000000000000002,0.5780059766913392,2.7402129629629624
niche_34_10,Niche,10,20,0.2,2.0,0.3,0.5,0.2,2,0.2,0.4,0.7142857142857143,2.0,1.0274023338281628,1.130388330520878,2.1066666666666665,2.3870967741935485,0.8823234234995203,3.4339872044851463,1.1666666666666667,1.224744871391589,0.04,0.21,0.12,0.08,2.231597845601436,0.0,0,0.5916666666666667,0.7578231292517007,0.5708181263181236,0.7857530864197528
cascade_34_10,Cascade,10,16,0.16,2.0,0.2,0.2,0.6,2,0.2,0.4,1.0,1.6,0.7905694150420948,0.8936504412303006,2.5958333333333337,3.0,1.1547005383792515,2.5649493574615367,1.1111111111111112,0.8740073734751264,0.15,0.03,0.11,0.09,1.0168067226890756,0.0,0,0.44857142857142857,0.28148148148148144,0.7153451963912248,1.1365933641975308
random_34_10,Random,10,10,0.1,1.0,0.4,0.4,0.2,2,0.2,0.3,1.0,1.0,0.9428090415820634,1.0540925533894598,2.5,1.6666666666666667,0.816496580927726,1.791759469228055,1.0,1.1547005383792515,0.01,0.01,0.02,0.01,1.5,0.2,0,0.2783333333333333,0.6666666666666666,0.9486832980505138,3.0
maxent_34_10,MaxEnt,10,9,0.09,1.0,0.2,0.6,0.2,4,0.0,0.1,0.5,0.9,0.6307180135528295,1.6101529717988265,0.2000000000000007,NaN,NaN,0.0,1.1818181818181819,1.8739423171368172,0.06,0.01,0.08,0.0,0.5189873417721519,0.4,0,0.4708333333333333,0.5083333333333333,0.7479975459392216,0.46369165023011344
ltm_35_10,LTM,10,19,0.19,2.0,0.3,0.4,0.3,3,0.0,0.7,0.8571428571428571,1.9,0.8020441719763131,0.8754368385876947,3.7999999999999994,4.538461538461538,1.2904101561289434,3.9512437185814275,1.4333333333333333,1.3991159324475009,0.12,0.04,0.05,0.03,1.9829545454545454,0.5,0,0.5928571428571429,0.4458333333333333,1.4823523268955427,4.136111111111108
atn_35_10,ATN,10,17,0.17,1.0,0.1,0.1,0.8,5,0.1,0.8,1.0,1.7,0.39702856335914877,0.39702856335914877,4.207421875,5.8,0.408248290463863,3.2188758248682006,1.7575757575757576,0.49604355453621635,0.2,0.08,0.0,0.0,2.251514185527574,0.0,0,0.3433333333333334,0.6333333333333333,0.3429474463268324,4.18733876546224
adbm_35_10,ADBM,10,22,0.22,1.0,0.1,0.1,0.8,5,0.1,0.4,1.0,2.2,0.9290733161670237,0.7666127661014253,4.719166666666666,5.444444444444445,0.7264831572567788,2.1972245773362196,1.1538461538461537,0.8886592908251623,0.08,0.26,0.0,0.06,0.8983050847457628,0.0,0,0.44761904761904764,0.674074074074074,0.797605317449829,4.4295532407407405
niche_35_10,Niche,10,19,0.19,2.0,0.3,0.2,0.5,3,0.1,0.5,1.1428571428571428,1.9,0.9431354425063588,0.6301152630199289,2.37,3.1481481481481484,0.988538303359044,3.295836866004329,1.2692307692307692,0.9216789850220138,0.21,0.08,0.07,0.15,3.2502951593860683,0.0,0,0.6166666666666667,0.34814814814814815,0.6018975841074509,1.2995555555555558
cascade_35_10,Cascade,10,17,0.17,2.0,0.4,0.2,0.4,3,0.1,0.5,1.3333333333333333,1.7,1.1450040251495242,0.6820598874872975,1.922222222222222,2.4,0.9856107606091623,2.70805020110221,1.2380952380952381,0.9280125149960181,0.1,0.07,0.05,0.16,3.705882352941176,0.0,1,0.33333333333333337,0.43915343915343913,0.6425371821934427,0.6942386831275719
random_35_10,Random,10,17,0.17,2.0,0.2,0.1,0.7,5,0.1,0.6,1.125,1.7,0.7362738570791603,0.5580489988532434,4.970000000000001,1.0,0.0,0.0,1.53125,0.9685560027630172,0.11,0.02,0.04,0.07,2.180212014134276,0.7,1,0.22999999999999998,0.48941798941798936,2.277109737840918,8.200604938271603
maxent_35_10,MaxEnt,10,12,0.12,3.0,0.4,0.2,0.4,2,0.1,0.2,1.3333333333333333,1.2,1.3494397557212354,0.9460770203292445,2.42,2.0,0.7071067811865476,2.1972245773362196,1.4782608695652173,1.675900347666484,0.06,0.02,0.02,0.09,4.235720761559384,0.2,0,0.3842857142857143,0.4666666666666667,1.0327955589886444,1.8528888888888888
ltm_36_10,LTM,10,4,0.04,3.0,0.7,0.7,-0.4,2,0.2,0.1,1.0,0.4,1.748014746950253,1.7480147469502527,1.35,1.3333333333333333,0.5773502691896257,1.0986122886681098,1.2,2.2973414586817036,0.01,0.0,0.01,0.01,3.4444444444444446,0.0,0,0.15,0.0,0.3535533905932738,0.3361111111111111
atn_36_10,ATN,10,13,0.13,2.0,0.3,0.3,0.4,4,0.1,0.2,1.0,1.3,0.7297563831157798,0.7297563831157798,2.6,3.5,0.5163977794943222,2.772588722239781,1.45,1.0998774661296007,0.18,0.0,0.06,0.06,2.364485981308411,0.0,0,0.7333333333333334,0.0,0.2773500981126146,1.8777777777777775
adbm_36_10,ADBM,10,26,0.26,3.0,0.3,0.3,0.4,2,0.1,0.6,1.0,2.6,0.9455943033120908,0.910166120476864,2.2933333333333334,3.1666666666666665,0.9964475909040273,3.871201010907891,1.1612903225806452,0.9730085108210398,0.06,0.38,0.08,0.1,3.329896907216495,0.0,0,0.7214285714285713,0.8333333333333335,0.6524116994973539,0.979456790123457
niche_36_10,Niche,10,18,0.18,2.0,0.2,0.2,0.6,3,0.2,0.4,1.0,1.8,1.1355340530930291,0.7314228762270926,2.723809523809524,3.4761904761904763,1.3645163106041502,3.044522437723423,1.4074074074074074,1.0210406483029792,0.07,0.14,0.01,0.12,1.9391182645206435,0.0,0,0.3711904761904762,0.7345238095238096,0.7695139215667308,1.5617535903250184
cascade_36_10,Cascade,10,28,0.28,3.0,0.1,0.2,0.7,3,0.1,0.7,0.8888888888888888,2.8,0.6900655593423543,0.838419850555191,3.0654166666666667,3.7948717948717947,1.2178386199261113,3.6635616461296463,1.1764705882352942,0.5376947519350578,0.16,0.31,0.19,0.11,1.9546253957087578,0.0,3,0.5017460317460318,0.6995238095238095,0.757755863331125,0.885922260802469
random_36_10,Random,10,28,0.28,1.0,0.0,0.0,1.0,4,0.0,0.6,1.0,2.8,0.28171808490950556,0.49943278484292936,2.979567836129652e16,NaN,NaN,0.0,1.3333333333333333,0.5634361698190111,0.25,0.06,0.08,0.06,2.4031060094530723,1.0,9,0.29912698412698413,0.5323809523809524,3.565709706956767,10.666666666666666
maxent_36_10,MaxEnt,10,18,0.18,2.0,0.4,0.4,0.2,3,0.1,0.5,1.0,1.8,0.9728833730787924,1.0409977275966813,2.3091863517060367,3.857142857142857,1.1526367287968176,3.044522437723423,1.2916666666666667,1.4861038998325096,0.06,0.15,0.04,0.0,4.084745762711863,0.4,2,0.28293650793650793,0.8666666666666668,0.8878428824614045,1.5041349490106388
ltm_37_10,LTM,10,25,0.25,3.0,0.3,0.1,0.6,3,0.0,0.7,1.2857142857142858,2.5,0.7363574011458174,0.4714045207910317,2.9772327044025153,4.746031746031746,1.1354728156609328,4.143134726391533,1.6470588235294117,0.7302967433402215,0.19,0.08,0.11,0.19,3.1938412122058515,0.6,2,0.5872222222222223,0.4371428571428571,1.348911440490085,1.8862050815500437
atn_37_10,ATN,10,9,0.09,3.0,0.4,0.6,0.0,2,0.3,0.3,0.6666666666666666,0.9,0.9728833730787925,1.4296488196754653,1.825,1.7142857142857142,0.7559289460184545,1.9459101490553132,1.1,1.4628457524541851,0.02,0.03,0.04,0.0,1.3529411764705883,0.0,0,0.44666666666666666,0.6388888888888888,0.3535533905932738,0.6395833333333333
adbm_37_10,ADBM,10,6,0.06,2.0,0.4,0.6,0.0,3,0.3,0.0,0.6666666666666666,0.6,0.8606629658238706,1.405456737852613,2.1,2.0,1.1547005383792515,1.3862943611198906,1.4444444444444444,1.5315609724544692,0.03,0.0,0.02,0.0,1.222222222222222,0.0,0,0.4,0.0,0.0,1.4333333333333333
niche_37_10,Niche,10,2,0.02,2.0,0.9,0.8,-0.7,1,0.1,0.0,2.0,0.2,3.162277660168379,2.1081851067789197,1.1,1.0,0.0,0.6931471805599453,1.0,3.4960294939005054,0.0,0.0,0.0,0.01,9.0,0.0,0,0.2,0.0,0.0,0.1
cascade_37_10,Cascade,10,6,0.06,2.0,0.6,0.5,-0.1,2,0.3,0.1,1.25,0.6,1.6101529717988265,1.1653431646335017,1.4666666666666666,1.5,0.5773502691896257,1.3862943611198906,1.0,1.7213259316477407,0.02,0.0,0.01,0.03,2.0,0.0,0,0.2,0.0,0.33333333333333337,0.39999999999999997
random_37_10,Random,10,8,0.08,2.0,0.4,0.5,0.1,4,0.2,0.2,0.8333333333333334,0.8,0.9860132971832694,1.2909944487358054,2.025,2.2,1.3038404810405297,1.6094379124341003,1.4166666666666667,1.4672347384715838,0.05,0.0,0.04,0.02,1.5806451612903225,0.0,0,0.23666666666666666,0.0,0.673145600891813,1.00625
maxent_37_10,MaxEnt,10,3,0.03,2.0,0.7,0.8,-0.5,1,0.3,0.0,0.6666666666666666,0.3,1.6101529717988265,2.249828525701843,1.3,1.0,0.0,1.0986122886681098,1.0,2.330686329267004,0.0,0.0,0.01,0.0,2.333333333333333,0.0,0,0.2,0.0,0.0,0.23333333333333334
ltm_38_10,LTM,10,36,0.36,2.0,0.1,0.0,0.9,3,0.0,0.8,1.1111111111111112,3.6,0.616975231442877,0.2986021388258722,12.566666666666658,NaN,NaN,0.0,1.3333333333333333,0.5826715823167509,0.15,0.2,0.08,0.17,1.7579999678554779,0.9,0,0.6663095238095238,0.6838095238095239,4.0762410062140235,17.453395061728365
atn_38_10,ATN,10,11,0.11,2.0,0.3,0.3,0.4,3,0.3,0.2,1.0,1.1,1.0883809088526044,1.0883809088526044,2.1375,2.1666666666666665,0.752772652709081,1.791759469228055,1.0833333333333333,1.196873797462515,0.02,0.05,0.02,0.02,0.9672131147540983,0.0,0,0.27999999999999997,0.619047619047619,0.39167472590032015,0.9807291666666667
adbm_38_10,ADBM,10,23,0.23,1.0,0.2,0.2,0.6,3,0.1,0.5,1.0,2.3,0.9840142143053888,0.8945680789571573,3.5457142857142854,4.869565217391305,1.0576280419404611,3.1354942159291497,1.1481481481481481,1.0689326907006245,0.07,0.31,0.03,0.07,1.8416779431664412,0.0,0,0.5446428571428572,0.8202380952380953,0.7614957494283967,2.801532879818593
niche_38_10,Niche,10,15,0.15,2.0,0.3,0.1,0.6,2,0.3,0.2,1.2857142857142858,1.5,1.3788526273323172,0.7856742013183862,2.0714285714285716,2.4166666666666665,0.6685579234215215,2.4849066497880004,1.0625,1.2957670877434,0.1,0.04,0.06,0.19,1.0437956204379564,0.0,0,0.5291666666666666,0.3788359788359788,0.4780914437337575,0.7414965986394555
cascade_38_10,Cascade,10,13,0.13,2.0,0.6,0.4,0.0,2,0.1,0.3,1.5,1.3,1.3592162339178022,0.9628196592573635,1.4833333333333332,1.4285714285714286,0.5135525910130955,2.6390573296152584,1.1333333333333333,1.1581117733985862,0.03,0.03,0.06,0.13,3.1379310344827585,0.0,1,0.44333333333333336,0.32916666666666666,0.408248290463863,0.3962962962962962
random_38_10,Random,10,13,0.13,1.0,0.2,0.1,0.7,4,0.1,0.4,1.125,1.3,0.7297563831157798,0.6332866171912035,9.6,4.333333333333333,1.5275252316519465,1.0986122886681098,1.2777777777777777,1.0998774661296007,0.11,0.02,0.03,0.04,1.153846153846154,0.5,0,0.2316666666666667,0.43809523809523804,4.247171004146353,36.37777777777779
maxent_38_10,MaxEnt,10,12,0.12,2.0,0.4,0.1,0.5,5,0.1,0.3,1.5,1.2,1.1653431646335017,0.5270462766947299,2.86875,4.5,1.378404875209022,1.791759469228055,1.5909090909090908,1.1249142628509214,0.08,0.01,0.02,0.09,2.4442270058708413,0.3,1,0.365,0.3952380952380952,1.4005672214023381,4.132335069444444
ltm_39_10,LTM,10,25,0.25,2.0,0.3,0.0,0.7,2,0.0,0.6,1.4285714285714286,2.5,0.9285592184789413,0.38873012632302,3.776086956521739,NaN,NaN,0.0,1.0384615384615385,0.8640987597877146,0.0,0.03,0.02,0.1,3.0,0.7,1,0.5208513708513708,0.7666666666666667,1.4699510684602044,7.076459777357696
atn_39_10,ATN,10,13,0.13,2.0,0.3,0.3,0.4,2,0.3,0.3,1.0,1.3,0.8148845426702924,1.0288411614225066,1.9833333333333332,1.8888888888888888,0.6009252125773316,2.1972245773362196,1.0,0.7431475254456121,0.03,0.05,0.05,0.02,1.307692307692308,0.0,0,0.5533333333333333,0.48148148148148145,0.408248290463863,0.5768518518518518
adbm_39_10,ADBM,10,16,0.16,2.0,0.3,0.1,0.6,4,0.1,0.3,1.2857142857142858,1.6,1.1858541225631423,0.6718548123582124,2.45,2.7,1.4944341180973264,2.302585092994046,1.2,0.8740073734751264,0.07,0.06,0.04,0.15,1.5917926565874727,0.0,0,0.5845238095238094,0.34074074074074073,1.103970108290981,1.2472222222222225
niche_39_10,Niche,10,19,0.19,2.0,0.2,0.3,0.5,3,0.1,0.7,0.875,1.9,0.677202072477852,0.8754368385876947,2.6,3.423076923076923,1.3906279710426341,3.258096538021482,1.0952380952380953,0.5975223286289968,0.1,0.12,0.09,0.04,1.6373626373626373,0.0,0,0.6216666666666666,0.6866666666666668,0.8583950752789521,0.9888888888888889
cascade_39_10,Cascade,10,22,0.22,2.0,0.3,0.2,0.5,2,0.2,0.5,1.1428571428571428,2.2,0.9534625892455921,0.7959954870644664,2.0805555555555553,2.380952380952381,0.9206622874969125,3.044522437723423,1.1538461538461537,0.6135895979186845,0.1,0.13,0.14,0.2,2.2967032967032965,0.0,3,0.4571428571428572,0.44000000000000006,0.6259672649867698,0.6626286008230451
random_39_10,Random,10,21,0.21,3.0,0.1,0.1,0.8,6,0.0,0.7,1.0,2.1,0.5701042855894595,0.6525334854315704,5.5947619047619055,4.333333333333333,1.1881770515720091,2.8903717578961645,1.4411764705882353,0.6269338939089365,0.19,0.06,0.1,0.1,1.7897146882705177,0.6,7,0.2928571428571428,0.2866666666666666,1.6512091749844915,3.2471476442428835
maxent_39_10,MaxEnt,10,12,0.12,3.0,0.5,0.4,0.1,3,0.1,0.3,1.2,1.2,1.2297746456210366,1.0243938285880985,1.9045454545454548,2.7,0.9486832980505138,2.302585092994046,1.2,1.675900347666484,0.05,0.03,0.02,0.03,3.3298969072164954,0.2,2,0.21166666666666661,0.7333333333333334,0.6146176217264187,1.12876492194674
ltm_40_10,LTM,10,21,0.21,3.0,0.3,0.1,0.6,2,0.1,0.4,1.2857142857142858,2.1,1.109976745209339,0.5240499688641008,2.5,2.5,0.7071067811865476,0.6931471805599453,1.125,1.245804245736418,0.12,0.01,0.04,0.12,2.0,0.3,1,0.4753968253968254,0.6208333333333335,0.9225998461903603,1.3750000000000002
atn_40_10,ATN,10,13,0.13,2.0,0.3,0.1,0.6,4,0.1,0.3,1.2857142857142858,1.3,0.9628196592573635,0.5191911982388868,2.9375,4.866666666666666,0.6399404734221844,2.70805020110221,1.5454545454545454,0.9730085108210398,0.12,0.03,0.01,0.06,2.128491620111732,0.0,0,0.5125,0.4625,0.3139389945637405,3.052951388888889
adbm_40_10,ADBM,10,17,0.17,1.0,0.2,0.2,0.6,5,0.1,0.3,1.0,1.7,1.0017286097603766,0.879078892998427,4.07,5.375,0.7440238091428449,2.0794415416798357,1.1904761904761905,1.150029670479622,0.07,0.16,0.0,0.03,1.3476802683063163,0.0,0,0.35,0.6500000000000001,0.6987383588423116,4.779555555555556
niche_40_10,Niche,10,30,0.3,2.0,0.5,0.2,0.3,2,0.1,0.4,1.6,3.0,1.0657403385139377,0.7027283689263065,1.6392857142857147,2.3859649122807016,0.8399486796591521,4.04305126783455,1.032258064516129,0.7027283689263065,0.06,0.38,0.12,0.38,1.4962852897474,0.0,0,0.8571428571428571,0.7395238095238096,0.46283860763723755,0.4712684765264131
cascade_40_10,Cascade,10,30,0.3,3.0,0.1,0.3,0.6,2,0.1,0.7,0.7777777777777778,3.0,0.6666666666666666,0.8748897637790901,3.0714814814814817,3.617021276595745,1.3441207161328426,3.8501476017100584,1.0909090909090908,0.35136418446315326,0.14,0.32,0.29,0.16,1.7713625866050808,0.0,2,0.5460317460317461,0.6333333333333334,0.8345505513573872,0.8499803383630543
random_40_10,Random,10,28,0.28,1.0,0.0,0.0,1.0,4,0.0,0.3,1.0,2.8,0.40546158014110484,0.6254250255506523,2.403289434022166e16,NaN,NaN,0.0,1.3777777777777778,0.537694751935058,0.18,0.13,0.17,0.08,2.663323157435674,1.0,9,0.3357936507936508,0.5861904761904763,2.23606797749979,14.222222222222221
maxent_40_10,MaxEnt,10,19,0.19,2.0,0.2,0.2,0.6,6,0.0,0.7,1.0,1.9,0.677202072477852,0.8754368385876947,4.746698113207546,4.071428571428571,1.542439911024374,2.6390573296152584,1.4,0.921678985022014,0.08,0.07,0.08,0.05,2.931914893617021,0.7,5,0.26404761904761903,0.5185185185185185,1.9195798191025821,4.778935020371026
ltm_41_10,LTM,10,4,0.04,2.0,0.8,0.6,-0.4,1,0.2,0.0,2.0,0.4,2.41522945769824,1.2909944487358056,1.2,1.0,0.0,1.3862943611198906,1.0,2.2973414586817036,0.0,0.0,0.0,0.03,6.5,0.0,0,0.3,0.0,1.9229626863835638e-16,0.17777777777777776
atn_41_10,ATN,10,10,0.1,2.0,0.4,0.4,0.2,1,0.4,0.2,1.0,1.0,1.0540925533894598,1.247219128924647,1.7166666666666663,1.375,0.5175491695067657,2.0794415416798357,1.0,1.0540925533894598,0.0,0.03,0.04,0.02,1.307692307692308,0.0,0,0.5066666666666667,0.6388888888888888,0.3415650255319866,0.43240740740740735
adbm_41_10,ADBM,10,20,0.2,2.0,0.4,0.1,0.5,2,0.2,0.4,1.5,2.0,1.4142135623730951,0.7817359599705717,1.8824074074074075,2.25,0.9309493362512627,2.772588722239781,1.0909090909090908,1.178511301977579,0.02,0.16,0.05,0.3,2.3582089552238807,0.0,0,0.6933333333333332,0.7215277777777778,0.6077876801955852,0.6593278463648834
niche_41_10,Niche,10,18,0.18,2.0,0.4,0.2,0.4,2,0.1,0.5,1.3333333333333333,1.8,1.0075163339804034,0.7768954430890012,1.9041666666666663,2.2941176470588234,0.9195587176978519,2.833213344056216,1.1428571428571428,0.7499428419006142,0.14,0.03,0.13,0.19,3.235294117647059,0.0,0,0.7133333333333333,0.3066666666666667,0.5564229340002814,0.731886574074074
cascade_41_10,Cascade,10,23,0.23,2.0,0.2,0.2,0.6,2,0.2,0.6,1.0,2.3,0.7114746497758597,0.8707721093217277,2.365925925925926,3.1,1.268993627874548,3.4011973816621555,1.1785714285714286,0.46737726077093045,0.15,0.13,0.2,0.14,2.3492822966507183,0.0,4,0.41142857142857137,0.4866666666666667,0.6169897312779326,0.797880810852004
random_41_10,Random,10,19,0.19,1.0,0.1,0.0,0.9,5,0.0,0.7,1.1111111111111112,1.9,0.5233836452693438,0.677202072477852,15.54406779661016,NaN,NaN,0.0,2.1481481481481484,1.075769102930238,0.1,0.01,0.02,0.03,3.9722820590655927,0.9,2,0.31166666666666665,0.29259259259259257,3.682947169090975,30.733853618053526
maxent_41_10,MaxEnt,10,17,0.17,1.0,0.0,0.3,0.7,4,0.0,0.6,0.7,1.7,0.39702856335914877,1.0394006494665546,-4.4408920985006264e-17,NaN,NaN,0.0,1.5806451612903225,0.9280125149960183,0.13,0.01,0.15,0.04,1.6129990102276475,0.6,3,0.3184523809523809,0.3666666666666667,0.9166758957018345,1.0165844838921752
ltm_42_10,LTM,10,23,0.23,3.0,0.3,0.0,0.7,3,0.0,0.5,1.4285714285714286,2.3,0.9624323313555938,0.4124709991523973,1.0563788570047898,NaN,NaN,0.0,1.3125,0.8743827900868613,0.05,0.04,0.03,0.13,2.6338225017470296,0.6,5,0.4219444444444444,0.6266666666666666,1.0302388298226766,1.945714448679671
atn_42_10,ATN,10,9,0.09,2.0,0.4,0.6,0.0,1,0.4,0.2,0.6666666666666666,0.9,1.104921028901948,1.4296488196754653,1.7333333333333332,1.5714285714285714,0.7867957924694431,1.9459101490553132,1.0,1.4628457524541851,0.0,0.04,0.03,0.0,1.0689655172413792,0.0,0,0.5,0.8,0.43033148291193524,0.47037037037037027
adbm_42_10,ADBM,10,12,0.12,2.0,0.4,0.5,0.1,1,0.4,0.2,0.8333333333333334,1.2,1.1653431646335017,1.1653431646335017,1.6916666666666664,1.7272727272727273,0.7862453931068966,2.3978952727983707,1.0,1.2546210878484685,0.0,0.07,0.03,0.03,1.4489795918367345,0.0,0,0.6799999999999999,0.75,0.41666666666666663,0.3889660493827159
niche_42_10,Niche,10,18,0.18,2.0,0.3,0.3,0.4,2,0.4,0.2,1.0,1.8,1.1944085553034889,0.8606629658238705,2.0047619047619047,1.8823529411764706,0.600245047998781,2.833213344056216,1.1818181818181819,0.9514987095307502,0.07,0.07,0.11,0.21,1.4587546567323044,0.0,0,0.5523809523809524,0.437037037037037,0.47698346670846725,0.6986394557823127
cascade_42_10,Cascade,10,18,0.18,2.0,0.2,0.3,0.5,3,0.1,0.5,0.875,1.8,0.899626503814157,0.8606629658238705,2.6475,2.5,1.1547005383792515,2.772588722239781,1.32,0.7027283689263065,0.12,0.05,0.13,0.14,1.7340513670256832,0.0,2,0.3609523809523809,0.22000000000000003,0.8126602406089931,1.045340277777778
random_42_10,Random,10,17,0.17,2.0,0.1,0.1,0.8,4,0.1,0.5,1.0,1.7,0.6820598874872975,0.623147003218459,6.666666666666669,5.285714285714286,0.7559289460184545,1.9459101490553132,1.5483870967741935,1.0074692218560886,0.18,0.04,0.06,0.05,1.8515878159429682,0.7,0,0.3450000000000001,0.5037037037037037,2.2036808186138934,8.969135802469138
maxent_42_10,MaxEnt,10,10,0.1,2.0,0.3,0.3,0.4,4,0.2,0.2,1.0,1.0,0.816496580927726,0.816496580927726,2.4,2.3333333333333335,1.3662601021279464,1.791759469228055,1.0909090909090908,0.6666666666666666,0.06,0.0,0.03,0.03,1.0689655172413792,0.0,1,0.18333333333333332,0.0,0.31622776601683794,1.7666666666666666
ltm_43_10,LTM,10,20,0.2,2.0,0.2,0.0,0.8,4,0.1,0.6,1.25,2.0,0.7453559924999299,0.5270462766947299,3.6643137254901967,NaN,NaN,0.0,1.2,0.5270462766947299,0.08,0.04,0.06,0.09,1.752293577981651,0.7,0,0.45833333333333337,0.5700000000000001,1.666559627473971,4.038649066598315
atn_43_10,ATN,10,14,0.14,4.0,0.1,0.1,0.8,6,0.1,0.4,1.0,1.4,0.6023386019368342,0.6023386019368343,4.204166666666667,6.0,0.0,1.0986122886681098,1.4285714285714286,0.8780518530755131,0.15,0.05,0.01,0.01,1.061855670103093,0.0,0,0.29166666666666663,0.5074074074074074,0.3181045051401759,4.608969907407408
adbm_43_10,ADBM,10,18,0.18,1.0,0.1,0.1,0.8,6,0.1,0.3,1.0,1.8,0.8996265038141571,0.7768954430890012,4.970000000000001,5.75,0.5,1.3862943611198906,1.32,0.9147473359428495,0.08,0.16,0.0,0.03,1.3026315789473686,0.0,0,0.35,0.5777777777777777,0.6790516262487788,5.5617777777777775
niche_43_10,Niche,10,28,0.28,2.0,0.5,0.1,0.4,2,0.1,0.4,1.8,2.8,1.101431762497179,0.5783313238805294,1.687142857142857,2.8,0.7824607964359516,3.912023005428146,1.1764705882352942,0.7932538689979849,0.16,0.3,0.07,0.38,1.908509788254095,0.0,0,0.8299999999999998,0.6899206349206349,0.4510071334273243,0.5831043083900225
cascade_43_10,Cascade,10,27,0.27,3.0,0.2,0.1,0.7,3,0.2,0.6,1.125,2.7,0.8010433677781893,0.7620394746672081,2.3047619047619046,3.282608695652174,0.9583097035524086,3.828641396489095,1.2352941176470589,0.5295706318401782,0.18,0.24,0.18,0.2,1.0992366412213739,0.0,3,0.5883333333333333,0.5938095238095238,0.5931090672610346,0.6565318720080623
random_43_10,Random,10,23,0.23,1.0,0.0,0.0,1.0,5,0.0,0.5,1.0,2.3,0.5041312211862634,0.5041312211862634,7.351330300839114e16,NaN,NaN,0.0,1.608695652173913,0.6545849153992008,0.15,0.05,0.04,0.07,2.4258041884249346,1.0,3,0.3353571428571428,0.48,10.465263452509678,170.66666666666666
maxent_43_10,MaxEnt,10,13,0.13,2.0,0.4,0.3,0.3,3,0.2,0.4,1.1666666666666667,1.3,1.0908742249324435,1.0288411614225066,1.8142857142857143,1.6,0.8944271909999159,1.6094379124341003,1.0,1.0998774661296007,0.02,0.01,0.08,0.06,1.7906976744186047,0.2,2,0.26999999999999996,0.2708333333333333,0.6339430814002619,0.5387755102040815
ltm_44_10,LTM,10,3,0.03,2.0,0.8,0.7,-0.5,1,0.2,0.0,1.5,0.3,2.249828525701843,1.6101529717988265,1.2,1.0,0.0,1.0986122886681098,1.0,2.330686329267004,0.0,0.0,0.0,0.01,5.666666666666667,0.0,0,0.2,0.0,0.0,0.17777777777777784
atn_44_10,ATN,10,12,0.12,2.0,0.4,0.3,0.3,2,0.3,0.1,1.1666666666666667,1.2,1.0971343143406387,0.9460770203292445,1.85,1.8,0.42163702135578396,2.302585092994046,1.25,1.0540925533894598,0.04,0.04,0.03,0.05,1.3255813953488371,0.0,0,0.8400000000000001,0.5555555555555555,0.28867513459481287,0.6694444444444445
adbm_44_10,ADBM,10,15,0.15,2.0,0.3,0.4,0.3,3,0.2,0.3,0.8571428571428571,1.5,1.0540925533894598,1.0061539042374907,2.55,3.0,1.4719601443879744,2.5649493574615367,1.0,1.1331154474650633,0.05,0.09,0.05,0.06,1.0689655172413792,0.0,0,0.5599999999999999,0.5041666666666665,1.016530045465127,1.6777777777777776
niche_44_10,Niche,10,16,0.16,2.0,0.4,0.2,0.4,2,0.2,0.4,1.3333333333333333,1.6,1.1486707293408518,0.7905694150420948,1.9866666666666668,2.5,0.8574929257125442,2.8903717578961645,1.0,1.2076147288491197,0.12,0.08,0.04,0.12,2.045685279187817,0.0,0,0.5333333333333333,0.6833333333333333,0.5641180432025434,0.8971481481481481
cascade_44_10,Cascade,10,23,0.23,3.0,0.2,0.1,0.7,3,0.3,0.5,1.125,2.3,0.8945680789571575,0.82111394053422,2.176190476190476,2.84,0.8504900548115384,3.2188758248682006,1.1481481481481481,0.6216698721602092,0.12,0.15,0.16,0.19,2.01255230125523,0.0,3,0.4257142857142857,0.5014285714285714,0.5170280243041029,0.5578404509952128
random_44_10,Random,10,21,0.21,1.0,0.0,0.0,1.0,6,0.0,0.5,1.0,2.1,0.5701042855894595,0.5240499688641008,-1.1864937927381533e17,NaN,NaN,0.0,1.564102564102564,0.7711084318407061,0.15,0.01,0.05,0.1,1.2875628213274797,1.0,1,0.3544047619047619,0.21333333333333332,12.446074156325837,597.3333333333334
maxent_44_10,MaxEnt,10,13,0.13,2.0,0.6,0.3,0.1,2,0.1,0.3,1.75,1.3,1.4973129559647624,0.8148845426702924,1.5183333333333333,1.6923076923076923,0.7510676161988107,2.5649493574615367,1.1333333333333333,1.317459751657962,0.04,0.04,0.03,0.15,5.278026905829597,0.0,1,0.4404761904761905,0.5476190476190477,0.5192861635535069,0.4669413580246913
ltm_45_10,LTM,10,12,0.12,2.0,0.2,0.5,0.3,2,0.2,0.2,0.625,1.2,0.8606629658238704,1.3494397557212354,2.433333333333333,2.375,0.9161253813129043,2.0794415416798357,1.3333333333333333,1.3721210039142744,0.07,0.03,0.1,0.03,1.3026315789473684,0.0,0,0.5016666666666667,0.47222222222222227,0.6236095644623235,0.7666666666666667
atn_45_10,ATN,10,15,0.15,2.0,0.5,0.2,0.3,3,0.2,0.3,1.6,1.5,1.0540925533894598,0.6478835438717,1.8185185185185184,3.142857142857143,0.7270291799999699,3.044522437723423,1.48,1.1758894715842623,0.16,0.05,0.03,0.1,2.37620578778135,0.0,0,0.6083333333333333,0.30000000000000004,0.4924672633657677,0.9210333790580703
adbm_45_10,ADBM,10,7,0.07,2.0,0.5,0.4,0.1,4,0.1,0.1,1.2,0.7,1.355261854357877,0.9642122253007899,2.333333333333333,3.3333333333333335,2.081665999466133,1.0986122886681098,1.3,1.676839701110382,0.04,0.01,0.0,0.02,2.488372093023256,0.0,0,0.15833333333333333,0.3333333333333333,1.1126972805283735,2.592592592592593
niche_45_10,Niche,10,10,0.1,3.0,0.3,0.5,0.2,2,0.3,0.2,0.7142857142857143,1.0,0.9428090415820634,1.3333333333333333,2.0166666666666666,1.7142857142857142,0.48795003647426666,1.9459101490553132,1.0909090909090908,1.247219128924647,0.04,0.01,0.07,0.03,0.7543859649122808,0.0,0,0.4833333333333333,0.25,0.3415650255319866,0.6324074074074074
cascade_45_10,Cascade,10,19,0.19,3.0,0.1,0.4,0.5,3,0.1,0.6,0.6666666666666666,1.9,0.6301152630199289,1.0364249465082056,3.0083333333333333,3.0384615384615383,0.823687767580373,3.258096538021482,1.3793103448275863,1.0169387190308377,0.17,0.12,0.14,0.03,2.3600000000000003,0.0,2,0.4638095238095238,0.6328042328042328,0.4442616583193192,0.9111882716049381
random_45_10,Random,10,16,0.16,3.0,0.1,0.1,0.8,4,0.0,0.4,1.0,1.6,0.733617369235792,0.6038073644245598,5.746153846153846,4.5,0.5773502691896257,1.3862943611198906,1.5,1.1334558757279536,0.05,0.0,0.02,0.01,1.5751072961373387,0.6,0,0.34285714285714286,0.0,1.5825415854954603,5.012557527942143
maxent_45_10,MaxEnt,10,13,0.13,3.0,0.2,0.4,0.4,3,0.1,0.3,0.75,1.3,0.7297563831157798,1.3592162339178022,2.975,3.25,0.7071067811865476,2.0794415416798357,1.2777777777777777,1.4137485899579714,0.1,0.04,0.12,0.02,1.463343108504399,0.0,1,0.32222222222222224,0.44761904761904764,0.4493585171364586,1.5340277777777775
ltm_46_10,LTM,10,6,0.06,3.0,0.5,0.5,0.0,2,0.3,0.1,1.0,0.6,1.165343164633502,1.165343164633502,1.65,1.4,0.5477225575051661,1.6094379124341003,1.25,1.314684396244359,0.02,0.0,0.01,0.01,1.7906976744186047,0.0,0,0.16666666666666666,0.0,0.28867513459481287,0.5583333333333333
atn_46_10,ATN,10,12,0.12,2.0,0.5,0.2,0.3,2,0.2,0.3,1.6,1.2,1.097134314340639,0.6573421981221796,1.6666666666666665,1.9,0.7378647873726218,2.302585092994046,1.0,0.8050764858994132,0.04,0.04,0.0,0.05,1.307692307692308,0.0,0,0.7,0.7291666666666666,0.44095855184409843,0.5493827160493827
adbm_46_10,ADBM,10,16,0.16,2.0,0.4,0.1,0.5,4,0.2,0.2,1.5,1.6,1.3565683830083088,0.6038073644245598,2.076666666666667,2.3333333333333335,1.2309149097933274,2.4849066497880004,1.0588235294117647,1.0540925533894596,0.04,0.09,0.0,0.17,2.125,0.0,0,0.5261904761904762,0.5666666666666668,0.9497806764371096,1.1684074074074076
niche_46_10,Niche,10,21,0.21,3.0,0.4,0.2,0.4,2,0.2,0.3,1.3333333333333333,2.1,1.1761037176408065,0.7920619015793429,1.837142857142857,2.3333333333333335,0.8164965809277259,3.1780538303479458,1.125,0.9733149026511677,0.06,0.17,0.07,0.22,1.839116719242902,0.0,0,0.5649206349206349,0.6160714285714285,0.4785536599402171,0.6056213151927436
cascade_46_10,Cascade,10,15,0.15,2.0,0.3,0.3,0.4,2,0.3,0.4,1.0,1.5,0.9558139185602919,1.227262335243029,2.0194444444444444,2.5,1.0,2.4849066497880004,1.1176470588235294,1.2570787221094177,0.08,0.06,0.13,0.07,1.3809523809523812,0.0,0,0.38690476190476186,0.5166666666666667,0.5616334202711161,0.6419838820301784
random_46_10,Random,10,16,0.16,2.0,0.2,0.1,0.7,5,0.0,0.5,1.125,1.6,0.7905694150420948,0.60380736442456,6.373684210526314,4.6,1.1401754250991378,1.6094379124341003,1.3333333333333333,0.9682458365518543,0.09,0.03,0.03,0.07,2.266787658802178,0.7,2,0.2533333333333333,0.4124999999999999,2.496257586680142,9.709726069559856
maxent_46_10,MaxEnt,10,10,0.1,2.0,0.2,0.7,0.1,2,0.3,0.2,0.375,1.0,0.6666666666666666,1.8856180831641267,2.2,1.625,0.5175491695067657,2.0794415416798357,1.0909090909090908,1.699673171197595,0.03,0.02,0.14,0.0,0.5789473684210527,0.0,0,0.55,0.48,0.31622776601683794,0.5666666666666667
ltm_47_10,LTM,10,20,0.2,2.0,0.2,0.1,0.7,6,0.0,0.7,1.125,2.0,0.6666666666666666,0.7453559924999299,12.686666666666664,4.545454545454546,1.2933395813657265,2.3978952727983707,1.4242424242424243,1.0,0.08,0.03,0.04,0.06,1.368421052631579,0.7,0,0.3561904761904762,0.6125,4.268749491621899,40.164987654320974
atn_47_10,ATN,10,10,0.1,3.0,0.2,0.3,0.5,3,0.4,0.0,0.875,1.0,0.6666666666666666,0.816496580927726,2.4,2.6666666666666665,0.5163977794943222,1.791759469228055,1.4,0.816496580927726,0.08,0.0,0.03,0.02,0.7777777777777778,0.0,0,0.6,0.0,0.0,1.1555555555555557
adbm_47_10,ADBM,10,17,0.17,4.0,0.2,0.2,0.6,4,0.2,0.3,1.0,1.7,1.0757542528898196,0.7362738570791603,2.933333333333333,3.3636363636363638,1.6292775867068983,2.3978952727983707,1.3478260869565217,0.8410827682167535,0.08,0.08,0.05,0.13,1.4246877296105802,0.0,0,0.6345238095238095,0.39259259259259255,1.0664215404617372,1.748148148148148
niche_47_10,Niche,10,30,0.3,3.0,0.2,0.2,0.6,3,0.1,0.7,1.0,3.0,0.8012336167697754,0.6285393610547089,2.7116931216931213,4.116788321167883,1.0918528062201596,4.919980925828125,1.1891891891891893,0.7027283689263065,0.24,0.44,0.02,0.12,3.1189931350114413,0.0,0,0.6174603174603175,0.8354761904761905,0.663115271243568,1.3315930840557526
cascade_47_10,Cascade,10,33,0.33,2.0,0.1,0.2,0.7,2,0.1,0.8,0.8888888888888888,3.3,0.5898505584103609,0.8212313787546605,2.886554783950617,4.142857142857143,1.2268474392422466,4.584967478670572,1.175,0.38330638305071274,0.19,0.47,0.24,0.08,2.5175879396984926,0.0,4,0.5378571428571428,0.7345238095238095,0.7518424856884509,0.7248442042208856
random_47_10,Random,10,28,0.28,1.0,0.0,0.0,1.0,5,0.0,1.0,1.0,2.8,0.4702004204317024,0.6692128248835808,-3.082745660425439e16,NaN,NaN,0.0,1.6,0.8940468264532662,0.1,0.05,0.09,0.0,2.1665524331734063,1.0,9,0.4182359307359307,0.6123809523809524,4.488079449258573,16.0
maxent_47_10,MaxEnt,10,13,0.13,2.0,0.4,0.4,0.2,2,0.1,0.3,1.0,1.3,1.406755561471303,1.1495647062287127,3.025,2.5714285714285716,0.9759000729485333,1.9459101490553132,1.2352941176470589,1.746603729838605,0.02,0.05,0.02,0.09,3.0816326530612246,0.2,0,0.3185714285714286,0.7952380952380952,1.3971124066885516,3.9229166666666666
ltm_48_10,LTM,10,9,0.09,2.0,0.4,0.5,0.1,2,0.3,0.2,0.8333333333333334,0.9,1.104921028901948,1.222783260682902,1.85,1.6666666666666667,0.816496580927726,1.791759469228055,1.1,1.261436027105659,0.02,0.02,0.03,0.02,1.4,0.0,0,0.25,0.5714285714285714,0.5270462766947299,0.6694444444444444
atn_48_10,ATN,10,8,0.08,3.0,0.3,0.5,0.2,3,0.3,0.0,0.7142857142857143,0.8,0.7905694150420948,1.2909944487358054,2.4,2.7142857142857144,0.7559289460184546,1.9459101490553132,1.7222222222222223,1.687371394276382,0.08,0.0,0.04,0.01,1.7586206896551726,0.0,0,0.5,0.0,0.0,1.6
adbm_48_10,ADBM,10,20,0.2,2.0,0.3,0.3,0.4,1,0.3,0.4,1.0,2.0,1.0540925533894598,1.0540925533894598,2.075,2.736842105263158,0.9334586382051249,2.9444389791664403,1.0,1.1785113019775793,0.0,0.25,0.05,0.05,1.5,0.0,0,0.5714285714285714,0.8857142857142859,0.5590169943749473,0.7368055555555554
niche_48_10,Niche,10,15,0.15,3.0,0.3,0.3,0.4,4,0.2,0.3,1.0,1.5,1.227262335243029,0.7856742013183862,2.5166666666666666,3.0526315789473686,1.26814318375447,2.9444389791664403,1.2105263157894737,1.0886621079036347,0.07,0.06,0.04,0.13,1.4383164005805515,0.0,0,0.4083333333333333,0.5708333333333333,0.8096638534327412,1.941049382716049
cascade_48_10,Cascade,10,19,0.19,3.0,0.2,0.4,0.4,3,0.2,0.5,0.75,1.9,0.7212212207401567,1.0062898526105253,2.5249999999999995,2.411764705882353,1.0036697371030325,2.833213344056216,1.1363636363636365,0.5435766099940234,0.08,0.08,0.17,0.09,1.5641025641025639,0.0,2,0.4998809523809523,0.41666666666666663,0.7521897856819184,0.9043981481481479
random_48_10,Random,10,21,0.21,2.0,0.1,0.1,0.8,3,0.0,0.7,1.0,2.1,0.5701042855894594,0.4735375838151206,7.363492063492066,4.833333333333333,1.0298573010888745,2.4849066497880004,1.525,0.8031181359157787,0.21,0.07,0.09,0.11,2.7250554323725056,0.8,4,0.3252380952380952,0.5423280423280423,2.3954659687929123,6.639760924946114
maxent_48_10,MaxEnt,10,18,0.18,2.0,0.3,0.4,0.3,3,0.2,0.4,0.8571428571428571,1.8,0.9728833730787924,1.0075163339804034,2.185,2.347826086956522,1.0272954630384807,3.1354942159291497,1.2173913043478262,1.0540925533894596,0.06,0.06,0.12,0.11,2.690685413005273,0.2,2,0.3988095238095238,0.4714285714285715,0.7434902674398487,0.84225
ltm_49_10,LTM,10,15,0.15,2.0,0.3,0.1,0.6,2,0.3,0.2,1.2857142857142858,1.5,1.3052600138300812,0.5665577237325317,2.108695652173913,2.0,0.0,0.0,1.1176470588235294,1.1758894715842625,0.05,0.01,0.03,0.12,0.8897637795275589,0.2,0,0.3125,0.34444444444444444,0.7278768184836968,0.7911153119092628
atn_49_10,ATN,10,14,0.14,2.0,0.4,0.2,0.4,2,0.2,0.4,1.3333333333333333,1.4,0.9642122253007899,0.6023386019368343,1.8999999999999997,2.3333333333333335,0.8876253645985945,2.4849066497880004,1.2222222222222223,0.7377111135633176,0.07,0.06,0.0,0.05,3.0133779264214047,0.0,0,0.5866666666666667,0.7900000000000001,0.41361314986652004,0.7941015089163233
adbm_49_10,ADBM,10,15,0.15,2.0,0.3,0.2,0.5,4,0.1,0.3,1.1428571428571428,1.5,1.1439589045541112,0.8461970117626564,3.245,4.444444444444445,1.810463415200036,2.1972245773362196,1.0625,1.2171612389003692,0.06,0.11,0.0,0.06,1.334630350194553,0.0,0,0.35333333333333333,0.625,1.3083067937860242,3.496777777777778
niche_49_10,Niche,10,17,0.17,2.0,0.5,0.4,0.1,1,0.3,0.2,1.2,1.7,1.4422098469359443,1.0017286097603766,1.6,1.625,0.5,2.772588722239781,1.0,1.2767702428313497,0.0,0.1,0.09,0.23,2.75,0.0,0,0.72,0.5666666666666667,0.42008402520840293,0.43333333333333357
cascade_49_10,Cascade,10,28,0.28,2.0,0.1,0.2,0.7,2,0.1,0.7,0.8888888888888888,2.8,0.6476890718445449,0.7299861769883759,3.150125,3.7567567567567566,1.2111841176992733,3.6109179126442243,1.2,0.24971639242146468,0.21,0.26,0.18,0.14,2.3514689880304678,0.0,6,0.4359126984126984,0.6133333333333333,0.8102241477781671,0.9511112673611112
random_49_10,Random,10,26,0.26,3.0,0.1,0.0,0.9,4,0.0,0.8,1.1111111111111112,2.6,0.5790558866992931,0.41344911529736156,12.710231023102306,NaN,NaN,0.0,1.6842105263157894,0.7206907344900101,0.19,0.1,0.05,0.05,2.5859713647707867,0.9,6,0.29666666666666663,0.5564285714285714,3.6041972667351176,23.66502267388454
maxent_49_10,MaxEnt,10,15,0.15,3.0,0.4,0.5,0.1,2,0.2,0.4,0.8333333333333334,1.5,0.9558139185602919,1.186342028003479,1.7958333333333332,1.6875,0.704154339142587,2.772588722239781,1.1176470588235294,1.0423146132940955,0.04,0.06,0.12,0.07,1.222222222222222,0.0,2,0.41047619047619044,0.48148148148148157,0.4728753653037036,0.5094328703703703
ltm_50_10,LTM,10,14,0.14,3.0,0.5,0.3,0.2,2,0.2,0.3,1.4,1.4,1.2688488185213553,0.838419850555191,1.8066666666666666,2.8,0.8618916073713346,2.70805020110221,1.263157894736842,1.4599723539767517,0.1,0.08,0.01,0.09,4.185185185185185,0.0,0,0.45999999999999996,0.5476190476190477,0.5170803941736727,0.883517146776406
atn_50_10,ATN,10,12,0.12,2.0,0.5,0.3,0.2,2,0.2,0.2,1.4,1.2,1.405456737852613,0.9460770203292445,1.6800000000000002,1.9,0.7378647873726218,2.302585092994046,1.0,1.3721210039142744,0.01,0.07,0.0,0.07,2.2967032967032965,0.0,0,0.4033333333333333,0.6944444444444445,0.44305337860837524,0.5894320987654321
adbm_50_10,ADBM,10,13,0.13,2.0,0.5,0.2,0.3,3,0.1,0.2,1.6,1.3,1.5826973704626632,0.7297563831157798,2.0458333333333334,2.5555555555555554,1.509230856356236,2.1972245773362196,1.1875,1.4595127662315597,0.04,0.06,0.0,0.15,2.809523809523809,0.0,0,0.4809523809523809,0.6190476190476192,1.1112045900848506,1.4446180555555554
niche_50_10,Niche,10,8,0.08,3.0,0.4,0.6,0.0,3,0.2,0.2,0.6666666666666666,0.8,0.9860132971832694,1.4191155304938667,2.1,2.2,0.8366600265340756,1.6094379124341003,1.4166666666666667,1.5811388300841895,0.03,0.02,0.03,0.0,2.076923076923077,0.0,0,0.24166666666666664,0.6666666666666666,0.3535533905932738,1.2666666666666666
cascade_50_10,Cascade,10,22,0.22,2.0,0.3,0.2,0.5,2,0.1,0.5,1.1428571428571428,2.2,1.0453447461006267,0.8517254134881936,2.1669047619047617,2.923076923076923,1.197433152140926,3.258096538021482,1.2413793103448276,0.9141274623635368,0.1,0.17,0.12,0.2,2.12035661218425,0.0,1,0.45924603174603174,0.6128571428571428,0.7145327855518808,0.7234069664902999
random_50_10,Random,10,19,0.19,2.0,0.1,0.1,0.8,6,0.0,0.6,1.0,1.9,0.6301152630199289,0.5233836452693439,7.032539682539682,4.5,1.2909944487358056,1.3862943611198906,1.3793103448275863,0.9216789850220138,0.17,0.03,0.04,0.04,2.045685279187817,0.8,3,0.33547619047619043,0.4074074074074074,1.9085349709233947,5.44505263010554
maxent_50_10,MaxEnt,10,8,0.08,2.0,0.5,0.5,0.0,3,0.1,0.2,1.0,0.8,1.2909944487358056,1.1486707293408518,3.066666666666667,2.25,1.5,1.3862943611198906,1.1111111111111112,1.687371394276382,0.02,0.01,0.02,0.03,2.1578947368421053,0.3,0,0.2033333333333333,0.39999999999999997,2.19848432637882,6.34074074074074
ltm_51_10,LTM,10,22,0.22,2.0,0.4,0.1,0.5,3,0.0,0.5,1.5,2.2,0.9772433634301273,0.46945252681302024,2.2823076923076924,4.296296296296297,1.4627375498021304,3.295836866004329,1.3529411764705883,1.0540925533894596,0.14,0.06,0.06,0.15,3.140526976160602,0.5,0,0.6408730158730159,0.4171428571428571,1.0306048298078356,1.351848126232741
atn_51_10,ATN,10,10,0.1,2.0,0.5,0.3,0.2,3,0.2,0.3,1.4,1.0,1.1547005383792515,0.816496580927726,1.8,2.8,0.9189365834726815,2.302585092994046,1.1666666666666667,1.4907119849998598,0.08,0.03,0.0,0.03,3.0,0.0,0,0.44000000000000006,0.6333333333333334,0.4149966532662911,0.9246913580246916
adbm_51_10,ADBM,10,23,0.23,3.0,0.4,0.2,0.4,2,0.2,0.4,1.3333333333333333,2.3,1.1959815093204498,0.6813135810749658,1.9342857142857142,3.0,1.0540925533894598,3.332204510175204,1.1481481481481481,1.0288834405390637,0.08,0.25,0.01,0.24,2.877519618402831,0.0,0,0.6425,0.6666666666666665,0.6412332837771308,0.7596210632401108
niche_51_10,Niche,10,15,0.15,2.0,0.4,0.3,0.3,2,0.2,0.4,1.1666666666666667,1.5,1.1439589045541112,0.90267093384844,1.903333333333333,2.230769230769231,0.9268086959962983,2.5649493574615367,1.1176470588235294,1.0886621079036347,0.09,0.04,0.08,0.13,2.148425787106447,0.0,0,0.5283333333333333,0.35416666666666663,0.6158402871356008,0.6996172839506172
cascade_51_10,Cascade,10,20,0.2,3.0,0.3,0.2,0.5,2,0.2,0.4,1.1428571428571428,2.0,1.1055415967851334,0.7817359599705717,2.045,2.6875,1.0781929326423914,2.772588722239781,1.0476190476190477,0.8498365855987975,0.08,0.12,0.09,0.2,1.4539877300613497,0.0,1,0.3816666666666667,0.6126984126984127,0.5807457490158667,0.623548611111111
random_51_10,Random,10,18,0.18,1.0,0.1,0.2,0.7,6,0.0,0.4,0.8888888888888888,1.8,0.6307180135528297,0.7314228762270926,4.511685084511197e16,NaN,NaN,0.0,1.6,0.9868824144054983,0.1,0.02,0.06,0.04,2.0216055360884644,0.8,2,0.28293650793650793,0.42962962962962964,7.838650677536565,2.5130002841729395e32
maxent_51_10,MaxEnt,10,13,0.13,2.0,0.1,0.5,0.4,3,0.1,0.3,0.5555555555555556,1.3,0.6332866171912035,1.4527400486374662,0.32786069651741334,1.0,0.0,0.6931471805599453,1.1333333333333333,1.5889162445979144,0.01,0.0,0.07,0.02,0.5306122448979591,0.3,1,0.35277777777777775,0.49523809523809526,0.7119056244987813,0.8211386406827117
ltm_52_10,LTM,10,30,0.3,2.0,0.2,0.1,0.7,1,0.3,0.5,1.125,3.0,0.9162456945817024,0.7698003589195009,2.4266666666666663,1.0,0.0,0.0,1.0,0.9162456945817024,0.0,0.38,0.01,0.05,1.5089605734767026,0.4,0,0.5958333333333334,0.9642857142857143,0.7393691004272944,0.9246419753086419
atn_52_10,ATN,10,16,0.16,3.0,0.5,0.4,0.1,2,0.3,0.2,1.2,1.6,1.1102427162061856,0.9409658158863513,1.65,1.8888888888888888,0.3233808333817773,2.8903717578961645,1.2,1.1334558757279534,0.12,0.04,0.11,0.15,2.5294117647058827,0.0,0,0.72,0.21666666666666667,0.30618621784789724,0.5444444444444443
adbm_52_10,ADBM,10,31,0.31,2.0,0.2,0.3,0.5,1,0.3,0.5,0.875,3.1,0.9053993305385325,0.8794883891044529,2.312142857142857,2.9166666666666665,0.8208281581721151,3.871201010907891,1.0,0.7418575617488319,0.0,0.51,0.15,0.17,1.5408348457350272,0.0,0,0.8222222222222222,0.8312169312169312,0.5624583957988432,0.7163497732426299
niche_52_10,Niche,10,12,0.12,2.0,0.5,0.3,0.2,3,0.1,0.2,1.4,1.2,1.6101529717988263,0.8606629658238704,2.033333333333333,2.8,1.3165611772087666,2.302585092994046,1.3529411764705883,1.7213259316477412,0.06,0.06,0.0,0.12,3.0540540540540544,0.0,0,0.3583333333333333,0.7222222222222223,0.8819171036881968,1.4185185185185185
cascade_52_10,Cascade,10,26,0.26,2.0,0.1,0.1,0.8,3,0.2,0.4,1.0,2.6,0.979742214079118,0.6332866171912035,3.071875,3.730769230769231,1.3728129459672882,3.258096538021482,1.2941176470588236,0.6228183487944162,0.13,0.25,0.08,0.25,1.45398773006135,0.0,1,0.5682539682539682,0.5702380952380952,0.9616629727076544,1.1410351562499998
random_52_10,Random,10,23,0.23,3.0,0.1,0.0,0.9,6,0.0,0.7,1.1111111111111112,2.3,0.5815189173257647,0.29345589465676214,8.935555555555554,NaN,NaN,0.0,1.574468085106383,0.7158892194335345,0.15,0.03,0.06,0.09,2.4369885433715224,0.9,6,0.3146103896103896,0.38142857142857145,2.9156256619354903,8.997812894375857
maxent_52_10,MaxEnt,10,27,0.27,1.0,0.0,0.1,0.9,4,0.0,0.1,0.9,2.7,0.4953679666108365,0.6307180135528296,-4.64481232427471e17,NaN,NaN,0.0,1.4,0.7240927554871693,0.29,0.18,0.12,0.07,1.679115080170489,0.9,7,0.36590909090909096,0.6604761904761904,32.236969805213114,15473.777777777777
ltm_53_10,LTM,10,12,0.12,3.0,0.3,0.4,0.3,3,0.3,0.4,0.8571428571428571,1.2,0.8606629658238704,1.511274500970605,2.1,2.2857142857142856,1.3801311186847085,1.9459101490553132,1.2941176470588236,1.5315609724544692,0.05,0.02,0.14,0.04,1.3430962343096233,0.3,0,0.5111111111111112,0.41111111111111115,0.816496580927726,0.7666666666666665
atn_53_10,ATN,10,10,0.1,2.0,0.2,0.3,0.5,5,0.1,0.1,0.875,1.0,0.816496580927726,0.9428090415820634,3.8333333333333335,5.333333333333333,0.5,2.1972245773362196,1.1666666666666667,1.1547005383792515,0.08,0.01,0.03,0.02,0.6666666666666666,0.0,0,0.47000000000000003,0.36111111111111116,0.25819888974716115,4.796296296296297
adbm_53_10,ADBM,10,26,0.26,2.0,0.2,0.3,0.5,2,0.2,0.5,0.875,2.6,0.9628196592573635,0.8542733973824451,2.7,3.1,1.1551981469084383,3.4011973816621555,1.037037037037037,0.6735346429007023,0.06,0.25,0.18,0.24,1.330097087378641,0.0,0,0.6967857142857143,0.5571428571428572,0.8535997180367848,1.2189300411522632
niche_53_10,Niche,10,3,0.03,2.0,0.8,0.7,-0.5,2,0.1,0.1,1.5,0.3,2.249828525701843,1.6101529717988265,1.25,1.5,0.7071067811865476,0.6931471805599453,1.0,2.8109134757052257,0.01,0.0,0.0,0.01,5.666666666666666,0.0,0,0.1,0.0,0.408248290463863,0.2916666666666667
cascade_53_10,Cascade,10,10,0.1,3.0,0.3,0.4,0.3,3,0.3,0.2,0.8571428571428571,1.0,0.816496580927726,1.0540925533894598,2.025,1.8571428571428572,0.6900655593423543,1.9459101490553132,1.2857142857142858,0.9428090415820635,0.06,0.0,0.05,0.03,1.3529411764705883,0.0,0,0.38333333333333336,0.0,0.4031128874149275,0.645138888888889
random_53_10,Random,10,6,0.06,2.0,0.6,0.5,-0.1,2,0.3,0.0,1.25,0.6,1.405456737852613,1.165343164633502,1.5,1.4,0.5477225575051661,1.6094379124341003,1.25,1.5315609724544692,0.02,0.0,0.01,0.02,3.5454545454545454,0.0,0,0.2,0.0,0.0,0.5
maxent_53_10,MaxEnt,10,4,0.04,1.0,0.6,0.6,-0.2,3,0.2,0.0,1.0,0.4,1.2909944487358056,1.2909944487358054,1.7,2.0,1.4142135623730951,0.6931471805599453,1.0,1.9720265943665387,0.02,0.0,0.0,0.0,1.5,0.0,0,0.0,0.0,0.0,1.1222222222222222
ltm_54_10,LTM,10,10,0.1,3.0,0.5,0.4,0.1,3,0.2,0.3,1.2,1.0,1.3333333333333333,1.0540925533894598,1.675,1.7142857142857142,0.7559289460184545,1.9459101490553132,1.0909090909090908,1.3333333333333333,0.04,0.01,0.04,0.07,2.1578947368421053,0.0,0,0.3383333333333333,0.23809523809523808,0.51234753829798,0.5562499999999999
atn_54_10,ATN,10,4,0.04,2.0,0.7,0.6,-0.3,3,0.1,0.0,1.3333333333333333,0.4,1.7480147469502527,1.2909944487358054,1.6,3.0,0.0,0.6931471805599453,1.2,2.581988897471611,0.03,0.0,0.0,0.01,4.454545454545454,0.0,0,0.2,0.0,0.0,1.155555555555555
adbm_54_10,ADBM,10,10,0.1,3.0,0.6,0.5,-0.1,2,0.1,0.3,1.25,1.0,1.4907119849998598,1.247219128924647,1.6416666666666664,2.5,0.9258200997725514,2.0794415416798357,1.2307692307692308,1.9436506316151,0.03,0.07,0.0,0.03,5.185567010309279,0.0,0,0.33,0.8,0.5986094998689323,0.7593364197530863
niche_54_10,Niche,10,10,0.1,2.0,0.6,0.4,0.0,2,0.2,0.2,1.5,1.0,1.632993161855452,0.9428090415820634,1.47,1.4,0.5163977794943223,2.302585092994046,1.1666666666666667,1.4907119849998598,0.02,0.02,0.02,0.1,4.357142857142857,0.0,0,0.43,0.4222222222222223,0.36055512754639896,0.38677777777777766
cascade_54_10,Cascade,10,24,0.24,2.0,0.3,0.2,0.5,3,0.1,0.6,1.1428571428571428,2.4,0.9254628471643156,0.5957669608202005,2.2525132275132274,3.452830188679245,1.2336006980170047,3.970291913552122,1.2,0.5485671571703195,0.16,0.18,0.08,0.21,3.4397463002114166,0.0,6,0.4416666666666666,0.5961904761904762,0.7513057380433722,0.9380879996412526
random_54_10,Random,10,21,0.21,2.0,0.2,0.1,0.7,5,0.0,0.6,1.125,2.1,0.7256590127404737,0.7256590127404736,0.38218550345196906,1.0,0.0,0.0,1.3548387096774193,0.771108431840706,0.09,0.04,0.07,0.12,1.9085872576177287,0.7,5,0.33150793650793653,0.42666666666666664,1.1045012855816556,1.3519311397279745
maxent_54_10,MaxEnt,10,10,0.1,3.0,0.5,0.3,0.2,3,0.2,0.2,1.4,1.0,1.247219128924647,0.816496580927726,1.9333333333333331,1.4,0.5477225575051661,1.6094379124341003,1.1666666666666667,1.3333333333333333,0.02,0.02,0.01,0.03,2.4482758620689653,0.2,1,0.225,0.6,0.8465616732800194,1.5074074074074069
ltm_55_10,LTM,10,1,0.01,2.0,0.9,0.9,-0.8,1,0.1,0.0,1.0,0.1,3.162277660168379,3.162277660168379,1.1,1.0,0.0,0.0,1.0,4.2163702135578385,0.0,0.0,0.0,0.0,9.0,0.0,0,0.0,0.0,0.0,0.09999999999999999
atn_55_10,ATN,10,16,0.16,4.0,0.3,0.4,0.3,3,0.1,0.4,0.8571428571428571,1.6,0.9409658158863512,1.1102427162061856,2.688888888888889,3.4615384615384617,0.5188745216627708,2.5649493574615367,1.391304347826087,1.3110110602126894,0.11,0.1,0.09,0.05,3.1049030786773084,0.0,0,0.5349999999999999,0.5714285714285714,0.36004114991154773,1.79917695473251
adbm_55_10,ADBM,10,32,0.32,2.0,0.3,0.3,0.4,1,0.1,0.6,1.0,3.2,0.8175590362645243,0.9176131477310517,2.1502380952380955,3.1,1.0012650226436657,4.382026634673881,1.0,0.7395099728874519,0.0,0.58,0.16,0.08,1.788844621513944,0.0,0,0.7761904761904761,0.8846560846560847,0.6425511838052463,0.7220287855883093
niche_55_10,Niche,10,20,0.2,2.0,0.4,0.5,0.1,2,0.2,0.4,0.8333333333333334,2.0,1.0,1.1055415967851334,1.7066666666666666,1.3636363636363635,0.4923659639173309,3.091042453358316,1.0,0.6666666666666666,0.02,0.06,0.26,0.22,1.4193548387096773,0.0,0,0.8433333333333334,0.2066666666666667,0.38297084310253526,0.38241975308641973
cascade_55_10,Cascade,10,17,0.17,3.0,0.2,0.1,0.7,3,0.2,0.3,1.125,1.7,1.0017286097603766,0.7362738570791603,2.533333333333333,3.4,0.8432740427115679,2.302585092994046,1.2916666666666667,0.8856148855400954,0.12,0.07,0.06,0.12,1.7848101265822782,0.0,1,0.4076190476190476,0.4407407407407407,0.539183599758344,1.0380246913580247
random_55_10,Random,10,20,0.2,1.0,0.0,0.1,0.9,4,0.0,0.6,0.9,2.0,0.5270462766947299,0.6666666666666666,1.1102230246251565e-16,NaN,NaN,0.0,1.3103448275862069,0.7071067811865476,0.14,0.04,0.11,0.07,1.093718843469591,0.9,5,0.26210317460317456,0.5,1.041951577712138,1.4501065601587182
maxent_55_10,MaxEnt,10,12,0.12,2.0,0.4,0.4,0.2,4,0.1,0.4,1.0,1.2,1.0243938285880987,1.0243938285880987,2.7458333333333327,2.0,1.224744871391589,1.6094379124341003,1.1428571428571428,1.5315609724544692,0.06,0.04,0.04,0.04,2.045685279187817,0.4,2,0.20714285714285713,0.7619047619047619,1.4740227459423938,3.1822723765432084
ltm_56_10,LTM,10,25,0.25,3.0,0.1,0.0,0.9,4,0.1,0.8,1.1111111111111112,2.5,0.6599663291074443,0.6599663291074443,3.530136986301369,NaN,NaN,0.0,1.896551724137931,0.7302967433402215,0.14,0.08,0.14,0.11,3.2027219054527296,0.8,1,0.5406349206349207,0.47523809523809524,1.1666239526087765,1.5490914493025578
atn_56_10,ATN,10,8,0.08,2.0,0.5,0.5,0.0,2,0.2,0.2,1.0,0.8,1.2909944487358056,1.1486707293408518,1.7833333333333337,2.125,0.6408699444616557,2.0794415416798357,1.3846153846153846,1.8819316317727026,0.06,0.02,0.01,0.02,2.7837837837837838,0.0,0,0.26666666666666666,0.7166666666666667,0.3004626062886658,0.8645061728395065
adbm_56_10,ADBM,10,18,0.18,2.0,0.2,0.3,0.5,4,0.2,0.3,0.875,1.8,1.0075163339804032,0.899626503814157,3.0949999999999998,3.3846153846153846,1.7097008285302207,2.5649493574615367,1.2608695652173914,0.8364140585656457,0.06,0.1,0.09,0.12,1.4633431085043989,0.0,0,0.61,0.4037037037037037,1.2258783698955529,2.2374722222222223
niche_56_10,Niche,10,11,0.11,2.0,0.5,0.3,0.2,3,0.1,0.3,1.4,1.1,1.3173978860172215,0.9040262963743211,1.9083333333333337,2.125,1.1259916264596033,2.0794415416798357,1.4705882352941178,1.2712834523274563,0.05,0.02,0.03,0.08,4.47588005215124,0.0,0,0.31666666666666665,0.25,0.8211226608993472,1.0284722222222225
cascade_56_10,Cascade,10,4,0.04,2.0,0.7,0.7,-0.4,1,0.2,0.1,1.0,0.4,1.7480147469502527,1.7480147469502527,1.35,1.3333333333333333,0.5773502691896257,1.0986122886681098,1.0,2.2973414586817036,0.0,0.01,0.0,0.0,2.9999999999999996,0.0,0,0.1,1.0,0.3535533905932738,0.3361111111111111
random_56_10,Random,10,6,0.06,2.0,0.5,0.5,0.0,4,0.2,0.1,1.0,0.6,1.165343164633502,1.1653431646335017,1.95,2.0,1.7320508075688772,1.0986122886681098,1.1428571428571428,1.5315609724544692,0.03,0.0,0.01,0.01,1.6086956521739129,0.0,0,0.2,0.0,0.8660254037844386,1.3583333333333332
maxent_56_10,MaxEnt,10,6,0.06,2.0,0.7,0.6,-0.3,1,0.3,0.0,1.3333333333333333,0.6,1.7916128329552332,1.405456737852613,1.3,1.0,0.0,1.791759469228055,1.0,1.7213259316477407,0.0,0.0,0.02,0.04,4.454545454545453,0.0,0,0.29166666666666663,0.0,1.5700924586837752e-16,0.23333333333333328
ltm_57_10,LTM,10,28,0.28,3.0,0.1,0.0,0.9,4,0.0,0.9,1.1111111111111112,2.8,0.4390259265377567,0.4702004204317024,8.674264705882349,NaN,NaN,0.0,1.4444444444444444,0.4821061126503951,0.18,0.12,0.05,0.04,1.3432115782219158,0.9,2,0.5042857142857142,0.729047619047619,2.9400235791900995,9.750560481545547
atn_57_10,ATN,10,14,0.14,2.0,0.2,0.5,0.3,1,0.5,0.3,0.625,1.4,0.9035079029052513,1.2688488185213551,2.0041666666666664,1.6363636363636365,0.6741998624632421,2.3978952727983707,1.0,0.9988655696858586,0.0,0.07,0.1,0.03,0.6438356164383561,0.0,0,0.7,0.6095238095238095,0.41006677737261515,0.3844328703703703
adbm_57_10,ADBM,10,21,0.21,3.0,0.1,0.4,0.5,2,0.3,0.5,0.6666666666666666,2.1,0.8232573003104724,1.0396522472262104,2.916666666666667,3.272727272727273,1.0771133460194244,3.091042453358316,1.1923076923076923,0.9470751676302411,0.06,0.21,0.12,0.04,1.2459893048128343,0.0,0,0.7649999999999999,0.7005952380952382,0.5467557031634868,1.205246913580247
niche_57_10,Niche,10,11,0.11,2.0,0.2,0.4,0.4,3,0.1,0.3,0.75,1.1,0.6707861703387471,1.0004590314678288,2.725,2.7777777777777777,0.9718253158075502,2.1972245773362196,1.1538461538461537,1.0320840221773577,0.08,0.02,0.04,0.01,0.7543859649122808,0.0,0,0.38,0.3055555555555555,0.6123724356957945,1.3118055555555557
cascade_57_10,Cascade,10,5,0.05,2.0,0.6,0.7,-0.3,1,0.4,0.0,0.75,0.5,1.4142135623730951,1.699673171197595,1.4,1.0,0.0,1.6094379124341003,1.0,1.632993161855452,0.0,0.0,0.02,0.01,1.8571428571428568,0.0,0,0.21666666666666665,0.0,0.0,0.2666666666666667
random_57_10,Random,10,11,0.11,2.0,0.2,0.4,0.4,4,0.0,0.3,0.75,1.1,0.6707861703387471,1.0883809088526044,0.33296703296703284,1.0,0.0,0.6931471805599453,1.411764705882353,1.2712834523274563,0.04,0.0,0.05,0.02,1.8301886792452828,0.4,0,0.41666666666666663,0.1904761904761905,0.822989489173295,0.8168109058218945
maxent_57_10,MaxEnt,10,10,0.1,2.0,0.3,0.6,0.1,2,0.0,0.3,0.5714285714285714,1.0,0.816496580927726,1.699673171197595,0.3539999999999989,1.0,0.0,0.0,1.2857142857142858,1.8856180831641267,0.01,0.01,0.06,0.01,1.7272727272727273,0.2,1,0.2869047619047619,0.43999999999999995,0.6475183395086183,0.537426666666665
ltm_58_10,LTM,10,7,0.07,3.0,0.5,0.5,0.0,2,0.2,0.1,1.0,0.7,1.355261854357877,1.1761037176408067,1.8,2.0,0.816496580927726,1.3862943611198906,1.3636363636363635,1.6768397011103817,0.04,0.0,0.02,0.03,2.559322033898305,0.0,0,0.225,0.0,0.5345224838248488,0.8444444444444446
atn_58_10,ATN,10,14,0.14,2.0,0.4,0.1,0.5,4,0.1,0.5,1.5,1.4,0.9035079029052513,0.49943278484292936,2.0791666666666666,4.3076923076923075,1.4935759876113537,2.5649493574615367,1.2222222222222223,0.8780518530755131,0.12,0.05,0.0,0.05,1.2784810126582278,0.0,0,0.4616666666666666,0.6740740740740742,0.738167239191684,1.0032600308641972
adbm_58_10,ADBM,10,14,0.14,2.0,0.4,0.2,0.4,4,0.1,0.3,1.3333333333333333,1.4,1.2688488185213551,0.7678340712665287,2.3449999999999998,3.1,1.7919573407620817,2.302585092994046,1.1764705882352942,1.2046772038736684,0.05,0.08,0.0,0.09,1.8093645484949836,0.0,0,0.39999999999999997,0.5666666666666667,1.2152307247126837,1.6034444444444444
niche_58_10,Niche,10,8,0.08,2.0,0.5,0.5,0.0,3,0.1,0.3,1.0,0.8,1.1486707293408518,1.1486707293408518,1.95,2.6666666666666665,1.3662601021279464,1.791759469228055,1.2,1.4672347384715838,0.04,0.01,0.02,0.02,2.7037037037037033,0.0,0,0.425,0.3333333333333333,0.9185586535436918,1.1777777777777778
cascade_58_10,Cascade,10,4,0.04,1.0,0.6,0.6,-0.2,3,0.2,0.0,1.0,0.4,1.2909944487358056,1.2909944487358054,1.7,2.0,1.4142135623730951,0.6931471805599453,1.0,1.9720265943665387,0.02,0.0,0.0,0.0,1.5,0.0,0,0.0,0.0,0.0,1.1222222222222222
random_58_10,Random,10,9,0.09,1.0,0.3,0.3,0.4,3,0.3,0.2,1.0,0.9,0.8198497637473576,0.9728833730787924,2.3,2.0,1.4142135623730951,0.6931471805599453,1.1818181818181819,1.1475506210984938,0.03,0.0,0.03,0.0,0.9672131147540983,0.2,0,0.24166666666666664,0.0,0.7027283689263064,1.2950617283950616
maxent_58_10,MaxEnt,10,10,0.1,3.0,0.5,0.3,0.2,3,0.1,0.3,1.4,1.0,1.1547005383792515,0.9428090415820634,1.8333333333333335,2.25,0.7071067811865476,2.0794415416798357,1.2857142857142858,1.414213562373095,0.08,0.01,0.03,0.05,3.666666666666667,0.0,1,0.22999999999999998,0.13333333333333333,0.4654746681256314,0.9074074074074076
ltm_59_10,LTM,0,,,,,,,,,,,,,,,,,,,,,,,,,,,,,,
atn_59_10,ATN,10,4,0.04,2.0,0.8,0.6,-0.4,1,0.2,0.0,2.0,0.4,2.41522945769824,1.2909944487358056,1.2,1.0,0.0,1.3862943611198906,1.0,2.2973414586817036,0.0,0.0,0.0,0.03,6.5,0.0,0,0.3,0.0,1.9229626863835638e-16,0.17777777777777778
adbm_59_10,ADBM,10,16,0.16,2.0,0.4,0.3,0.3,3,0.1,0.3,1.1666666666666667,1.6,1.3565683830083088,0.8436856971381912,2.478333333333333,2.923076923076923,1.5525000516123695,2.5649493574615367,1.0588235294117647,1.20761472884912,0.05,0.08,0.05,0.18,2.125,0.0,0,0.5616666666666666,0.3958333333333333,1.186073704848621,2.0398796296296298
niche_59_10,Niche,10,9,0.09,3.0,0.5,0.4,0.1,2,0.4,0.1,1.2,0.9,1.4296488196754653,1.1049210289019482,1.575,1.6666666666666667,0.5163977794943222,1.791759469228055,1.1818181818181819,1.4628457524541851,0.04,0.0,0.04,0.07,1.7586206896551726,0.0,0,0.35,0.0,0.28867513459481287,0.4173611111111111
cascade_59_10,Cascade,10,14,0.14,3.0,0.3,0.4,0.3,3,0.3,0.4,0.8571428571428571,1.4,0.9642122253007899,1.075389503870116,2.0145833333333334,2.2,1.0327955589886446,2.302585092994046,1.125,1.0540925533894598,0.06,0.05,0.08,0.06,1.3529411764705883,0.0,0,0.37,0.5083333333333333,0.44215213660544705,0.6878906250000001
random_59_10,Random,10,15,0.15,2.0,0.3,0.2,0.5,3,0.2,0.4,1.1428571428571428,1.5,1.0061539042374907,0.90267093384844,2.408823529411765,3.142857142857143,0.8997354108424372,1.9459101490553132,1.25,1.1331154474650633,0.07,0.04,0.08,0.1,2.3227848101265822,0.4,1,0.40523809523809523,0.44814814814814813,0.9199192582793189,1.348798539023453
maxent_59_10,MaxEnt,10,10,0.1,2.0,0.4,0.6,0.0,2,0.5,0.1,0.6666666666666666,1.0,0.9428090415820634,1.699673171197595,1.65,1.2222222222222223,0.4409585518440984,2.1972245773362196,1.0909090909090908,1.4142135623730951,0.01,0.01,0.12,0.03,1.6666666666666665,0.0,1,0.42000000000000004,0.2388888888888889,0.22360679774997896,0.3361111111111111
ltm_60_10,LTM,10,22,0.22,3.0,0.2,0.1,0.7,4,0.1,0.6,1.125,2.2,0.7360580485752192,0.6707861703387471,3.337373737373737,4.444444444444445,1.3616050286218297,3.58351893845611,1.3333333333333333,0.8886592908251623,0.13,0.06,0.09,0.09,1.8975718482996182,0.6,0,0.5152777777777777,0.45,1.41034516029486,2.0845537303449753
atn_60_10,ATN,10,10,0.1,2.0,0.3,0.1,0.6,6,0.1,0.1,1.2857142857142858,1.0,1.1547005383792515,0.4714045207910317,3.35,6.0,0.0,1.0986122886681098,1.3571428571428572,1.1547005383792515,0.08,0.01,0.0,0.05,1.4489795918367347,0.0,0,0.31666666666666665,0.3,0.27386127875258304,5.294444444444444
adbm_60_10,ADBM,10,15,0.15,4.0,0.2,0.3,0.5,4,0.2,0.3,0.875,1.5,1.0061539042374907,0.90267093384844,3.5,4.555555555555555,1.6666666666666667,2.1972245773362196,1.3,1.1331154474650633,0.06,0.11,0.01,0.03,1.2388059701492535,0.0,0,0.39666666666666667,0.5916666666666667,0.6858355272004872,3.765432098765432
niche_60_10,Niche,10,33,0.33,3.0,0.1,0.1,0.8,2,0.2,0.6,1.0,3.3,0.7830726239722953,0.7565649822656164,2.719642857142857,3.5416666666666665,0.8494887907875882,3.871201010907891,1.0833333333333333,0.478067053179767,0.15,0.47,0.19,0.21,1.670623145400593,0.0,0,0.8088888888888889,0.7526190476190476,0.4779279270089826,0.7203151245065929
cascade_60_10,Cascade,10,31,0.31,2.0,0.1,0.1,0.8,3,0.1,0.8,1.0,3.1,0.6167582967612898,0.866242325209584,2.8642777777777777,4.209302325581396,1.2451456127293807,3.7612001156935624,1.1842105263157894,0.4246971539383118,0.19,0.36,0.29,0.13,2.5082390462449693,0.0,3,0.6095238095238096,0.6633333333333333,0.7791692431156738,0.7016028188347815
random_60_10,Random,10,28,0.28,1.0,0.0,0.0,1.0,3,0.0,0.1,1.0,2.8,0.40546158014110484,0.3688555567816588,-2.7772920591303827e17,NaN,NaN,0.0,1.5932203389830508,0.5376947519350578,0.27,0.12,0.09,0.1,2.9389202837561617,1.0,10,0.30999999999999994,0.5497619047619048,10.412904082366813,113.77777777777777
maxent_60_10,MaxEnt,10,10,0.1,2.0,0.5,0.5,0.0,2,0.3,0.1,1.0,1.0,1.247219128924647,1.247219128924647,1.6333333333333333,1.5454545454545454,0.5222329678670935,2.3978952727983707,1.0,1.4907119849998598,0.04,0.02,0.05,0.05,2.1578947368421053,0.0,1,0.325,0.30666666666666664,0.2581988897471611,0.5296296296296296
ltm_61_10,LTM,10,13,0.13,1.0,0.3,0.4,0.3,3,0.0,0.6,0.8571428571428571,1.3,0.7297563831157798,1.2587628419111363,0.355714285714286,1.0,0.0,0.0,1.380952380952381,1.6297690853405848,0.03,0.01,0.05,0.02,1.459016393442623,0.4,0,0.35178571428571426,0.35238095238095235,0.8123651922943841,0.578795918367347
atn_61_10,ATN,10,12,0.12,4.0,0.4,0.2,0.4,3,0.2,0.2,1.3333333333333333,1.2,1.1653431646335015,0.6573421981221796,2.091666666666667,2.909090909090909,1.1361818036340359,2.3978952727983707,1.6363636363636365,1.1249142628509214,0.08,0.03,0.01,0.07,3.8210372534696857,0.0,0,0.5866666666666667,0.4444444444444444,0.7120003121097943,1.133410493827161
adbm_61_10,ADBM,10,31,0.31,3.0,0.2,0.1,0.7,2,0.2,0.6,1.125,3.1,0.9053993305385326,0.7820686686437928,2.3857142857142857,3.25,0.9268086959962983,3.6888794541139363,1.1388888888888888,0.6415670490398407,0.05,0.47,0.12,0.21,2.1141868512110724,0.0,0,0.7430555555555556,0.7788359788359789,0.5886307629704782,0.7554705215419498
niche_61_10,Niche,10,15,0.15,3.0,0.2,0.2,0.6,2,0.5,0.3,1.0,1.5,1.0061539042374907,0.9558139185602919,2.0100000000000002,2.0,0.7071067811865476,2.1972245773362196,1.1666666666666667,0.7698003589195009,0.05,0.04,0.09,0.1,0.6879795396419437,0.0,0,0.5233333333333333,0.4533333333333333,0.4154426465742203,0.39606172839506176
cascade_61_10,Cascade,10,16,0.16,3.0,0.4,0.2,0.4,2,0.3,0.3,1.3333333333333333,1.6,1.1486707293408518,0.7905694150420948,1.773333333333333,2.0833333333333335,1.0836246694508316,2.4849066497880004,1.2,0.8228507357554791,0.08,0.03,0.09,0.17,2.288490284005979,0.0,1,0.4166666666666667,0.2066666666666667,0.5257270098529168,0.5125432098765431
random_61_10,Random,10,13,0.13,1.0,0.3,0.2,0.5,6,0.0,0.4,1.1428571428571428,1.3,0.8919244682526197,0.7297563831157798,11.066666666666666,NaN,NaN,0.0,1.4545454545454546,1.4137485899579714,0.07,0.0,0.02,0.03,3.061895551257254,0.7,1,0.2671428571428571,0.21428571428571425,3.8050798255269864,52.80987654320989
maxent_61_10,MaxEnt,10,8,0.08,2.0,0.5,0.5,0.0,3,0.0,0.3,1.0,0.8,1.1486707293408518,1.1486707293408518,2.9333333333333336,4.0,1.4142135623730951,1.3862943611198906,1.4615384615384615,1.8819316317727026,0.07,0.02,0.01,0.01,2.906976744186047,0.4,1,0.12,0.5000000000000001,1.4719601443879746,4.562962962962964
ltm_62_10,LTM,10,19,0.19,2.0,0.3,0.2,0.5,3,0.1,0.6,1.1428571428571428,1.9,0.8020441719763131,0.677202072477852,2.466358024691358,4.4324324324324325,1.1435942496391838,3.6109179126442243,1.3461538461538463,0.9216789850220138,0.16,0.16,0.0,0.03,2.8077969174977335,0.0,0,0.4704761904761904,0.7629629629629631,0.8251948996363639,1.3490267616725093
atn_62_10,ATN,10,13,0.13,1.0,0.2,0.2,0.6,5,0.2,0.5,1.0,1.3,0.6332866171912035,0.7297563831157798,2.85,4.0,1.1094003924504583,2.6390573296152584,1.3333333333333333,0.9029136852132825,0.13,0.03,0.03,0.02,1.1686746987951808,0.0,0,0.4666666666666667,0.34814814814814815,0.5325916316971626,1.7631944444444445
adbm_62_10,ADBM,10,24,0.24,2.0,0.2,0.2,0.6,3,0.2,0.5,1.0,2.4,0.9460770203292445,0.8606629658238704,2.422222222222222,3.0,0.9847319278346619,3.5263605246161616,1.04,0.8286907716764611,0.03,0.3,0.06,0.1,1.2857142857142856,0.0,0,0.5857142857142856,0.6666666666666666,0.6413749938343788,0.8078789437585733
niche_62_10,Niche,10,29,0.29,2.0,0.3,0.2,0.5,2,0.2,0.5,1.1428571428571428,2.9,0.967840663679121,0.6982226459074686,2.082638888888889,2.6923076923076925,0.8293267181454269,3.9512437185814275,1.064516129032258,0.6038586453592505,0.1,0.34,0.12,0.29,2.9867109634551494,0.0,0,0.7161904761904762,0.6330952380952382,0.5704306477412511,0.6898196373456789
cascade_62_10,Cascade,10,33,0.33,3.0,0.1,0.2,0.7,2,0.1,0.8,0.8888888888888888,3.3,0.6396420282419217,0.9040262963743211,2.802202380952381,3.3793103448275863,1.0567674345703033,4.060443010546419,1.0571428571428572,0.40905973194578965,0.11,0.46,0.32,0.12,2.231597845601436,0.0,1,0.6786724386724386,0.7421428571428572,0.6460631835084996,0.6561800083459309
random_62_10,Random,10,30,0.3,1.0,0.0,0.0,1.0,4,0.0,0.7,1.0,3.0,0.415739709641549,0.47140452079103173,5.56430152553767e16,NaN,NaN,0.0,1.6666666666666667,0.5443310539518174,0.31,0.24,0.1,0.07,2.105478192452437,1.0,9,0.4012987012987013,0.6623809523809524,5.60357029044876,42.666666666666664
maxent_62_10,MaxEnt,10,11,0.11,2.0,0.4,0.4,0.2,2,0.2,0.2,1.0,1.1,1.1697126706435625,1.0883809088526044,1.975,2.875,0.8345229603962802,2.0794415416798357,1.3125,1.5332255322028503,0.06,0.05,0.02,0.03,2.7113402061855667,0.0,0,0.2333333333333333,0.5666666666666667,0.44594129250792236,0.9194444444444445
ltm_63_10,LTM,10,29,0.29,1.0,0.2,0.1,0.7,2,0.0,0.8,1.125,2.9,0.5500453385749609,0.4725242480711373,3.166007053291536,5.004524886877828,0.9839518537581967,5.3981627015177525,1.1714285714285715,0.5583888644363733,0.28,0.17,0.03,0.04,0.5228426395939085,0.5,3,0.4652777777777778,0.7771428571428572,0.9051990412119031,1.8395232102433097
atn_63_10,ATN,10,7,0.07,1.0,0.5,0.5,0.0,4,0.1,0.2,1.0,0.7,1.1761037176408067,1.1761037176408067,2.375,4.333333333333333,0.5773502691896258,1.0986122886681098,1.4545454545454546,1.9284244506015797,0.05,0.02,0.0,0.0,3.4444444444444446,0.0,0,0.145,0.5333333333333333,0.2988071523335984,2.8229166666666665
adbm_63_10,ADBM,10,16,0.16,3.0,0.4,0.4,0.2,2,0.1,0.4,1.0,1.6,1.1486707293408518,1.1486707293408518,2.4699999999999998,4.0,1.0327955589886444,2.772588722239781,1.1578947368421053,1.6083549221348985,0.05,0.2,0.0,0.0,2.5175879396984926,0.0,0,0.3904761904761904,0.9444444444444443,0.6274950199005567,1.995111111111111
niche_63_10,Niche,10,12,0.12,2.0,0.5,0.3,0.2,2,0.3,0.2,1.4,1.2,1.405456737852613,0.8606629658238704,1.5733333333333335,1.4,0.5163977794943223,2.302585092994046,1.0769230769230769,1.0540925533894596,0.03,0.01,0.05,0.13,2.4482758620689657,0.0,0,0.67,0.10952380952380951,0.3944053188733077,0.38340740740740736
cascade_63_10,Cascade,10,14,0.14,2.0,0.3,0.2,0.5,3,0.2,0.5,1.1428571428571428,1.4,0.8384198505551909,0.8384198505551909,2.1194444444444445,2.8,1.3165611772087666,2.302585092994046,1.2222222222222223,0.8109231602822096,0.07,0.06,0.03,0.03,1.7450980392156863,0.0,0,0.24333333333333332,0.6041666666666667,0.6874248395664141,0.7397633744855966
random_63_10,Random,10,16,0.16,2.0,0.2,0.2,0.6,5,0.1,0.6,1.0,1.6,0.733617369235792,0.7336173692357919,6.46388888888889,3.75,1.6690459207925603,2.0794415416798357,1.2,0.9223309842157773,0.11,0.02,0.05,0.07,1.2988505747126438,0.6,1,0.24500000000000002,0.2583333333333333,3.2903038669759725,15.206798696844999
maxent_63_10,MaxEnt,10,7,0.07,2.0,0.6,0.5,-0.1,1,0.3,0.1,1.25,0.7,1.5133570078162575,1.3552618543578767,1.4333333333333333,1.1666666666666667,0.408248290463863,1.791759469228055,1.0,1.5356681425330574,0.0,0.01,0.02,0.03,2.5294117647058827,0.0,0,0.225,0.41666666666666663,0.3086066999241838,0.32222222222222224
ltm_64_10,LTM,10,14,0.14,3.0,0.4,0.1,0.5,2,0.2,0.3,1.5,1.4,1.2688488185213551,0.6023386019368343,1.905263157894737,2.0,0.0,0.0,1.2222222222222223,1.2046772038736684,0.03,0.03,0.03,0.07,2.15035799522673,0.2,0,0.39857142857142863,0.4333333333333333,0.6270198860285591,0.7082486919052017
atn_64_10,ATN,10,13,0.13,3.0,0.3,0.1,0.6,3,0.3,0.4,1.2857142857142858,1.3,0.8919244682526197,0.8148845426702924,2.1333333333333333,3.4,0.966091783079296,2.302585092994046,1.1333333333333333,1.0383823964777736,0.12,0.02,0.05,0.06,1.2340425531914894,0.0,0,0.58,0.3458333333333333,0.5473756780799328,0.9706447187928668
adbm_64_10,ADBM,10,10,0.1,2.0,0.3,0.4,0.3,2,0.4,0.2,0.8571428571428571,1.0,0.9428090415820634,1.0540925533894598,1.9333333333333331,1.7142857142857142,0.7559289460184545,1.9459101490553132,1.0,0.9428090415820634,0.03,0.02,0.03,0.02,0.7142857142857143,0.0,0,0.4833333333333333,0.4444444444444444,0.408248290463863,0.5444444444444443
niche_64_10,Niche,10,6,0.06,2.0,0.6,0.6,-0.2,1,0.3,0.1,1.0,0.6,1.405456737852613,1.6101529717988263,1.45,1.2,0.4472135954999579,1.6094379124341003,1.0,1.7213259316477407,0.0,0.01,0.02,0.01,2.333333333333333,0.0,0,0.16666666666666666,0.5833333333333334,0.28867513459481287,0.3583333333333334
cascade_64_10,Cascade,10,11,0.11,2.0,0.5,0.4,0.1,2,0.3,0.2,1.2,1.1,1.4501195289703515,1.0883809088526044,1.5899999999999999,1.4444444444444444,0.5270462766947299,2.1972245773362196,1.0833333333333333,1.3415723406774942,0.01,0.03,0.04,0.09,2.389830508474576,0.0,0,0.35,0.3833333333333333,0.3931226965534483,0.4143333333333332
random_64_10,Random,10,9,0.09,2.0,0.4,0.2,0.4,3,0.2,0.3,1.3333333333333333,0.9,0.9728833730787924,0.6307180135528297,1.975,2.2,0.8366600265340756,1.6094379124341003,1.1,0.8764562641629061,0.06,0.0,0.01,0.03,1.3529411764705883,0.0,0,0.21666666666666665,0.0,0.5400617248673217,0.8673611111111111
maxent_64_10,MaxEnt,10,10,0.1,1.0,0.3,0.5,0.2,3,0.0,0.3,0.7142857142857143,1.0,0.816496580927726,1.4142135623730951,0.35799999999999993,1.0,0.0,0.0,1.2857142857142858,1.5634719199411433,0.05,0.01,0.08,0.02,1.4489795918367347,0.3,1,0.2458333333333333,0.36190476190476195,0.7007995433788466,0.59204
ltm_65_10,LTM,10,34,0.34,2.0,0.2,0.0,0.8,3,0.0,0.8,1.25,3.4,0.7231015260621871,0.4842780013815086,4.873290322580645,NaN,NaN,0.0,1.2272727272727273,0.8410827682167537,0.11,0.19,0.04,0.15,1.8043056005179667,0.8,1,0.5252561327561327,0.7952380952380952,1.7939218533944514,4.500491959764132
atn_65_10,ATN,10,12,0.12,3.0,0.2,0.2,0.6,4,0.3,0.3,1.0,1.2,0.7657804862272346,0.7657804862272345,2.716666666666667,3.888888888888889,1.1666666666666667,2.1972245773362196,1.3529411764705883,0.9781564923143893,0.11,0.02,0.03,0.03,0.8867924528301886,0.0,0,0.4342857142857143,0.22083333333333333,0.23570226039551584,1.987962962962963
adbm_65_10,ADBM,10,22,0.22,1.0,0.2,0.2,0.6,2,0.3,0.4,1.0,2.2,0.9772433634301271,0.7959954870644664,2.565,3.72,1.1372481406154653,3.2188758248682006,1.12,0.9865951876424064,0.09,0.26,0.01,0.08,1.1384928716904277,0.0,0,0.5190476190476191,0.7166666666666668,0.5780059766913392,1.2305833333333334
niche_65_10,Niche,10,37,0.37,2.0,0.1,0.1,0.8,2,0.2,0.6,1.0,3.7,0.7961640034337188,0.598268746518342,2.91795918367347,4.465116279069767,1.1322441186361034,4.859812404361672,1.1590909090909092,0.42638412851168406,0.16,0.71,0.01,0.18,2.0930940983496806,0.0,0,0.716984126984127,0.8880952380952382,0.7353952999641135,1.0416052223610532
cascade_65_10,Cascade,10,30,0.3,2.0,0.2,0.1,0.7,3,0.2,0.6,1.125,3.0,0.831479419283098,0.6849348892187752,2.3717777777777775,3.984848484848485,1.1434418251311291,4.189654742026425,1.1714285714285715,0.5211573066470477,0.18,0.36,0.13,0.22,2.6793692509855447,0.0,3,0.5284559884559885,0.6938095238095238,0.6688994844873988,0.7507576527968296
random_65_10,Random,10,27,0.27,1.0,0.0,0.0,1.0,4,0.0,0.3,1.0,2.7,0.5534941178138245,0.392351816841252,1.82930045123739e16,NaN,NaN,0.0,1.6415094339622642,0.6579216096036655,0.16,0.05,0.04,0.08,2.954372623574144,1.0,4,0.3230952380952381,0.5561904761904761,1.990719207463213,23.11111111111111
maxent_65_10,MaxEnt,10,21,0.21,2.0,0.2,0.3,0.5,4,0.1,0.6,0.875,2.1,0.7920619015793428,0.8232573003104723,10.616666666666667,3.9565217391304346,1.1069310921135729,3.1354942159291497,1.2222222222222223,1.3050669708631408,0.09,0.02,0.03,0.03,2.320158102766798,0.5,3,0.2813997113997114,0.7444444444444445,5.260382779240213,51.59270833333333
ltm_66_10,LTM,10,12,0.12,2.0,0.4,0.4,0.2,2,0.1,0.2,1.0,1.2,1.2909944487358058,1.0243938285880985,2.4,3.0,0.7844645405527362,2.6390573296152584,1.4545454545454546,1.9720265943665387,0.09,0.05,0.01,0.03,3.64679652663694,0.2,0,0.4855555555555555,0.7714285714285714,0.773923984208613,1.9402777777777775
atn_66_10,ATN,10,14,0.14,2.0,0.3,0.1,0.6,5,0.1,0.3,1.2857142857142858,1.4,1.0213147899774866,0.6023386019368343,2.625,3.3,2.0027758514399734,2.302585092994046,1.0666666666666667,0.8780518530755131,0.09,0.05,0.01,0.07,1.0905923344947734,0.0,0,0.49333333333333335,0.4037037037037037,1.1572751247156894,1.6284722222222223
adbm_66_10,ADBM,10,22,0.22,2.0,0.3,0.1,0.6,3,0.1,0.3,1.2857142857142858,2.2,1.282072472806435,0.6356417261637282,2.76875,3.6315789473684212,1.6059101370939324,2.9444389791664403,1.0,1.0320840221773575,0.06,0.21,0.01,0.28,1.201834862385321,0.0,0,0.6125,0.7521164021164021,1.155178830879934,1.8765866126543207
niche_66_10,Niche,10,11,0.11,2.0,0.5,0.3,0.2,3,0.2,0.2,1.4,1.1,1.3173978860172217,0.7959954870644664,1.7333333333333332,2.125,0.8345229603962802,2.0794415416798357,1.2666666666666666,1.2712834523274563,0.08,0.0,0.04,0.1,3.556962025316455,0.0,0,0.5366666666666666,0.0,0.3892494720807615,0.7666666666666666
cascade_66_10,Cascade,10,20,0.2,2.0,0.3,0.2,0.5,3,0.1,0.5,1.1428571428571428,2.0,0.97182531580755,0.816496580927726,2.4644444444444447,3.75,1.0645812948447542,2.772588722239781,1.1666666666666667,0.9428090415820634,0.14,0.13,0.09,0.14,2.7344398340248963,0.0,2,0.42857142857142855,0.5148148148148148,0.6993118310432314,1.3699259259259255
random_66_10,Random,10,14,0.14,2.0,0.3,0.1,0.6,5,0.0,0.4,1.2857142857142858,1.4,0.96421222530079,0.6023386019368343,2.9789473684210526,4.666666666666667,1.0327955589886444,1.791759469228055,1.5416666666666667,1.0540925533894598,0.09,0.03,0.03,0.08,3.163162321278385,0.5,1,0.25,0.44166666666666665,1.0839330983112208,2.3996306555863343
maxent_66_10,MaxEnt,10,11,0.11,2.0,0.6,0.4,0.0,2,0.2,0.2,1.5,1.1,1.5716730278654472,1.0883809088526044,1.4714285714285713,1.0,0.0,1.0986122886681098,1.0,1.7034508269763873,0.0,0.0,0.05,0.08,3.9180327868852465,0.2,0,0.35,0.25555555555555554,0.498606592739025,0.3857142857142856
ltm_67_10,LTM,10,16,0.16,2.0,0.3,0.1,0.6,2,0.0,0.4,1.2857142857142858,1.6,1.1486707293408518,0.843685697138191,0.41479759299781155,1.25,0.5,1.3862943611198906,1.2,1.0944937947136413,0.06,0.03,0.05,0.16,1.8436018957345972,0.2,2,0.4617857142857143,0.5041666666666667,0.6804335736520151,0.8346620320382991
atn_67_10,ATN,10,10,0.1,2.0,0.4,0.4,0.2,2,0.3,0.2,1.0,1.0,1.247219128924647,1.0540925533894598,1.875,2.2857142857142856,1.1126972805283737,1.9459101490553132,1.0,1.4907119849998596,0.04,0.04,0.01,0.03,1.1052631578947367,0.0,0,0.41666666666666663,0.6599999999999999,0.46770717334674267,0.7916666666666666
adbm_67_10,ADBM,10,22,0.22,3.0,0.4,0.2,0.4,3,0.1,0.4,1.3333333333333333,2.2,1.282072472806435,0.6707861703387471,2.1,2.5,1.285369173834303,3.1780538303479458,1.12,0.9141274623635368,0.05,0.16,0.07,0.33,2.673469387755102,0.0,0,0.6688095238095237,0.5185185185185186,0.9045340337332909,0.9888888888888887
niche_67_10,Niche,10,10,0.1,2.0,0.6,0.1,0.3,3,0.1,0.2,2.25,1.0,1.4907119849998598,0.4714045207910317,1.7125,2.6666666666666665,1.3228756555322951,2.1972245773362196,1.1666666666666667,1.4907119849998598,0.08,0.01,0.0,0.09,4.106382978723404,0.0,0,0.675,0.35833333333333334,0.7202430145443969,0.9793402777777782
cascade_67_10,Cascade,10,8,0.08,2.0,0.4,0.4,0.2,3,0.4,0.1,1.0,0.8,1.1486707293408518,0.9860132971832694,1.8333333333333335,2.0,1.0,1.6094379124341003,1.2727272727272727,1.3437096247164249,0.05,0.0,0.02,0.03,1.2340425531914894,0.0,0,0.25,0.0,0.2886751345948129,0.771604938271605
random_67_10,Random,10,10,0.1,2.0,0.4,0.5,0.1,2,0.3,0.2,0.8333333333333334,1.0,1.247219128924647,1.3333333333333333,1.8125,1.9090909090909092,0.7006490497453707,2.3978952727983707,1.411764705882353,1.7638342073763937,0.07,0.02,0.06,0.05,1.8685258964143425,0.0,0,0.35833333333333334,0.49333333333333335,0.3913118960624632,0.6293402777777778
maxent_67_10,MaxEnt,10,7,0.07,2.0,0.5,0.6,-0.1,2,0.2,0.2,0.8,0.7,1.1761037176408067,1.355261854357877,1.825,2.1666666666666665,0.752772652709081,1.791759469228055,1.3,1.92842445060158,0.04,0.02,0.01,0.0,2.389830508474576,0.0,0,0.205,0.75,0.2988071523335984,0.9729166666666664
ltm_68_10,LTM,10,8,0.08,2.0,0.6,0.5,-0.1,2,0.3,0.1,1.25,0.8,1.2909944487358056,1.1486707293408518,1.45,1.2857142857142858,0.4879500364742666,1.9459101490553132,1.1111111111111112,1.2076147288491197,0.01,0.01,0.02,0.03,1.8571428571428568,0.0,0,0.55,0.3333333333333333,0.25,0.35833333333333345
atn_68_10,ATN,10,8,0.08,2.0,0.5,0.5,0.0,1,0.5,0.0,1.0,0.8,1.1486707293408518,1.1486707293408518,1.5,1.0,0.0,2.0794415416798357,1.0,0.6454972243679027,0.0,0.0,0.03,0.03,1.8571428571428568,0.0,0,0.8,0.0,0.0,0.2777777777777778
adbm_68_10,ADBM,10,23,0.23,1.0,0.1,0.2,0.7,3,0.2,0.4,0.8888888888888888,2.3,0.8463073229366049,0.795122708657693,3.3299999999999996,4.52,1.1224972160321824,3.2188758248682006,1.1785714285714286,0.8249419983047948,0.12,0.25,0.05,0.07,1.0334059549745824,0.0,0,0.6666666666666666,0.6222222222222222,0.5064797519451639,1.7867777777777774
niche_68_10,Niche,10,5,0.05,2.0,0.7,0.6,-0.3,1,0.3,0.0,1.3333333333333333,0.5,1.9436506316151,1.4142135623730951,1.3,1.0,0.0,1.6094379124341003,1.0,1.8856180831641267,0.0,0.0,0.01,0.03,3.285714285714285,0.0,0,0.5,0.0,1.7199501139797033e-16,0.23333333333333328
cascade_68_10,Cascade,10,5,0.05,1.0,0.5,0.5,0.0,2,0.4,0.0,1.0,0.5,1.0540925533894598,1.0540925533894598,1.6,1.25,0.5,1.3862943611198906,1.0,0.9428090415820634,0.01,0.0,0.0,0.0,1.0,0.0,0,0.0,0.0,0.0,0.48888888888888893
random_68_10,Random,10,6,0.06,3.0,0.6,0.5,-0.1,3,0.1,0.1,1.25,0.6,1.6101529717988265,1.165343164633502,1.8,3.0,1.0,1.0986122886681098,1.1428571428571428,2.3306863292670035,0.05,0.01,0.0,0.02,2.125,0.0,0,0.15333333333333332,0.5,0.5773502691896257,1.288888888888889
maxent_68_10,MaxEnt,10,7,0.07,1.0,0.4,0.4,0.2,6,0.1,0.1,1.0,0.7,0.9642122253007899,0.9642122253007899,5.1,6.0,0.0,0.0,1.2222222222222223,1.676839701110382,0.07,0.0,0.01,0.01,1.127659574468085,0.4,0,0.11666666666666665,0.0,2.138089935299395,18.1
ltm_69_10,LTM,10,10,0.1,2.0,0.5,0.4,0.1,2,0.2,0.3,1.2,1.0,1.247219128924647,1.0540925533894598,1.6611111111111108,1.8571428571428572,0.6900655593423541,1.9459101490553132,1.0,1.3333333333333333,0.03,0.03,0.02,0.04,2.1578947368421053,0.0,0,0.325,0.6904761904761905,0.4614791034954486,0.5352880658436212
atn_69_10,ATN,10,13,0.13,3.0,0.4,0.4,0.2,2,0.4,0.0,1.0,1.3,0.9628196592573635,0.9628196592573635,1.8,1.9230769230769231,0.27735009811261463,2.5649493574615367,1.2352941176470589,1.0998774661296007,0.12,0.0,0.09,0.09,2.5897435897435894,0.0,0,0.7,0.0,3.0169920805478753e-16,0.6222222222222221
adbm_69_10,ADBM,10,12,0.12,2.0,0.3,0.4,0.3,3,0.3,0.2,0.8571428571428571,1.2,1.097134314340639,0.9460770203292445,2.1916666666666664,2.375,1.3024701806293193,2.0794415416798357,1.1428571428571428,1.1249142628509214,0.06,0.03,0.04,0.06,1.3529411764705883,0.0,0,0.6199999999999999,0.38095238095238093,0.7120003121097942,0.9908179012345677
niche_69_10,Niche,10,4,0.04,2.0,0.8,0.8,-0.6,1,0.2,0.0,1.0,0.4,2.1081851067789197,2.1081851067789197,1.2,1.0,0.0,1.3862943611198906,1.0,2.5819888974716108,0.0,0.0,0.02,0.02,4.0,0.0,0,0.4,0.0,0.0,0.17777777777777784
cascade_69_10,Cascade,10,8,0.08,2.0,0.4,0.5,0.1,2,0.5,0.1,0.8333333333333334,0.8,1.1486707293408518,1.1486707293408518,1.6333333333333333,1.1428571428571428,0.37796447300922725,1.9459101490553132,1.0,0.8740073734751261,0.01,0.0,0.03,0.03,0.875,0.0,0,0.26666666666666666,0.0,0.2886751345948129,0.30740740740740746
random_69_10,Random,10,9,0.09,2.0,0.4,0.2,0.4,6,0.0,0.2,1.3333333333333333,0.9,1.104921028901948,0.6307180135528297,3.34,5.666666666666667,0.5773502691896258,1.0986122886681098,1.6666666666666667,1.3658584381174648,0.09,0.0,0.01,0.04,2.6820083682008367,0.4,0,0.30333333333333334,0.0,1.2754084313139324,5.46711111111111
maxent_69_10,MaxEnt,10,4,0.04,3.0,0.6,0.8,-0.4,2,0.1,0.0,0.5,0.4,1.2909944487358054,2.4152294576982394,1.7,2.0,0.0,1.0986122886681098,1.2,3.073181485764296,0.03,0.0,0.03,0.0,2.0,0.0,0,0.3,0.0,0.0,0.9000000000000001
ltm_70_10,LTM,10,10,0.1,2.0,0.6,0.4,0.0,3,0.0,0.4,1.5,1.0,1.3333333333333333,1.0540925533894598,1.7333333333333332,1.75,0.8864052604279183,2.0794415416798357,1.0909090909090908,1.5634719199411433,0.02,0.0,0.03,0.06,2.5294117647058822,0.2,0,0.36333333333333334,0.0,0.9660917830792959,0.9086419753086417
atn_70_10,ATN,10,16,0.16,1.0,0.3,0.3,0.4,3,0.1,0.5,1.0,1.6,0.8936504412303006,0.9409658158863512,2.8583333333333334,4.142857142857143,0.6629935441317958,2.6390573296152584,1.2380952380952381,1.2774758097296575,0.15,0.1,0.05,0.04,2.053435114503817,0.0,0,0.5047619047619047,0.5619047619047619,0.3560001560548971,2.2809413580246916
adbm_70_10,ADBM,10,15,0.15,1.0,0.3,0.3,0.4,3,0.1,0.3,1.0,1.5,1.0999438818457405,1.0999438818457405,3.04,4.333333333333333,0.7071067811865476,2.1972245773362196,1.2105263157894737,1.405456737852613,0.06,0.12,0.04,0.04,1.57985257985258,0.0,0,0.4928571428571429,0.6666666666666666,0.4618802153517005,2.7567407407407405
niche_70_10,Niche,10,6,0.06,3.0,0.6,0.5,-0.1,2,0.3,0.1,1.25,0.6,1.6101529717988263,1.1653431646335017,1.4333333333333333,1.2,0.4472135954999579,1.6094379124341003,1.1428571428571428,1.531560972454469,0.01,0.0,0.01,0.03,2.125,0.0,0,0.3,0.0,0.33333333333333337,0.32222222222222224
cascade_70_10,Cascade,10,8,0.08,3.0,0.5,0.4,0.1,2,0.4,0.1,1.2,0.8,1.2909944487358056,0.9860132971832694,1.5666666666666669,1.3333333333333333,0.5163977794943223,1.791759469228055,1.1111111111111112,1.0540925533894596,0.02,0.0,0.02,0.04,1.7027027027027026,0.0,0,0.35,0.0,0.2886751345948129,0.3962962962962965
random_70_10,Random,10,6,0.06,1.0,0.4,0.4,0.2,3,0.3,0.0,1.0,0.6,0.8606629658238704,0.8606629658238706,2.0,2.0,1.0,1.0986122886681098,1.25,1.0540925533894598,0.03,0.0,0.0,0.0,1.1428571428571428,0.0,0,0.0,0.0,0.0,1.1111111111111112
maxent_70_10,MaxEnt,10,4,0.04,2.0,0.8,0.7,-0.5,1,0.2,0.0,1.5,0.4,2.1081851067789197,1.7480147469502527,1.2,1.0,0.0,1.3862943611198906,1.0,2.2973414586817036,0.0,0.0,0.01,0.02,4.0,0.0,0,0.21666666666666665,0.0,0.0,0.1777777777777778
ltm_71_10,LTM,10,9,0.09,2.0,0.4,0.5,0.1,2,0.3,0.1,0.8333333333333334,0.9,0.9728833730787924,1.222783260682902,1.95,1.5714285714285714,0.7867957924694432,1.9459101490553132,1.0,1.1475506210984938,0.03,0.01,0.04,0.02,1.2222222222222223,0.0,0,0.5700000000000001,0.3095238095238096,0.23570226039551584,0.9138888888888891
atn_71_10,ATN,10,10,0.1,3.0,0.3,0.3,0.4,4,0.4,0.2,1.0,1.0,0.9428090415820634,0.9428090415820634,2.0,1.8333333333333333,1.1690451944500122,1.791759469228055,1.1666666666666667,0.816496580927726,0.05,0.0,0.04,0.04,0.7721518987341771,0.0,0,0.5000000000000001,0.0,0.6324555320336759,0.6666666666666666
adbm_71_10,ADBM,10,29,0.29,3.0,0.2,0.1,0.7,2,0.2,0.5,1.125,2.9,0.9540922284803279,0.6982226459074686,2.7481249999999995,4.208333333333333,1.14776996237261,3.871201010907891,1.1470588235294117,0.8095088212257014,0.11,0.45,0.01,0.17,2.1999999999999997,0.0,0,0.6261904761904762,0.7420634920634921,0.7213418411018023,1.336007378472222
niche_71_10,Niche,10,10,0.1,2.0,0.5,0.4,0.1,2,0.2,0.3,1.2,1.0,1.247219128924647,0.9428090415820634,1.6166666666666665,1.375,0.5175491695067657,2.0794415416798357,1.0909090909090908,0.9428090415820634,0.01,0.02,0.02,0.05,2.428571428571429,0.0,0,0.4750000000000001,0.5,0.4281744192888376,0.44475308641975314
cascade_71_10,Cascade,10,23,0.23,2.0,0.2,0.1,0.7,3,0.2,0.6,1.125,2.3,0.795122708657693,0.6813135810749658,2.4015,3.32,0.9451631252505216,3.2188758248682006,1.1481481481481481,0.4673772607709305,0.19,0.13,0.13,0.17,2.0386740331491713,0.0,4,0.42095238095238086,0.44000000000000006,0.5742480906065055,0.8225711111111109
random_71_10,Random,10,17,0.17,2.0,0.3,0.1,0.6,5,0.1,0.4,1.2857142857142858,1.7,0.9625833496967512,0.623147003218459,3.2882352941176465,3.4545454545454546,1.3684762594679065,2.3978952727983707,1.4444444444444444,0.9685560027630172,0.06,0.01,0.04,0.1,2.4445776291716617,0.4,2,0.31904761904761897,0.17037037037037037,1.8286010509071655,3.670472895040368
maxent_71_10,MaxEnt,10,11,0.11,2.0,0.2,0.3,0.5,6,0.0,0.3,0.875,1.1,0.6707861703387471,0.9040262963743211,0.45957446808510605,1.6666666666666667,0.5773502691896257,1.0986122886681098,1.631578947368421,1.0320840221773575,0.09,0.02,0.03,0.01,1.7777777777777775,0.5,1,0.15999999999999998,0.38888888888888884,0.8295640229466403,1.0100045269352638
ltm_72_10,LTM,10,30,0.3,2.0,0.3,0.0,0.7,3,0.0,0.7,1.4285714285714286,3.0,0.7856742013183862,0.415739709641549,3.009704641350211,NaN,NaN,0.0,1.375,0.8012336167697754,0.21,0.15,0.04,0.16,1.5890274550713648,0.7,2,0.5839502164502165,0.7378571428571429,1.2789805290307705,2.381255707807721
atn_72_10,ATN,10,12,0.12,2.0,0.4,0.4,0.2,3,0.1,0.2,1.0,1.2,1.2909944487358056,0.9460770203292445,2.2,2.5,0.9258200997725514,2.0794415416798357,1.1428571428571428,1.3146843962443593,0.09,0.0,0.07,0.12,2.1578947368421053,0.0,0,0.5666666666666667,0.0,0.7071067811865476,1.2333333333333334
adbm_72_10,ADBM,10,12,0.12,2.0,0.4,0.4,0.2,3,0.1,0.2,1.0,1.2,1.2909944487358056,0.9460770203292445,2.2,2.5,0.9258200997725514,2.0794415416798357,1.1428571428571428,1.3146843962443593,0.09,0.0,0.07,0.12,2.1578947368421053,0.0,0,0.5666666666666667,0.0,0.7071067811865476,1.2333333333333334
niche_72_10,Niche,10,18,0.18,2.0,0.3,0.3,0.4,2,0.1,0.4,1.0,1.8,1.1944085553034889,0.9728833730787925,2.202380952380952,2.411764705882353,0.9393364366277244,2.833213344056216,1.0526315789473684,1.1770554505237558,0.07,0.11,0.1,0.17,1.4633431085043989,0.0,0,0.6408333333333334,0.5735449735449735,0.6393200753379787,0.8928256487780298
cascade_72_10,Cascade,10,19,0.19,3.0,0.3,0.2,0.5,4,0.2,0.5,1.1428571428571428,1.9,0.8754368385876948,0.6301152630199289,2.2177777777777776,3.0,0.8770580193070292,3.295836866004329,1.2083333333333333,0.7766997761817073,0.17,0.1,0.05,0.11,2.7815126050420167,0.0,4,0.33214285714285713,0.5433333333333333,0.584175109709767,0.9220082304526751
random_72_10,Random,10,14,0.14,2.0,0.2,0.4,0.4,3,0.1,0.5,0.75,1.4,0.6900655593423543,1.0753895038701158,3.3642857142857148,3.8125,1.1086778913041726,2.772588722239781,1.3636363636363635,1.2508500511013048,0.14,0.02,0.11,0.05,1.7972027972027973,0.3,0,0.3672222222222222,0.2708333333333333,1.0219885720493245,2.4880385487528347
maxent_72_10,MaxEnt,10,8,0.08,1.0,0.4,0.6,0.0,4,0.0,0.2,0.6666666666666666,0.8,0.9860132971832694,1.6457014715109581,4.5,3.5,1.0,1.3862943611198906,1.2727272727272727,2.140872096444188,0.05,0.01,0.06,0.01,1.5316455696202531,0.3,0,0.34833333333333333,0.6333333333333333,1.5811388300841902,9.833333333333336
ltm_73_10,LTM,10,18,0.18,3.0,0.3,0.2,0.5,4,0.1,0.5,1.1428571428571428,1.8,0.8606629658238705,0.6307180135528295,3.4772727272727266,4.142857142857143,2.0354009783964297,1.9459101490553132,1.3928571428571428,1.233950462885754,0.04,0.0,0.05,0.02,3.271844660194174,0.5,0,0.5173809523809523,0.0,1.6178100810102984,4.288911845730026
atn_73_10,ATN,10,10,0.1,2.0,0.3,0.2,0.5,5,0.1,0.2,1.1428571428571428,1.0,0.9428090415820634,0.6666666666666666,3.25,5.6,0.5477225575051662,1.6094379124341003,1.736842105263158,1.1547005383792515,0.08,0.02,0.0,0.02,2.206577595066804,0.0,0,0.24500000000000002,0.5476190476190477,0.3415650255319867,4.532407407407408
adbm_73_10,ADBM,10,18,0.18,1.0,0.1,0.3,0.6,4,0.2,0.4,0.7777777777777778,1.8,0.7768954430890012,0.9728833730787926,4.05,5.0,1.3093073414159542,2.70805020110221,1.25,0.9514987095307504,0.07,0.16,0.05,0.0,1.2471910112359552,0.0,0,0.5571428571428572,0.5888888888888889,0.5527707983925666,3.696296296296296
niche_73_10,Niche,10,4,0.04,2.0,0.9,0.6,-0.5,1,0.1,0.0,4.0,0.4,3.162277660168379,1.2909944487358056,1.1,1.0,0.0,1.3862943611198906,1.0,3.073181485764296,0.0,0.0,0.0,0.06,9.0,0.0,0,0.4,0.0,0.0,0.09999999999999999
cascade_73_10,Cascade,10,7,0.07,2.0,0.4,0.4,0.2,3,0.3,0.1,1.0,0.7,0.9642122253007899,0.9642122253007899,1.9,2.0,0.816496580927726,1.3862943611198906,1.3,1.2046772038736686,0.04,0.0,0.01,0.01,1.4793388429752066,0.0,0,0.2,0.0,0.2672612419124244,0.8222222222222223
random_73_10,Random,10,7,0.07,2.0,0.5,0.6,-0.1,2,0.2,0.2,0.8,0.7,1.1761037176408067,1.5133570078162575,1.75,1.8,0.8366600265340756,1.6094379124341003,1.0,1.8070158058105026,0.03,0.01,0.03,0.01,1.5,0.0,0,0.17833333333333332,0.25,0.3779644730092272,0.7916666666666666
maxent_73_10,MaxEnt,10,4,0.04,2.0,0.7,0.6,-0.3,1,0.3,0.0,1.3333333333333333,0.4,1.7480147469502527,1.2909944487358054,1.3,1.0,0.0,1.3862943611198906,1.0,1.5811388300841895,0.0,0.0,0.0,0.01,2.9999999999999996,0.0,0,0.2,0.0,0.0,0.23333333333333334
ltm_74_10,LTM,10,14,0.14,2.0,0.4,0.4,0.2,3,0.0,0.5,1.0,1.4,0.9642122253007899,1.1761037176408067,2.5925925925925926,3.8333333333333335,1.5275252316519465,2.4849066497880004,1.3,1.5721499065923028,0.08,0.04,0.05,0.03,1.7486910994764395,0.2,1,0.2532142857142857,0.49047619047619045,0.9941037221861874,2.108824874256973
atn_74_10,ATN,10,18,0.18,3.0,0.2,0.1,0.7,5,0.1,0.6,1.125,1.8,0.6829292190587324,0.5737753105492469,3.094444444444444,4.615384615384615,1.0982503567738306,3.258096538021482,1.4482758620689655,0.8364140585656457,0.22,0.09,0.03,0.05,2.5393258426966296,0.0,0,0.5128571428571428,0.48888888888888893,0.6673807332652544,2.1297401310775794
adbm_74_10,ADBM,10,24,0.24,2.0,0.2,0.1,0.7,3,0.2,0.5,1.125,2.4,1.0243938285880987,0.7905694150420949,2.380952380952381,3.1923076923076925,0.9805806756909202,3.258096538021482,1.1481481481481481,0.8740073734751264,0.03,0.31,0.02,0.13,1.6197901899631417,0.0,0,0.5886904761904762,0.729100529100529,0.6131819171274244,0.7784076593600404
niche_74_10,Niche,10,18,0.18,2.0,0.3,0.5,0.2,2,0.2,0.5,0.7142857142857143,1.8,0.8606629658238705,1.2227832606829023,1.8958333333333335,1.6842105263157894,0.6710382982072027,2.9444389791664403,1.2173913043478262,0.9147473359428495,0.05,0.07,0.22,0.11,2.8834951456310676,0.0,0,0.6216666666666666,0.5037037037037037,0.4376653126830203,0.41869212962962965
cascade_74_10,Cascade,10,33,0.33,2.0,0.2,0.1,0.7,2,0.1,0.6,1.125,3.3,0.8335628701324347,0.623486842909534,2.5413194444444445,3.7457627118644066,1.1831171618168772,4.07753744390572,1.175,0.3257477878100423,0.17,0.44,0.13,0.28,2.463917525773196,0.0,2,0.6915873015873016,0.7209523809523809,0.7392629044127286,0.8775965145896323
random_74_10,Random,10,29,0.29,1.0,0.0,0.0,1.0,4,0.0,0.5,1.0,2.9,0.5735620666609035,0.5735620666609035,8.078381479452429e16,NaN,NaN,0.0,1.4583333333333333,0.7048142398508456,0.12,0.05,0.09,0.11,2.591487707705762,1.0,6,0.3855769230769231,0.5180952380952382,9.030599323296933,56.888888888888886
maxent_74_10,MaxEnt,10,20,0.2,2.0,0.2,0.2,0.6,4,0.1,0.5,1.0,2.0,0.7453559924999299,0.6666666666666666,3.331666666666666,4.45,1.3950461806527577,3.6888794541139363,1.2,0.7817359599705717,0.16,0.09,0.06,0.07,2.1662269129287597,0.4,5,0.2735714285714286,0.4222222222222222,1.2177164420887703,2.2108919753086416
ltm_75_10,LTM,10,22,0.22,2.0,0.4,0.3,0.3,1,0.2,0.4,1.1666666666666667,2.2,1.0670798097975156,0.9290733161670237,1.9233333333333333,3.1463414634146343,1.0853795559562587,3.713572066704308,1.0,1.2159031907720532,0.0,0.25,0.0,0.05,3.225352112676056,0.2,0,0.5303571428571429,0.9523809523809524,0.6886526150697638,0.7387777777777778
atn_75_10,ATN,10,16,0.16,3.0,0.4,0.3,0.3,2,0.2,0.4,1.1666666666666667,1.6,1.1102427162061856,1.1102427162061856,1.92,2.4545454545454546,0.6875516509523286,2.3978952727983707,1.1111111111111112,1.2774758097296575,0.07,0.09,0.1,0.1,2.214285714285715,0.0,0,0.5475,0.5,0.5082650227325635,0.7454814814814814
adbm_75_10,ADBM,10,20,0.2,2.0,0.4,0.3,0.3,1,0.1,0.5,1.1666666666666667,2.0,1.1547005383792515,1.1055415967851334,2.0428571428571427,2.9047619047619047,1.0442586798663398,3.044522437723423,1.0,1.3333333333333333,0.0,0.26,0.06,0.08,2.906976744186047,0.0,0,0.5292857142857142,0.8884353741496599,0.6833478511814357,0.909240362811791
niche_75_10,Niche,10,24,0.24,2.0,0.4,0.3,0.3,1,0.1,0.5,1.1666666666666667,2.4,1.1979921473804347,0.8606629658238704,1.945714285714286,2.4,0.9684683962230046,3.4011973816621555,1.0,0.9976824997815541,0.0,0.27,0.09,0.27,3.022988505747126,0.0,0,0.7317460317460317,0.6518518518518519,0.6821709044346167,0.7203990929705215
cascade_75_10,Cascade,10,28,0.28,2.0,0.2,0.2,0.6,3,0.1,0.7,1.0,2.8,0.6476890718445449,0.838419850555191,2.397,3.671875,1.2605703861398214,4.1588830833596715,1.1764705882352942,0.48210611265039494,0.2,0.27,0.23,0.13,1.4008730447435431,0.0,4,0.5382142857142858,0.5914285714285714,0.6195890775344575,0.7547774999999999
random_75_10,Random,10,27,0.27,2.0,0.1,0.0,0.9,3,0.0,0.8,1.1111111111111112,2.7,0.5534941178138245,0.46357983593873053,17.270323741007182,NaN,NaN,0.0,1.469387755102041,0.7448445989628819,0.09,0.01,0.05,0.07,3.1903738614441646,0.9,7,0.36756854256854254,0.41999999999999993,4.630712344904183,38.375209400824595
maxent_75_10,MaxEnt,10,23,0.23,1.0,0.1,0.1,0.8,5,0.1,0.6,1.0,2.3,0.8463073229366049,0.6813135810749658,6.911971830985914,4.666666666666667,0.9999999999999999,2.1972245773362196,1.5121951219512195,1.0689326907006247,0.12,0.06,0.05,0.1,2.20535399788658,0.7,3,0.31416666666666665,0.652910052910053,2.0284719869643766,9.195852344111609
ltm_76_10,LTM,10,7,0.07,2.0,0.7,0.4,-0.1,1,0.3,0.0,2.0,0.7,2.2386017663891726,0.9642122253007899,1.3,1.0,0.0,1.9459101490553132,1.0,1.9284244506015797,0.0,0.0,0.01,0.1,3.5454545454545454,0.0,0,0.7,0.0,1.8766194259190274e-16,0.23333333333333328
atn_76_10,ATN,10,7,0.07,2.0,0.6,0.6,-0.2,2,0.2,0.2,1.0,0.7,1.3552618543578772,1.5133570078162575,1.5,1.5714285714285714,0.5345224838248488,1.9459101490553132,1.125,1.9284244506015797,0.02,0.02,0.02,0.01,3.444444444444445,0.0,0,0.31333333333333335,0.75,0.3779644730092272,0.4444444444444444
adbm_76_10,ADBM,10,10,0.1,2.0,0.5,0.4,0.1,2,0.2,0.2,1.2,1.0,1.5634719199411433,1.0540925533894598,1.86,2.142857142857143,1.2149857925879117,1.9459101490553132,1.0909090909090908,1.699673171197595,0.02,0.05,0.0,0.06,1.8985507246376812,0.0,0,0.2733333333333333,0.8133333333333332,0.7549834435270749,1.0293333333333334
niche_76_10,Niche,10,19,0.19,3.0,0.2,0.2,0.6,3,0.2,0.4,1.0,1.9,1.0062898526105253,0.7627040392731285,2.4833333333333334,3.0,1.0606601717798212,2.833213344056216,1.4375,0.9544891585077505,0.17,0.08,0.1,0.17,2.1788079470198674,0.0,0,0.4609523809523809,0.4671957671957672,0.5036417087178483,1.0506172839506174
cascade_76_10,Cascade,10,21,0.21,2.0,0.2,0.2,0.6,3,0.2,0.5,1.0,2.1,0.7595864199368508,0.7920619015793428,2.455,3.16,1.1430952132988166,3.2188758248682006,1.0869565217391304,0.585367902050342,0.16,0.11,0.13,0.12,1.876712328767123,0.0,1,0.37976190476190474,0.44666666666666666,0.596839116694718,0.9467932098765429
random_76_10,Random,10,21,0.21,1.0,0.0,0.1,0.9,6,0.0,0.4,0.9,2.1,0.47353758381512057,0.5701042855894594,2.254109351955694e16,NaN,NaN,0.0,1.8043478260869565,0.6269338939089365,0.22,0.03,0.07,0.08,2.797244268728056,0.9,3,0.2688095238095238,0.29333333333333333,2.3603873774083293,33.77777777777778
maxent_76_10,MaxEnt,10,16,0.16,2.0,0.4,0.3,0.3,3,0.1,0.5,1.1666666666666667,1.6,0.9409658158863512,0.733617369235792,2.033333333333333,2.4782608695652173,0.9472239447886797,3.1354942159291497,1.0588235294117647,1.0540925533894596,0.12,0.03,0.05,0.08,1.3076923076923077,0.2,5,0.28769841269841273,0.6309523809523809,0.6922186552431728,0.9185185185185182
ltm_77_10,LTM,10,23,0.23,2.0,0.2,0.1,0.7,3,0.0,0.8,1.125,2.3,0.6813135810749658,0.649753964390142,10.139473684210525,3.7142857142857144,1.7043362064926932,1.9459101490553132,1.303030303030303,1.180959349997876,0.01,0.0,0.01,0.02,1.2364217252396164,0.7,0,0.6074206349206348,0.0,3.656556889501602,27.79379039704525
atn_77_10,ATN,10,18,0.18,2.0,0.2,0.1,0.7,5,0.1,0.5,1.125,1.8,0.7314228762270926,0.5737753105492469,3.075,5.214285714285714,0.686221153054517,3.332204510175204,1.3928571428571428,0.9147473359428495,0.22,0.1,0.02,0.05,2.704743193937693,0.0,0,0.5678571428571428,0.5407407407407407,0.4349388585762239,2.568338477366256
adbm_77_10,ADBM,10,11,0.11,1.0,0.2,0.2,0.6,5,0.2,0.1,1.0,1.1,0.7959954870644664,0.6707861703387471,3.5333333333333328,4.6,2.073644135332772,1.6094379124341003,1.375,0.835396894066074,0.08,0.02,0.01,0.02,1.1621621621621625,0.0,0,0.3,0.2857142857142857,0.24618298195866548,4.029629629629629
niche_77_10,Niche,10,6,0.06,3.0,0.5,0.6,-0.1,2,0.3,0.0,0.8,0.6,1.165343164633502,1.405456737852613,1.7,1.75,0.5,1.3862943611198906,1.25,1.7213259316477407,0.03,0.0,0.02,0.01,1.7906976744186047,0.0,0,0.225,0.0,0.0,0.6777777777777778
cascade_77_10,Cascade,10,7,0.07,3.0,0.5,0.5,0.0,4,0.2,0.2,1.0,0.7,1.1761037176408067,1.1761037176408067,1.825,2.25,1.5,1.3862943611198906,1.2222222222222223,1.5356681425330574,0.04,0.0,0.02,0.02,1.8571428571428572,0.0,0,0.21666666666666665,0.0,0.7196229171289245,0.9729166666666664
random_77_10,Random,10,7,0.07,2.0,0.5,0.5,0.0,2,0.3,0.0,1.0,0.7,1.355261854357877,1.1761037176408067,1.7,1.75,0.4629100498862757,2.0794415416798357,1.0,1.9284244506015797,0.06,0.0,0.02,0.03,1.3076923076923077,0.0,0,0.49000000000000005,0.0,3.8459253727671276e-16,0.677777777777778
maxent_77_10,MaxEnt,10,5,0.05,1.0,0.5,0.5,0.0,2,0.3,0.0,1.0,0.5,1.0540925533894598,1.0540925533894598,1.7,1.6666666666666667,0.5773502691896257,1.0986122886681098,1.1666666666666667,1.3333333333333333,0.02,0.0,0.0,0.0,1.3076923076923077,0.0,0,0.0,0.0,0.0,0.6777777777777778
ltm_78_10,LTM,10,12,0.12,3.0,0.3,0.1,0.6,4,0.2,0.2,1.2857142857142858,1.2,1.0243938285880985,0.5270462766947299,2.525,3.6666666666666665,1.118033988749895,2.1972245773362196,1.2,0.8958064164776164,0.1,0.01,0.02,0.07,1.3529411764705883,0.0,0,0.4533333333333333,0.16666666666666666,0.6291528696058958,1.7006944444444445
atn_78_10,ATN,10,13,0.13,2.0,0.2,0.3,0.5,4,0.2,0.2,0.875,1.3,0.6332866171912035,0.9628196592573635,2.8,4.111111111111111,1.2692955176439844,2.1972245773362196,1.4761904761904763,1.0998774661296007,0.14,0.02,0.07,0.03,1.2641509433962264,0.0,0,0.5133333333333334,0.19047619047619047,0.2773500981126146,2.1222222222222222
adbm_78_10,ADBM,10,11,0.11,1.0,0.2,0.3,0.5,4,0.2,0.1,0.875,1.1,0.7959954870644664,0.7959954870644664,3.033333333333333,4.0,1.224744871391589,1.6094379124341003,1.2142857142857142,0.9389050536260405,0.08,0.02,0.02,0.02,0.729106628242075,0.0,0,0.36666666666666664,0.24999999999999997,0.24618298195866548,2.3814814814814813
niche_78_10,Niche,10,16,0.16,2.0,0.3,0.3,0.4,3,0.3,0.3,1.0,1.6,1.1102427162061856,0.8936504412303009,2.17,2.769230769230769,0.7250110520819842,2.5649493574615367,1.0588235294117647,1.2076147288491197,0.1,0.09,0.05,0.1,1.127659574468085,0.0,0,0.45666666666666667,0.5047619047619047,0.38908725099762503,1.0139382716049383
cascade_78_10,Cascade,10,17,0.17,2.0,0.4,0.4,0.2,2,0.2,0.4,1.0,1.7,1.1109188607227682,1.0394006494665546,1.7494444444444444,1.588235294117647,0.7122871199007256,2.833213344056216,1.105263157894737,0.8856148855400954,0.04,0.05,0.15,0.17,2.4174125305126117,0.0,0,0.53,0.2916666666666667,0.5023907982449718,0.44012654320987643
random_78_10,Random,10,20,0.2,1.0,0.0,0.1,0.9,5,0.0,0.4,0.9,2.0,0.4714045207910317,0.5773502691896257,1.1715215907007309e17,NaN,NaN,0.0,1.4545454545454546,0.6236095644623235,0.21,0.06,0.08,0.05,1.2144112478031635,0.9,3,0.29130952380952374,0.3259259259259259,8.820430828479978,199.11111111111111
maxent_78_10,MaxEnt,10,16,0.16,2.0,0.4,0.3,0.3,5,0.0,0.5,1.1666666666666667,1.6,1.070436048222094,0.9860132971832694,5.152727272727272,4.076923076923077,1.4978617237881953,2.5649493574615367,1.5384615384615385,1.4373490258883617,0.03,0.04,0.03,0.07,2.116883116883117,0.5,2,0.2807142857142857,0.4904761904761905,2.7898872870387006,13.797627180899903
ltm_79_10,LTM,10,31,0.31,2.0,0.3,0.0,0.7,4,0.0,0.6,1.4285714285714286,3.1,0.8662423252095842,0.3861996773347951,3.546153846153846,NaN,NaN,0.0,1.3541666666666667,0.9098578839271474,0.12,0.11,0.0,0.16,5.287139941029713,0.7,2,0.5498076923076922,0.7724603174603175,1.7416233498821925,3.2670231572795667
atn_79_10,ATN,10,6,0.06,2.0,0.5,0.6,-0.1,2,0.3,0.1,0.8,0.6,1.1653431646335017,1.6101529717988265,1.65,1.5,0.5773502691896257,1.3862943611198906,1.0,1.7213259316477407,0.01,0.01,0.02,0.0,1.2222222222222223,0.0,0,0.175,0.5833333333333333,0.28867513459481287,0.5583333333333333
adbm_79_10,ADBM,10,17,0.17,2.0,0.4,0.2,0.4,2,0.3,0.3,1.3333333333333333,1.7,1.4153005829504777,0.8790788929984272,1.8085714285714285,2.3076923076923075,0.8548504142651103,2.5649493574615367,1.0,1.306535784231975,0.01,0.14,0.02,0.18,1.6022304832713752,0.0,0,0.5,0.7285714285714285,0.5395298295504986,0.5731156462585033
niche_79_10,Niche,10,8,0.08,3.0,0.4,0.5,0.1,2,0.4,0.1,0.8333333333333334,0.8,1.1486707293408518,1.2909944487358056,1.7666666666666664,1.5,0.5477225575051661,1.791759469228055,1.2,1.3437096247164249,0.03,0.0,0.04,0.03,1.2058823529411766,0.0,0,0.3,0.0,0.2886751345948129,0.5444444444444444
cascade_79_10,Cascade,10,17,0.17,2.0,0.2,0.3,0.5,3,0.2,0.5,0.875,1.7,0.7362738570791603,0.8790788929984272,2.4685185185185183,2.625,1.1474609652039003,2.772588722239781,1.2916666666666667,0.6904634063395689,0.13,0.05,0.11,0.08,1.896551724137931,0.0,1,0.41452380952380946,0.33333333333333337,0.7012628232874626,0.9143461362597165
random_79_10,Random,10,17,0.17,4.0,0.2,0.0,0.8,6,0.1,0.6,1.25,1.7,0.6820598874872975,0.4842780013815086,4.965116279069766,NaN,NaN,0.0,1.5666666666666667,0.8856148855400954,0.09,0.0,0.05,0.05,2.129074315514993,0.7,2,0.265,0.29259259259259257,1.8838982538010816,7.793191514932987
maxent_79_10,MaxEnt,10,17,0.17,2.0,0.3,0.3,0.4,2,0.2,0.4,1.0,1.7,1.0017286097603766,0.8790788929984273,2.1642857142857137,2.2916666666666665,0.6240935455708451,3.1780538303479458,1.2608695652173914,1.1829884807057534,0.11,0.02,0.08,0.11,1.7272727272727273,0.2,2,0.29666666666666663,0.3412698412698413,0.6231816285296404,0.8455782312925169
ltm_80_10,LTM,10,26,0.26,2.0,0.3,0.1,0.6,3,0.0,0.6,1.2857142857142858,2.6,0.8542733973824451,0.7068742949789857,3.5610958904109586,4.528301886792453,1.4088152904111924,3.970291913552122,1.511111111111111,0.8268982305947231,0.01,0.08,0.14,0.18,1.581504803249447,0.6,0,0.6041666666666667,0.3470899470899471,1.817141720428611,3.3340239314813656
atn_80_10,ATN,10,17,0.17,2.0,0.3,0.2,0.5,4,0.3,0.2,1.1428571428571428,1.7,0.879078892998427,0.8790788929984272,2.3,3.857142857142857,0.3631365196012815,2.6390573296152584,1.5357142857142858,1.0074692218560886,0.16,0.06,0.1,0.1,1.4090694378837978,0.0,0,0.6199999999999999,0.27499999999999997,0.2970442628930023,1.538888888888889
adbm_80_10,ADBM,10,13,0.13,3.0,0.3,0.3,0.4,3,0.3,0.1,1.0,1.3,1.3592162339178022,0.8919244682526197,2.2666666666666666,2.857142857142857,0.8997354108424372,1.9459101490553132,1.1333333333333333,1.3664525737922284,0.07,0.04,0.04,0.12,0.8604651162790697,0.0,0,0.5071428571428571,0.32499999999999996,0.5063696835418333,1.2296296296296296
niche_80_10,Niche,10,12,0.12,2.0,0.6,0.6,-0.2,1,0.1,0.3,1.0,1.2,1.4593250596181886,1.3494397557212354,1.4833333333333332,1.2727272727272727,0.46709936649691375,2.3978952727983707,1.0,1.4803236216082474,0.0,0.03,0.1,0.12,4.454545454545455,0.0,0,0.5666666666666667,0.2380952380952381,0.42491829279939874,0.39629629629629615
cascade_80_10,Cascade,10,10,0.1,2.0,0.4,0.4,0.2,2,0.3,0.2,1.0,1.0,0.9428090415820634,1.247219128924647,2.0,2.0,1.1952286093343936,2.0794415416798357,1.1666666666666667,1.247219128924647,0.04,0.02,0.05,0.02,2.125,0.0,1,0.26166666666666666,0.5,0.31622776601683794,1.1666666666666667
random_80_10,Random,10,13,0.13,2.0,0.5,0.2,0.3,4,0.1,0.4,1.6,1.3,1.1495647062287124,0.9628196592573635,1.6753086419753085,2.7777777777777777,1.3944333775567928,2.1972245773362196,1.1333333333333333,1.1581117733985862,0.06,0.04,0.05,0.08,3.6666666666666674,0.0,3,0.27666666666666667,0.45238095238095244,0.6016637152070556,0.5255652085556063
maxent_80_10,MaxEnt,10,9,0.09,2.0,0.6,0.3,0.1,2,0.1,0.2,1.75,0.9,1.6101529717988265,0.9728833730787924,1.7363636363636363,NaN,NaN,0.0,1.25,2.0819954551933626,0.03,0.01,0.01,0.03,3.2352941176470584,0.2,0,0.22000000000000003,0.5,0.7808544682863713,1.0127640036730945
ltm_81_10,LTM,10,7,0.07,2.0,0.5,0.5,0.0,2,0.4,0.1,1.0,0.7,1.1761037176408067,1.355261854357877,1.55,1.1666666666666667,0.408248290463863,1.791759469228055,1.0,1.2046772038736684,0.01,0.0,0.03,0.02,1.5,0.0,0,0.4166666666666667,0.0,0.2672612419124244,0.35833333333333334
atn_81_10,ATN,10,14,0.14,2.0,0.4,0.2,0.4,2,0.2,0.4,1.3333333333333333,1.4,1.0213147899774866,0.6023386019368343,1.9875,2.1818181818181817,0.9816498172140428,2.3978952727983707,1.2352941176470589,0.6563832739090583,0.05,0.06,0.0,0.06,3.0384615384615383,0.0,0,0.59,0.7833333333333334,0.34395286221889676,1.0432291666666664
adbm_81_10,ADBM,10,21,0.21,1.0,0.1,0.1,0.8,4,0.1,0.5,1.0,2.1,0.9104527237904753,0.9104527237904753,4.386666666666667,5.461538461538462,0.6602252917735248,2.5649493574615367,1.1923076923076923,0.9733149026511677,0.08,0.22,0.06,0.06,1.6431718061674008,0.0,0,0.5678571428571428,0.6634920634920634,0.522509208546484,3.3114074074074074
niche_81_10,Niche,10,20,0.2,2.0,0.3,0.4,0.3,2,0.4,0.2,0.8571428571428571,2.0,0.8498365855987975,1.0,1.9733333333333332,1.96,0.7348469228349533,3.2188758248682006,1.1304347826086956,0.7817359599705715,0.12,0.08,0.2,0.15,2.7617554858934166,0.0,0,0.7333333333333333,0.37037037037037035,0.30550504633038933,0.658962962962963
cascade_81_10,Cascade,10,29,0.29,3.0,0.2,0.2,0.6,3,0.1,0.7,1.0,2.9,0.6982226459074686,0.8670355018687866,2.341666666666667,3.269230769230769,1.2064432348994671,3.9512437185814275,1.1714285714285715,0.4539866128306092,0.13,0.32,0.24,0.14,1.6049204052098407,0.0,3,0.5228174603174602,0.7002380952380951,0.6450964465003325,0.6169907407407406
random_81_10,Random,10,28,0.28,1.0,0.1,0.0,0.9,4,0.0,0.8,1.1111111111111112,2.8,0.4702004204317024,0.5270462766947299,10.125925925925921,NaN,NaN,0.0,1.5098039215686274,0.6116777418411967,0.06,0.02,0.07,0.08,3.479414455626715,0.9,9,0.39772727272727276,0.5199999999999999,2.9572089190254367,14.33866111195785
maxent_81_10,MaxEnt,10,13,0.13,2.0,0.4,0.4,0.2,2,0.3,0.3,1.0,1.3,1.0908742249324435,1.4527400486374662,1.7208333333333332,1.6,0.6992058987801011,2.302585092994046,1.0,1.3664525737922284,0.03,0.03,0.15,0.08,1.7906976744186047,0.0,1,0.44000000000000006,0.46666666666666673,0.4111818488461192,0.4205439814814814
ltm_82_10,LTM,10,8,0.08,2.0,0.5,0.5,0.0,3,0.1,0.2,1.0,0.8,1.2909944487358054,1.1486707293408518,1.9333333333333331,2.2,1.0954451150103321,1.6094379124341003,1.4166666666666667,1.5811388300841895,0.05,0.0,0.03,0.04,3.6666666666666674,0.0,0,0.3333333333333333,0.0,0.7637626158259733,1.0814814814814815
atn_82_10,ATN,10,13,0.13,2.0,0.4,0.3,0.3,2,0.2,0.3,1.1666666666666667,1.3,1.0288411614225066,0.9628196592573635,1.9944444444444447,2.4,0.5982430416161189,2.995732273553991,1.2777777777777777,1.5038849537041208,0.14,0.05,0.04,0.05,3.0776699029126213,0.0,0,0.5233333333333333,0.7578231292517007,0.3089362319987661,0.950925925925926
adbm_82_10,ADBM,10,14,0.14,2.0,0.3,0.2,0.5,4,0.1,0.1,1.1428571428571428,1.4,1.2688488185213551,0.838419850555191,3.066666666666667,4.0,1.4142135623730951,2.0794415416798357,1.1764705882352942,1.2953781436890899,0.08,0.06,0.03,0.11,1.3762376237623761,0.0,0,0.48690476190476184,0.43809523809523804,0.8997354108424372,2.859259259259259
niche_82_10,Niche,10,12,0.12,3.0,0.5,0.2,0.3,2,0.2,0.3,1.6,1.2,1.405456737852613,0.7657804862272346,1.6800000000000002,2.3,0.9486832980505138,2.302585092994046,1.2,1.3721210039142744,0.06,0.04,0.01,0.1,2.419689119170984,0.0,0,0.4333333333333333,0.6904761904761905,0.5708992257184501,0.5746172839506172
cascade_82_10,Cascade,10,23,0.23,2.0,0.3,0.1,0.6,2,0.1,0.6,1.2857142857142858,2.3,0.9840142143053888,0.6165810836574681,2.19985119047619,3.12,0.9273618495495702,3.2188758248682006,1.2333333333333334,0.6859222936927091,0.19,0.13,0.11,0.25,3.491978609625668,0.0,1,0.5116666666666666,0.4023809523809524,0.6811078576179855,0.8458709539950238
random_82_10,Random,10,21,0.21,1.0,0.0,0.1,0.9,7,0.0,0.6,0.9,2.1,0.5240499688641008,0.5701042855894594,1.8128125772799424e16,NaN,NaN,0.0,1.55,0.6269338939089365,0.15,0.03,0.07,0.1,2.0818728304123275,0.9,4,0.2976190476190476,0.34074074074074073,2.734262327610589,8.88888888888889
maxent_82_10,MaxEnt,10,12,0.12,3.0,0.3,0.4,0.3,5,0.2,0.3,0.8571428571428571,1.2,1.0243938285880985,1.1653431646335015,3.45,2.7142857142857144,1.7043362064926932,1.9459101490553132,1.2,1.3146843962443593,0.02,0.0,0.08,0.05,1.1428571428571428,0.3,0,0.3283333333333333,0.11904761904761904,2.169869427715256,5.247222222222222
ltm_83_10,LTM,10,25,0.25,3.0,0.2,0.0,0.8,3,0.1,0.7,1.25,2.5,0.760116950066092,0.4320493798938574,4.0791666666666675,NaN,NaN,0.0,1.4102564102564104,0.7542472332656507,0.14,0.1,0.04,0.08,2.8188494492044063,0.6,3,0.40722222222222226,0.6603174603174603,1.730142579977371,5.1437147538484975
atn_83_10,ATN,10,11,0.11,2.0,0.4,0.5,0.1,1,0.3,0.3,0.8333333333333334,1.1,1.0883809088526044,1.2457457449148164,1.7833333333333332,1.625,0.5175491695067657,2.0794415416798357,1.0,1.196873797462515,0.0,0.05,0.04,0.02,1.3999999999999997,0.0,0,0.5399999999999999,0.7916666666666666,0.408248290463863,0.518827160493827
adbm_83_10,ADBM,10,25,0.25,1.0,0.2,0.2,0.6,3,0.1,0.3,1.0,2.5,1.0198039027185568,0.8055363982396381,3.1076190476190475,4.428571428571429,1.0338196500275416,3.332204510175204,1.0,0.9977753031397176,0.09,0.34,0.03,0.14,1.2175290390707498,0.0,0,0.6625,0.8035714285714286,0.6610237370566816,1.830069035021416
niche_83_10,Niche,10,26,0.26,2.0,0.2,0.3,0.5,2,0.1,0.7,0.875,2.6,0.8148845426702926,0.945594303312091,2.4955357142857144,3.05,0.9044051735526053,3.6888794541139363,1.0,0.826898230594723,0.11,0.3,0.18,0.11,2.0215827338129495,0.0,0,0.6567857142857142,0.6380952380952382,0.5685344809630776,0.8702389810090702
cascade_83_10,Cascade,10,24,0.24,2.0,0.2,0.2,0.6,2,0.2,0.5,1.0,2.4,0.9254628471643156,0.7905694150420949,2.3095238095238093,2.625,0.9237212077056678,3.1780538303479458,1.1724137931034482,0.5121969142940491,0.09,0.17,0.16,0.22,2.237410071942446,0.0,1,0.4803174603174602,0.5376190476190476,0.6434447637685492,0.6626354245401864
random_83_10,Random,10,28,0.28,1.0,0.0,0.0,1.0,4,0.0,0.6,1.0,2.8,0.5270462766947299,0.4054615801411048,1.3693336807207568e17,NaN,NaN,0.0,1.734375,0.8109231602822096,0.16,0.03,0.03,0.03,2.4969975273754854,1.0,5,0.3624242424242424,0.6266666666666667,21.669596871456296,1109.3333333333333
maxent_83_10,MaxEnt,10,12,0.12,2.0,0.4,0.4,0.2,2,0.3,0.2,1.0,1.2,1.1653431646335017,1.097134314340639,1.8666666666666665,1.8888888888888888,1.0540925533894598,2.1972245773362196,1.1428571428571428,1.1915339216404008,0.05,0.02,0.07,0.08,1.586206896551724,0.0,0,0.36333333333333334,0.1708333333333333,0.6561673228343176,0.7148148148148147
ltm_84_10,LTM,10,13,0.13,2.0,0.4,0.3,0.3,4,0.1,0.5,1.1666666666666667,1.3,0.8919244682526197,0.8148845426702926,1.9625,2.5833333333333335,0.996204919895622,2.4849066497880004,1.3333333333333333,0.9029136852132825,0.09,0.03,0.04,0.05,1.5714285714285712,0.0,0,0.35,0.4259259259259259,0.6297893420697236,0.7571180555555554
atn_84_10,ATN,10,14,0.14,3.0,0.4,0.1,0.5,4,0.1,0.4,1.5,1.4,0.9642122253007899,0.49943278484292936,2.0333333333333337,3.5454545454545454,1.2135597524338357,2.3978952727983707,1.380952380952381,0.8780518530755131,0.14,0.02,0.03,0.09,3.046242774566474,0.0,0,0.5166666666666667,0.3074074074074074,0.6836462053129534,0.9685871056241427
adbm_84_10,ADBM,10,23,0.23,3.0,0.4,0.1,0.5,2,0.3,0.3,1.5,2.3,1.3603130469863554,0.6165810836574681,1.8039285714285715,2.5,0.9128709291752769,3.091042453358316,1.08,1.0490991925132673,0.03,0.23,0.01,0.36,1.9315960912052121,0.0,0,0.6988888888888889,0.7798941798941799,0.5575289313719693,0.5576826814058955
niche_84_10,Niche,10,10,0.1,2.0,0.5,0.5,0.0,2,0.2,0.2,1.0,1.0,1.5634719199411433,1.247219128924647,1.7100000000000002,1.5,0.7559289460184544,2.0794415416798357,1.0909090909090908,1.632993161855452,0.02,0.02,0.05,0.09,2.2967032967032965,0.0,0,0.3383333333333333,0.31111111111111106,0.6082762530298219,0.6409999999999999
cascade_84_10,Cascade,10,15,0.15,3.0,0.1,0.4,0.5,3,0.2,0.5,0.6666666666666666,1.5,0.5665577237325317,0.9558139185602919,2.9333333333333336,3.066666666666667,0.9611501047232547,2.70805020110221,1.2857142857142858,0.831479419283098,0.13,0.04,0.09,0.03,1.2592791823561054,0.0,0,0.4566666666666667,0.34814814814814815,0.5614960175974338,1.0918981481481482
random_84_10,Random,10,14,0.14,1.0,0.1,0.2,0.7,4,0.0,0.5,0.8888888888888888,1.4,0.49943278484292936,0.9035079029052513,6.164285714285714,3.0,0.0,0.6931471805599453,1.3333333333333333,1.1065666703449761,0.13,0.0,0.07,0.03,1.0905923344947734,0.7,0,0.4002380952380952,0.08571428571428572,1.3477115902938004,4.785770975056689
maxent_84_10,MaxEnt,10,7,0.07,2.0,0.5,0.6,-0.1,2,0.4,0.0,0.8,0.7,1.3552618543578767,1.5133570078162575,1.6,1.1666666666666667,0.408248290463863,1.791759469228055,1.0,1.5356681425330572,0.01,0.0,0.04,0.03,1.307692307692308,0.0,0,0.3916666666666667,0.0,1.4536231567507431e-16,0.48888888888888893
ltm_85_10,LTM,10,18,0.18,3.0,0.4,0.3,0.3,2,0.1,0.4,1.1666666666666667,1.8,1.1049210289019482,0.9728833730787925,2.2075,3.5,1.2947859237091257,2.8903717578961645,1.1428571428571428,1.261436027105659,0.07,0.17,0.04,0.08,3.4919786096256686,0.0,0,0.4066666666666666,0.7958333333333333,0.812873845617442,1.238027777777778
atn_85_10,ATN,10,15,0.15,3.0,0.5,0.2,0.3,2,0.1,0.4,1.6,1.5,1.1439589045541112,0.6478835438717,1.7916666666666665,2.9,0.7181848464596079,2.995732273553991,1.4230769230769231,1.2957670877434,0.16,0.06,0.02,0.11,3.7531992687385745,0.0,0,0.5108333333333334,0.565079365079365,0.44036758635384493,0.8359374999999998
adbm_85_10,ADBM,10,13,0.13,2.0,0.3,0.3,0.4,4,0.2,0.3,1.0,1.3,1.0288411614225066,0.8919244682526197,2.5416666666666665,3.2222222222222223,1.855921454276674,2.1972245773362196,1.2352941176470589,1.0998774661296007,0.05,0.07,0.01,0.03,1.5316455696202533,0.0,0,0.43000000000000005,0.5,1.0948597849578496,1.6685956790123457
niche_85_10,Niche,10,21,0.21,3.0,0.4,0.3,0.3,2,0.1,0.5,1.1666666666666667,2.1,1.0870408678262815,0.8232573003104723,1.9755555555555557,2.2962962962962963,0.992851945536184,3.295836866004329,1.125,0.8339000340675363,0.09,0.12,0.13,0.23,3.37956204379562,0.0,0,0.6204761904761904,0.462962962962963,0.7183657722330938,0.7672921810699588
cascade_85_10,Cascade,10,14,0.14,2.0,0.2,0.3,0.5,4,0.1,0.3,0.875,1.4,0.9035079029052513,0.8384198505551909,2.9875,3.0,1.1547005383792515,2.302585092994046,1.1764705882352942,0.8780518530755131,0.1,0.03,0.06,0.07,0.923076923076923,0.0,0,0.3426190476190476,0.20833333333333331,0.8100925873009825,1.696006944444444
random_85_10,Random,10,15,0.15,2.0,0.2,0.2,0.6,6,0.0,0.6,1.0,1.5,0.6478835438717,0.7200822998230957,4.320833333333333,3.6,1.776388345929897,2.302585092994046,1.391304347826087,0.7698003589195009,0.09,0.0,0.06,0.06,2.1211295516472624,0.5,0,0.36357142857142855,0.09259259259259259,1.856482636002227,3.522395833333333
maxent_85_10,MaxEnt,10,12,0.12,3.0,0.5,0.4,0.1,3,0.0,0.5,1.2,1.2,1.165343164633502,0.9460770203292445,2.442857142857143,3.7857142857142856,0.892582375303981,2.6390573296152584,1.1428571428571428,1.8509256943286312,0.07,0.0,0.0,0.02,1.608695652173913,0.4,2,0.18523809523809523,0.6888888888888888,0.9349597102891363,2.6959183673469393
ltm_86_10,LTM,10,27,0.27,2.0,0.3,0.2,0.5,3,0.0,0.6,1.1428571428571428,2.7,0.8911151818577079,0.6773267518195162,3.2166666666666672,4.553571428571429,1.2793529171983338,4.718498871295094,1.3157894736842106,1.106988235627649,0.09,0.1,0.04,0.1,4.418262956258157,0.6,1,0.4873448773448773,0.7555555555555555,1.5133153857640262,2.4879629629629636
atn_86_10,ATN,10,13,0.13,3.0,0.3,0.2,0.5,4,0.1,0.3,1.1428571428571428,1.3,0.7297563831157798,0.6332866171912035,2.525,4.0,0.8528028654224418,2.4849066497880004,1.903225806451613,0.9730085108210398,0.16,0.01,0.04,0.05,3.8780487804878057,0.0,0,0.5666666666666667,0.24074074074074073,0.45993310550389993,1.7006944444444443
adbm_86_10,ADBM,10,12,0.12,3.0,0.3,0.3,0.4,2,0.3,0.1,1.0,1.2,1.0243938285880985,0.9460770203292445,2.15,2.5714285714285716,0.5345224838248487,1.9459101490553132,1.2,1.191533921640401,0.07,0.04,0.03,0.04,1.1428571428571428,0.0,0,0.44000000000000006,0.380952380952381,0.28867513459481287,0.8916666666666665
niche_86_10,Niche,10,1,0.01,2.0,0.9,0.9,-0.8,1,0.1,0.0,1.0,0.1,3.162277660168379,3.162277660168379,1.1,1.0,0.0,0.0,1.0,4.2163702135578385,0.0,0.0,0.0,0.0,9.0,0.0,0,0.0,0.0,0.0,0.09999999999999999
cascade_86_10,Cascade,10,7,0.07,2.0,0.4,0.5,0.1,2,0.5,0.0,0.8333333333333334,0.7,0.9642122253007899,1.1761037176408067,1.7,1.1666666666666667,0.408248290463863,1.791759469228055,1.125,0.7377111135633174,0.01,0.0,0.02,0.01,1.0689655172413792,0.0,0,0.3,0.0,0.0,0.45555555555555544
random_86_10,Random,10,6,0.06,2.0,0.5,0.5,0.0,3,0.3,0.1,1.0,0.6,1.165343164633502,1.165343164633502,1.7,1.5,1.0,1.3862943611198906,1.0,1.3146843962443593,0.02,0.0,0.01,0.01,1.2222222222222223,0.0,0,0.2,0.0,0.5773502691896257,0.6777777777777777
maxent_86_10,MaxEnt,10,1,0.01,2.0,0.9,0.9,-0.8,1,0.1,0.0,1.0,0.1,3.162277660168379,3.162277660168379,1.1,1.0,0.0,0.0,1.0,4.2163702135578385,0.0,0.0,0.0,0.0,9.0,0.0,0,0.0,0.0,0.0,0.09999999999999999
ltm_87_10,LTM,10,25,0.25,2.0,0.2,0.0,0.8,2,0.0,0.8,1.25,2.5,0.6036923425424944,0.339934634239519,4.7958333333333325,NaN,NaN,0.0,1.2424242424242424,0.5962847939999439,0.03,0.02,0.01,0.01,0.9310344827586208,0.8,1,0.45730158730158726,0.8099999999999999,1.622669268691422,7.588522376543204
atn_87_10,ATN,10,15,0.15,2.0,0.5,0.2,0.3,1,0.3,0.2,1.6,1.5,1.1439589045541112,0.7200822998230957,1.575,1.5833333333333333,0.5149286505444373,2.4849066497880004,1.0,0.5443310539518174,0.0,0.07,0.02,0.1,1.727272727272727,0.0,0,0.86,0.7333333333333334,0.3415650255319866,0.3895833333333333
adbm_87_10,ADBM,10,16,0.16,2.0,0.2,0.2,0.6,4,0.2,0.3,1.0,1.6,0.9860132971832694,0.843685697138191,3.1399999999999997,3.7,2.0027758514399734,2.302585092994046,1.1578947368421053,0.8740073734751264,0.06,0.09,0.04,0.07,0.9961977186311786,0.0,0,0.5599999999999999,0.44814814814814813,1.3038404810405297,2.3737777777777773
niche_87_10,Niche,10,19,0.19,3.0,0.2,0.2,0.6,2,0.1,0.5,1.0,1.9,0.9752240076973542,0.802044171976313,2.7166666666666663,3.388888888888889,0.9164438231805327,2.8903717578961645,1.1363636363636365,0.9862083735126455,0.15,0.11,0.08,0.13,1.1739130434782608,0.0,0,0.4735714285714286,0.5518518518518518,0.5375178495608227,1.3224537037037036
cascade_87_10,Cascade,10,26,0.26,3.0,0.3,0.2,0.5,3,0.1,0.6,1.1428571428571428,2.6,0.8733018649193025,0.658729875828981,2.2305555555555556,3.4262295081967213,1.2035920736617622,4.110873864173311,1.1333333333333333,0.595843591724218,0.17,0.25,0.09,0.19,1.5423728813559319,0.0,6,0.4025793650793651,0.6904761904761905,0.7088673200909161,0.8556327160493825
random_87_10,Random,10,21,0.21,2.0,0.2,0.1,0.7,4,0.0,0.7,1.125,2.1,0.7595864199368507,0.6525334854315704,5.062686567164179,4.78125,1.2110878873837942,3.4657359027997265,1.3870967741935485,0.892283766511441,0.18,0.08,0.09,0.1,2.631123919308358,0.7,2,0.37341269841269836,0.4962962962962963,1.8253234753912126,5.421341055914457
maxent_87_10,MaxEnt,10,6,0.06,2.0,0.5,0.6,-0.1,3,0.2,0.1,0.8,0.6,1.165343164633502,1.405456737852613,1.9,2.0,1.1547005383792515,1.3862943611198906,1.0,1.7213259316477407,0.03,0.0,0.02,0.01,1.2222222222222223,0.0,0,0.2,0.0,0.5773502691896257,1.2111111111111112
ltm_88_10,LTM,10,31,0.31,2.0,0.3,0.0,0.7,3,0.1,0.5,1.4285714285714286,3.1,0.9429316674577958,0.41505933474448997,2.5079365079365075,NaN,NaN,0.0,1.225,0.6415670490398407,0.13,0.26,0.08,0.3,2.3950617283950617,0.5,0,0.716984126984127,0.5835714285714285,1.076576829211144,1.3402690294224684
atn_88_10,ATN,10,9,0.09,4.0,0.4,0.3,0.3,3,0.3,0.1,1.1666666666666667,0.9,1.104921028901948,0.8198497637473576,1.9333333333333331,2.2,1.0954451150103321,1.6094379124341003,1.4285714285714286,1.1475506210984938,0.06,0.0,0.02,0.04,1.7149321266968327,0.0,0,0.31666666666666665,0.0,0.5443310539518174,0.859259259259259
adbm_88_10,ADBM,10,14,0.14,2.0,0.4,0.1,0.5,4,0.1,0.2,1.5,1.4,1.55036386629521,0.6023386019368343,2.457142857142857,2.888888888888889,1.6914819275153699,2.1972245773362196,1.2777777777777777,1.3384256497671616,0.06,0.05,0.01,0.19,2.5175879396984926,0.0,0,0.5666666666666667,0.48639455782312924,1.1866605518454392,1.931065759637188
niche_88_10,Niche,10,12,0.12,2.0,0.3,0.4,0.3,2,0.2,0.3,0.8571428571428571,1.2,0.9460770203292446,0.9460770203292445,2.1611111111111105,2.1666666666666665,0.7177405625652734,2.4849066497880004,1.2,1.1915339216404008,0.1,0.02,0.05,0.05,1.3204419889502765,0.0,0,0.37,0.26666666666666666,0.4581228472908511,0.8912551440329215
cascade_88_10,Cascade,10,19,0.19,2.0,0.1,0.4,0.5,2,0.2,0.5,0.6666666666666666,1.9,0.5792131234813747,0.9752240076973542,2.6833333333333336,2.739130434782609,0.7518094115561123,3.1354942159291497,1.173913043478261,0.7766997761817073,0.18,0.07,0.17,0.07,1.101050525262631,0.0,3,0.3875,0.34444444444444444,0.4926358274420692,0.6838477366255142
random_88_10,Random,10,15,0.15,5.0,0.2,0.0,0.8,6,0.0,0.5,1.25,1.5,0.7856742013183862,0.47140452079103173,5.186363636363637,NaN,NaN,0.0,1.7352941176470589,0.9428090415820635,0.09,0.01,0.03,0.05,1.6959164794502444,0.7,0,0.31333333333333335,0.45833333333333337,1.658104729733873,5.409297520661157
maxent_88_10,MaxEnt,10,9,0.09,2.0,0.4,0.5,0.1,2,0.3,0.2,0.8333333333333334,0.9,1.104921028901948,1.222783260682902,1.7833333333333332,1.4285714285714286,0.5345224838248488,1.9459101490553132,1.0,1.1475506210984938,0.02,0.01,0.04,0.03,1.0689655172413792,0.0,0,0.24166666666666664,0.3888888888888889,0.36004114991154784,0.5435185185185185
ltm_89_10,LTM,10,31,0.31,2.0,0.2,0.2,0.6,3,0.0,0.4,1.0,3.1,0.9305890977814539,0.6167582967612897,10.69285714285715,4.637931034482759,1.1033962858290611,4.060443010546419,1.375,0.8709013647878101,0.0,0.3,0.04,0.25,4.4560898023083455,0.7,0,0.7288888888888889,0.7894179894179895,4.139920741939736,26.601089695137357
atn_89_10,ATN,10,17,0.17,1.0,0.2,0.4,0.4,3,0.2,0.5,0.75,1.7,0.7362738570791603,1.1450040251495242,2.55,2.4615384615384617,0.7762500258061849,2.5649493574615367,1.15,0.9280125149960183,0.12,0.04,0.19,0.09,1.5641025641025639,0.0,0,0.6333333333333333,0.20370370370370366,0.5630217260925972,0.9385802469135801
adbm_89_10,ADBM,10,23,0.23,2.0,0.2,0.1,0.7,2,0.2,0.5,1.125,2.3,1.0258167170542836,0.9403552578265701,2.5999999999999996,3.0,0.816496580927726,2.772588722239781,1.1153846153846154,0.9436997447014321,0.11,0.17,0.19,0.23,1.8368794326241131,0.0,0,0.7011904761904761,0.49179894179894185,0.5979029375285875,1.0320987654320986
niche_89_10,Niche,10,14,0.14,2.0,0.5,0.2,0.3,2,0.3,0.2,1.6,1.4,1.656431155326294,0.8384198505551909,1.5857142857142859,1.8,0.6324555320336759,2.302585092994046,1.0,1.4599723539767517,0.01,0.07,0.02,0.2,1.9473684210526319,0.0,0,0.5166666666666667,0.6815476190476191,0.4417613170304636,0.41275510204081634
cascade_89_10,Cascade,10,9,0.09,2.0,0.5,0.3,0.2,3,0.3,0.2,1.4,0.9,1.1049210289019482,0.8198497637473576,1.625,1.7142857142857142,0.9511897312113419,1.9459101490553132,1.0,0.8764562641629061,0.04,0.0,0.02,0.04,2.333333333333333,0.0,0,0.32500000000000007,0.0,0.42491829279939874,0.4895833333333333
random_89_10,Random,10,12,0.12,1.0,0.3,0.3,0.4,4,0.0,0.4,1.0,1.2,0.8606629658238704,0.8606629658238704,5.699999999999998,4.0,1.0,1.0986122886681098,1.8571428571428572,1.5315609724544692,0.06,0.0,0.03,0.02,3.550430912018184,0.6,0,0.255,0.18095238095238098,2.4228847208173914,12.430864197530859
maxent_89_10,MaxEnt,10,10,0.1,1.0,0.3,0.5,0.2,4,0.0,0.0,0.7142857142857143,1.0,0.816496580927726,1.1547005383792515,1.0928735095752402e17,NaN,NaN,0.0,1.4666666666666666,1.699673171197595,0.07,0.01,0.02,0.0,1.6239067055393586,0.5,1,0.15833333333333333,0.5,1.0,5.687488133006203e33
ltm_90_10,LTM,10,16,0.16,1.0,0.3,0.2,0.5,5,0.0,0.5,1.1428571428571428,1.6,0.9409658158863512,0.7905694150420948,26.0,NaN,NaN,0.0,1.6071428571428572,1.4373490258883617,0.1,0.02,0.03,0.04,1.99636803874092,0.7,0,0.33999999999999997,0.5476190476190476,9.096702699330127,329.3333333333333
atn_90_10,ATN,10,10,0.1,1.0,0.3,0.4,0.3,5,0.1,0.1,0.8571428571428571,1.0,0.9428090415820634,1.0540925533894598,2.966666666666667,3.6,1.3416407864998738,1.6094379124341003,1.1666666666666667,1.4142135623730951,0.08,0.02,0.03,0.02,1.2222222222222223,0.0,0,0.31666666666666665,0.27777777777777773,0.25819888974716115,3.0481481481481487
adbm_90_10,ADBM,10,14,0.14,1.0,0.3,0.3,0.4,3,0.1,0.2,1.0,1.4,1.2233554836823934,0.9035079029052513,2.82,4.0,0.7559289460184544,2.0794415416798357,1.125,1.3801311186847085,0.08,0.08,0.02,0.08,1.4291497975708503,0.0,0,0.4533333333333333,0.5761904761904761,0.4472135954999579,2.201777777777778
niche_90_10,Niche,10,33,0.33,2.0,0.2,0.1,0.7,1,0.3,0.5,1.125,3.3,0.9902081562143411,0.7290942397017612,2.1416666666666666,2.9545454545454546,0.9389391701956499,3.784189633918261,1.0,0.556931262710716,0.0,0.5,0.14,0.36,1.8015564202334633,0.0,0,0.7847619047619048,0.7995238095238095,0.5428686051744935,0.5086076817558296
cascade_90_10,Cascade,10,26,0.26,2.0,0.1,0.3,0.6,3,0.2,0.7,0.7777777777777778,2.6,0.6832262868961142,0.910166120476864,2.681712962962963,3.4130434782608696,1.1465133028548724,3.828641396489095,1.2352941176470589,0.6975113081402792,0.16,0.27,0.19,0.08,1.6548672566371683,0.0,4,0.4626190476190476,0.7490476190476191,0.6001049873413937,0.6770157583638166
random_90_10,Random,10,28,0.28,2.0,0.1,0.0,0.9,4,0.1,0.8,1.1111111111111112,2.8,0.5532833351724882,0.40546158014110484,4.658891838088918,NaN,NaN,0.0,1.537037037037037,0.5880518588204033,0.22,0.12,0.08,0.09,3.4505391759645945,0.8,10,0.32297785547785546,0.542142857142857,1.5405103682095311,3.2377200396527464
maxent_90_10,MaxEnt,10,21,0.21,1.0,0.2,0.3,0.5,4,0.0,0.0,0.875,2.1,0.7256590127404737,1.01512869557584,8.006399337547549e16,NaN,NaN,0.0,1.375,1.2254132740075419,0.08,0.11,0.1,0.03,3.347007903650734,0.6,4,0.3114285714285714,0.6916666666666667,1.0,1.7806230653411615e33
ltm_91_10,LTM,10,11,0.11,1.0,0.3,0.4,0.3,2,0.3,0.3,0.8571428571428571,1.1,0.7959954870644663,1.3853490243227222,1.975,1.8571428571428572,0.6900655593423543,1.9459101490553132,1.0,1.196873797462515,0.04,0.02,0.09,0.02,1.0,0.0,0,0.4333333333333334,0.275,0.4395245364957663,0.5618055555555556
atn_91_10,ATN,10,10,0.1,4.0,0.4,0.4,0.2,3,0.2,0.3,1.0,1.0,1.0540925533894598,1.0540925533894598,2.333333333333333,3.4285714285714284,1.2724180205607036,1.9459101490553132,1.4666666666666666,1.5634719199411433,0.06,0.05,0.0,0.0,1.8426395939086295,0.0,0,0.23666666666666666,0.7333333333333333,0.3763863263545405,1.9861111111111112
adbm_91_10,ADBM,10,18,0.18,3.0,0.2,0.3,0.5,2,0.3,0.4,0.875,1.8,0.9369711585684087,0.9728833730787926,2.67,3.6666666666666665,1.3719886811400708,2.8903717578961645,1.1818181818181819,1.1475506210984938,0.05,0.2,0.01,0.0,1.3026315789473681,0.0,0,0.5904761904761904,0.8095238095238095,0.5916079783099616,1.5195555555555555
niche_91_10,Niche,10,25,0.25,3.0,0.4,0.3,0.3,2,0.1,0.5,1.1666666666666667,2.5,1.0198039027185568,0.7831560082980487,1.7966666666666664,1.8666666666666667,0.6288102248298564,3.4011973816621555,1.1666666666666667,0.5333333333333333,0.11,0.13,0.23,0.35,4.506883604505632,0.0,0,0.7985714285714285,0.3938095238095238,0.4610133765232125,0.5186296296296294
cascade_91_10,Cascade,10,19,0.19,3.0,0.3,0.2,0.5,2,0.2,0.5,1.1428571428571428,1.9,0.9431354425063588,0.8754368385876947,1.9966666666666666,2.3333333333333335,0.7669649888473704,2.8903717578961645,1.24,0.8153649149910353,0.11,0.09,0.12,0.14,2.235294117647058,0.0,2,0.4545238095238095,0.437037037037037,0.5225891457011697,0.5677037037037036
random_91_10,Random,10,18,0.18,3.0,0.1,0.1,0.8,4,0.1,0.6,1.0,1.8,0.6307180135528297,0.6829292190587324,3.725,4.625,1.5979898086569353,2.0794415416798357,1.3571428571428572,0.7943559477602672,0.13,0.02,0.1,0.07,1.4432809773123907,0.5,2,0.3794444444444444,0.2033333333333333,1.3648616128466,2.1868055555555554
maxent_91_10,MaxEnt,10,6,0.06,2.0,0.5,0.7,-0.2,2,0.2,0.1,0.6,0.6,1.165343164633502,1.7916128329552332,1.75,1.6,0.5477225575051661,1.6094379124341003,1.1428571428571428,2.0487876571761974,0.03,0.0,0.04,0.01,1.608695652173913,0.0,0,0.34,0.0,0.28867513459481287,0.7361111111111112
ltm_92_10,LTM,10,28,0.28,2.0,0.3,0.0,0.7,3,0.1,0.6,1.4285714285714286,2.8,0.9343531843023135,0.32819163695452913,2.3313419527418633,NaN,NaN,0.0,1.2222222222222223,0.7751819331476051,0.15,0.1,0.05,0.19,3.468206988734008,0.5,5,0.546111111111111,0.608095238095238,0.9049589618648856,1.017743518520911
atn_92_10,ATN,10,10,0.1,2.0,0.5,0.4,0.1,3,0.1,0.3,1.2,1.0,1.247219128924647,0.9428090415820634,1.8111111111111113,2.3333333333333335,1.0,2.1972245773362196,1.3333333333333333,1.49071198499986,0.07,0.02,0.02,0.05,2.8443935926773456,0.0,0,0.28,0.5047619047619047,0.5235208439728777,0.9082304526748973
adbm_92_10,ADBM,10,11,0.11,3.0,0.4,0.3,0.3,3,0.2,0.1,1.1666666666666667,1.1,1.3853490243227227,0.9040262963743211,2.16,2.5714285714285716,1.2724180205607036,1.9459101490553132,1.2142857142857142,1.4721160971504386,0.05,0.04,0.01,0.07,2.02158273381295,0.0,0,0.325,0.5466666666666666,0.6875516509523286,1.3671111111111118
niche_92_10,Niche,10,4,0.04,2.0,0.6,0.7,-0.3,2,0.3,0.0,0.75,0.4,1.2909944487358056,1.7480147469502527,1.5,1.3333333333333333,0.5773502691896257,1.0986122886681098,1.2,1.9720265943665387,0.01,0.0,0.01,0.0,2.0,0.0,0,0.1,0.0,0.0,0.5
cascade_92_10,Cascade,10,4,0.04,2.0,0.6,0.8,-0.4,1,0.4,0.0,0.5,0.4,1.2909944487358056,2.41522945769824,1.4,1.0,0.0,1.3862943611198906,1.0,2.2973414586817036,0.0,0.0,0.03,0.0,1.5,0.0,0,0.3,0.0,0.0,0.2666666666666667
random_92_10,Random,10,6,0.06,2.0,0.5,0.5,0.0,3,0.2,0.1,1.0,0.6,1.165343164633502,1.1653431646335017,1.85,2.0,1.0,1.0986122886681098,1.1428571428571428,1.5315609724544692,0.03,0.0,0.01,0.01,1.608695652173913,0.0,0,0.13333333333333333,0.0,0.28867513459481287,1.113888888888889
maxent_92_10,MaxEnt,10,4,0.04,2.0,0.6,0.6,-0.2,3,0.2,0.0,1.0,0.4,1.2909944487358056,1.2909944487358056,1.7,2.0,1.4142135623730951,0.6931471805599453,1.5714285714285714,1.9720265943665387,0.02,0.0,0.0,0.0,3.0,0.0,0,0.0,0.0,0.0,1.1222222222222222
ltm_93_10,LTM,10,20,0.2,2.0,0.2,0.2,0.6,3,0.0,0.6,1.0,2.0,0.816496580927726,0.6666666666666666,4.695,3.25,1.2382783747337807,2.772588722239781,1.1666666666666667,0.6236095644623235,0.18,0.06,0.12,0.16,2.1484257871064467,0.3,0,0.5883333333333335,0.3433333333333333,2.039301350953311,4.337888888888888
atn_93_10,ATN,10,14,0.14,2.0,0.2,0.2,0.6,4,0.1,0.4,1.0,1.4,0.838419850555191,0.838419850555191,3.15,4.5,0.8574929257125442,2.8903717578961645,1.1764705882352942,0.9404008408634048,0.1,0.05,0.04,0.04,1.1818181818181817,0.0,0,0.5533333333333333,0.6124999999999999,0.4629100498862757,2.7249999999999996
adbm_93_10,ADBM,10,28,0.28,2.0,0.2,0.2,0.6,3,0.1,0.4,1.0,2.8,1.0073426572050561,0.710306375722681,3.028571428571429,4.0,1.3204505835470495,3.6888794541139363,1.096774193548387,0.7377111135633174,0.09,0.35,0.08,0.26,2.090507726269316,0.0,0,0.7095238095238096,0.7166666666666667,0.9541649956911371,1.6320819685899053
niche_93_10,Niche,10,24,0.24,2.0,0.3,0.4,0.3,2,0.1,0.5,0.8571428571428571,2.4,1.0053867261585478,0.9662515072736715,2.0416666666666665,1.9333333333333333,0.639683829949492,3.4011973816621555,1.0,0.8286907716764611,0.04,0.21,0.2,0.22,2.0,0.0,0,0.7642857142857143,0.6402116402116402,0.5068968775248517,0.6222993827160495
cascade_93_10,Cascade,10,24,0.24,2.0,0.3,0.2,0.5,2,0.2,0.5,1.1428571428571428,2.4,0.8827915878928169,0.8146043499230655,2.0229166666666663,3.0681818181818183,1.0868714922160605,3.784189633918261,1.1724137931034482,0.7296625298090943,0.12,0.22,0.12,0.15,3.0000000000000004,0.0,3,0.44992063492063483,0.71,0.5888155909572376,0.5894611625514404
random_93_10,Random,10,27,0.27,3.0,0.1,0.1,0.8,4,0.1,0.8,1.0,2.7,0.5534941178138245,0.6773267518195162,4.763706739526411,4.796296296296297,1.0529317494703194,3.9889840465642745,1.4523809523809523,0.6806937655353196,0.16,0.09,0.14,0.08,2.9133473095737252,0.5,6,0.36177489177489175,0.509047619047619,1.5627101668205106,3.5325298656201447
maxent_93_10,MaxEnt,10,23,0.23,1.0,0.0,0.4,0.6,4,0.0,0.0,0.6,2.3,0.5041312211862634,1.1603257334056867,3.783023686991217e16,NaN,NaN,0.0,1.393939393939394,1.0490991925132673,0.13,0.12,0.27,0.04,2.1308237048080505,0.5,2,0.46301587301587305,0.5841269841269843,1.0,71.11111111111111
ltm_94_10,LTM,10,5,0.05,2.0,0.6,0.6,-0.2,3,0.1,0.1,1.0,0.5,1.4142135623730951,1.4142135623730951,1.8,2.3333333333333335,1.1547005383792515,1.0986122886681098,1.1666666666666667,2.1081851067789197,0.03,0.0,0.01,0.01,2.5294117647058827,0.0,0,0.16666666666666666,0.0,0.6324555320336759,1.2888888888888888
atn_94_10,ATN,10,11,0.11,2.0,0.3,0.1,0.6,6,0.1,0.3,1.2857142857142858,1.1,0.904026296374321,0.5160420110886789,2.7416666666666667,5.0,1.4142135623730951,1.3862943611198906,1.5263157894736843,0.9389050536260403,0.09,0.02,0.0,0.03,2.5876993166287017,0.0,0,0.275,0.3571428571428571,0.7186196082867079,2.3695216049382726
adbm_94_10,ADBM,10,15,0.15,3.0,0.3,0.2,0.5,3,0.2,0.3,1.1428571428571428,1.5,1.1439589045541112,0.7856742013183862,2.27,2.8181818181818183,1.1677484162422844,2.3978952727983707,1.2105263157894737,1.0886621079036347,0.05,0.1,0.0,0.07,1.8767123287671232,0.0,0,0.3733333333333333,0.6523809523809524,0.7438637868140466,0.9928888888888887
niche_94_10,Niche,10,24,0.24,2.0,0.4,0.2,0.4,2,0.2,0.3,1.3333333333333333,2.4,1.2139874101895642,0.6273105439242342,1.8975000000000002,2.1875,0.7378040652569471,3.4657359027997265,1.0769230769230769,0.8050764858994133,0.08,0.18,0.09,0.37,3.123711340206186,0.0,0,0.7666666666666667,0.5328571428571428,0.5991313156006229,0.7022847222222223
cascade_94_10,Cascade,10,20,0.2,3.0,0.2,0.2,0.6,2,0.3,0.4,1.0,2.0,0.6666666666666666,0.7817359599705717,2.2666666666666666,2.9444444444444446,0.802365782965103,2.8903717578961645,1.2,0.47140452079103173,0.19,0.06,0.15,0.12,2.0612244897959187,0.0,3,0.4416666666666666,0.25666666666666665,0.36609804394147993,0.7126543209876544
random_94_10,Random,10,15,0.15,3.0,0.1,0.3,0.6,5,0.0,0.5,0.7777777777777778,1.5,0.5665577237325317,0.90267093384844,5.24,3.75,1.1381803659589922,2.4849066497880004,1.48,0.9938079899999065,0.14,0.04,0.08,0.03,1.960526315789474,0.4,1,0.2576190476190476,0.3166666666666666,1.3007690033207282,3.0848888888888895
maxent_94_10,MaxEnt,10,23,0.23,2.0,0.3,0.1,0.6,3,0.1,0.6,1.2857142857142858,2.3,0.9177472579123227,0.795122708657693,2.2031746031746033,3.78125,1.4532360996377438,3.4657359027997265,1.2903225806451613,0.6859222936927092,0.07,0.12,0.15,0.17,3.324695383559293,0.2,5,0.42976190476190473,0.4703703703703705,0.8182656321231658,0.8146636432350718
ltm_95_10,LTM,10,15,0.15,3.0,0.4,0.3,0.3,2,0.2,0.4,1.1666666666666667,1.5,1.0999438818457405,0.8461970117626564,1.8,1.8571428571428572,0.7703288865196432,2.6390573296152584,1.0625,0.831479419283098,0.04,0.06,0.05,0.1,2.3600000000000003,0.0,0,0.6907142857142856,0.7133333333333334,0.4830458915396479,0.511111111111111
atn_95_10,ATN,10,14,0.14,2.0,0.5,0.1,0.4,4,0.1,0.3,1.8,1.4,1.2688488185213551,0.49943278484292936,1.853333333333333,3.0714285714285716,1.2688144505364485,2.6390573296152584,1.4545454545454546,1.156662647761059,0.1,0.05,0.0,0.12,3.537121906507791,0.0,0,0.6495238095238095,0.5916666666666667,0.7876023491061085,0.8946172839506171
adbm_95_10,ADBM,10,18,0.18,2.0,0.3,0.2,0.5,3,0.1,0.2,1.1428571428571428,1.8,1.1944085553034889,0.6829292190587324,2.576666666666667,3.642857142857143,1.1507283885330302,2.6390573296152584,1.2608695652173914,1.1172668984443228,0.12,0.11,0.03,0.17,3.0133779264214047,0.0,0,0.55,0.5333333333333333,0.7613341116944844,1.5313703703703703
niche_95_10,Niche,10,33,0.33,2.0,0.1,0.2,0.7,2,0.1,0.7,0.8888888888888888,3.3,0.7830726239722953,0.7565649822656164,3.314824263038548,4.097222222222222,1.076767753506844,4.276666119016055,1.0571428571428572,0.4989530923324633,0.13,0.5,0.16,0.18,1.6184538653366582,0.0,0,0.6728571428571428,0.7926190476190477,0.7581761383486879,1.2362855792039664
cascade_95_10,Cascade,10,19,0.19,3.0,0.3,0.2,0.5,3,0.2,0.4,1.1428571428571428,1.9,0.8754368385876947,0.8020441719763131,2.173611111111111,2.875,0.9418581497197699,3.4657359027997265,1.4,0.8876568870648083,0.16,0.1,0.09,0.11,3.630650496141124,0.0,5,0.32738095238095233,0.6466666666666667,0.5965503496672424,0.9210069444444444
random_95_10,Random,10,24,0.24,1.0,0.0,0.0,1.0,5,0.0,0.7,1.0,2.4,0.4479032082388084,0.48907824615719464,-6.124724548776757e16,NaN,NaN,0.0,1.5833333333333333,0.6454972243679027,0.19,0.02,0.1,0.08,1.610759493670886,1.0,5,0.33251082251082253,0.3,5.066228051190222,49.77777777777778
maxent_95_10,MaxEnt,10,21,0.21,2.0,0.2,0.4,0.4,2,0.1,0.5,0.75,2.1,0.8232573003104723,1.154482320378932,2.6366666666666667,3.25,1.224744871391589,3.1780538303479458,1.125,1.1178931340735878,0.08,0.21,0.17,0.04,1.3945267958950969,0.0,2,0.40507936507936504,0.7663690476190477,0.7226494462892933,0.932148148148148
ltm_96_10,LTM,10,14,0.14,2.0,0.6,0.3,0.1,2,0.2,0.2,1.75,1.4,1.4754222271266353,0.8384198505551909,1.53,1.7692307692307692,0.7250110520819841,2.5649493574615367,1.2222222222222223,1.2953781436890899,0.06,0.03,0.06,0.19,4.0,0.0,0,0.6214285714285713,0.29583333333333334,0.24201534780139164,0.560111111111111
atn_96_10,ATN,10,14,0.14,2.0,0.3,0.1,0.6,5,0.1,0.4,1.2857142857142858,1.4,0.96421222530079,0.49943278484292936,2.6875000000000004,3.8181818181818183,1.7786613965666325,2.3978952727983707,1.125,0.9404008408634048,0.12,0.05,0.0,0.06,1.6431718061674008,0.0,0,0.4916666666666667,0.6444444444444444,1.121688247156724,1.8214699074074074
adbm_96_10,ADBM,10,26,0.26,1.0,0.1,0.1,0.8,4,0.1,0.5,1.0,2.6,0.945594303312091,0.7944581222989574,4.007619047619047,5.08,0.8621678104251708,3.2188758248682006,1.1666666666666667,0.8657406674940581,0.08,0.36,0.04,0.12,1.5202520252025205,0.0,0,0.6161111111111112,0.7671957671957671,0.6331790828160316,2.342873267825649
niche_96_10,Niche,10,8,0.08,3.0,0.6,0.5,-0.1,2,0.2,0.1,1.25,0.8,1.6457014715109581,1.1486707293408518,1.55,1.7142857142857142,0.48795003647426666,1.9459101490553132,1.1111111111111112,1.8819316317727024,0.04,0.01,0.02,0.06,2.75,0.0,0,0.2833333333333333,0.26666666666666666,0.3535533905932738,0.5805555555555556
cascade_96_10,Cascade,10,12,0.12,2.0,0.4,0.4,0.2,2,0.3,0.2,1.0,1.2,1.0971343143406387,0.9460770203292446,1.8375,1.9,0.7378647873726218,2.302585092994046,1.0,1.0540925533894598,0.05,0.03,0.04,0.06,1.6666666666666665,0.0,2,0.27166666666666667,0.2708333333333333,0.375,0.6390625
random_96_10,Random,10,11,0.11,1.0,0.1,0.3,0.6,4,0.3,0.2,0.7777777777777778,1.1,0.5160420110886789,0.9040262963743211,3.0666666666666664,3.0,1.1547005383792515,1.3862943611198906,1.2142857142857142,0.9389050536260403,0.06,0.0,0.04,0.0,0.4285714285714286,0.2,0,0.2333333333333333,0.0,0.6356417261637282,2.0691358024691358
maxent_96_10,MaxEnt,10,9,0.09,2.0,0.4,0.4,0.2,3,0.3,0.2,1.0,0.9,0.9728833730787925,0.9728833730787924,1.9,1.5714285714285714,0.9759000729485331,1.9459101490553132,1.1,0.7027283689263065,0.03,0.0,0.03,0.03,1.6086956521739129,0.0,1,0.19166666666666665,0.0,0.6666666666666666,0.7666666666666665
ltm_97_10,LTM,10,11,0.11,2.0,0.4,0.6,0.0,2,0.0,0.3,0.6666666666666666,1.1,1.0883809088526044,1.5716730278654472,0.5194630872483221,1.0,0.0,1.0986122886681098,1.0833333333333333,1.7034508269763873,0.0,0.02,0.08,0.05,1.4793388429752068,0.2,0,0.45,0.25555555555555554,0.8399871265683599,0.699429955607605
atn_97_10,ATN,10,16,0.16,1.0,0.2,0.2,0.6,4,0.1,0.4,1.0,1.6,0.8936504412303007,0.7905694150420948,3.225,3.875,1.0878112581387147,2.772588722239781,1.7241379310344827,0.9682458365518543,0.14,0.06,0.06,0.08,2.932584269662921,0.0,0,0.55,0.36666666666666664,0.5519850541454905,2.197222222222222
adbm_97_10,ADBM,10,17,0.17,1.0,0.2,0.2,0.6,4,0.1,0.2,1.0,1.7,0.9625833496967512,0.834197936713045,3.62,5.166666666666667,0.7177405625652733,2.4849066497880004,1.6785714285714286,1.081101862909037,0.11,0.12,0.03,0.06,2.9455532051871605,0.0,0,0.5333333333333333,0.5333333333333333,0.4058397249567139,3.1884444444444444
niche_97_10,Niche,10,14,0.14,3.0,0.3,0.2,0.5,2,0.4,0.1,1.1428571428571428,1.4,1.4754222271266348,0.7678340712665287,2.0,2.0,0.8660254037844386,2.1972245773362196,1.1764705882352942,1.2508500511013043,0.04,0.05,0.03,0.17,0.8947368421052632,0.0,0,0.4149999999999999,0.5505952380952381,0.5345224838248488,0.6666666666666665
cascade_97_10,Cascade,10,13,0.13,2.0,0.4,0.5,0.1,2,0.2,0.2,0.8333333333333334,1.3,0.9628196592573635,1.0908742249324435,1.9,1.8,0.41403933560541256,2.70805020110221,1.2352941176470589,1.2135548273024854,0.1,0.02,0.09,0.07,1.459016393442623,0.0,1,0.41904761904761906,0.275,0.32025630761017426,0.7172839506172838
random_97_10,Random,10,15,0.15,3.0,0.2,0.2,0.6,2,0.1,0.3,1.0,1.5,1.1439589045541112,0.7200822998230957,1.10686274509804,2.75,0.9574271077563381,1.3862943611198906,1.2857142857142858,1.0423146132940955,0.06,0.03,0.02,0.13,1.34375,0.2,0,0.34428571428571425,0.32592592592592595,1.1747700127483465,2.0321553675936626
maxent_97_10,MaxEnt,10,5,0.05,3.0,0.7,0.6,-0.3,2,0.2,0.1,1.3333333333333333,0.5,1.699673171197595,1.4142135623730951,1.35,1.25,0.5,1.3862943611198906,1.1666666666666667,1.8856180831641265,0.01,0.0,0.01,0.02,4.7142857142857135,0.0,0,0.19999999999999998,0.0,0.31622776601683794,0.3361111111111111
ltm_98_10,LTM,10,9,0.09,4.0,0.4,0.4,0.2,3,0.1,0.2,1.0,0.9,1.104921028901948,0.9728833730787922,2.533333333333333,4.0,0.816496580927726,1.3862943611198906,1.4285714285714286,1.5537908861780023,0.07,0.02,0.01,0.02,2.0612244897959187,0.0,0,0.16999999999999998,0.3333333333333333,0.43033148291193524,2.3814814814814813
atn_98_10,ATN,10,14,0.14,2.0,0.3,0.2,0.5,4,0.1,0.5,1.1428571428571428,1.4,0.9035079029052512,0.838419850555191,2.39375,3.6666666666666665,1.3228756555322954,2.1972245773362196,1.125,1.1065666703449764,0.13,0.04,0.05,0.06,1.4242424242424243,0.0,0,0.45,0.5074074074074074,0.744398726681954,1.1319878472222222
adbm_98_10,ADBM,10,21,0.21,2.0,0.2,0.1,0.7,4,0.1,0.3,1.125,2.1,1.132448189316633,0.6127066370037709,3.222857142857143,4.176470588235294,1.509772090318894,2.833213344056216,1.125,0.892283766511441,0.11,0.16,0.03,0.21,0.8448023426061494,0.0,0,0.5946428571428571,0.5634920634920635,1.0467474729412263,1.9449863945578234
niche_98_10,Niche,10,15,0.15,2.0,0.3,0.5,0.2,2,0.5,0.1,0.7142857142857143,1.5,1.0540925533894598,1.227262335243029,1.8399999999999999,1.3076923076923077,0.48038446141526137,2.5649493574615367,1.1176470588235294,0.8888888888888888,0.02,0.02,0.17,0.13,1.3809523809523812,0.0,0,0.5333333333333333,0.1259259259259259,0.282842712474619,0.43377777777777765
cascade_98_10,Cascade,10,9,0.09,1.0,0.3,0.6,0.1,2,0.3,0.1,0.5714285714285714,0.9,0.8198497637473576,1.6101529717988265,2.15,2.1666666666666665,0.752772652709081,1.791759469228055,1.0,1.721325931647741,0.06,0.01,0.08,0.01,0.6666666666666666,0.0,0,0.42333333333333334,0.2866666666666667,0.23570226039551584,0.8916666666666667
random_98_10,Random,10,12,0.12,3.0,0.3,0.2,0.5,3,0.4,0.1,1.1428571428571428,1.2,1.0243938285880985,0.7657804862272346,2.125,2.5,1.3093073414159542,2.0794415416798357,1.25,0.8958064164776168,0.08,0.01,0.04,0.07,1.0869565217391304,0.0,0,0.35333333333333333,0.27083333333333337,0.6291528696058958,1.0451388888888888
maxent_98_10,MaxEnt,10,13,0.13,2.0,0.5,0.4,0.1,2,0.2,0.3,1.2,1.3,1.309952797378954,1.0288411614225066,1.6145833333333333,1.6363636363636365,0.6741998624632421,2.3978952727983707,1.0,1.2135548273024854,0.03,0.04,0.06,0.11,2.5294117647058827,0.0,1,0.3683333333333333,0.3619047619047619,0.4568741340445685,0.4449508101851851
ltm_99_10,LTM,10,36,0.36,3.0,0.2,0.0,0.8,3,0.0,0.7,1.25,3.6,0.6441676715157809,0.14344382763731175,5.6750000000000025,NaN,NaN,0.0,1.4,0.665121666521036,0.06,0.03,0.12,0.09,5.0152032609893125,0.8,0,0.7819444444444443,0.3638095238095238,2.3478713763747803,6.255138888888894
atn_99_10,ATN,10,19,0.19,2.0,0.4,0.2,0.4,3,0.2,0.3,1.3333333333333333,1.9,0.9431354425063588,0.677202072477852,2.0799999999999996,3.4,0.4982728791224398,3.4011973816621555,1.24,1.1040093138633176,0.24,0.1,0.06,0.13,2.1468531468531467,0.0,0,0.7625,0.42328042328042326,0.2727379051622284,1.2462222222222215
adbm_99_10,ADBM,10,7,0.07,1.0,0.4,0.4,0.2,5,0.1,0.0,1.0,0.7,0.9642122253007899,0.9642122253007899,2.9,5.0,0.0,0.6931471805599453,1.2222222222222223,1.5356681425330574,0.06,0.0,0.01,0.01,1.4,0.0,0,0.2,0.0,0.0,3.8777777777777778
niche_99_10,Niche,10,33,0.33,2.0,0.1,0.1,0.8,2,0.1,0.6,1.0,3.3,0.8926687311226548,0.6069017731636284,3.263265306122449,4.316666666666666,1.0968625003311803,4.0943445622221,1.131578947368421,0.556931262710716,0.16,0.51,0.05,0.26,1.8773393952604862,0.0,0,0.6644444444444445,0.8261904761904763,0.7460452466354756,1.1425415914665182
cascade_99_10,Cascade,10,35,0.35,2.0,0.1,0.1,0.8,2,0.1,0.8,1.0,3.5,0.7030868123920666,0.7648751621051909,2.7914682539682536,4.24,1.261059185871254,4.31748811353631,1.146341463414634,0.329914439536929,0.13,0.56,0.2,0.15,2.2752407396467182,0.0,3,0.5616666666666666,0.7867460317460317,0.7447180401115966,0.6789331293216873
random_99_10,Random,10,29,0.29,1.0,0.0,0.0,1.0,4,0.0,0.5,1.0,2.9,0.5735620666609035,0.34290652621094936,1.1483046068756432e16,NaN,NaN,0.0,1.603448275862069,0.5815683053183226,0.19,0.12,0.05,0.1,2.7059166528690617,1.0,9,0.32083333333333336,0.6166666666666666,1.5425013273341408,3.111111111111111
maxent_99_10,MaxEnt,10,20,0.2,3.0,0.3,0.2,0.5,3,0.1,0.5,1.1428571428571428,2.0,0.97182531580755,0.8498365855987975,2.351851851851852,2.8095238095238093,1.123345344008138,3.044522437723423,1.3333333333333333,0.9428090415820634,0.14,0.12,0.11,0.15,2.582089552238806,0.0,3,0.41388888888888886,0.5888888888888888,0.7085602396188514,1.0569272976680386
ltm_100_10,LTM,10,13,0.13,2.0,0.3,0.6,0.1,2,0.0,0.4,0.5714285714285714,1.3,0.8919244682526197,1.452740048637466,2.8,2.642857142857143,0.8418973861410954,2.6390573296152584,1.2777777777777777,1.7838489365052395,0.05,0.04,0.07,0.0,2.3227848101265822,0.2,0,0.34523809523809523,0.6666666666666667,0.8473185457363234,1.7333333333333332
atn_100_10,ATN,10,10,0.1,3.0,0.3,0.2,0.5,6,0.1,0.2,1.1428571428571428,1.0,0.816496580927726,0.6666666666666666,2.925,5.0,0.8944271909999159,1.791759469228055,1.4,0.9428090415820632,0.08,0.01,0.01,0.02,1.8093645484949836,0.0,0,0.3116666666666667,0.20833333333333331,0.4031128874149275,3.05625
adbm_100_10,ADBM,10,21,0.21,3.0,0.3,0.2,0.5,2,0.2,0.4,1.1428571428571428,2.1,1.154482320378932,0.8533130194105151,2.4085714285714284,3.5238095238095237,1.2891488517253398,3.044522437723423,1.125,1.1402085711789187,0.03,0.26,0.0,0.12,2.1802120141342756,0.0,0,0.4658333333333333,0.7773809523809525,0.8300120890849789,1.2919450113378683
niche_100_10,Niche,10,17,0.17,2.0,0.3,0.3,0.4,3,0.2,0.4,1.0,1.7,1.0394006494665546,0.834197936713045,2.0583333333333336,2.1176470588235294,0.7812132344290249,2.833213344056216,1.105263157894737,0.7940571267182975,0.07,0.07,0.08,0.13,2.0,0.0,0,0.45595238095238094,0.4,0.46705166191970754,0.7006944444444444
cascade_100_10,Cascade,10,21,0.21,3.0,0.3,0.3,0.4,3,0.1,0.6,1.0,2.1,0.8232573003104723,0.8232573003104723,2.2416666666666663,2.95,0.9857965671450026,3.6888794541139363,1.2222222222222223,0.892283766511441,0.17,0.16,0.09,0.09,3.460966542750929,0.0,4,0.36333333333333334,0.7185185185185186,0.6347056514340919,0.876551783264746
random_100_10,Random,10,20,0.2,1.0,0.0,0.0,1.0,5,0.0,0.4,1.0,2.0,0.3333333333333333,0.5773502691896257,4.184087491644887e16,NaN,NaN,0.0,2.018867924528302,0.816496580927726,0.11,0.0,0.01,0.02,2.9809313178237153,1.0,3,0.2663492063492064,0.27999999999999997,4.753945729601885,56.888888888888886
maxent_100_10,MaxEnt,10,14,0.14,1.0,0.3,0.5,0.2,4,0.0,0.0,0.7142857142857143,1.4,0.9035079029052513,1.3127665478181165,7.205759403792794e16,NaN,NaN,0.0,1.3157894736842106,1.8070158058105026,0.04,0.02,0.06,0.01,2.75,0.5,1,0.2833333333333333,0.7857142857142857,1.0,2.472522313588013e33
ltm_1_20,LTM,20,116,0.29,2.0,0.25,0.0,0.75,3,0.0,0.75,1.3333333333333333,5.8,0.8270566969069394,0.30943605600833735,4.852396288052235,NaN,NaN,0.0,1.610878661087866,0.9711399670473463,0.3125,0.1875,0.0775,0.39,5.101661631790136,0.75,14,0.7427269349008478,0.6944581734055418,2.00721418628337,5.33204206640321
atn_1_20,ATN,20,48,0.12,2.0,0.25,0.05,0.7,5,0.05,0.7,1.2666666666666666,2.4,0.7076234833243218,0.4948565862304679,2.992203414351852,5.520618556701031,0.7345920338475135,5.961005339623274,1.8035714285714286,0.9128709291752768,0.2425,0.0575,0.06,0.095,6.482114999320504,0.0,0,0.5792063492063492,0.2709273182957393,0.7835427146945007,2.231379421453081
adbm_1_20,ADBM,20,74,0.185,3.0,0.25,0.1,0.65,3,0.15,0.45,1.2,3.7,1.2279346941457314,0.8460797752701906,3.0069252525252526,4.603896103896104,1.4022336577636103,5.0369526024136295,1.1547619047619047,1.2257411124887905,0.035,0.415,0.0675,0.325,2.4994720761908003,0.0,0,0.6144599150849152,0.6003447170113837,1.2575611914686415,2.1344650131125182
niche_1_20,Niche,20,84,0.21,2.0,0.2,0.15,0.65,3,0.1,0.65,1.0625,4.2,1.0580478864359806,0.7433518049721576,2.6516171236171235,4.547520661157025,1.0938440818273099,6.182084906716632,1.2452830188679245,1.0230661169968374,0.195,0.425,0.1425,0.38,3.3230940722409734,0.0,0,0.6045644633144633,0.627733069399736,0.717039433422635,1.0433305919637217
cascade_1_20,Cascade,20,83,0.2075,2.0,0.15,0.15,0.7,3,0.05,0.8,1.0,4.15,0.7134235172985589,0.7983258644018085,2.78241867146164,4.532150776053215,1.2002627617384716,6.111467339502679,1.305084745762712,0.5588568142166679,0.2825,0.2375,0.35,0.2975,4.2604273790264395,0.0,40,0.42502331002331006,0.45540043290043297,0.8554863588384242,0.7946736665627984
random_1_20,Random,20,82,0.205,1.0,0.0,0.0,1.0,6,0.0,0.85,1.0,4.1,0.39486988584182026,0.5060762944632483,-5.953188626488102e16,NaN,NaN,0.0,2.0595238095238093,0.5401909437179415,0.2625,0.0575,0.17,0.1275,3.243629895468531,1.0,66,0.3083526196026196,0.3745923520923521,7.878652850056747,60.63157894736842
maxent_1_20,MaxEnt,20,47,0.1175,4.0,0.3,0.2,0.5,4,0.05,0.45,1.1428571428571428,2.35,1.0982125743451867,0.8315225774231465,3.3692116413952293,5.108333333333333,1.0128532408928592,5.480638923341991,1.5696202531645569,1.4747321808120226,0.0625,0.03,0.0375,0.1075,3.043249633712081,0.55,17,0.26944264069264073,0.37127976190476186,1.9624649277302098,6.398819860685588
ltm_2_20,LTM,20,22,0.055,3.0,0.5,0.2,0.3,4,0.15,0.2,1.6,1.1,1.2478777111877448,0.7164262960476475,1.8875,3.1578947368421053,1.2588865404147536,2.9444389791664403,1.1538461538461537,1.3707946089546397,0.055,0.0,0.0175,0.0475,2.7974683544303804,0.0,0,0.5133333333333333,0.0,0.723435267220631,1.0279788011695907
atn_2_20,ATN,20,48,0.12,3.0,0.2,0.1,0.7,5,0.05,0.7,1.125,2.4,0.7076234833243218,0.547455571109822,3.111041666666666,5.281337047353761,0.8947159566393125,5.883322388488279,1.6526315789473685,0.8719139396343283,0.23,0.0525,0.0725,0.1,4.339435428632653,0.0,0,0.6415277777777778,0.40773809523809523,0.7730259684246036,2.0774753380847946
adbm_2_20,ADBM,20,89,0.2225,3.0,0.2,0.05,0.75,3,0.2,0.4,1.1875,4.45,1.223201768418808,0.6973156229907399,2.599136661515568,4.314410480349345,1.2055472030729648,5.43372200355424,1.0918367346938775,1.0204586335708996,0.045,0.5025,0.11,0.585,1.6423077634752148,0.0,0,0.7302421271538919,0.6121794871794872,0.815291489143716,0.9998415536331953
niche_2_20,Niche,20,80,0.2,3.0,0.15,0.15,0.7,3,0.05,0.75,1.0,4.0,0.8922178162191939,0.7737468646310083,3.2320060606060608,4.653352353780313,1.0828300367678172,6.55250788703459,1.37984496124031,0.8922178162191939,0.2575,0.315,0.2125,0.2875,4.67823197969429,0.0,1,0.6051863169510229,0.6523112998112998,0.876248725445005,1.4956084411622879
cascade_2_20,Cascade,20,100,0.25,3.0,0.1,0.05,0.85,3,0.05,0.8,1.0555555555555556,5.0,0.6743417843388196,0.7920659196384046,3.0872266445360195,5.008230452674897,1.04533039041854,6.186208623900494,1.297872340425532,0.48558158293350717,0.3125,0.435,0.4375,0.335,4.421318417536629,0.0,33,0.4692314999242244,0.5715301365301364,0.8555463073033558,0.7899480458543214
random_2_20,Random,20,98,0.245,1.0,0.0,0.0,1.0,4,0.0,0.9,1.0,4.9,0.28785449753977177,0.35595167317240034,3.073431287972253e16,NaN,NaN,0.0,1.6818181818181819,0.34785372499052664,0.395,0.12,0.2,0.1775,1.9013096182556943,1.0,98,0.33545558608058607,0.41889971139971144,3.5714285714285716,12.631578947368421
maxent_2_20,MaxEnt,20,69,0.1725,3.0,0.25,0.15,0.6,5,0.0,0.65,1.1333333333333333,3.45,0.928465400349549,0.6747102065739002,3.5504618094152365,5.1938775510204085,0.9892167193084862,7.069874128458572,1.6058394160583942,1.1003246094826287,0.1475,0.08,0.12,0.1875,7.599663876107575,0.6,30,0.3466716032505506,0.47028702291860186,1.5715088255534573,2.589628348260385
ltm_3_20,LTM,20,92,0.23,3.0,0.25,0.0,0.75,4,0.0,0.7,1.3333333333333333,4.6,0.9260810476707961,0.5389975476590311,4.627416896883069,NaN,NaN,0.0,1.55,1.0756852681615046,0.21,0.105,0.2175,0.33,7.273059588353596,0.75,1,0.7448701298701298,0.45839469172802505,1.9595979978335762,4.730017161759339
atn_3_20,ATN,20,48,0.12,3.0,0.25,0.05,0.7,5,0.2,0.55,1.2666666666666666,2.4,0.8592462357015312,0.6539354547257461,2.4461941964285714,5.4010989010989015,1.018393763515786,5.204006687076795,1.548780487804878,0.795179188309445,0.145,0.07,0.0725,0.115,2.3222119684815787,0.0,0,0.7307142857142858,0.43047619047619035,0.8456818341117266,1.059311770681237
adbm_3_20,ADBM,20,49,0.1225,2.0,0.25,0.2,0.55,5,0.2,0.3,1.0666666666666667,2.45,1.391887447063508,0.8528355793440611,2.428831168831169,3.111111111111111,1.245781411871631,4.143134726391533,1.1111111111111112,1.3563127897722462,0.0225,0.16,0.0325,0.205,1.4164443747057902,0.0,0,0.6557142857142857,0.5347593582887701,1.0830106972851359,1.2278871351933551
niche_3_20,Niche,20,87,0.2175,2.0,0.1,0.25,0.65,3,0.05,0.8,0.8333333333333334,4.35,0.7796673504634158,0.8545548707316065,3.2721527226631393,4.720771850170261,1.0495182201750544,6.78105762593618,1.3524590163934427,0.8507218525141492,0.2825,0.3875,0.305,0.25,3.931784688101388,0.0,0,0.6677023629964807,0.5980808080808082,0.7075451111451715,1.2836912187261982
cascade_3_20,Cascade,20,104,0.26,2.0,0.05,0.1,0.85,3,0.05,0.85,0.9473684210526315,5.2,0.7020235910507412,0.7605788744300043,3.543678107083327,4.962264150943396,1.0371784405375815,6.455198563340122,1.2061068702290076,0.41574433367275465,0.3125,0.4625,0.455,0.4,3.5020716950794664,0.0,32,0.4637473072593042,0.5635592185592184,0.8240039423106904,0.8300210230163588
random_3_20,Random,20,94,0.235,1.0,0.0,0.0,1.0,4,0.0,1.0,1.0,4.7,0.3170892852640828,0.41475720616208356,-9.081562199324895e17,NaN,NaN,0.0,1.9407407407407407,0.43329976184493446,0.2975,0.0925,0.1675,0.145,2.9462724134022236,1.0,92,0.30106964500927347,0.40349567099567096,219.25905207058983,33630.31578947369
maxent_3_20,MaxEnt,20,81,0.2025,1.0,0.1,0.1,0.8,5,0.0,0.75,1.0,4.05,0.7661863018046403,0.845808245557321,40.047474944401145,5.625407166123779,0.7138266209557336,5.726847747587197,1.736842105263158,1.3686746440726743,0.175,0.09,0.1225,0.105,5.2024110137067145,0.8,35,0.3391688213747038,0.6605394605394606,8.137042656487782,184.20324883465372
ltm_4_20,LTM,20,109,0.2725,3.0,0.2,0.05,0.75,3,0.05,0.75,1.1875,5.45,0.6799944183097679,0.5239893830918282,4.43747616962168,5.684467600130251,0.6161936963891099,9.128370809108931,1.6577777777777778,0.8907764808947842,0.2775,0.17,0.1025,0.1875,10.022170516452174,0.7,6,0.5928314040620541,0.6688714063714063,1.7786478398920267,3.857943135184149
atn_4_20,ATN,20,50,0.125,2.0,0.3,0.1,0.6,5,0.1,0.6,1.2857142857142858,2.5,0.751139485259422,0.6155870112510924,2.4659687499999996,5.684426229508197,0.7098625244240236,6.1903154058531475,1.2753623188405796,0.8104579602071645,0.1825,0.0875,0.0625,0.09,2.0940780551509364,0.0,0,0.7267748917748919,0.4247619047619048,0.817995141447852,1.3276099847519185
adbm_4_20,ADBM,20,56,0.14,2.0,0.3,0.2,0.5,5,0.1,0.35,1.1428571428571428,2.8,1.3292544125309809,0.9313146293146641,3.215198863636364,3.2686567164179103,1.5626520731061646,4.204692619390966,1.2714285714285714,1.3729784475368303,0.0325,0.22,0.0675,0.235,2.513739622884356,0.0,0,0.5777308802308802,0.4583333333333333,1.7849543533170042,3.2043928363894634
niche_4_20,Niche,20,46,0.115,3.0,0.4,0.3,0.3,3,0.15,0.4,1.1666666666666667,2.3,1.2142817429364297,0.882061243119361,1.9311933106575965,2.8181818181818183,1.1197850219117087,4.477336814478207,1.2923076923076924,1.2248870250179436,0.11,0.06,0.1125,0.2,3.9122417064244948,0.0,0,0.658888888888889,0.39394841269841274,0.5779794340463885,0.7871693466318179
cascade_4_20,Cascade,20,61,0.1525,2.0,0.1,0.15,0.75,3,0.2,0.65,0.9444444444444444,3.05,0.7013877126132574,0.7778820582009555,2.823893333333333,3.944954128440367,1.2082652270869287,4.6913478822291435,1.2650602409638554,0.5200406692057576,0.2025,0.08,0.21,0.185,1.7413395436927,0.0,28,0.30794191919191916,0.25912698412698415,0.7580066557971284,0.762888823630929
random_4_20,Random,20,47,0.1175,2.0,0.1,0.05,0.85,7,0.0,0.8,1.0555555555555556,2.35,0.5738248649007601,0.5216249949830849,7.115885561086967,3.75,1.164964745021435,2.0794415416798357,1.8677685950413223,0.7053271295145733,0.1425,0.025,0.06,0.0625,4.224638507618553,0.85,25,0.31880952380952376,0.2266666666666667,2.0387713873376847,6.3668465449953455
maxent_4_20,MaxEnt,20,30,0.075,3.0,0.45,0.3,0.25,5,0.0,0.4,1.2727272727272727,1.5,1.1945294407402949,1.002919714242558,2.8342105263157893,4.054054054054054,1.5517722249524977,4.30406509320417,1.5185185185185186,1.7438278792686566,0.09,0.015,0.0375,0.0575,4.898651198625101,0.25,13,0.28470238095238093,0.30429894179894185,1.5777601395326717,3.1708149066109406
ltm_5_20,LTM,20,38,0.095,2.0,0.6,0.35,0.05,4,0.05,0.3,1.625,1.9,1.5547546403030792,0.9794506197596701,1.789108669108669,3.987012987012987,1.4233671437735331,5.0369526024136295,1.4,1.9213277228757129,0.0375,0.0425,0.025,0.1275,10.549204141381283,0.25,3,0.41726190476190483,0.7047619047619048,1.0215033312946915,1.119735454600309
atn_5_20,ATN,20,57,0.1425,2.0,0.3,0.15,0.55,3,0.15,0.55,1.2142857142857142,2.85,0.9811031443356868,0.8151662151184633,2.3146880511463843,4.412322274881516,1.0261531540877922,5.351858133476067,1.123076923076923,1.1217677554136343,0.1875,0.1475,0.1125,0.17,1.284263959390863,0.0,0,0.7317586580086581,0.392977392977393,0.647172425308397,1.0763492389828737
adbm_5_20,ADBM,20,69,0.1725,2.0,0.3,0.15,0.55,4,0.05,0.35,1.2142857142857142,3.45,1.4552888209388828,0.6547537751763935,2.9018749999999995,4.493827160493828,1.5292059953296468,5.087596335232384,1.1282051282051282,1.275292973636557,0.08,0.255,0.0775,0.555,2.4270560636453267,0.0,0,0.7710470085470085,0.5504168670835337,1.1914128475339356,1.9868169316520465
niche_5_20,Niche,20,119,0.2975,2.0,0.05,0.2,0.75,3,0.2,0.65,0.8421052631578947,5.95,0.8800437338291316,0.7140385138234623,3.224735692022624,5.106796116504855,0.9265623522556842,7.96693349840484,1.2585034013605443,0.7494405893641835,0.1975,0.965,0.2,0.4225,1.9078823583433782,0.0,0,0.8486688393306039,0.7809025850692517,0.6687976888874939,1.3333887449348036
cascade_5_20,Cascade,20,111,0.2775,2.0,0.15,0.05,0.8,3,0.05,0.8,1.1176470588235294,5.55,0.7147094019961578,0.6651784550243056,2.735297598204,5.130065359477125,0.9755402968648184,7.333023014386481,1.2903225806451613,0.44482019494495345,0.405,0.5825,0.3725,0.4225,5.960900385598364,0.0,38,0.5263123518638224,0.6012223887223888,0.7816823133320695,0.8189602107644605
random_5_20,Random,20,110,0.275,1.0,0.0,0.0,1.0,3,0.0,0.95,1.0,5.5,0.28596273296619973,0.3563870708045181,-3.9847720854717096e16,NaN,NaN,0.0,1.7017543859649122,0.48285074876719114,0.415,0.175,0.205,0.195,1.9731466557030672,1.0,108,0.31759131047830735,0.5128213453213453,6.593385114850131,26.94736842105263
maxent_5_20,MaxEnt,20,71,0.1775,2.0,0.15,0.3,0.55,5,0.0,0.75,0.8235294117647058,3.55,0.7395160393651442,0.9605983789593225,5.355678225067595,5.123609394313968,1.089803700059837,6.695798917058491,1.4700854700854702,0.9624443279226241,0.1375,0.1175,0.29,0.18,5.11960460996189,0.55,35,0.3873330835830836,0.43781423255107466,2.256456146534464,4.035706500620607
ltm_6_20,LTM,20,11,0.0275,2.0,0.6,0.75,-0.35,1,0.35,0.05,0.625,0.55,1.380281190029542,2.2443200744949925,1.425,1.1,0.31622776601683794,2.302585092994046,1.0,2.2770294209574993,0.0,0.0025,0.0275,0.005,2.076923076923077,0.0,0,0.4083333333333334,0.3,0.21320071635561044,0.2967105263157894
atn_6_20,ATN,20,49,0.1225,4.0,0.3,0.2,0.5,3,0.1,0.5,1.1428571428571428,2.45,0.8630556634118469,0.8831410893235285,2.5634027777777777,3.336842105263158,0.708767679666759,4.553876891600541,1.4109589041095891,0.8774136229960567,0.095,0.0975,0.1025,0.0975,2.8841858148964925,0.0,0,0.8410714285714287,0.555026455026455,0.3769388026220524,1.6484042549951268
adbm_6_20,ADBM,20,73,0.1825,4.0,0.3,0.3,0.4,3,0.2,0.45,1.0,3.65,1.0968813112082443,1.0145556501141748,2.2949242424242424,4.131914893617021,1.15883670494722,6.152732694704104,1.1904761904761905,1.3157292259863373,0.025,0.4825,0.085,0.14,3.152902312411515,0.0,0,0.6630244755244756,0.7402020202020202,0.7989849309491194,1.0201078427818857
niche_6_20,Niche,20,66,0.165,2.0,0.3,0.1,0.6,3,0.3,0.4,1.2857142857142858,3.3,0.9332256198331292,0.7297936108358968,2.159189814814815,3.5448717948717947,0.7979243129920622,5.049856007249537,1.2903225806451613,0.807149915702911,0.2575,0.0925,0.235,0.3225,5.135373830964899,0.0,0,0.6257575757575757,0.2407306144148249,0.4345638384326013,0.9214761180375065
cascade_6_20,Cascade,20,63,0.1575,3.0,0.1,0.05,0.85,4,0.1,0.65,1.0555555555555556,3.15,0.6775575388723195,0.6775575388723195,3.2088114872685183,4.690476190476191,1.1693710153020604,4.836281906951478,1.4476190476190476,0.4841988798526493,0.2425,0.0925,0.185,0.185,2.6072885195196642,0.0,38,0.32164169164169165,0.3180952380952381,0.8377195460801043,1.0518711951018662
random_6_20,Random,20,60,0.15,1.0,0.0,0.05,0.95,5,0.0,0.75,0.95,3.0,0.40465131911125596,0.6306035352846115,5.28939742748103e16,NaN,NaN,0.0,1.7619047619047619,0.7414226880391382,0.1925,0.0275,0.1075,0.085,4.302442284549487,0.85,48,0.3020687645687645,0.30384920634920637,7.334848328356899,50.526315789473685
maxent_6_20,MaxEnt,20,42,0.105,4.0,0.25,0.25,0.5,7,0.1,0.5,1.0,2.1,0.9759000729485332,1.09136287292368,2.644265721555798,4.0,1.6686262989328067,3.9512437185814275,1.6486486486486487,1.1623237668422959,0.065,0.0475,0.1275,0.1,2.569751056834195,0.3,18,0.2859920634920635,0.3556489262371615,1.133049666860597,1.3856552623584757
ltm_7_20,LTM,20,169,0.4225,2.0,0.2,0.0,0.8,3,0.0,0.8,1.25,8.45,0.6160968975100934,0.3508000949709175,4.714409267997568,NaN,NaN,0.0,1.4310344827586208,0.588468196813934,0.1375,0.39,0.2,0.3625,1.9984374854738343,0.8,14,0.7804301738329872,0.7518570400188047,1.9880241655154898,3.7676122881561382
atn_7_20,ATN,20,47,0.1175,4.0,0.4,0.1,0.5,4,0.05,0.55,1.5,2.35,0.9391685670787077,0.57382486490076,2.3811319444444448,5.238439306358382,0.8571293880840387,6.539585955617669,1.882882882882883,1.1884459611718248,0.2325,0.07,0.0525,0.125,2.902431571468951,0.0,0,0.7823015873015874,0.3133053221288516,0.8849109228676972,1.6062662205064169
adbm_7_20,ADBM,20,65,0.1625,2.0,0.35,0.2,0.45,5,0.05,0.45,1.2307692307692308,3.25,1.3201360782231775,0.8284868934053082,3.044938568376068,4.5874125874125875,1.299547404770026,5.655991810819852,1.3953488372093024,1.370599325157231,0.07,0.32,0.035,0.3,3.7837663667654127,0.0,0,0.6033333333333333,0.6258163405222229,1.4451377210233183,2.866612083427885
niche_7_20,Niche,20,64,0.16,3.0,0.2,0.4,0.4,3,0.1,0.4,0.75,3.2,1.0614352249864827,1.0016433864825398,2.7678745791245793,3.215686274509804,0.9608932620212632,4.624972813284271,1.1578947368421053,1.030975840750173,0.1125,0.14,0.28,0.31,2.4920127331133624,0.0,0,0.6207575757575757,0.3519039602372936,0.6697908607519331,1.1586268475297306
cascade_7_20,Cascade,20,74,0.185,2.0,0.1,0.15,0.75,4,0.05,0.7,0.9444444444444444,3.7,0.7236191127609383,0.6910067239676678,3.9607801649305556,4.455,1.2310778869832306,5.298317366548036,1.5352112676056338,0.450545272144049,0.2775,0.1475,0.2575,0.2725,2.9788671937671176,0.0,36,0.35657509157509154,0.379069264069264,1.2529315932092044,1.7571017436314706
random_7_20,Random,20,71,0.1775,2.0,0.05,0.05,0.9,6,0.0,0.95,1.0,3.55,0.5443409994580575,0.5742102142908745,20.63694082580239,5.308510638297872,0.9161231516111072,4.543294782270004,1.8804347826086956,0.7014027942528863,0.1975,0.0725,0.1175,0.1275,4.15846157965269,0.9,46,0.31002011877011876,0.3916341991341991,5.102734875747242,31.131540077657604
maxent_7_20,MaxEnt,20,44,0.11,3.0,0.2,0.35,0.45,4,0.05,0.6,0.8125,2.2,0.7606000241218868,1.02809595671598,2.5465557795698923,3.4285714285714284,1.209486313629527,4.836281906951478,1.6941176470588235,1.0572971852667685,0.1175,0.0375,0.1425,0.085,3.8353357390049787,0.25,25,0.28014957264957263,0.29394319131161234,0.7245585282920433,0.8528640303692508
ltm_8_20,LTM,20,18,0.045,3.0,0.55,0.45,0.0,4,0.2,0.2,1.2222222222222223,0.9,1.243566942082812,1.2947637836148431,1.6805555555555558,2.0,1.1094003924504583,2.6390573296152584,1.32,1.6361732878702735,0.0225,0.0075,0.0225,0.02,3.8780487804878057,0.0,1,0.3751190476190476,0.19666666666666666,0.47898211690287257,0.7192576348278102
atn_8_20,ATN,20,44,0.11,3.0,0.35,0.15,0.5,5,0.05,0.6,1.3076923076923077,2.2,0.854840629057504,0.7164262960476475,2.4255555555555555,5.208144796380091,0.8944914296749725,6.091309882077698,1.6625,1.1173042808583336,0.1775,0.065,0.06,0.085,2.4963766182481835,0.0,0,0.6933333333333334,0.4384479717813051,0.7830485190363258,1.5076296296296297
adbm_8_20,ADBM,20,79,0.1975,2.0,0.3,0.15,0.55,4,0.1,0.45,1.2142857142857142,3.95,1.265756160804985,0.7941249456903889,2.583666666666667,4.212328767123288,1.2638723243925727,5.676753802268282,1.0930232558139534,1.1814663236120027,0.04,0.43,0.095,0.455,2.5692861427714457,0.0,0,0.7161471861471861,0.6282427449094116,0.9885078043823906,1.4139528070175438
niche_8_20,Niche,20,92,0.23,2.0,0.3,0.1,0.6,2,0.2,0.5,1.2857142857142858,4.6,1.1205340057596977,0.6001359577995603,2.10415521978022,4.129360465116279,1.16317021412293,6.5337888379333435,1.1636363636363636,0.8539793139123396,0.1875,0.425,0.17,0.62,3.777214303850456,0.0,0,0.7633695144724557,0.577566795949149,0.6609509688982744,0.6972739656788051
cascade_8_20,Cascade,20,79,0.1975,3.0,0.05,0.15,0.8,3,0.05,0.8,0.8947368421052632,3.95,0.611772227026243,0.7276235786135772,4.3644166201636905,5.21957671957672,0.97007633525435,5.934894195619588,1.5104895104895104,0.5316772935555751,0.3375,0.2125,0.275,0.2175,4.518401721645887,0.0,46,0.3281807775557775,0.44576839826839815,1.1696303869136224,1.6126178831603137
random_8_20,Random,20,86,0.215,1.0,0.0,0.0,1.0,5,0.0,0.6,1.0,4.3,0.4595753182177137,0.4406024738683795,1.991307922688509e16,NaN,NaN,0.0,1.696078431372549,0.6330763231429959,0.335,0.1225,0.165,0.1275,1.8755242169581103,1.0,74,0.28680728112616655,0.4170634920634921,2.4918471713934216,3.3684210526315788
maxent_8_20,MaxEnt,20,68,0.17,2.0,0.2,0.25,0.55,5,0.1,0.6,0.9375,3.4,0.8766586122006996,0.9656266843154392,2.7842892661179697,4.65564738292011,1.280922408992502,5.8944028342648505,1.3571428571428572,0.8724939396583133,0.1275,0.1425,0.29,0.255,3.4862423954014647,0.25,21,0.4046650571650572,0.3955868205868206,1.0533141246264148,1.3072295984290911
ltm_9_20,LTM,20,14,0.035,2.0,0.55,0.55,-0.1,4,0.2,0.1,1.0,0.7,1.472993546916911,1.319115024109484,1.69375,2.2222222222222223,1.2018504251546631,2.1972245773362196,1.1764705882352942,1.8769905295193894,0.015,0.005,0.01,0.015,2.5294117647058827,0.0,0,0.29083333333333333,0.35185185185185186,0.5786375623578447,0.757360197368421
atn_9_20,ATN,20,54,0.135,3.0,0.35,0.05,0.6,4,0.05,0.55,1.4615384615384615,2.7,0.8919699687994292,0.6592614495002712,2.3367526455026453,5.379310344827586,0.9698334297035935,5.765191102784844,1.6470588235294117,0.5935664512489125,0.095,0.1175,0.0725,0.135,5.7761608707351275,0.0,0,0.6784920634920636,0.5363408521303258,0.9380581052456086,1.3511865627576156
adbm_9_20,ADBM,20,79,0.1975,2.0,0.35,0.15,0.5,3,0.1,0.4,1.3076923076923077,3.95,1.31285059594448,0.7414012028565206,2.3561189903846156,4.265116279069767,1.2859564462854485,5.3706380281276624,1.1235955056179776,1.2012862164622347,0.055,0.4175,0.0775,0.5125,2.8269561896594464,0.0,0,0.648811858076564,0.699644473173885,0.9267672757479685,1.2185230905161824
niche_9_20,Niche,20,44,0.11,3.0,0.2,0.2,0.6,5,0.05,0.4,1.0,2.2,0.9848791554542083,0.7314473487616447,3.5643750000000005,4.346153846153846,1.5951472411552823,3.9512437185814275,1.5068493150684932,0.971539318420994,0.14,0.0375,0.09,0.14,2.171508315528289,0.0,0,0.5396428571428572,0.276984126984127,1.2771261239061849,2.4902841282894737
cascade_9_20,Cascade,20,68,0.17,3.0,0.1,0.15,0.75,3,0.2,0.45,0.9444444444444444,3.4,0.8714496616782815,0.7416137095486394,3.011230158730158,3.5054945054945055,1.0041428226616014,4.51085950651685,1.2696629213483146,0.519164676563581,0.1725,0.12,0.235,0.2925,1.9368762316445238,0.0,28,0.3929374791874792,0.34024170274170273,0.7773311375977368,1.0313436012319157
random_9_20,Random,20,60,0.15,3.0,0.05,0.0,0.95,6,0.0,0.8,1.0526315789473684,3.0,0.5407380704358752,0.5186577368103328,477.3187707748201,NaN,NaN,0.0,2.0125,0.772328445721233,0.185,0.0175,0.0925,0.115,3.3036422775906757,0.95,42,0.25642246642246647,0.34498746867167923,60.322916255839885,12945.965685738753
maxent_9_20,MaxEnt,20,41,0.1025,2.0,0.25,0.25,0.5,5,0.15,0.45,1.0,2.05,1.1354879086243688,1.0789319043808987,3.4865653153153153,3.575,1.6623662467884561,3.6888794541139363,1.6849315068493151,1.2451729020113795,0.0475,0.0275,0.135,0.13,3.0230903468206676,0.3,11,0.3250432900432901,0.34306599832915624,1.9271530567321755,4.713410476310236
ltm_10_20,LTM,20,103,0.2575,3.0,0.15,0.0,0.85,4,0.0,0.75,1.1764705882352942,5.15,0.6308517376519402,0.4554891004529527,7.3711330323935,NaN,NaN,0.0,1.6638655462184875,0.9346327386797209,0.215,0.035,0.14,0.1975,8.847768498522191,0.85,4,0.6499938548293812,0.4807817182817183,2.5209299786856536,7.876904378676744
atn_10_20,ATN,20,41,0.1025,2.0,0.4,0.2,0.4,3,0.25,0.3,1.3333333333333333,2.05,0.9292583532431827,0.6423874502541985,2.09,3.439189189189189,0.7020509444405116,4.997212273764115,1.35,0.9743252133994683,0.13,0.0475,0.0475,0.0925,2.2237056333441876,0.0,0,0.8101587301587301,0.46027568922305767,0.3392962587761796,1.3118245614035087
adbm_10_20,ADBM,20,78,0.195,2.0,0.2,0.15,0.65,5,0.1,0.45,1.0625,3.9,1.1127017231696916,0.8601267271638229,3.9234432234432233,4.146853146853147,1.4868344384282888,4.962844630259907,1.1149425287356323,1.1454938367227887,0.07,0.45,0.1,0.28,1.9522290410662628,0.0,0,0.6646969696969698,0.6139608757255816,1.4233747739506517,3.4577579134587038
niche_10_20,Niche,20,104,0.26,2.0,0.2,0.2,0.6,2,0.1,0.7,1.0,5.2,0.8792744949650861,0.8314886673455093,2.4571105499438834,3.889423076923077,1.074247802444359,6.030685260261263,1.087719298245614,0.7233266861255805,0.205,0.5425,0.4475,0.5,3.6364281130737277,0.0,0,0.7799705196764021,0.5729619795409269,0.61460525873125,0.7538781194964326
cascade_10_20,Cascade,20,112,0.28,2.0,0.15,0.1,0.75,3,0.05,0.8,1.0588235294117647,5.6,0.7128745458722202,0.6461901899183584,2.7973199469240924,5.114763552479816,1.0208902954854353,7.458186157340487,1.31875,0.3204873437229208,0.3925,0.5625,0.3925,0.46,6.480398115719394,0.0,37,0.5129287868993753,0.5838086913086913,0.8238693770223042,0.8428524398132415
random_10_20,Random,20,109,0.2725,1.0,0.0,0.0,1.0,3,0.0,1.0,1.0,5.45,0.2627123130876395,0.2945120341403212,4.9428987302252264e16,NaN,NaN,0.0,1.8074324324324325,0.3944336470349246,0.4,0.17,0.1875,0.1675,3.332678901100695,1.0,103,0.3657388829350904,0.5209740259740259,8.26010640356195,53.89473684210526
maxent_10_20,MaxEnt,20,76,0.19,3.0,0.2,0.15,0.65,6,0.05,0.65,1.0625,3.8,0.8648250907976307,0.8773776352278849,4.609175110188079,5.416666666666667,0.8701671079634073,6.950814768442584,1.690909090909091,1.208658079005948,0.145,0.1125,0.205,0.18,6.997355727090608,0.6,27,0.37381590631590633,0.5757546547020231,1.97917865375284,4.82411826368764
ltm_11_20,LTM,20,62,0.155,3.0,0.3,0.0,0.7,4,0.15,0.55,1.4285714285714286,3.1,1.112047849227481,0.46687760431348246,1.560016622922136,NaN,NaN,0.0,1.2771084337349397,1.1960465756565304,0.075,0.04,0.0275,0.1575,2.843074459567654,0.55,5,0.5878891941391942,0.5746031746031747,1.0052377795893908,2.0589766323176355
atn_11_20,ATN,20,47,0.1175,2.0,0.25,0.1,0.65,5,0.1,0.45,1.2,2.35,0.8315225774231464,0.6368030274960003,3.6661111111111113,5.848484848484849,0.5065655333590737,5.799092654460526,1.9489795918367347,0.927168367026898,0.1825,0.0625,0.07,0.1075,2.8634203021020386,0.0,0,0.7715909090909091,0.33081232492997203,0.9308421103550787,4.175769655620532
adbm_11_20,ADBM,20,70,0.175,2.0,0.25,0.2,0.55,4,0.1,0.45,1.0666666666666667,3.5,1.1925295574680808,0.9875704437205576,3.96062925170068,5.32258064516129,1.2116131172320466,4.127134385045092,1.1025641025641026,1.3528821126547348,0.0325,0.415,0.0875,0.2175,2.384687707002286,0.0,0,0.717948717948718,0.695114515114515,1.066944007883999,4.701904458183665
niche_11_20,Niche,20,38,0.095,2.0,0.3,0.25,0.45,4,0.1,0.45,1.0714285714285714,1.9,1.0231323594957706,0.8856471642522429,2.405,3.9384615384615387,1.3095433731472383,4.174387269895637,1.5384615384615385,1.2384471226887994,0.1075,0.0475,0.0625,0.085,2.7119875956972574,0.0,0,0.404781746031746,0.26339285714285715,0.8707226278998623,1.1265526315789476
cascade_11_20,Cascade,20,38,0.095,3.0,0.4,0.15,0.45,4,0.2,0.4,1.4166666666666667,1.9,1.1940954017776115,0.6133091606596625,1.8740972222222223,2.4634146341463414,1.1202133943050707,3.713572066704308,1.5081967213114753,0.8469390354082204,0.0675,0.02,0.055,0.145,3.6431966365299977,0.0,11,0.3397619047619048,0.1880952380952381,0.6242718305262251,0.6209734963856399
random_11_20,Random,20,36,0.09,3.0,0.15,0.25,0.6,9,0.0,0.55,0.8823529411764706,1.8,0.6887190886754287,0.7773599546061921,10.489814814814812,4.571428571428571,1.289909123240272,3.5553480614894135,1.484375,1.0416910328534201,0.0875,0.005,0.0475,0.0475,2.0436865267623867,0.55,10,0.2789285714285714,0.1478835978835979,3.146985987378299,20.369954335427035
maxent_11_20,MaxEnt,20,31,0.0775,2.0,0.4,0.4,0.2,5,0.05,0.35,1.0,1.55,1.21106315648755,1.3316801551830746,2.540625,2.945945945945946,1.2006004503753285,3.6109179126442243,1.2857142857142858,1.6334849801419713,0.0425,0.025,0.085,0.0775,2.971318257032543,0.1,5,0.3317063492063492,0.2738095238095238,1.3786608158504,2.3930224323830407
ltm_12_20,LTM,20,136,0.34,3.0,0.1,0.0,0.9,4,0.0,0.9,1.1111111111111112,6.8,0.5261336417646564,0.2682086782732328,11.600746033612946,NaN,NaN,0.0,1.5471014492753623,0.5427457393053831,0.2,0.12,0.2275,0.17,4.7904989182106394,0.9,10,0.7491165819474643,0.508585026085026,3.7485501064179862,14.19322032775852
atn_12_20,ATN,20,61,0.1525,3.0,0.25,0.05,0.7,5,0.1,0.6,1.2666666666666666,3.05,0.8993224605167655,0.5042991175543076,2.9630555555555556,5.649193548387097,0.5409720528366005,6.612041034833092,1.4270833333333333,0.9973160207531983,0.3175,0.1325,0.08,0.2025,3.980452958689635,0.0,0,0.7797510822510823,0.5034415584415584,0.5000690601972951,2.8991618745938923
adbm_12_20,ADBM,20,57,0.1425,2.0,0.25,0.25,0.5,4,0.2,0.25,1.0,2.85,1.2842952910886745,0.9610853346566762,3.0134615384615384,5.109090909090909,1.1361083950212225,4.700480365792417,1.1940298507462686,1.4493886122451283,0.0575,0.2575,0.0525,0.1925,2.240128828299067,0.0,0,0.652034632034632,0.5911384911384912,0.8426515026903866,2.539204281837306
niche_12_20,Niche,20,33,0.0825,2.0,0.35,0.2,0.45,3,0.25,0.25,1.2307692307692308,1.65,1.4216781014137614,0.6889139889506252,2.0435119047619046,2.9069767441860463,1.1087091054008131,3.7612001156935624,1.0571428571428572,1.3350720865171966,0.0575,0.0325,0.025,0.125,1.510085163603765,0.0,0,0.4375,0.29598214285714286,0.725633524269663,0.8176819243048096
cascade_12_20,Cascade,20,43,0.1075,2.0,0.15,0.25,0.6,4,0.15,0.65,0.8823529411764706,2.15,0.6960405184258609,0.8164849601029364,3.049722222222222,4.181818181818182,1.2824675797067757,4.477336814478207,1.4029850746268657,0.7999316813503075,0.1525,0.0225,0.1125,0.0925,2.0992497847743206,0.0,22,0.31960317460317456,0.20357142857142857,0.8802590510669898,1.3459077729044833
random_12_20,Random,20,40,0.1,2.0,0.05,0.15,0.8,7,0.0,0.6,0.8947368421052632,2.0,0.5848976518656018,0.6688560540599386,19.07375249500998,4.741935483870968,1.5484990998917603,3.4339872044851463,1.9021739130434783,0.8111071056538127,0.14,0.0175,0.065,0.0575,2.8836514334862926,0.7,10,0.25202380952380954,0.15880952380952382,5.977208817950521,31.370025119421843
maxent_12_20,MaxEnt,20,34,0.085,2.0,0.35,0.3,0.35,6,0.15,0.45,1.0769230769230769,1.7,1.0812890180844907,0.9172659365731279,2.3525396825396823,3.6956521739130435,1.5898227045441444,3.828641396489095,1.5555555555555556,1.271688550057838,0.0775,0.0325,0.055,0.0775,2.8459445770770513,0.15,12,0.23386002886002885,0.3389880952380952,0.9607355310697213,1.4006831629337895
ltm_13_20,LTM,20,74,0.185,3.0,0.3,0.15,0.55,4,0.0,0.65,1.2142857142857142,3.7,0.8640643521429344,0.650897004259043,3.050769571504543,5.378012048192771,0.8972191618670564,7.191429330036379,1.5866666666666667,0.9974786560207038,0.17,0.125,0.1,0.19,7.438084975769269,0.5,2,0.6187074037074036,0.6165864999198332,1.3526136991610505,2.0905270686572863
atn_13_20,ATN,20,59,0.1475,3.0,0.25,0.2,0.55,5,0.05,0.6,1.0666666666666667,2.95,0.8552717353580723,0.7251635672781135,2.6441142857142856,4.522975929978118,0.900296595567011,6.81783057145415,1.6902654867256637,1.1156394650411494,0.2775,0.155,0.0975,0.14,5.861322196269293,0.0,0,0.6615512265512266,0.5152557319223986,0.6031252860628072,1.572913060365198
adbm_13_20,ADBM,20,107,0.2675,4.0,0.25,0.1,0.65,4,0.15,0.5,1.2,5.35,1.0206774958492166,0.7653467145390025,2.3131487165178575,4.387120651369356,1.1197009849968134,7.208600337960199,1.0625,0.891480399004856,0.0125,0.8525,0.1275,0.4375,4.885725205427098,0.0,0,0.7598397435897437,0.7377740680372259,0.7256803702645047,0.8406018185311077
niche_13_20,Niche,20,64,0.16,2.0,0.1,0.2,0.7,4,0.05,0.55,0.8888888888888888,3.2,1.163097610964608,0.7761345685002393,3.3129267939814815,4.621951219512195,1.0801388108349665,5.5053315359323625,1.303370786516854,1.1217057030302227,0.165,0.1775,0.145,0.3275,1.7463894296600846,0.0,0,0.6980135387488329,0.5026844070961717,0.7228415497322047,1.3551743691152252
cascade_13_20,Cascade,20,63,0.1575,3.0,0.05,0.1,0.85,5,0.1,0.65,0.9473684210526315,3.15,0.6853413386003393,0.6203422402998077,3.7910555555555554,5.186915887850467,0.8894883386694962,5.365976015021851,1.4821428571428572,0.565081242428804,0.28,0.09,0.17,0.19,1.6334972421835745,0.0,33,0.34913364413364417,0.2752777777777778,0.8007279995217521,1.3079345565302145
random_13_20,Random,20,61,0.1525,1.0,0.05,0.1,0.85,6,0.0,0.55,0.9473684210526315,3.05,0.5042991175543076,0.5473389344752411,-9.772583969042768e16,NaN,NaN,0.0,1.8323353293413174,0.8635372282105621,0.1675,0.025,0.0975,0.0875,2.8152497086132784,0.9,44,0.3190764790764791,0.3481203007518798,10.83785109666315,5.291046949140814e32
maxent_13_20,MaxEnt,20,46,0.115,2.0,0.2,0.25,0.55,6,0.05,0.5,0.9375,2.3,1.0279159899814074,0.915274597754465,0.39723358761578476,4.923076923076923,1.4946056850708664,3.258096538021482,1.5869565217391304,1.3849971454218182,0.09,0.0525,0.08,0.1075,2.5241900475739074,0.6,14,0.251002886002886,0.47222222222222215,2.123283058499378,3.0830306574214985
ltm_14_20,LTM,20,37,0.0925,4.0,0.25,0.1,0.65,4,0.15,0.45,1.2,1.85,0.9649582974314407,0.7289126662252898,2.9530691964285714,4.785714285714286,1.130853484820562,4.430816798843313,1.6710526315789473,1.1646240753399044,0.1275,0.035,0.0475,0.08,2.4791065799181706,0.0,3,0.46908730158730155,0.3867559523809523,0.8038756617382885,2.259651188998934
atn_14_20,ATN,20,38,0.095,2.0,0.35,0.15,0.5,4,0.15,0.5,1.3076923076923077,1.9,1.008781966307614,0.7224555170034314,2.2427455357142856,4.896774193548387,1.2901937514237227,5.043425116919247,1.25,1.2732743554301043,0.1375,0.05,0.0375,0.08,2.8012357497171703,0.0,0,0.6533928571428571,0.5726551226551226,0.7822931706570341,1.1868371796189687
adbm_14_20,ADBM,20,40,0.1,2.0,0.35,0.25,0.4,5,0.15,0.2,1.1538461538461537,2.0,1.5303938261630223,0.9733285267845752,3.175461309523809,3.130434782608696,1.9610838335908898,3.1354942159291497,1.024390243902439,1.6222142113076254,0.025,0.1125,0.0275,0.16,1.2553362867498992,0.0,0,0.5102525252525252,0.545978835978836,1.920210608409316,4.240759436491153
niche_14_20,Niche,20,75,0.1875,3.0,0.3,0.1,0.6,3,0.1,0.5,1.2857142857142858,3.75,1.2077721019680814,0.5986339224429361,2.5769667658730158,4.64650059311981,1.1127938650817335,6.736966958001855,1.25,1.1130275869702086,0.24,0.27,0.1075,0.475,3.1793222259298637,0.0,0,0.7328833584715937,0.6240617715617716,0.9178454030781364,1.4269585259431958
cascade_14_20,Cascade,20,110,0.275,2.0,0.1,0.05,0.85,3,0.05,0.85,1.0555555555555556,5.5,0.6764541792563032,0.620092740261145,3.0842649608371127,5.2764423076923075,0.9032701125624996,7.416979621381154,1.2684563758389262,0.30651899288128165,0.45,0.525,0.37,0.4225,4.534660698336544,0.0,35,0.44710959383753507,0.559484126984127,0.8095397592203908,0.8723352585452964
random_14_20,Random,20,114,0.285,1.0,0.0,0.0,1.0,3,0.0,0.9,1.0,5.7,0.3513385701613541,0.3513385701613541,4.311302462183537e16,NaN,NaN,0.0,1.8243243243243243,0.41203013937712263,0.3975,0.16,0.205,0.1925,4.287661051536573,1.0,100,0.3452211103739741,0.5038897213897214,6.52256541930572,111.15789473684211
maxent_14_20,MaxEnt,20,66,0.165,3.0,0.1,0.25,0.65,8,0.05,0.7,0.8333333333333334,3.3,0.695894045488273,1.0174638617041187,3.766136640562464,4.875634517766497,1.207384078874654,5.976350909297934,1.4363636363636363,0.9552350613968635,0.13,0.095,0.2825,0.145,2.7597917226658137,0.55,33,0.37277090964590964,0.4330409356725146,1.3628434367355038,1.4862453639017617
ltm_15_20,LTM,20,31,0.0775,2.0,0.3,0.2,0.5,5,0.15,0.4,1.1428571428571428,1.55,0.8750141807587092,0.6443118346673903,2.820833333333333,5.2560975609756095,0.8862596616653677,4.406719247264253,1.5818181818181818,1.1635518443382764,0.125,0.005,0.04,0.06,2.7430676358797905,0.0,0,0.5719047619047618,0.14166666666666666,0.597967892321819,2.6557493592520394
atn_15_20,ATN,20,41,0.1025,6.0,0.3,0.15,0.55,6,0.05,0.55,1.2142857142857142,2.05,0.7988062103277371,0.5809633331281762,3.0690625,5.511792452830188,0.7243502635742383,6.049733455231958,2.174757281553398,0.9743252133994684,0.1775,0.03,0.0575,0.0875,2.939757152535307,0.0,0,0.7576190476190476,0.1596638655462185,0.9306934483037081,3.081467139528508
adbm_15_20,ADBM,20,78,0.195,2.0,0.3,0.15,0.55,4,0.05,0.4,1.2142857142857142,3.9,1.2531147393808897,0.8189086883421187,3.365891737891738,4.559210526315789,1.3007056293385904,5.0238805208462765,1.0823529411764705,1.266026708689483,0.0475,0.4825,0.0425,0.3675,2.17894304393713,0.0,0,0.6547528860028861,0.7528152403152403,1.3653193984301935,3.1967703544870414
niche_15_20,Niche,20,48,0.12,3.0,0.35,0.25,0.4,3,0.15,0.35,1.1538461538461537,2.4,1.2710220596132042,0.8267282093673488,2.1621875,3.010752688172043,1.0372897760396518,4.532599493153256,1.2203389830508475,1.2360330811826103,0.1025,0.08,0.0975,0.225,4.202312138728323,0.0,0,0.4927960927960927,0.3670767828662566,0.6615750662525282,1.0951362733004384
cascade_15_20,Cascade,20,45,0.1125,2.0,0.15,0.3,0.55,4,0.1,0.75,0.8235294117647058,2.25,0.7191793749540681,1.0080894377434617,2.759452160493827,3.5211267605633805,1.205453737093897,4.2626798770413155,1.2950819672131149,0.9176629354822471,0.1175,0.0525,0.14,0.08,1.9616571176729838,0.0,21,0.2998015873015873,0.31954887218045114,0.619262967033452,1.008939629496767
random_15_20,Random,20,49,0.1225,2.0,0.05,0.1,0.85,7,0.0,0.7,0.9473684210526315,2.45,0.5535804000718364,0.7775427037340915,13.897449684643183,5.333333333333333,0.9016696346674323,3.7376696182833684,1.7767857142857142,0.9722243533981721,0.1625,0.025,0.1175,0.08,2.7641059670913397,0.8,29,0.28761904761904755,0.31492367281840966,3.9029179037014887,18.901331713800516
maxent_15_20,MaxEnt,20,41,0.1025,3.0,0.25,0.25,0.5,6,0.05,0.5,1.0,2.05,1.0904777859081876,0.8736876432680682,4.49097162510748,4.403846153846154,1.4452032272397308,3.9512437185814275,1.6506024096385543,1.41467841106436,0.1075,0.02,0.0775,0.1075,2.4506218037786764,0.4,14,0.2732251082251082,0.22716049382716047,2.259233308208064,6.439048464148788
ltm_16_20,LTM,20,118,0.295,2.0,0.25,0.0,0.75,4,0.0,0.75,1.3333333333333333,5.9,0.6710170178765856,0.5096626026015673,3.5019974763734267,NaN,NaN,0.0,1.4162162162162162,0.7671099283924802,0.3575,0.395,0.0825,0.1875,1.2962755190076636,0.75,28,0.5816981698212348,0.7528112238638555,1.3914195789436345,2.29493334808148
atn_16_20,ATN,20,49,0.1225,3.0,0.25,0.05,0.7,6,0.1,0.6,1.2666666666666666,2.45,0.7997785703770804,0.5535804000718364,3.4901215277777773,5.708333333333333,0.8222413834197894,5.480638923341991,1.6382978723404256,0.9631633509370834,0.215,0.0825,0.05,0.0975,3.755390608226237,0.0,0,0.7410606060606061,0.4101851851851852,1.3211051504326299,3.2887334444419056
adbm_16_20,ADBM,20,67,0.1675,2.0,0.25,0.15,0.6,5,0.1,0.35,1.1333333333333333,3.35,1.2375228782370968,0.8837933124743342,3.8812755102040817,4.354166666666667,1.7683937095728253,3.871201010907891,1.1898734177215189,1.3069180714228383,0.0575,0.3425,0.0625,0.2625,2.333443566255498,0.0,0,0.708030303030303,0.6102366383616384,1.477064003107048,4.419449824086454
niche_16_20,Niche,20,33,0.0825,3.0,0.5,0.2,0.3,3,0.2,0.3,1.6,1.65,1.232288370708121,0.768501753193791,1.7785714285714285,3.2244897959183674,0.9413046381319427,3.8918202981106265,1.2826086956521738,1.3778279779012508,0.0925,0.03,0.035,0.095,5.190242243301463,0.0,0,0.5530555555555555,0.23333333333333334,0.4953342859926661,0.7998428611210566
cascade_16_20,Cascade,20,46,0.115,3.0,0.1,0.2,0.7,4,0.15,0.5,0.8888888888888888,2.3,0.882061243119361,1.06592933757413,2.97119708994709,4.018867924528302,1.5749305972222278,3.970291913552122,1.452054794520548,1.0308156177161798,0.0975,0.06,0.1575,0.1125,1.3230655355007688,0.0,14,0.3460661560661561,0.3712197159565581,0.9291188191802469,1.138095676664103
random_16_20,Random,20,40,0.1,2.0,0.15,0.15,0.7,8,0.0,0.7,1.0,2.0,0.6069769786668839,0.6488856845230502,4.508975684540787,4.790697674418604,1.4566455191046983,3.7612001156935624,2.185840707964602,0.7947194142390263,0.1475,0.0125,0.0725,0.06,3.177507899933752,0.7,25,0.24339285714285713,0.13834586466165413,1.587924516713342,3.6488006433238964
maxent_16_20,MaxEnt,20,27,0.0675,1.0,0.1,0.4,0.5,8,0.1,0.35,0.6666666666666666,1.35,0.60202051917574,1.2082311018571363,0.267146282973617,1.0,0.0,1.0986122886681098,1.6326530612244898,1.1798123831371041,0.0375,0.005,0.06,0.0225,0.9788374330081078,0.3,4,0.2544047619047619,0.18690476190476188,4.0337584032089495,26.850262705397853
ltm_17_20,LTM,20,39,0.0975,3.0,0.3,0.2,0.5,3,0.1,0.55,1.1428571428571428,1.95,0.9032968440190766,0.8061324182542263,2.5495833333333335,4.625,1.2935022799160998,4.912654885736052,1.290909090909091,1.2327918602862027,0.1725,0.0225,0.0825,0.0975,2.928571428571429,0.0,0,0.4961904761904762,0.19882154882154882,0.7918297178019413,1.566311951754386
atn_17_20,ATN,20,57,0.1425,3.0,0.2,0.05,0.75,5,0.15,0.6,1.1875,2.85,0.7313695558059372,0.43011183796850866,2.991408420138889,5.591633466135458,0.7276748585158797,6.218600119691729,1.325,0.6348535199197907,0.23,0.115,0.0525,0.12,2.813973382466646,0.0,0,0.6494354256854258,0.5196825396825396,0.9028980497837384,1.9178673187208644
adbm_17_20,ADBM,20,68,0.17,3.0,0.2,0.15,0.65,4,0.2,0.45,1.0625,3.4,1.2085412052706377,0.8662093876960271,2.983237476808905,4.56,1.256127836988395,5.41610040220442,1.0555555555555556,1.2859296273023912,0.0325,0.3925,0.0175,0.2125,1.6705395270197039,0.0,0,0.647039627039627,0.64498186998187,1.1551848692650013,1.8165749699788192
niche_17_20,Niche,20,117,0.2925,3.0,0.1,0.05,0.85,2,0.1,0.75,1.0555555555555556,5.85,0.7321496801384433,0.6545139613136741,3.158159021111133,5.041666666666667,0.9363268081376401,7.255591274253665,1.1818181818181819,0.5631338893271397,0.44,0.745,0.3125,0.4,3.6273479444003067,0.0,0,0.7387118886015944,0.6436851057439293,0.7315587438788894,1.042415733644986
cascade_17_20,Cascade,20,91,0.2275,3.0,0.1,0.05,0.85,5,0.05,0.85,1.0555555555555556,4.55,0.7323211342297381,0.6396719298457437,3.252529334551022,5.211895910780669,0.9353833559909068,6.2878585601617845,1.3785714285714286,0.5037059413493907,0.375,0.32,0.285,0.3475,4.345829182495469,0.0,43,0.41097589910089916,0.4738428238428239,0.8453929642914586,1.0136780899163038
random_17_20,Random,20,97,0.2425,1.0,0.0,0.0,1.0,4,0.0,1.0,1.0,4.85,0.4084183860772323,0.40841838607723235,3.2079353982750452e16,NaN,NaN,0.0,1.8269230769230769,0.5186014118362358,0.36,0.14,0.205,0.2025,4.092448228338824,1.0,90,0.3281812485759854,0.47167859917859917,5.2885794089668785,38.73684210526316
maxent_17_20,MaxEnt,20,64,0.16,3.0,0.25,0.25,0.5,6,0.05,0.65,1.0,3.2,0.8815543987155511,0.8579159264415746,2.801657651734429,5.083906464924347,1.0742937366295369,6.588926477533519,1.5,1.1398868826612392,0.1375,0.11,0.145,0.1475,3.9448482367060302,0.45,32,0.320531968031968,0.5545226703121441,1.025347368901913,1.4301690070197288
ltm_18_20,LTM,20,25,0.0625,2.0,0.45,0.4,0.15,3,0.2,0.3,1.0909090909090908,1.25,1.001052078144736,1.0341536076475903,1.8736111111111107,2.3333333333333335,1.0283342182227604,3.4011973816621555,1.2424242424242424,1.1461606390582062,0.0325,0.0175,0.03,0.0275,1.618453865336658,0.0,0,0.5441666666666667,0.35777777777777775,0.3699349292130331,0.9305941358024692
atn_18_20,ATN,20,53,0.1325,3.0,0.3,0.05,0.65,5,0.1,0.6,1.3571428571428572,2.65,0.7373879460167525,0.4111029551911719,2.808611111111111,5.688888888888889,0.6160543632471549,6.639875833826536,1.5376344086021505,0.7557093773281957,0.2225,0.105,0.0325,0.095,1.8048742044742088,0.0,0,0.701388888888889,0.5525062656641603,0.8366618499221697,2.3261142640310264
adbm_18_20,ADBM,20,81,0.2025,3.0,0.3,0.2,0.5,4,0.1,0.45,1.1428571428571428,4.05,1.216172239599253,0.7989878001227204,2.7138111888111887,4.553719008264463,1.2050795798426384,5.8944028342648505,1.0795454545454546,1.219926171449902,0.04,0.535,0.0225,0.35,2.941833676022493,0.0,0,0.6199984737484738,0.7602815485168426,1.1091702734657745,1.6721444899412443
niche_18_20,Niche,20,104,0.26,3.0,0.1,0.1,0.8,2,0.1,0.8,1.0,5.2,0.7732687537692841,0.5670545994142986,3.0261747190566637,4.979773063640849,0.9623132235308146,7.614312146452,1.3112582781456954,0.6094092487920049,0.465,0.535,0.2175,0.395,3.297340846924878,0.0,0,0.7553910124962756,0.6283333659804249,0.6136664558394475,1.0880298436749483
cascade_18_20,Cascade,20,75,0.1875,2.0,0.05,0.25,0.7,3,0.1,0.8,0.7894736842105263,3.75,0.6638537145983029,0.8110350040397626,3.4195462962962955,4.763419483101392,1.0775201336515403,6.220590170099739,1.5401459854014599,0.700208824323729,0.2975,0.2025,0.275,0.2025,3.2662236241855696,0.0,38,0.36825126262626257,0.4916369741369741,0.81720855902929,0.9126660359976007
random_18_20,Random,20,91,0.2275,1.0,0.0,0.0,1.0,4,0.0,1.0,1.0,4.55,0.4063510446439513,0.46472228029868684,-4.831216812477777e16,NaN,NaN,0.0,1.860759493670886,0.5788546255037833,0.4075,0.11,0.215,0.205,3.8667943483602394,1.0,76,0.32012917229828997,0.4013311688311688,8.06225774829855,33.68421052631579
maxent_18_20,MaxEnt,20,59,0.1475,3.0,0.15,0.25,0.6,10,0.0,0.55,0.8823529411764706,2.95,0.9927236445027987,0.7966955749765191,24.967137695186477,4.864864864864865,1.2543727524234694,4.997212273764115,1.504950495049505,1.1941890480252197,0.1475,0.1075,0.105,0.18,2.3746460715949347,0.65,23,0.28832089887236945,0.487049062049062,8.271154343805291,129.56893221622235
ltm_19_20,LTM,20,105,0.2625,2.0,0.25,0.0,0.75,4,0.1,0.65,1.3333333333333333,5.25,0.6933437989790969,0.46605760469485036,3.5395331542092956,NaN,NaN,0.0,1.5072463768115942,0.9443268462270213,0.3625,0.205,0.1325,0.2125,9.31682779491089,0.65,20,0.6668726964469999,0.6074592074592073,1.386351289379541,3.17666116278224
atn_19_20,ATN,20,57,0.1425,4.0,0.25,0.3,0.45,3,0.1,0.6,0.9333333333333333,2.85,0.838674142682244,0.9055437016530486,2.973595238095238,4.644444444444445,0.8258903278808818,5.752572638825633,1.3928571428571428,1.2579146333764906,0.265,0.1525,0.1375,0.115,2.9084868008532916,0.0,0,0.5442225829725829,0.4892400192400192,0.3778619740073405,2.183130528105979
adbm_19_20,ADBM,20,45,0.1125,2.0,0.25,0.1,0.65,6,0.05,0.2,1.2,2.25,1.5522102709189238,0.8990645633205901,4.453333333333333,3.5555555555555554,2.1278575558006176,2.1972245773362196,1.2857142857142858,1.6089418749958027,0.0525,0.125,0.0425,0.235,2.1370136859910813,0.0,0,0.6502976190476191,0.5473015873015873,1.4380413634395095,6.76504678362573
niche_19_20,Niche,20,96,0.24,2.0,0.3,0.2,0.5,2,0.15,0.45,1.1428571428571428,4.8,1.1159889276107124,0.6643325366849389,2.18240391883249,3.6676136363636362,0.9994462128825965,6.556778356158042,1.1864406779661016,0.9178620594805725,0.195,0.495,0.2025,0.6425,4.383115997601898,0.0,0,0.7365386002886003,0.6520612103945438,0.6337649817863806,0.8471425383587257
cascade_19_20,Cascade,20,77,0.1925,2.0,0.05,0.15,0.8,4,0.05,0.7,0.8947368421052632,3.85,0.6756137979342417,0.7781948132995753,4.466122478505291,4.9489051094890515,1.2206625966060862,4.919980925828125,1.3983050847457628,0.3961627198794403,0.26,0.1625,0.325,0.2725,2.6909696627985973,0.0,37,0.36064213564213565,0.36198412698412696,1.2389597803114025,1.541056138407309
random_19_20,Random,20,82,0.205,1.0,0.0,0.0,1.0,5,0.0,0.75,1.0,4.1,0.48069269658423386,0.4806926965842339,-2.682401777487592e18,NaN,NaN,0.0,1.9959349593495934,0.6970841391135386,0.305,0.095,0.155,0.1475,4.671929178970933,1.0,67,0.273037459616407,0.41517954267954266,476.3055229781744,179361.68421052632
maxent_19_20,MaxEnt,20,75,0.1875,1.0,0.05,0.3,0.65,7,0.0,0.75,0.7368421052631579,3.75,0.8202124956446932,0.9973063135471146,2248.479919467954,4.925925925925926,1.5671121388849159,3.295836866004329,1.5039370078740157,1.021866197853608,0.105,0.155,0.28,0.2475,3.9022019724065125,0.6,25,0.44784718205770846,0.5303499278499278,442.51156650355347,318405.36986768333
ltm_20_20,LTM,20,116,0.29,2.0,0.25,0.0,0.75,4,0.0,0.75,1.3333333333333333,5.8,0.7843356596096804,0.36510266527718294,4.77815839409986,NaN,NaN,0.0,1.6958174904942966,0.86551037227663,0.185,0.2,0.1575,0.3725,2.243136816745266,0.75,11,0.7143654591023012,0.5870657120657121,2.1783445859030794,5.35912468373204
atn_20_20,ATN,20,52,0.13,5.0,0.3,0.1,0.6,5,0.1,0.5,1.2857142857142858,2.6,0.8858906491729782,0.6766101595481234,2.937037037037037,5.5159817351598175,0.9193920584292118,6.082218910376446,1.6344086021505377,1.1063081770565721,0.2075,0.1275,0.05,0.1025,5.39853747714808,0.0,0,0.7171626984126984,0.5233565816899151,1.1568561016839056,2.3783927353821226
adbm_20_20,ADBM,20,85,0.2125,3.0,0.3,0.1,0.6,3,0.1,0.45,1.2857142857142858,4.25,1.2043144681476532,0.828819805004519,3.048128342245989,4.73404255319149,1.4343049289448828,5.236441962829949,1.065934065934066,1.161514845569299,0.0325,0.5325,0.1075,0.435,2.6826869623837846,0.0,0,0.78501221001221,0.6688188589572673,1.3334098706245383,2.474449980398986
niche_20_20,Niche,20,137,0.3425,2.0,0.15,0.1,0.75,3,0.05,0.7,1.0588235294117647,6.85,0.855538435141318,0.6618673367214285,3.3695261326461923,4.805990469707284,1.1206834487399568,7.292337176173877,1.1161290322580646,0.5125380041522082,0.1425,1.1925,0.2975,0.625,4.128192571662232,0.0,1,0.7949991211059323,0.7898049907608733,1.099424789293082,1.3761986453954724
cascade_20_20,Cascade,20,118,0.295,3.0,0.1,0.1,0.8,3,0.15,0.75,1.0,5.9,0.6687599747584216,0.6315512273610618,2.857797108117071,5.143841515934539,0.9749019623216859,7.7501841622578365,1.2670807453416149,0.27823141751461805,0.4475,0.6575,0.395,0.435,3.903157336163439,0.0,37,0.5718808356676004,0.610184815184815,0.6934625942546121,0.8072218580534471
random_20_20,Random,20,118,0.295,1.0,0.0,0.0,1.0,3,0.0,1.0,1.0,5.9,0.2852084088269934,0.23906559965167484,8.255178304858149e17,NaN,NaN,0.0,1.6886446886446886,0.40259518879766876,0.4525,0.165,0.205,0.2025,4.220423844617672,1.0,117,0.3446532194940459,0.5233491508491509,176.3476439463361,17246.315789473683
maxent_20_20,MaxEnt,20,99,0.2475,1.0,0.05,0.05,0.9,5,0.0,0.85,1.0,4.95,0.5916231820774255,0.7164262960476475,34.134921847406886,5.664027149321267,0.6324699137410102,6.784457062637643,1.521978021978022,1.1043727821563654,0.235,0.15,0.1625,0.1125,3.822627431733645,0.85,55,0.3435650022492127,0.7514115051615051,4.899003186100838,63.900175573051285
ltm_21_20,LTM,20,61,0.1525,2.0,0.3,0.1,0.6,5,0.0,0.7,1.2857142857142858,3.05,0.8802466450206443,0.6511921832801734,4.709868474016824,5.471571906354515,0.7782883499822965,5.700443573390687,1.6106870229007633,1.2216892594853328,0.18,0.05,0.0625,0.14,4.63858422124721,0.65,5,0.45250988390694263,0.49690957190957186,2.2913039901602037,7.726661882711966
atn_21_20,ATN,20,51,0.1275,1.0,0.3,0.1,0.6,5,0.1,0.6,1.2857142857142858,2.55,0.7250577463254817,0.5614831789520139,2.483913580246914,5.44,0.9351599900614262,6.396929655216146,1.4473684210526316,0.6220094278735532,0.1975,0.0575,0.09,0.1225,1.4808596678556012,0.0,0,0.8292261904761904,0.3136904761904762,0.8460280118883082,1.2861573221347835
adbm_21_20,ADBM,20,73,0.1825,2.0,0.3,0.25,0.45,5,0.1,0.45,1.0714285714285714,3.65,1.1666926508355422,0.9502129564839654,2.9541666666666666,3.5477707006369426,1.4342239028460722,5.056245805348308,1.1547619047619047,1.1995001477442488,0.03,0.375,0.1525,0.2975,2.7971822496798016,0.0,0,0.6928499278499279,0.5780017368252663,1.504559281031155,2.2374765037593987
niche_21_20,Niche,20,88,0.22,2.0,0.1,0.05,0.85,2,0.05,0.75,1.0555555555555556,4.4,0.959714869937393,0.6008548354430853,3.5819084748909304,4.957210776545167,1.0629732865334305,6.447305862541213,1.4142857142857144,0.7018585902044358,0.2875,0.3175,0.2225,0.48,4.082273631133312,0.0,0,0.7115061327561327,0.5125488984699511,0.9483267305196393,1.5971279980465545
cascade_21_20,Cascade,20,87,0.2175,3.0,0.15,0.1,0.75,3,0.1,0.75,1.0588235294117647,4.35,0.7973051244060859,0.625243762047463,2.9876719173509243,4.9516971279373365,1.0805546831055264,6.641182169740591,1.4195804195804196,0.5685085578749213,0.345,0.285,0.255,0.365,3.787531692354457,0.0,37,0.4143922743922744,0.4826656676656677,0.9020265347543126,1.141302531214051
random_21_20,Random,20,79,0.1975,1.0,0.0,0.0,1.0,5,0.0,0.4,1.0,3.95,0.46081220276736784,0.38939552114952863,3.80296588926283e16,NaN,NaN,0.0,1.9139344262295082,0.49894684961907815,0.3025,0.07,0.1475,0.1625,6.60865858335905,1.0,76,0.2989445970695971,0.32575396825396824,4.521397789918903,70.73684210526316
maxent_21_20,MaxEnt,20,63,0.1575,3.0,0.1,0.1,0.8,6,0.0,0.6,1.0,3.15,0.7446885293119704,0.7006495659158614,46.67062882096074,5.2153846153846155,1.1248931573196699,4.174387269895637,1.6853146853146854,0.7782976115620633,0.2175,0.085,0.1675,0.1925,3.30782009249153,0.8,35,0.2919161394161394,0.341046176046176,12.243084900652402,259.8493139871461
ltm_22_20,LTM,20,69,0.1725,2.0,0.25,0.15,0.6,4,0.1,0.6,1.1333333333333333,3.45,0.8488506525458714,0.6056368606936086,5.806445177505497,5.59052333804809,0.6977433104938275,7.254177846456518,1.556390977443609,1.1779600833141464,0.155,0.095,0.0175,0.075,3.935622062871611,0.6,4,0.4747247931806755,0.8110691391941394,2.668968014103921,14.823442313939806
atn_22_20,ATN,20,52,0.13,4.0,0.25,0.2,0.55,6,0.1,0.6,1.0666666666666667,2.6,0.8029065853136069,0.6766101595481234,2.9158645833333336,4.831265508684863,1.0420583994847616,5.998936561946683,1.608695652173913,1.0705421137514761,0.2325,0.1125,0.065,0.095,2.990735791911634,0.0,0,0.600189393939394,0.4508377425044092,1.0472145981480732,1.8174844899665978
adbm_22_20,ADBM,20,103,0.2575,2.0,0.25,0.1,0.65,4,0.05,0.6,1.2,5.15,1.0183097370982679,0.8025216866187413,3.0716150539275535,4.600403632694248,1.171099732896746,6.898714534329988,1.0373831775700935,0.9882954027549645,0.035,0.8475,0.0925,0.34,3.5659472422062355,0.0,0,0.723646978021978,0.7595688262354928,1.237649804949333,1.7684463827919057
niche_22_20,Niche,20,72,0.18,3.0,0.1,0.4,0.5,3,0.1,0.65,0.6666666666666666,3.6,0.7561744970874673,0.9970717360268647,2.9437281746031747,3.4928057553956835,0.8486251601819449,5.627621113690637,1.292929292929293,0.9039297643309488,0.225,0.1925,0.3475,0.2175,2.615341726090912,0.0,0,0.6743482905982907,0.3877192982456141,0.5091506781448352,0.8840729433496104
cascade_22_20,Cascade,20,71,0.1775,3.0,0.15,0.05,0.8,4,0.1,0.65,1.1176470588235294,3.55,0.8399896686132161,0.6297125242568407,2.893655284094432,4.929268292682927,1.1285891190888224,6.016157159698354,1.4416666666666667,0.6584056108524978,0.25,0.18,0.165,0.2575,1.9686914712412313,0.0,30,0.41577297702297705,0.4886507936507936,0.8657247372400363,1.10345616715715
random_22_20,Random,20,79,0.1975,1.0,0.0,0.0,1.0,4,0.0,0.85,1.0,3.95,0.3333909551952169,0.40635204710500017,-4.410623960167525e16,NaN,NaN,0.0,1.9419642857142858,0.4921396159599909,0.3175,0.0625,0.1625,0.1475,3.7908317482849867,1.0,68,0.31036380286380283,0.3085714285714286,6.613182079391877,26.94736842105263
maxent_22_20,MaxEnt,20,49,0.1225,2.0,0.25,0.3,0.45,6,0.0,0.65,0.9333333333333333,2.45,0.8831410893235285,1.0633293180827863,4.146349295423369,4.492146596858639,1.3683224841028943,5.25227342804663,1.355263157894737,1.3627622450199874,0.1125,0.06,0.1425,0.09,4.162299569808369,0.35,23,0.3484203296703296,0.5187491520824854,1.753847653309091,4.27692010134634
ltm_23_20,LTM,20,65,0.1625,2.0,0.3,0.1,0.6,3,0.05,0.65,1.2857142857142858,3.25,0.7852581315908315,0.6382395594797912,2.4152270723104055,4.906645569620253,1.0678206908953722,6.448889394146858,1.3627450980392157,0.7569875881794489,0.2875,0.1275,0.1575,0.21,6.373042110103631,0.0,13,0.5701875901875901,0.3981203007518797,0.796067873540643,1.166818344354624
atn_23_20,ATN,20,53,0.1325,2.0,0.2,0.05,0.75,5,0.1,0.65,1.1875,2.65,0.6624311940457784,0.5088635594402966,3.0522265625,5.704761904761905,0.7816533761557515,5.3471075307174685,1.826086956521739,0.7253471043590801,0.25,0.0725,0.08,0.11,3.581441913034677,0.0,0,0.6536093073593074,0.31392857142857145,0.9592882812199099,1.754204376220703
adbm_23_20,ADBM,20,48,0.12,2.0,0.2,0.15,0.65,7,0.1,0.3,1.0625,2.4,1.3612752019480105,0.8267282093673488,3.950520833333333,2.8275862068965516,1.2836600995713496,3.367295829986474,1.1454545454545455,1.3148388378773435,0.0375,0.14,0.0375,0.1975,1.4277456647398843,0.0,0,0.6206501831501832,0.4451739618406286,2.057950843763578,3.8028014779788015
niche_23_20,Niche,20,29,0.0725,3.0,0.4,0.4,0.2,2,0.4,0.2,1.0,1.45,1.1512991380341278,1.1512991380341275,1.7083333333333333,1.48,0.5099019513592786,3.2188758248682006,1.2162162162162162,1.070749638119779,0.03,0.0,0.0825,0.0825,2.185840707964602,0.0,0,0.5316666666666665,0.0,0.35557950110937975,0.3943713450292398
cascade_23_20,Cascade,20,46,0.115,3.0,0.25,0.2,0.55,3,0.15,0.55,1.0666666666666667,2.3,0.9043390247767459,0.7739156146307534,2.290833333333333,2.9,1.1153778716695835,4.0943445622221,1.3714285714285714,0.6371261713609101,0.1025,0.035,0.115,0.1425,2.034134007585335,0.0,20,0.3426893939393939,0.23619047619047615,0.7378647873726218,0.79050365497076
random_23_20,Random,20,51,0.1275,2.0,0.1,0.15,0.75,6,0.0,0.65,0.9444444444444444,2.55,0.6421775416360239,0.7361364284532167,12.761280077401977,5.2700729927007295,0.919587900310566,4.919980925828125,1.7642276422764227,1.1011308385548115,0.2075,0.0375,0.1125,0.09,4.450787207540827,0.75,27,0.25659257409257413,0.29281305114638445,3.562191460835488,18.632404327982993
maxent_23_20,MaxEnt,20,31,0.0775,3.0,0.3,0.4,0.3,7,0.05,0.4,0.8571428571428571,1.55,0.9237303911791196,1.2467164826297448,4.549185823754788,4.574468085106383,1.229080265024356,3.8501476017100584,1.71875,1.7500283615174184,0.055,0.015,0.0525,0.02,5.36888125572679,0.35,10,0.1811111111111111,0.4043956043956044,1.6380789070845165,8.372438118529795
ltm_24_20,LTM,20,64,0.16,3.0,0.35,0.1,0.55,5,0.0,0.6,1.3846153846153846,3.2,0.9543442912889402,0.6460278428088145,2.7497927359964294,4.935849056603773,1.1446672037901755,5.579729825986222,1.4368932038834952,1.089158596058637,0.1375,0.0625,0.0975,0.1775,6.178543255324745,0.6,3,0.5695126437889597,0.44953730480046267,1.2837483289325844,1.8136857673136264
atn_24_20,ATN,20,38,0.095,2.0,0.35,0.1,0.55,5,0.1,0.45,1.3846153846153846,1.9,0.9019587956486517,0.6366371777150521,2.663310185185185,5.4522968197879855,0.9227349247605348,5.645446897643238,1.7866666666666666,1.178116050394243,0.165,0.03,0.0475,0.0825,2.6565944861533373,0.0,0,0.7314664502164503,0.2900793650793651,0.7801981493938075,2.1784017596879286
adbm_24_20,ADBM,20,73,0.1825,3.0,0.35,0.25,0.4,3,0.1,0.45,1.1538461538461537,3.65,1.159900611453451,1.0067377285644068,2.569812925170068,4.362264150943396,1.2721114658217367,5.579729825986222,1.1204819277108433,1.3483531132326825,0.0275,0.4675,0.095,0.2,3.6007726044904,0.0,0,0.6364335664335663,0.7416909016909018,1.109328695907902,1.7112438048676921
niche_24_20,Niche,20,37,0.0925,2.0,0.4,0.4,0.2,3,0.2,0.4,1.0,1.85,1.1267044508361734,1.2185058264918438,1.9441666666666666,2.462686567164179,0.8586168971252233,4.204692619390966,1.119047619047619,1.4365730969528763,0.065,0.05,0.11,0.0925,2.698514990193331,0.0,0,0.6206060606060607,0.3698412698412698,0.5706800116314533,0.7734583333333334
cascade_24_20,Cascade,20,42,0.105,3.0,0.15,0.2,0.65,4,0.2,0.5,0.9411764705882353,2.1,0.7393271310827046,0.8160579579678277,2.670625,3.085714285714286,1.2918620526299276,3.5553480614894135,1.25,0.45307294389881364,0.0975,0.0175,0.11,0.0975,1.5477707006369428,0.0,21,0.32152777777777775,0.15166666666666667,0.8056462045329245,0.9056861750730995
random_24_20,Random,20,48,0.12,2.0,0.15,0.0,0.85,6,0.1,0.7,1.1764705882352942,2.4,0.6539354547257462,0.5638993315657954,5.340291176516478,NaN,NaN,0.0,1.9411764705882353,0.9616171807633125,0.155,0.0125,0.065,0.0725,4.12208302135921,0.65,31,0.24444083694083693,0.2397243107769423,2.0599059392242722,8.17332637877868
maxent_24_20,MaxEnt,20,34,0.085,4.0,0.4,0.25,0.35,5,0.1,0.4,1.25,1.7,1.1144650809611951,1.1933769759850175,2.0876576576576578,3.2972972972972974,1.3917388177876397,3.6109179126442243,1.5166666666666666,1.6013106997146365,0.085,0.045,0.0825,0.07,4.281177539866032,0.15,9,0.2856335331335331,0.38333333333333336,0.6388987642440915,0.9939242694567492
ltm_25_20,LTM,20,98,0.245,3.0,0.3,0.05,0.65,4,0.05,0.65,1.3571428571428572,4.9,0.7517415862101816,0.6136753786427034,2.6102222310524312,5.522999613451875,0.766512356187791,7.8582541821860294,1.379746835443038,0.7450046272375213,0.2075,0.2025,0.2875,0.3175,5.260462619722563,0.6,3,0.7196678083268641,0.46297757797757794,1.1317770196054615,1.2973642149469629
atn_25_20,ATN,20,65,0.1625,2.0,0.35,0.2,0.45,3,0.1,0.45,1.2307692307692308,3.25,1.0368483496421812,0.7594520144106957,2.274650205761317,3.9383561643835616,0.996368683331317,5.676753802268282,1.1216216216216217,1.054125380425901,0.21,0.1825,0.145,0.27,2.4888550463796206,0.0,0,0.7327849927849928,0.38163780663780655,0.7617960385602739,1.1287832210715278
adbm_25_20,ADBM,20,64,0.16,2.0,0.35,0.25,0.4,2,0.25,0.4,1.1538461538461537,3.2,1.3007778543301656,0.8815543987155511,2.051875,3.7484662576687118,1.0792290245516352,5.093750200806762,1.044776119402985,1.3465965871117647,0.065,0.2875,0.0775,0.3,2.480422622747048,0.0,0,0.6680876068376068,0.6415717615717615,0.6608214494583511,0.8149092562134502
niche_25_20,Niche,20,16,0.04,2.0,0.45,0.4,0.15,4,0.2,0.15,1.0909090909090908,0.8,1.189316477734386,0.9597148699373932,1.9499999999999997,1.9166666666666667,1.164500152881315,2.4849066497880004,1.1111111111111112,1.3078709094514922,0.0225,0.0,0.01,0.0175,1.5531914893617023,0.0,0,0.42666666666666664,0.0,0.5773502691896257,1.079239766081871
cascade_25_20,Cascade,20,31,0.0775,3.0,0.25,0.15,0.6,3,0.25,0.35,1.1333333333333333,1.55,0.8750141807587092,0.8234207900397833,2.2213541666666665,2.8095238095238093,0.8728715609439696,3.044522437723423,1.1842105263157894,0.8346512753957778,0.07,0.0075,0.0525,0.0575,1.4390243902439024,0.0,5,0.34059523809523806,0.07777777777777778,0.4660728508825086,0.8059310466922515
random_25_20,Random,20,24,0.06,2.0,0.25,0.25,0.5,9,0.1,0.35,1.0,1.2,0.8377078165833911,0.7453559924999299,7.803125,2.3333333333333335,1.8618986725025255,1.791759469228055,1.6521739130434783,1.061004709769022,0.05,0.0,0.0175,0.025,1.7783137179239823,0.3,1,0.18416666666666665,0.0,4.86396989351291,45.02190583881578
maxent_25_20,MaxEnt,20,12,0.03,4.0,0.65,0.55,-0.2,5,0.1,0.2,1.2857142857142858,0.6,1.5672078199387576,1.2565617248750867,1.6375,3.0833333333333335,1.3113721705515065,2.4849066497880004,1.5238095238095237,2.203134396624646,0.025,0.0,0.0075,0.015,4.418719211822659,0.0,1,0.1683333333333333,0.0,0.6846531968814576,0.9833881578947367
ltm_26_20,LTM,20,83,0.2075,3.0,0.3,0.05,0.65,4,0.05,0.65,1.3571428571428572,4.15,0.8538170307592257,0.6506963458806895,2.8243598420191676,5.46755921730175,0.7915325831907256,6.878326468291325,1.630057803468208,1.019629184056541,0.1175,0.16,0.075,0.155,5.339856280435905,0.6,2,0.7147727272727272,0.7253379953379954,1.1636690977801,1.8933617820069089
atn_26_20,ATN,20,44,0.11,2.0,0.4,0.15,0.45,5,0.1,0.45,1.4166666666666667,2.2,1.0490369244690683,0.5824757050156248,2.2218555555555555,4.749347258485639,1.0852863361582918,5.948034989180646,1.5584415584415585,1.254829729944535,0.18,0.0775,0.0275,0.115,4.786041126346247,0.0,0,0.6838888888888889,0.5468253968253968,0.7635699072315347,1.374892746201482
adbm_26_20,ADBM,20,89,0.2225,2.0,0.2,0.15,0.65,4,0.1,0.45,1.0625,4.45,1.0899150746118915,0.7523189663534104,3.255995879120879,4.570743405275779,1.3588766832390922,6.0330862217988015,1.1111111111111112,1.028242565080345,0.08,0.5825,0.0675,0.36,1.7829928216454995,0.0,0,0.7132661782661783,0.6280801070274754,1.3334898646810018,1.9002129416320017
niche_26_20,Niche,20,13,0.0325,3.0,0.6,0.55,-0.15,2,0.3,0.1,1.125,0.65,1.5201337448739758,1.4358492376718917,1.45,1.4,0.5163977794943223,2.302585092994046,1.1875,1.8065936880381532,0.01,0.0,0.015,0.0175,2.4229828850855744,0.0,0,0.3366666666666667,0.0,0.32025630761017426,0.34239766081871337
cascade_26_20,Cascade,20,33,0.0825,3.0,0.3,0.2,0.5,4,0.3,0.3,1.1428571428571428,1.65,0.9687994251299569,0.7429204474001514,2.1291666666666664,2.6206896551724137,1.0492784290524975,3.367295829986474,1.2826086956521738,0.7116884225604846,0.0625,0.01,0.0525,0.0775,1.8681994081493285,0.0,12,0.3008333333333334,0.09824561403508772,0.6336522323129237,0.9416240253411304
random_26_20,Random,20,35,0.0875,1.0,0.2,0.15,0.65,5,0.1,0.45,1.0625,1.75,0.8470584725117389,0.6652329732509674,3.436950757575757,4.0,1.5894388284780525,2.995732273553991,1.5737704918032787,0.8186861707558616,0.0975,0.0025,0.06,0.07,2.13447742247034,0.1,6,0.31107142857142855,0.07543859649122807,1.237452925985963,2.533408765813035
maxent_26_20,MaxEnt,20,24,0.06,2.0,0.5,0.45,0.05,4,0.1,0.25,1.1,1.2,1.7438278792686566,1.1342617456312007,1.9583333333333333,2.588235294117647,1.2089977581958695,3.5263605246161616,1.3235294117647058,2.048391181573612,0.0225,0.0175,0.0175,0.08,2.971318257032543,0.1,2,0.23482142857142857,0.4843434343434343,0.8539125638299665,1.2627923976608189
ltm_27_20,LTM,20,49,0.1225,2.0,0.35,0.35,0.3,4,0.05,0.6,1.0,2.45,0.9027797567268742,1.0382964800277306,2.849583333333333,5.022653721682848,1.1207045325073566,5.733341276897746,1.5,1.3945621894389042,0.0925,0.0725,0.1075,0.06,5.327073593315418,0.3,1,0.4466269841269842,0.5861111111111111,1.2576466793452072,2.640178910818713
atn_27_20,ATN,20,48,0.12,2.0,0.15,0.15,0.7,6,0.1,0.7,1.0,2.4,0.5638993315657954,0.6105792475542055,3.4591666666666656,5.679389312977099,0.7135765290735673,5.973809611869261,2.256198347107438,0.6839855680567695,0.195,0.0625,0.0725,0.065,3.2622448614003883,0.0,0,0.7740873015873015,0.4454761904761904,1.1026460107499876,2.2819918597935156
adbm_27_20,ADBM,20,69,0.1725,3.0,0.15,0.25,0.6,3,0.2,0.4,0.8823529411764706,3.45,1.1987051607895303,0.8845642596241844,3.2373863636363636,4.677215189873418,1.3078352188895195,5.062595033026967,1.103896103896104,1.1854440218948794,0.045,0.32,0.1125,0.2975,1.2352772603524862,0.0,0,0.6642857142857143,0.5304177304177304,1.0853116121945523,1.959213593772654
niche_27_20,Niche,20,52,0.13,2.0,0.25,0.2,0.55,4,0.1,0.55,1.0666666666666667,2.6,1.0168312599806058,0.9032968440190766,2.4791294642857142,3.5443037974683542,1.2485629519513202,4.3694478524670215,1.4761904761904763,1.0183614809516397,0.125,0.0825,0.1525,0.1875,2.8364617168262,0.0,0,0.5162987012987011,0.30822890559732663,0.7529895233792935,1.0417626140197032
cascade_27_20,Cascade,20,56,0.14,2.0,0.05,0.3,0.65,3,0.1,0.6,0.7368421052631579,2.8,0.7651091762339967,0.9313146293146641,3.490394345238095,4.030927835051546,1.1222522763716303,4.574710978503383,1.3888888888888888,0.8061258480669068,0.1675,0.075,0.2125,0.16,1.9482835428000596,0.0,25,0.3565854978354978,0.2881349206349206,0.761266608242781,0.9305796659501242
random_27_20,Random,20,64,0.16,1.0,0.05,0.05,0.9,7,0.0,0.85,1.0,3.2,0.5608528515151114,0.5422146351089352,62.564355270277744,5.54,0.885483840989242,3.912023005428146,2.092391304347826,0.7197861524530448,0.1975,0.0375,0.11,0.1225,5.544353697793498,0.9,47,0.31810966810966806,0.23452380952380958,14.392484403383802,348.5937066610589
maxent_27_20,MaxEnt,20,51,0.1275,2.0,0.25,0.1,0.65,6,0.0,0.7,1.2,2.55,0.8094526433465749,0.6164542021944085,5.953524400818644,5.241025641025641,1.0296426035725825,5.272999558563747,1.6355140186915889,1.056106286734813,0.1475,0.045,0.065,0.115,3.6747395632531505,0.7,39,0.23755050505050504,0.40522875816993464,2.5606008311275383,10.782889032353753
ltm_28_20,LTM,20,11,0.0275,2.0,0.7,0.6,-0.3,2,0.15,0.0,1.3333333333333333,0.55,1.9092048268586563,1.380281190029542,1.45,1.8,0.42163702135578396,2.302585092994046,1.2666666666666666,2.4957554223754896,0.02,0.0,0.0075,0.02,6.547169811320754,0.0,0,0.45,0.0,0.0,0.5763157894736843
atn_28_20,ATN,20,43,0.1075,2.0,0.2,0.15,0.65,6,0.1,0.55,1.0625,2.15,0.7280221322092338,0.5498155295249388,3.5444444444444443,5.461847389558233,1.0354357626389123,5.517452896464707,1.4411764705882353,0.8140409115492286,0.175,0.0375,0.0575,0.0825,2.30424831926763,0.0,0,0.7813888888888889,0.2577380952380952,0.9893244563945726,2.998902606310013
adbm_28_20,ADBM,20,84,0.21,2.0,0.2,0.2,0.6,5,0.1,0.45,1.0,4.2,1.0968169942141635,0.8622792357279546,4.078052503052502,3.572519083969466,1.3303009165144384,4.875197323201151,1.1368421052631579,1.0935477857672862,0.035,0.5325,0.115,0.3075,2.335870854338671,0.0,0,0.7265170940170942,0.6421482838149504,1.7775661859724157,3.9201066495512547
niche_28_20,Niche,20,85,0.2125,3.0,0.2,0.05,0.75,2,0.15,0.55,1.1875,4.25,1.0123981025504318,0.7742909646287136,2.540082183441558,4.17816091954023,1.033939924046596,5.8522024797744745,1.1904761904761905,0.858607208008072,0.1975,0.325,0.2775,0.46,3.8448279686772113,0.0,0,0.7974734987234986,0.5512980846314179,0.6362926175660788,0.9079406136327101
cascade_28_20,Cascade,20,68,0.17,3.0,0.15,0.1,0.75,4,0.05,0.75,1.0588235294117647,3.4,0.8556325638495745,0.6907564101322351,2.842567380150714,4.3283582089552235,1.3194674216276117,4.897839799950911,1.2947368421052632,0.5531321717430909,0.2075,0.1225,0.2125,0.2825,2.437540470930955,0.0,31,0.38012987012987015,0.35058080808080805,0.8407750200667888,0.9238643607231927
random_28_20,Random,20,77,0.1925,1.0,0.0,0.1,0.9,4,0.0,0.8,0.9,3.85,0.40655781409087083,0.5794196728853885,-2.4778995996157184e16,NaN,NaN,0.0,1.7109826589595376,0.6367889549144155,0.3325,0.09,0.2175,0.1675,2.7661723952605306,0.9,58,0.31169726107226103,0.3592135642135642,4.873730270875354,22.736842105263158
maxent_28_20,MaxEnt,20,38,0.095,2.0,0.2,0.2,0.6,7,0.0,0.6,1.0,1.9,0.7224555170034314,0.8348021268829267,7.313768591426069,4.666666666666667,1.5875532127308465,3.7376696182833684,1.6756756756756757,0.9749748128529391,0.1125,0.02,0.0725,0.06,2.7938765157341803,0.6,17,0.23634920634920636,0.18596491228070178,3.3460108762072585,14.669617428570003
ltm_29_20,LTM,20,34,0.085,3.0,0.3,0.2,0.5,5,0.25,0.35,1.1428571428571428,1.7,1.0295223293122595,0.8340766429375274,2.2625,4.617021276595745,1.4378908389564402,3.8501476017100584,1.4642857142857142,1.1979464003948188,0.09,0.0325,0.045,0.07,2.1240852272373396,0.0,4,0.39333333333333337,0.2720238095238095,0.5677181708987545,1.211458333333333
atn_29_20,ATN,20,53,0.1325,2.0,0.25,0.15,0.6,5,0.05,0.65,1.1333333333333333,2.65,0.7474827065941798,0.615513957549862,3.2883916666666666,5.002415458937198,1.030993766512936,6.025865973825314,1.411764705882353,1.0250648283067512,0.265,0.105,0.0675,0.0975,3.818497381890922,0.0,0,0.6421016483516484,0.44343033509700175,1.1261304360107907,2.4184214803362574
adbm_29_20,ADBM,20,87,0.2175,2.0,0.25,0.1,0.65,4,0.15,0.4,1.2,4.35,1.1633159455898843,0.7938089219699486,2.5962529914529915,4.642666666666667,1.1563788830708213,5.926926025970411,1.074468085106383,1.1115351980101371,0.0375,0.5725,0.075,0.4,2.1537289991361392,0.0,0,0.684593253968254,0.7120737287403954,0.9028343993042132,1.211654890068476
niche_29_20,Niche,20,105,0.2625,3.0,0.15,0.2,0.65,3,0.15,0.65,0.9411764705882353,5.25,0.8715032083845757,0.7665896067998901,2.670519313505424,4.212880143112701,0.9938641325659423,7.0192966537150445,1.2408759124087592,0.7902013593559318,0.2525,0.6525,0.29,0.4025,4.542240935755582,0.0,0,0.6863904151404151,0.6292372831846516,0.5789297404407283,0.8537078122728967
cascade_29_20,Cascade,20,111,0.2775,3.0,0.05,0.1,0.85,3,0.05,0.9,0.9473684210526315,5.55,0.657427033356208,0.6928587956999414,3.514119919838914,5.139691067830759,0.9584598763664043,7.305860032684009,1.271523178807947,0.34036513203183155,0.4175,0.54,0.4425,0.4075,4.317832580357399,0.0,39,0.49495771385477266,0.5658141858141857,0.8324147934624059,0.8316194081712049
random_29_20,Random,20,103,0.2575,1.0,0.0,0.0,1.0,3,0.0,0.85,1.0,5.15,0.4511114005995379,0.2973307488547808,-2.9380858125185896e16,NaN,NaN,0.0,1.7972508591065293,0.5312094210460143,0.395,0.1475,0.185,0.2275,4.018418636133324,1.0,98,0.3100882083602672,0.47683399933399945,4.712099690705369,13.473684210526315
maxent_29_20,MaxEnt,20,80,0.2,2.0,0.1,0.15,0.75,6,0.0,0.65,0.9444444444444444,4.0,0.7737468646310083,0.8885233166386386,52.42641918001109,5.178571428571429,1.050219073793703,4.718498871295094,1.638157894736842,0.8698154674230741,0.1725,0.1975,0.31,0.2275,3.3708946676657945,0.6,29,0.42374670736899833,0.5261111111111111,13.743271204208932,342.2853081065174
ltm_30_20,LTM,20,76,0.19,2.0,0.2,0.0,0.8,4,0.05,0.75,1.25,3.8,0.7853075670865896,0.4566017979864718,2.9319029125303926,NaN,NaN,0.0,1.5035971223021583,0.6851687302765841,0.2375,0.145,0.11,0.1975,6.041833420977922,0.6,6,0.5589339826839826,0.5365151515151515,0.9348673725053777,1.4363848272302213
atn_30_20,ATN,20,43,0.1075,3.0,0.3,0.05,0.65,5,0.1,0.6,1.3571428571428572,2.15,0.8439143983664644,0.5897804152417465,2.8186949427726335,5.553571428571429,0.9955525566593663,5.123963979403259,1.5316455696202531,0.9555907204465508,0.16,0.055,0.045,0.085,4.352749092173022,0.0,0,0.6857954545454545,0.45726817042606516,1.1003890231926319,2.243585769332219
adbm_30_20,ADBM,20,63,0.1575,2.0,0.3,0.15,0.55,5,0.1,0.35,1.2142857142857142,3.15,1.4466506602833953,0.7862647118875205,3.778266666666667,4.25,1.9621416870348585,3.58351893845611,1.2763157894736843,1.431260812069785,0.0375,0.3025,0.0125,0.36,2.6211487257512367,0.0,0,0.673183621933622,0.713066998361116,1.7095370258270448,5.278253114309584
niche_30_20,Niche,20,112,0.28,2.0,0.1,0.35,0.55,2,0.2,0.7,0.7222222222222222,5.6,0.7952260890844016,0.8581604235614295,2.6998648504273506,3.6432291666666665,0.9955866049529573,6.643789733147672,1.164179104477612,0.6414981458323455,0.185,0.67,0.5225,0.445,3.8676336352884175,0.0,0,0.7807993966817497,0.5838844488844488,0.5923716899370041,0.6411799556775054
cascade_30_20,Cascade,20,89,0.2225,3.0,0.1,0.1,0.8,4,0.05,0.7,1.0,4.45,0.7868547048304391,0.6249539016481485,3.416862835411942,4.814814814814815,1.1445373020303147,6.186208623900494,1.3095238095238095,0.418192399447949,0.35,0.2475,0.32,0.4275,2.5833825556211854,0.0,34,0.46414543789543794,0.39695332445332443,1.040137220464668,1.0916467481647956
random_30_20,Random,20,97,0.2425,1.0,0.0,0.0,1.0,5,0.0,0.75,1.0,4.85,0.3800402404731612,0.3858828619157694,4.410464927801229e16,NaN,NaN,0.0,1.8713235294117647,0.41291337111746773,0.34,0.0975,0.1775,0.2225,7.5433587277623575,1.0,88,0.31340184604696986,0.3881349206349206,5.495077459750663,50.526315789473685
maxent_30_20,MaxEnt,20,64,0.16,2.0,0.3,0.3,0.4,5,0.0,0.65,1.0,3.2,0.9380480854019775,0.9158688713313081,5.520553782749724,5.316157205240175,0.9785957059401449,7.0431599159883405,1.4038461538461537,1.3078709094514922,0.1475,0.14,0.1325,0.17,3.472374375811747,0.5,25,0.3401401213165919,0.622606906981907,2.7213379595995186,10.181847338018892
ltm_31_20,LTM,20,69,0.1725,4.0,0.2,0.05,0.75,5,0.0,0.75,1.1875,3.45,0.7252476456455019,0.5018234694186475,4.0980962676637915,5.460992907801418,0.9048523246844692,5.641907070938114,1.7039473684210527,0.7974134331549063,0.195,0.0875,0.1,0.14,6.138280940031556,0.65,4,0.47275641025641024,0.4269005847953216,1.660057337914387,3.0785828225211422
atn_31_20,ATN,20,51,0.1275,2.0,0.3,0.3,0.4,3,0.25,0.4,1.0,2.55,0.7892004626469846,0.7470508329994214,2.1414999999999997,3.0296296296296297,0.8804742678971184,4.90527477843843,1.2753623188405796,0.6720477300911523,0.14,0.0725,0.1125,0.1225,1.6555588512180341,0.0,0,0.8029365079365081,0.338015873015873,0.5506324349612657,0.8546028947368424
adbm_31_20,ADBM,20,94,0.235,3.0,0.2,0.1,0.7,4,0.1,0.5,1.125,4.7,1.0960409040881076,0.7533490070071615,3.557490842490842,4.5,1.2955562807906746,5.8289456176102075,1.146788990825688,1.0036743626790072,0.065,0.64,0.0925,0.425,2.4631210903122995,0.0,0,0.7144896769896769,0.6878670712004045,1.3709582348210851,2.506420495801351
niche_31_20,Niche,20,98,0.245,2.0,0.2,0.2,0.6,3,0.15,0.65,1.0,4.9,0.8267328126515626,0.8293800586599603,2.483245305560241,4.10117302052786,1.1066605595674623,6.525029657843462,1.1764705882352942,0.7450046272375211,0.27,0.465,0.405,0.4025,3.5309974376137565,0.0,1,0.7259928959928961,0.5582551950973004,0.6025075750546393,0.827985734442847
cascade_31_20,Cascade,20,89,0.2225,3.0,0.1,0.1,0.8,3,0.1,0.75,1.0,4.45,0.738052320220979,0.7086579061017974,3.034280765778534,4.783068783068783,1.099564208822811,6.340359303727752,1.2704918032786885,0.41178784952710734,0.2875,0.29,0.33,0.35,3.064708767509205,0.0,36,0.4078296703296703,0.4827849927849929,0.8317954878215499,0.935561113394102
random_31_20,Random,20,97,0.2425,2.0,0.05,0.0,0.95,4,0.0,0.95,1.0526315789473684,4.85,0.4550610582752502,0.3012152045996664,19.394792807426526,NaN,NaN,0.0,1.9574468085106382,0.4687456007292914,0.32,0.1325,0.16,0.17,3.5861398005925524,0.95,99,0.29483561373267253,0.44352453102453104,4.673326221858859,21.467634388450175
maxent_31_20,MaxEnt,20,69,0.1725,3.0,0.15,0.05,0.8,5,0.0,0.75,1.1176470588235294,3.45,0.7950531897322128,0.7667402732289946,8.555505121972981,5.468571428571429,0.8891980852493813,5.1647859739235145,1.6241610738255035,1.0124202432795932,0.155,0.0925,0.1425,0.18,3.0567331178095754,0.8,40,0.3486698827488301,0.46278575225943647,3.2577887917220485,12.642824920636285
ltm_32_20,LTM,20,33,0.0825,2.0,0.5,0.5,0.0,4,0.0,0.5,1.0,1.65,1.1170879795726252,1.2005025287724707,3.5743172690763068,4.861878453038674,1.1679682295098015,5.198497031265826,1.588235294117647,2.0062249073833587,0.0575,0.02,0.045,0.04,4.618387449835826,0.35,1,0.3568849206349206,0.3926587301587301,2.06519861381863,7.225657234306073
atn_32_20,ATN,20,63,0.1575,3.0,0.2,0.2,0.6,4,0.05,0.75,1.0,3.15,0.7081796001932525,0.7726546015756235,3.0455034722222214,5.4393939393939394,0.6709060046551797,7.234177179749849,1.8384615384615384,0.9218152776637973,0.28,0.1575,0.1525,0.13,2.7419328905384712,0.0,0,0.753397435897436,0.42190324295587456,0.8076262237963555,1.9446984730555894
adbm_32_20,ADBM,20,60,0.15,2.0,0.2,0.25,0.55,5,0.05,0.25,0.9375,3.0,1.3722393871597311,0.787326514818136,3.806060606060606,4.984615384615385,1.2929170953253792,4.174387269895637,1.236842105263158,1.2518991420990366,0.0675,0.1825,0.1,0.37,1.2059561846844644,0.0,0,0.5948106060606061,0.4331423478482302,1.1406182976833663,3.3115267507612
niche_32_20,Niche,20,30,0.075,3.0,0.55,0.3,0.15,3,0.2,0.15,1.5555555555555556,1.5,1.7371079009805703,0.878595370213959,1.6925000000000001,2.107142857142857,0.8751417118804335,3.332204510175204,1.2105263157894737,1.7031103297560135,0.05,0.015,0.045,0.165,3.02636309167166,0.0,0,0.5399025974025974,0.2045177045177045,0.488193950529227,0.8174407894736841
cascade_32_20,Cascade,20,30,0.075,2.0,0.25,0.2,0.55,4,0.2,0.45,1.0666666666666667,1.5,0.8515551648780068,0.7334928056269078,2.345138888888889,3.310344827586207,1.2846191285430555,3.367295829986474,1.5576923076923077,0.8093026382225119,0.0725,0.0075,0.04,0.05,1.7532257535862947,0.0,0,0.3252380952380952,0.13166666666666665,0.7282600183457744,0.9466227054905783
random_32_20,Random,20,30,0.075,2.0,0.2,0.2,0.6,8,0.1,0.45,1.0,1.5,0.7334928056269078,0.6666666666666666,13.252777777777775,2.5,1.7728105208558367,2.0794415416798357,1.828125,0.8651809126974003,0.0575,0.005,0.03,0.03,2.4983656625061523,0.45,2,0.19130952380952376,0.1222222222222222,5.9478402489091104,101.43861375081212
maxent_32_20,MaxEnt,20,28,0.07,2.0,0.45,0.3,0.25,4,0.1,0.35,1.2727272727272727,1.4,1.319115024109484,0.9384952647596947,2.03125,3.4918032786885247,1.3244237843891729,4.110873864173311,1.639344262295082,1.7280151966551414,0.0925,0.0225,0.0325,0.0725,4.399287361140223,0.0,9,0.2558333333333333,0.47016317016317016,0.6347454495420078,1.201685855263158
ltm_33_20,LTM,20,30,0.075,3.0,0.4,0.25,0.35,4,0.2,0.3,1.25,1.5,1.0485300208760655,0.878595370213959,2.0654166666666667,3.533333333333333,1.0742546199601597,3.4011973816621555,1.6101694915254237,1.2612070705692229,0.0925,0.005,0.055,0.0725,3.986706243700347,0.0,0,0.5214285714285715,0.06904761904761904,0.4864697090033229,1.1108792032163743
atn_33_20,ATN,20,42,0.105,2.0,0.3,0.15,0.55,6,0.2,0.45,1.2142857142857142,2.1,0.8995364203698406,1.0000596712116772,2.2391666666666667,4.365384615384615,1.0245310772761873,4.6443908991413725,1.7195121951219512,1.2223795318049258,0.125,0.0625,0.1,0.08,3.872326987277813,0.0,0,0.5724999999999999,0.33465608465608465,0.7092361193677836,0.9033706140350877
adbm_33_20,ADBM,20,74,0.185,4.0,0.25,0.1,0.65,3,0.2,0.45,1.2,3.7,1.294983712238459,0.8506115686680904,2.421339142628205,4.299180327868853,1.184883936365365,5.497168225293202,1.0886075949367089,1.277949609166074,0.0125,0.4225,0.0625,0.3725,1.8317788515563547,0.0,0,0.7657352941176471,0.7295617780911898,0.7813156923246317,1.0354346408890773
niche_33_20,Niche,20,37,0.0925,2.0,0.3,0.2,0.5,3,0.15,0.35,1.1428571428571428,1.85,1.1929979095324124,0.8816821554092618,2.211875,2.6285714285714286,0.972737625156423,3.5553480614894135,1.2127659574468086,1.1646240753399044,0.06,0.0425,0.06,0.1125,1.5285972305839857,0.0,0,0.47183080808080796,0.30588235294117644,0.6756347115960765,0.8448392269736842
cascade_33_20,Cascade,20,47,0.1175,4.0,0.25,0.1,0.65,4,0.15,0.5,1.2,2.35,0.9492620172803171,0.6802208729635867,2.3528356481481483,3.769230769230769,1.1457837984630925,4.51085950651685,1.4324324324324325,0.6916831496912758,0.12,0.04,0.1,0.1575,2.4677785575692526,0.0,26,0.2790873015873016,0.2227380952380952,0.7630915899683427,0.8845944329098528
random_33_20,Random,20,39,0.0975,2.0,0.1,0.1,0.8,9,0.05,0.6,1.0,1.95,0.6955240923979483,0.7528622845070659,6.011676849966055,5.0,1.1766968108291043,2.6390573296152584,1.7912087912087913,0.878831647042276,0.0925,0.015,0.075,0.0475,4.02643980500379,0.8,8,0.2449603174603175,0.18771929824561404,2.006339999054094,4.838016283484498
maxent_33_20,MaxEnt,20,32,0.08,3.0,0.4,0.5,0.1,4,0.1,0.45,0.8333333333333334,1.6,1.0806309073382718,1.2728180504194948,2.3254166666666665,3.076923076923077,1.439748066130712,3.6635616461296463,1.326086956521739,1.3990128098431633,0.0325,0.0175,0.095,0.0675,3.4744318181818183,0.15,7,0.26178571428571423,0.24444444444444444,1.1990796631961016,1.6863975824979114
ltm_34_20,LTM,20,124,0.31,3.0,0.15,0.0,0.85,3,0.0,0.8,1.1764705882352942,6.2,0.5528134553975607,0.3208783607450581,6.502818897051634,NaN,NaN,0.0,1.6115702479338843,0.6374754413987641,0.395,0.1625,0.18,0.2775,2.8569652928352878,0.85,4,0.7377005082382657,0.5840290265290266,2.3815424674438446,5.796053046900467
atn_34_20,ATN,20,49,0.1225,4.0,0.15,0.1,0.75,6,0.05,0.5,1.0588235294117647,2.45,0.7189505493213059,0.6136753786427034,3.5965277777777778,5.5,0.7246476076350088,5.393627546352362,1.5194805194805194,0.897177669875567,0.23,0.0575,0.085,0.105,2.5427259307856325,0.0,0,0.7783333333333333,0.36604010025062655,0.44679878829115344,2.8019812987329438
adbm_34_20,ADBM,20,61,0.1525,1.0,0.15,0.25,0.6,3,0.1,0.5,0.8823529411764706,3.05,1.1627246444051986,1.0556047912303124,3.128116883116883,4.795620437956204,1.001019231549604,4.919980925828125,1.1527777777777777,1.4148235315894553,0.0375,0.325,0.0775,0.13,2.0447485775795786,0.0,0,0.6727564102564102,0.7274376417233561,0.5690364022460387,1.3689746917470773
niche_34_20,Niche,20,56,0.14,3.0,0.3,0.2,0.5,3,0.1,0.6,1.1428571428571428,2.8,0.9384952647596948,0.8640075983275707,2.1083891369047616,3.024390243902439,1.1544397364474375,4.406719247264253,1.4252873563218391,0.7892946449329751,0.16,0.045,0.22,0.245,4.4862411756231095,0.0,0,0.6318668831168831,0.1713095238095238,0.49064577709546725,0.812971414815755
cascade_34_20,Cascade,20,52,0.13,2.0,0.25,0.25,0.5,4,0.25,0.5,1.0,2.6,0.793150371416798,0.9454113145724363,2.095462962962963,2.6216216216216215,1.1066759150247938,4.30406509320417,1.3098591549295775,0.6435846357954427,0.1025,0.0575,0.19,0.1475,3.6631109176009575,0.0,23,0.4210119047619048,0.28595238095238096,0.5512714686440546,0.5266957169157462
random_34_20,Random,20,60,0.15,2.0,0.05,0.0,0.95,6,0.0,0.9,1.0526315789473684,3.0,0.5072572735017881,0.43259045634870014,16.932780511474462,NaN,NaN,0.0,1.7755102040816326,0.7254762501100115,0.255,0.0475,0.1175,0.1275,1.9464813284969589,0.95,57,0.2616810966810967,0.3412229437229437,4.179230211878395,17.21995634418376
maxent_34_20,MaxEnt,20,40,0.1,2.0,0.35,0.3,0.35,6,0.05,0.45,1.0769230769230769,2.0,1.0513149660756937,0.9459053029269173,2.3969761904761904,3.2916666666666665,1.4382843848943736,4.276666119016055,1.4375,1.1697953037312034,0.08,0.04,0.09,0.105,4.054493150949407,0.1,16,0.3160628260628261,0.26691468253968254,0.9724130748856767,1.3178708980785299
ltm_35_20,LTM,20,140,0.35,2.0,0.2,0.0,0.8,4,0.0,0.8,1.25,7.0,0.6166330392124113,0.4119587227609842,4.127926200703488,NaN,NaN,0.0,1.4310344827586208,0.7195296231741499,0.285,0.2325,0.1525,0.26,5.533914949546833,0.8,26,0.596405900887325,0.6969892607392608,1.6934048807610806,2.680048787290596
atn_35_20,ATN,20,57,0.1425,3.0,0.35,0.15,0.5,4,0.25,0.4,1.3076923076923077,2.85,1.013588005740382,0.8615408736310968,2.010170200892857,4.75,0.9622773267781409,5.19295685089021,1.4588235294117646,1.1614986305903652,0.1475,0.1775,0.0975,0.1525,4.644288216759037,0.0,0,0.633935508935509,0.4913632119514472,0.5616744937160941,0.7733286685718245
adbm_35_20,ADBM,20,35,0.0875,2.0,0.3,0.2,0.5,6,0.15,0.15,1.1428571428571428,1.75,1.6877647781294367,0.7150371986748115,3.2049999999999996,3.0454545454545454,2.103902784447734,3.091042453358316,1.3478260869565217,1.500447480693705,0.0325,0.04,0.03,0.2,1.6451138868479063,0.0,0,0.5247619047619048,0.25359477124183005,1.9030989764817052,3.912276315789474
niche_35_20,Niche,20,118,0.295,3.0,0.1,0.1,0.8,3,0.15,0.65,1.0,5.9,0.8710368254398436,0.6291526192746577,3.33080450766165,5.176121930567316,0.9599464314335638,7.074116816197362,1.0923076923076922,0.6793028748003802,0.3025,0.865,0.185,0.485,1.9275728576522368,0.0,0,0.7217327396545663,0.7374667644017489,0.9346358338001335,1.391783864435532
cascade_35_20,Cascade,20,110,0.275,3.0,0.1,0.1,0.8,3,0.05,0.8,1.0,5.5,0.6367053081393214,0.7017036374284654,3.2717955303428794,4.975468975468975,1.0473159592650967,7.234177179749849,1.2828947368421053,0.3912927904356149,0.43,0.5475,0.425,0.3625,5.106916800122017,0.0,37,0.5145687890540832,0.5766830391830392,0.8332394014736423,0.9812274067553124
random_35_20,Random,20,114,0.285,1.0,0.0,0.0,1.0,4,0.0,0.95,1.0,5.7,0.31742675995989533,0.3274743875392034,2.527559392131164e17,NaN,NaN,0.0,1.6928571428571428,0.3918794704577961,0.4025,0.1325,0.19,0.1925,4.590349893294189,1.0,102,0.32701275246940875,0.48103979353979354,32.12066067354878,1024.0
maxent_35_20,MaxEnt,20,73,0.1825,3.0,0.25,0.1,0.65,5,0.05,0.6,1.2,3.65,0.9626048681911806,0.6843544793611676,3.249665835924639,5.184965380811078,1.0002036791526139,6.918695219020472,1.5826771653543308,1.155891677245424,0.24,0.155,0.11,0.2425,5.7112279958227905,0.5,29,0.37957140447272025,0.5823793165898428,1.3378700893370408,2.3205992261568973
ltm_36_20,LTM,20,134,0.335,3.0,0.2,0.0,0.8,5,0.0,0.8,1.25,6.7,0.6371063425217331,0.4771698661087847,5.19582798028031,NaN,NaN,0.0,1.23121387283237,0.7172684137229859,0.33,0.285,0.0375,0.2275,4.608282591850993,0.8,23,0.6661284337643033,0.8028402153402153,2.047435794018285,5.052601701630361
atn_36_20,ATN,20,50,0.125,4.0,0.35,0.15,0.5,4,0.05,0.6,1.3076923076923077,2.5,0.8258966419340223,0.6017518285455348,2.663148148148148,5.148730350665055,0.8239059565655306,6.717804695023691,1.6458333333333333,1.0543144442567507,0.255,0.0675,0.08,0.1275,4.647013413104315,0.0,0,0.7433134920634921,0.3686274509803922,0.7924177723435574,2.1135506100642547
adbm_36_20,ADBM,20,89,0.2225,2.0,0.25,0.2,0.55,3,0.15,0.55,1.0666666666666667,4.45,1.1235363674561103,0.842322014111969,2.664395604395604,4.668235294117647,1.1698060398720798,6.052089168924417,1.063157894736842,1.1198043669964506,0.0225,0.63,0.0875,0.3475,2.679451900937834,0.0,0,0.7916531385281385,0.768804398216163,0.9366139492184543,1.3423156021569844
niche_36_20,Niche,20,82,0.205,2.0,0.2,0.25,0.55,3,0.15,0.65,0.9375,4.1,1.0037657265839246,0.7869596884256452,2.3785001803751795,3.371517027863777,1.026690329697443,5.777652323222656,1.2636363636363637,0.8761925894295451,0.1925,0.305,0.26,0.415,2.9058697400160813,0.0,0,0.6180125430125429,0.4583319458319458,0.601303033464765,0.7190521323133732
cascade_36_20,Cascade,20,62,0.155,3.0,0.2,0.15,0.65,4,0.2,0.5,1.0625,3.1,0.8560311380911766,0.7754658475993857,2.484347442680776,3.9947368421052634,1.2991546637850397,5.247024072160486,1.3854166666666667,0.7803939597797412,0.1975,0.1175,0.1825,0.2125,2.521795647826506,0.0,33,0.3605248917748918,0.39634920634920634,0.802661433895933,0.8409349059335911
random_36_20,Random,20,68,0.17,1.0,0.0,0.05,0.95,5,0.0,0.8,0.95,3.4,0.4713615936388422,0.5261336417646564,6.719588931788632e16,NaN,NaN,0.0,1.8368421052631578,0.6920733920907997,0.27,0.055,0.13,0.1475,5.336349177183113,0.95,62,0.2667046842046842,0.3212301587301587,9.013062416162835,161.68421052631578
maxent_36_20,MaxEnt,20,45,0.1125,2.0,0.2,0.3,0.5,5,0.0,0.5,0.875,2.25,0.9551338658818386,1.0583987562471298,5.400714285714285,3.985074626865672,1.561783530895608,4.204692619390966,1.3857142857142857,1.2192947396418383,0.0825,0.065,0.1325,0.1,2.4484664271898313,0.5,10,0.34726190476190477,0.4265639589169,2.379582463041089,8.081965091299676
ltm_37_20,LTM,20,56,0.14,4.0,0.25,0.15,0.6,5,0.05,0.7,1.1333333333333333,2.8,0.7738336221425923,0.7994358913389505,3.2426850258175555,5.191901408450704,0.9831766052831717,6.342121418721152,1.5247524752475248,1.1317600334708662,0.1925,0.0425,0.1175,0.1425,4.716753892542457,0.4,1,0.5846214896214896,0.18813932980599646,1.174569099564256,2.330569214574094
atn_37_20,ATN,20,56,0.14,4.0,0.35,0.15,0.5,5,0.05,0.55,1.3076923076923077,2.8,1.0338004095512825,0.7105163702212001,2.461686330782313,5.0989010989010985,0.8016975217024327,6.456769655572163,1.7184466019417475,1.0955921842350012,0.185,0.1375,0.0825,0.1875,7.357352919659969,0.0,0,0.6722649572649573,0.48558201058201056,0.5694447350751775,2.0045527835642476
adbm_37_20,ADBM,20,78,0.195,4.0,0.15,0.1,0.75,4,0.15,0.35,1.0588235294117647,3.9,1.3281848069767206,0.6107563245706467,3.601334876543209,4.650943396226415,1.3240806537812864,4.663439094112067,1.164835164835165,1.1575140382499174,0.065,0.4075,0.01,0.5125,1.4900598032003054,0.0,0,0.6615910233557292,0.6465581202423308,1.282114831265897,2.6535631409359737
niche_37_20,Niche,20,116,0.29,2.0,0.15,0.05,0.8,2,0.05,0.8,1.1176470588235294,5.8,0.8784291517129513,0.7284892169467645,2.917630345582749,4.722699386503067,1.0742290883867511,6.703188113240863,1.064516129032258,0.6289031076751666,0.195,0.7625,0.3575,0.55,3.8084117076991824,0.0,0,0.7529903185050243,0.6741163422603865,0.7888295690663903,0.9364446583725007
cascade_37_20,Cascade,20,117,0.2925,2.0,0.05,0.05,0.9,3,0.05,0.85,1.0,5.85,0.654513961313674,0.595456303030895,3.581337095297573,5.409696323921151,0.8116763586203534,7.537430036586509,1.2317880794701987,0.36829992126133737,0.525,0.66,0.3375,0.3975,3.7705896340295086,0.0,36,0.5496936274509804,0.6092833800186742,0.8289460551133522,0.9965049967144375
random_37_20,Random,20,116,0.29,1.0,0.0,0.0,1.0,3,0.0,0.95,1.0,5.8,0.3564291546531391,0.29387642283682425,3.1404081537751212e16,NaN,NaN,0.0,1.669064748201439,0.5077779169252574,0.405,0.1325,0.165,0.19,4.425550041573084,1.0,104,0.3316537220948986,0.5366028416028417,4.491371037122567,28.63157894736842
maxent_37_20,MaxEnt,20,76,0.19,2.0,0.05,0.1,0.85,6,0.0,0.8,0.9473684210526315,3.8,0.6808997246649766,0.9019587956486517,45.04839630554692,5.489795918367347,0.7527788423319814,4.990432586778736,1.6484848484848484,1.101364976380204,0.145,0.085,0.215,0.14,5.916881814362033,0.85,43,0.357002442002442,0.5092748917748918,8.974849162635012,115.63654493514646
ltm_38_20,LTM,20,106,0.265,3.0,0.2,0.05,0.75,4,0.0,0.75,1.1875,5.3,0.7245717464631164,0.4156356495761083,5.083271701050992,5.712086330935252,0.5936398099404202,8.846496938558838,1.4090909090909092,0.7990926258896835,0.315,0.16,0.0875,0.265,6.2114902396121945,0.75,4,0.6760942656414792,0.7230816405816405,2.171163922584866,4.7567430242342725
atn_38_20,ATN,20,63,0.1575,5.0,0.3,0.05,0.65,5,0.1,0.5,1.3571428571428572,3.15,0.9170558147174885,0.507466365544263,2.6233333333333335,5.286195286195286,0.9009520927522959,6.386879319362645,1.7456140350877194,0.8310327475241471,0.295,0.105,0.125,0.2625,3.7451128076962585,0.0,0,0.9458333333333332,0.23785714285714285,0.9005844336670679,1.5244951267056528
adbm_38_20,ADBM,20,90,0.225,2.0,0.25,0.1,0.65,3,0.15,0.5,1.2,4.5,1.2139539573337679,0.7155562820090026,2.592048460798461,4.321285140562249,1.3384770907263503,5.517452896464707,1.0816326530612246,1.0247109293010297,0.0525,0.51,0.13,0.5925,2.194772190960247,0.0,0,0.7789387083504731,0.6530945905945905,0.9633381015678669,1.1696991127871634
niche_38_20,Niche,20,112,0.28,2.0,0.15,0.1,0.75,2,0.2,0.6,1.0588235294117647,5.6,0.9258926079059417,0.7672995877476281,2.546504573262385,3.9690721649484537,1.053637560299487,5.961005339623274,1.0743801652892562,0.6229154280517006,0.1125,0.6675,0.415,0.615,2.526685631393531,0.0,0,0.7695257683492978,0.6039137251637252,0.5973025667504226,0.7098585189419957
cascade_38_20,Cascade,20,82,0.205,3.0,0.1,0.1,0.8,3,0.15,0.75,1.0,4.1,0.675644280641443,0.7909282445481675,2.9891589506172838,4.746527777777778,1.1207521860966145,5.662960480135946,1.3333333333333333,0.47214928855950594,0.2725,0.225,0.3425,0.275,2.9670033676930365,0.0,36,0.4147716009480716,0.4480519480519479,0.7447821282461239,0.9460033468176183
random_38_20,Random,20,89,0.2225,3.0,0.05,0.0,0.95,5,0.0,0.95,1.0526315789473684,4.45,0.46953868975122465,0.40248531880888533,11.500773481916687,NaN,NaN,0.0,1.7242990654205608,0.6225037192426778,0.275,0.07,0.1275,0.135,3.2920926551857024,0.95,85,0.3010499523696118,0.3927380952380952,2.654818332508267,8.37905681115778
maxent_38_20,MaxEnt,20,70,0.175,1.0,0.1,0.1,0.8,6,0.05,0.65,1.0,3.5,0.9521302928286755,0.7615914142616902,7.390135352963658,5.397590361445783,0.8963307185292355,4.418840607796598,1.748427672955975,1.2642315522997716,0.1725,0.13,0.1275,0.1925,3.138511002476141,0.7,23,0.33319717928270565,0.5322924297924299,2.603414024906978,9.84519086762923
ltm_39_20,LTM,20,48,0.12,3.0,0.25,0.1,0.65,4,0.1,0.55,1.2,2.4,0.8043194791632262,0.6105792475542055,2.545472222222222,4.728323699421965,1.1468643141516814,5.153291594497779,1.3661971830985915,0.6282808624375433,0.12,0.055,0.0675,0.1,3.1667935792391337,0.1,7,0.49976190476190474,0.39559523809523806,0.9284787909405026,1.1362101128979858
atn_39_20,ATN,20,39,0.0975,2.0,0.35,0.15,0.5,5,0.15,0.35,1.3076923076923077,1.95,1.0585149951455208,0.6107563245706467,2.451875,4.945054945054945,1.307544088711997,5.204006687076795,1.490909090909091,0.7961984488582973,0.075,0.0375,0.0425,0.11,3.1580991546721497,0.0,0,0.8696428571428573,0.36,1.1131626359751097,1.8686174616228073
adbm_39_20,ADBM,20,71,0.1775,2.0,0.25,0.2,0.55,3,0.2,0.45,1.0666666666666667,3.55,1.1932740436437486,0.9605983789593225,2.5553113553113547,4.5227272727272725,1.2544425031774413,5.575949103146316,1.0657894736842106,1.2494373805617298,0.0225,0.3725,0.13,0.28,2.291139240506329,0.0,0,0.7756759906759907,0.6529098352627765,0.9995667687335993,1.2211190918343413
niche_39_20,Niche,20,46,0.115,2.0,0.5,0.45,0.05,2,0.15,0.35,1.1,2.3,1.3164956815403825,1.1116195124697266,1.64275,1.9610389610389611,0.6774868117100226,4.343805421853684,1.08,1.3921622069238293,0.035,0.1,0.13,0.1925,5.551410373066424,0.0,0,0.6007142857142858,0.3493121693121693,0.48840912999335867,0.46219598684210533
cascade_39_20,Cascade,20,30,0.075,3.0,0.4,0.35,0.25,3,0.4,0.2,1.0833333333333333,1.5,1.1134478352717494,0.9793182973300255,1.77875,2.3333333333333335,0.7171371656006361,3.58351893845611,1.2926829268292683,1.2796198265831908,0.0725,0.01,0.06,0.075,2.0903010033444813,0.0,5,0.37869047619047624,0.1595238095238095,0.30262738364750363,0.5629786184210526
random_39_20,Random,20,29,0.0725,4.0,0.15,0.2,0.65,8,0.2,0.4,0.9411764705882353,1.45,0.688747133609969,0.724181141222249,5.726315789473684,4.083333333333333,1.8319554050414562,2.4849066497880004,1.4791666666666667,0.8342142328679992,0.065,0.0075,0.0325,0.0225,1.5724546897185336,0.4,2,0.18624999999999997,0.17254901960784316,2.928388786434648,14.204942411430235
maxent_39_20,MaxEnt,20,19,0.0475,1.0,0.4,0.5,0.1,7,0.05,0.25,0.8333333333333334,0.95,1.0512456249836368,1.3862044979169545,3.4791666666666665,3.8181818181818183,1.6011359603844901,2.3978952727983707,1.5,1.8359612616260654,0.0275,0.005,0.0225,0.0125,3.056664520283323,0.1,3,0.1634920634920635,0.15277777777777776,1.343437591182973,5.855171783625732
ltm_40_20,LTM,20,123,0.3075,3.0,0.25,0.0,0.75,4,0.0,0.75,1.3333333333333333,6.15,0.777620965059791,0.3088529922900367,3.9425660533318143,NaN,NaN,0.0,1.5679012345679013,0.7897397716836405,0.25,0.1925,0.11,0.405,3.9078679317258453,0.75,16,0.6912944458866689,0.6369348706848706,1.6592575963025264,3.3426814332895494
atn_40_20,ATN,20,40,0.1,4.0,0.3,0.2,0.5,4,0.2,0.45,1.1428571428571428,2.0,0.9867543820659302,0.8429272304235246,2.4138888888888888,4.560975609756097,1.258036496512826,4.406719247264253,1.3928571428571428,1.2354415362426845,0.135,0.05,0.0675,0.0925,1.9743242098127278,0.0,0,0.6297222222222223,0.423249299719888,0.8302515030393137,1.3058001227348202
adbm_40_20,ADBM,20,61,0.1525,2.0,0.3,0.2,0.5,2,0.2,0.4,1.1428571428571428,3.05,1.3600786742677877,0.9363088976558898,2.386904761904762,4.203007518796992,1.2232557061670761,4.890349128221754,1.0615384615384615,1.4346788881391912,0.0375,0.28,0.07,0.285,2.1308237048080505,0.0,0,0.6669047619047619,0.6819444444444445,0.840583432579393,1.1784413082971976
niche_40_20,Niche,20,99,0.2475,2.0,0.2,0.15,0.65,3,0.1,0.7,1.0625,4.95,0.8707121279816028,0.6951219449004883,2.700235029994868,4.526970954356846,1.0800107065358482,7.094234845924755,1.2740740740740741,0.7498990815596929,0.3125,0.5175,0.2525,0.4125,4.089995085739113,0.0,0,0.7017649629781982,0.6527514152514152,0.7873439551056141,1.0667403881095894
cascade_40_20,Cascade,20,105,0.2625,2.0,0.05,0.1,0.85,3,0.1,0.8,0.9473684210526315,5.25,0.6536502296697712,0.7256407385488356,3.4787142735389613,4.9921259842519685,0.9976001407804976,6.453624998892692,1.304054054054054,0.34129412592579855,0.365,0.465,0.4375,0.3725,3.455343739061224,0.0,36,0.47087885154061626,0.5462726162726164,0.8227253726986246,0.9027833078872419
random_40_20,Random,20,105,0.2625,1.0,0.0,0.0,1.0,4,0.0,1.0,1.0,5.25,0.38032529841867924,0.44510036334817715,4.220904217706245e16,NaN,NaN,0.0,1.7222222222222223,0.6437151982628029,0.3375,0.125,0.17,0.165,2.329204179651347,1.0,88,0.33799626908179536,0.47326978576978584,7.402058915631258,30.31578947368421
maxent_40_20,MaxEnt,20,58,0.145,1.0,0.0,0.25,0.75,5,0.0,0.65,0.75,2.9,0.6513884423367811,0.9682357373499209,-4.602050024487815e16,NaN,NaN,0.0,1.6904761904761905,1.076578476166573,0.175,0.075,0.165,0.105,3.175151904904149,0.55,27,0.2909885212826389,0.39415584415584415,5.294759933993296,26.94736842105263
ltm_41_20,LTM,20,42,0.105,3.0,0.35,0.25,0.4,3,0.0,0.65,1.1538461538461537,2.1,0.8861696083539871,0.9635931483667911,2.8850476190476186,5.08955223880597,1.0639268294894453,5.303304908059076,1.4444444444444444,1.3870318173002112,0.15,0.0525,0.075,0.065,3.028331119964586,0.1,2,0.419251443001443,0.548313492063492,0.788852133811188,2.792204211481083
atn_41_20,ATN,20,42,0.105,3.0,0.1,0.2,0.7,5,0.1,0.6,0.8888888888888888,2.1,0.5760050655517137,0.7552971624178858,4.160416666666666,5.569565217391304,0.6942903653721852,5.438079308923196,1.360655737704918,0.9964730738678036,0.1975,0.0325,0.085,0.06,1.3207824775370836,0.0,0,0.6835714285714285,0.30644257703081235,0.39417084316115203,3.852045091509639
adbm_41_20,ADBM,20,80,0.2,1.0,0.1,0.25,0.65,4,0.2,0.55,0.8333333333333334,4.0,1.0481813824554964,0.9424212936563149,4.445989583333334,5.44,1.0503455652553653,4.8283137373023015,1.0705882352941176,1.1062026082623,0.0425,0.4675,0.17,0.25,1.4006859102600742,0.0,0,0.7207986457986457,0.5972009472009472,1.0695026376438177,4.236030676816825
niche_41_20,Niche,20,65,0.1625,2.0,0.2,0.3,0.5,3,0.1,0.5,0.875,3.25,1.1848729937050049,0.9196969156698412,2.8713904151404153,3.3146067415730336,1.4969325121270916,4.48863636973214,1.1898734177215189,1.0007782708003483,0.06,0.155,0.24,0.38,1.7101833243178146,0.0,0,0.6256078643578644,0.46527536790694685,1.1155885811290713,1.3255380040921114
cascade_41_20,Cascade,20,34,0.085,3.0,0.2,0.25,0.55,3,0.25,0.35,0.9375,1.7,0.9935138401153853,0.8119486487876404,2.4587499999999998,2.6666666666666665,1.093344547181068,3.4011973816621555,1.3584905660377358,0.8619942318412313,0.0675,0.015,0.06,0.0825,1.4089099610860134,0.0,7,0.3282539682539682,0.14444444444444443,0.7388882746078335,0.9368601973684211
random_41_20,Random,20,45,0.1125,1.0,0.05,0.05,0.9,7,0.0,0.55,1.0,2.25,0.7045752272200718,0.5745297820264391,5.701575336839014e16,1.0,0.0,0.0,1.9915254237288136,0.8093026382225119,0.15,0.0175,0.075,0.095,3.25103940740774,0.85,21,0.28647005772005774,0.24185463659147863,8.087340903317751e15,1.874371980615073e32
maxent_41_20,MaxEnt,20,33,0.0825,3.0,0.45,0.35,0.2,5,0.05,0.4,1.1818181818181819,1.65,1.2005025287724707,1.1678518804179399,2.336315789473684,3.5,1.855040827202527,2.8903717578961645,1.3191489361702127,1.7040181711476476,0.0375,0.025,0.06,0.05,4.626352488578986,0.45,8,0.22698593073593076,0.32653061224489793,1.1580404432029474,2.0145543082081936
ltm_42_20,LTM,20,24,0.06,4.0,0.5,0.35,0.15,4,0.15,0.25,1.3,1.2,1.495607604040297,1.033078633013143,1.9952380952380953,3.0,1.2403473458920846,3.295836866004329,1.3529411764705883,1.7184924714030625,0.0425,0.0175,0.025,0.065,2.7161290322580642,0.0,0,0.38708333333333333,0.3357142857142857,0.8324399973609805,1.3535236901778251
atn_42_20,ATN,20,55,0.1375,4.0,0.3,0.05,0.65,5,0.1,0.6,1.3571428571428572,2.75,0.8578881988985991,0.42333007388697924,2.5027132936507934,5.28030303030303,0.9248829739675704,5.981414211254481,1.847457627118644,0.8709711198455696,0.2575,0.0925,0.06,0.16,5.129330728095891,0.0,0,0.7008531746031748,0.4576190476190476,0.8929038971185195,1.3526295262850858
adbm_42_20,ADBM,20,77,0.1925,3.0,0.3,0.1,0.6,3,0.1,0.35,1.2857142857142858,3.85,1.3224754896966753,0.7114527802003967,2.5643223443223446,4.4170616113744074,1.3580423203291605,5.351858133476067,1.072289156626506,1.2127394836289613,0.0525,0.4125,0.04,0.4775,1.874484037934704,0.0,0,0.7158098845598846,0.7262371615312793,1.0592801463954864,1.3646803912341436
niche_42_20,Niche,20,118,0.295,2.0,0.1,0.15,0.75,2,0.05,0.85,0.9444444444444444,5.9,0.8605588559916819,0.7167750424945846,3.4678187212384954,4.978674790555979,0.9687978525300016,7.180069874302796,1.078125,0.6308326025570756,0.2425,0.79,0.3575,0.545,3.4645396831641615,0.0,0,0.779831272958208,0.6682403544168249,0.8574975848380129,1.1346497745842168
cascade_42_20,Cascade,20,111,0.2775,3.0,0.05,0.05,0.9,3,0.1,0.85,1.0,5.55,0.6443007963049935,0.6600209555773239,3.548470973139436,5.360215053763441,0.8544998707149899,6.835184586147301,1.2649006622516556,0.34036513203183155,0.445,0.5575,0.3925,0.3775,3.52811481508461,0.0,41,0.4671513861955039,0.5757750582750583,0.8789102757973264,0.9945437409340606
random_42_20,Random,20,112,0.28,1.0,0.0,0.0,1.0,4,0.0,0.85,1.0,5.6,0.44652254649990575,0.3860483098389865,-4.263312157187213e16,NaN,NaN,0.0,1.7526501766784452,0.5297284633639759,0.3575,0.16,0.2025,0.205,2.6332095857440017,1.0,81,0.3463811182367683,0.5046531246531247,5.7817446699565895,20.210526315789473
maxent_42_20,MaxEnt,20,84,0.21,2.0,0.1,0.1,0.8,5,0.0,0.75,1.0,4.2,0.7670565175771965,0.6892002730341884,9.402651046756258,5.546099290780142,0.7563667012225261,6.558197802812269,1.5660377358490567,0.9994627987793898,0.205,0.11,0.1775,0.215,3.705284213343698,0.75,38,0.3565167593844064,0.46499874394611235,2.7286320752049016,9.077326067744835
ltm_43_20,LTM,20,140,0.35,3.0,0.15,0.0,0.85,4,0.0,0.85,1.1764705882352942,7.0,0.5770401159202975,0.34992710611188255,5.222906079586651,NaN,NaN,0.0,1.5551330798479088,0.530488294206395,0.2975,0.3275,0.1775,0.2975,2.712856868747478,0.85,22,0.6768732170821955,0.6534459984459984,2.0118443918857296,3.5396309129141126
atn_43_20,ATN,20,60,0.15,3.0,0.3,0.25,0.45,3,0.2,0.5,1.0714285714285714,3.0,0.9176629354822471,0.7414226880391382,2.2871560846560843,4.171779141104294,0.9490834147589834,6.192362489474872,1.2891566265060241,1.159753956564099,0.2775,0.1625,0.105,0.1675,3.869800473452823,0.0,0,0.76125,0.4440072998896529,0.5768519580116593,1.1141366679116957
adbm_43_20,ADBM,20,66,0.165,2.0,0.25,0.3,0.45,3,0.2,0.4,0.9333333333333333,3.3,1.3303577061493486,0.8172657166768402,2.5771367521367523,4.3816793893129775,1.177425044703658,5.568344503761097,1.0434782608695652,1.3094866198545803,0.0625,0.295,0.0675,0.3525,1.8969359331476323,0.0,0,0.7358333333333335,0.6791666666666666,0.8478989086031051,1.4045889547632688
niche_43_20,Niche,20,102,0.255,2.0,0.25,0.05,0.7,3,0.1,0.6,1.2666666666666666,5.1,1.060503960251741,0.6294472886528434,2.4735278451861578,4.650285714285714,1.1131558969870567,6.774223886357614,1.2537313432835822,0.8501758191638745,0.2125,0.595,0.1725,0.6225,4.938753052287854,0.0,0,0.6790091036414566,0.7081859222648696,0.8364945328206883,1.0250108863451535
cascade_43_20,Cascade,20,132,0.33,2.0,0.05,0.05,0.9,2,0.1,0.85,1.0,6.6,0.6976281474679599,0.6128014285529985,3.4706731538724007,5.406432748538012,0.8037682727227045,7.62657020629066,1.1851851851851851,0.3319530651546462,0.435,0.965,0.3475,0.4625,3.476591734988241,0.0,24,0.6035714285714285,0.7084041938453703,0.8105088644367675,0.9652653495201003
random_43_20,Random,20,115,0.2875,1.0,0.0,0.0,1.0,3,0.0,0.9,1.0,5.75,0.2979049988160155,0.36074409883640374,-4.696056053095421e17,NaN,NaN,0.0,1.8159509202453987,0.5367779189527048,0.4,0.1675,0.175,0.1725,2.9480592053279504,1.0,101,0.30991305134493985,0.5231446331446331,74.18818609806914,5605.0526315789475
maxent_43_20,MaxEnt,20,85,0.2125,4.0,0.1,0.2,0.7,4,0.0,0.75,0.8888888888888888,4.25,0.7156191212115552,0.7552402978423327,48.43616466918262,5.5904887714663145,0.698686900639389,6.6293632534374485,1.631578947368421,1.1438193519471984,0.2375,0.155,0.1625,0.15,6.155198681644065,0.7,37,0.3225282655081417,0.5789109583227229,7.864903481283908,268.2972449513754
ltm_44_20,LTM,20,128,0.32,2.0,0.25,0.0,0.75,4,0.0,0.7,1.3333333333333333,6.4,0.7876383545965616,0.4004520471982421,4.418808811696119,NaN,NaN,0.0,1.5045871559633028,0.8759980210564045,0.235,0.2125,0.1025,0.2975,2.32680064273787,0.75,11,0.6376028971028971,0.7269841269841268,1.894342819744023,4.347036971508636
atn_44_20,ATN,20,35,0.0875,3.0,0.3,0.2,0.5,3,0.3,0.3,1.1428571428571428,1.75,1.3481100268406558,0.7386811483197074,2.100132275132275,3.5535714285714284,1.0773645092141684,4.02535169073515,1.2765957446808511,1.4539106123635273,0.1,0.035,0.0375,0.13,1.3004605900532034,0.0,0,0.5755128205128205,0.35267714741398953,0.6479289122792954,0.7406694830845484
adbm_44_20,ADBM,20,82,0.205,2.0,0.25,0.15,0.6,2,0.3,0.45,1.1333333333333333,4.1,1.328623343438054,0.7544601093964667,2.1312847866419298,3.76,1.1440912217205808,5.298317366548036,1.0,1.164618184030568,0.0025,0.4475,0.0975,0.575,1.4801207851031704,0.0,0,0.8307323313940959,0.7213009213009214,0.6564800101067295,0.6168649788134708
niche_44_20,Niche,20,40,0.1,2.0,0.45,0.25,0.3,2,0.15,0.3,1.3636363636363635,2.0,1.3669019908653213,1.038723913473187,1.8197685185185186,2.5675675675675675,0.7280316133452105,3.6109179126442243,1.2452830188679245,1.4418555296634445,0.0725,0.045,0.1075,0.1825,3.8655479884855715,0.0,0,0.5201190476190476,0.2979024943310658,0.5331024046731667,0.6862981260378311
cascade_44_20,Cascade,20,57,0.1425,2.0,0.15,0.1,0.75,3,0.1,0.65,1.0588235294117647,2.85,0.6566778527338532,0.6366371777150519,3.32404369212963,4.43801652892562,1.109748935446445,4.795790545596741,1.375,0.5351671829950333,0.2525,0.0475,0.1625,0.1675,3.08488376896294,0.0,28,0.3370093795093795,0.17964285714285716,0.9284365639648745,1.6556560014030286
random_44_20,Random,20,61,0.1525,1.0,0.0,0.0,1.0,5,0.0,0.5,1.0,3.05,0.5575800269908364,0.4929523533359422,3.67840601997772e16,NaN,NaN,0.0,2.107317073170732,0.816386858884507,0.2275,0.0375,0.0925,0.1025,6.223833570780757,1.0,41,0.30197774447774445,0.32300865800865797,4.0589912338000405,20.210526315789473
maxent_44_20,MaxEnt,20,38,0.095,3.0,0.35,0.3,0.35,4,0.15,0.4,1.0769230769230769,1.9,1.365007461900975,0.9019587956486517,2.3009199134199134,2.9,1.4923533911469484,4.0943445622221,1.2549019607843137,1.3510510614686024,0.05,0.025,0.07,0.165,2.480459599152195,0.1,7,0.3637932900432901,0.18766233766233767,0.9604135862979868,1.5522924323056753
ltm_45_20,LTM,20,54,0.135,3.0,0.4,0.25,0.35,5,0.05,0.55,1.25,2.7,1.0132327845877682,0.7609333514666977,2.39552661593335,5.10688836104513,1.091296764396954,6.042632833682381,1.52,1.2453074145119787,0.165,0.0875,0.0925,0.1725,6.820508956573622,0.45,1,0.5175685425685425,0.36934523809523806,1.1207445114351313,1.4861499842037518
atn_45_20,ATN,20,53,0.1325,2.0,0.25,0.15,0.6,4,0.05,0.6,1.1333333333333333,2.65,0.8053985839425685,0.7062384453930121,3.1556473214285714,5.349206349206349,0.7938584822334139,6.628041376179533,1.5108695652173914,1.0888813644151274,0.2575,0.1,0.0925,0.1175,3.1412523396172882,0.0,0,0.7716991341991342,0.4956582633053221,0.6116138055362068,2.6238426568304125
adbm_45_20,ADBM,20,86,0.215,2.0,0.25,0.25,0.5,4,0.1,0.55,1.0,4.3,1.0348183935482322,0.9606412895113061,3.029569597069597,4.483495145631068,1.1250678394918598,6.244166900663736,1.065217391304348,1.2034506761520518,0.0325,0.6525,0.1075,0.1725,2.429037964348891,0.0,0,0.6617216117216117,0.7798368298368299,1.0151912975256645,1.9337390460336525
niche_45_20,Niche,20,85,0.2125,3.0,0.1,0.2,0.7,3,0.05,0.8,0.8888888888888888,4.25,0.9028577224672545,0.8110509717317652,3.6299956563498226,4.914089347079038,0.93514257181599,6.771935555839602,1.3495934959349594,0.9365209937116844,0.2725,0.375,0.2525,0.32,3.501353790613719,0.0,0,0.6136084748584748,0.5721354668723089,0.7497041765228426,1.4220948430848446
cascade_45_20,Cascade,20,99,0.2475,2.0,0.1,0.1,0.8,3,0.05,0.8,1.0,4.95,0.6504231541924147,0.7905460651368975,3.2469265170150856,5.155613919894944,0.975427229078583,7.328437352895162,1.263157894736842,0.5710233747306209,0.355,0.45,0.4025,0.285,4.350870615277364,0.0,36,0.4758840746456846,0.5962445887445887,0.8760403377609437,0.975099169749469
random_45_20,Random,20,102,0.255,1.0,0.0,0.05,0.95,4,0.0,0.85,0.95,5.1,0.3648933681457594,0.4018412065082196,3.880949929404117e16,NaN,NaN,0.0,1.676,0.36875478116206056,0.3525,0.1225,0.195,0.225,1.8756886081957522,0.95,87,0.3052024504133637,0.43352092352092353,6.7953271141450795,23.57894736842105
maxent_45_20,MaxEnt,20,78,0.195,3.0,0.2,0.2,0.6,3,0.05,0.7,1.0,3.9,0.8146721949031248,0.9109261758247439,4.110578888865339,5.279033515198753,0.9569949397925218,7.1569563646156364,1.6293706293706294,1.133346156826836,0.14,0.1175,0.235,0.1925,4.903023095313165,0.5,28,0.4035617854367854,0.5364824717765895,1.5098204402548443,3.2052222978124827
ltm_46_20,LTM,20,42,0.105,2.0,0.5,0.25,0.25,4,0.15,0.35,1.5,2.1,1.3370874468165572,0.8012998152758386,1.6542261904761904,2.8735632183908044,1.0207680384880906,4.465908118654584,1.3166666666666667,1.3697148858795658,0.08,0.0825,0.0425,0.1625,4.275975775339987,0.0,0,0.6524494949494949,0.38692810457516336,0.5746567685884185,0.4786592187313521
atn_46_20,ATN,20,44,0.11,2.0,0.25,0.2,0.55,5,0.05,0.65,1.0666666666666667,2.2,0.7010834838495795,0.7461660742437484,3.087181712962963,5.613636363636363,0.9291212044802055,5.730099782973574,1.3846153846153846,0.9602812405207349,0.175,0.0525,0.0775,0.07,1.7229303917549363,0.0,0,0.6098214285714285,0.405026455026455,1.1562143874333959,2.023604630945426
adbm_46_20,ADBM,20,86,0.215,2.0,0.25,0.2,0.55,4,0.05,0.45,1.0666666666666667,4.3,1.1764195177679253,0.8164849601029364,3.7447527472527478,4.681034482758621,1.5581434768508235,4.7535901911063645,1.1458333333333333,1.0627731545627526,0.05,0.47,0.1775,0.4925,2.916059133252328,0.0,0,0.7414835164835165,0.6257569228157464,1.5371197420500111,3.6172205530556463
niche_46_20,Niche,20,62,0.155,2.0,0.3,0.25,0.45,2,0.15,0.55,1.0714285714285714,3.1,1.1507729741484896,0.8812509965448106,2.110517399267399,2.4526315789473685,0.78236440675021,4.553876891600541,1.1267605633802817,1.0071218002848585,0.105,0.1275,0.2125,0.3375,2.91400187575792,0.0,0,0.5778554778554778,0.4048297381630715,0.5915870895921062,0.6768015110993533
cascade_46_20,Cascade,20,77,0.1925,3.0,0.1,0.15,0.75,3,0.05,0.8,0.9444444444444444,3.85,0.6650194324467331,0.8095049239764416,3.319326058201058,4.665505226480836,1.2202953066623254,5.659482215759621,1.2962962962962963,0.520163597381745,0.2525,0.1975,0.3075,0.2325,2.9470787389414217,0.0,36,0.3731381118881119,0.42040043290043283,0.9077257151062181,1.0448443589034866
random_46_20,Random,20,81,0.2025,1.0,0.0,0.0,1.0,4,0.0,0.85,1.0,4.05,0.5402185936820413,0.5033200643784208,2.2605180357236275e17,NaN,NaN,0.0,1.9781659388646289,0.7679641199500401,0.2975,0.1,0.165,0.1625,6.300232462860008,1.0,72,0.3070495068656834,0.4337301587301588,43.56703363499845,1670.7368421052631
maxent_46_20,MaxEnt,20,54,0.135,1.0,0.1,0.25,0.65,7,0.0,0.65,0.8333333333333334,2.7,0.7609333514666979,0.9159304543540396,62.38106529209604,5.166666666666667,1.5859229221975182,2.4849066497880004,1.7863247863247864,1.1488082111976228,0.1,0.04,0.11,0.0925,4.755079714853593,0.7,21,0.29137445887445884,0.40352733686067016,16.82303654589706,983.4746898409392
ltm_47_20,LTM,20,53,0.1325,3.0,0.35,0.3,0.35,4,0.15,0.5,1.0769230769230769,2.65,0.9184384886653637,0.9583717056000223,2.0803350970017638,3.26,1.1610571438457142,5.0106352940962555,1.2205882352941178,1.039584883347512,0.09,0.1075,0.1325,0.1125,2.2928534225170645,0.1,2,0.5841874791874792,0.5533834586466165,0.6707243664809548,0.7884789010543212
atn_47_20,ATN,20,50,0.125,3.0,0.2,0.15,0.65,3,0.2,0.6,1.0625,2.5,0.8657214818927196,0.642364054837573,2.502142857142857,3.276315789473684,0.9179496603558217,4.330733340286331,1.1228070175438596,0.6617361534948087,0.1175,0.0875,0.0675,0.1175,1.9055690072639224,0.0,0,0.7334920634920634,0.4481203007518797,0.43440161360745644,1.0381512710347296
adbm_47_20,ADBM,20,89,0.2225,2.0,0.2,0.15,0.65,5,0.05,0.4,1.0625,4.45,1.132959208774952,0.7452197845329371,3.6427960927960923,4.450704225352113,1.5702607558459796,5.3612921657094255,1.2019230769230769,0.972447491614672,0.0825,0.4875,0.1575,0.5,2.457899144608282,0.0,0,0.7406317987567987,0.6054217387550721,1.5537092936450623,2.5701214087432036
niche_47_20,Niche,20,88,0.22,2.0,0.3,0.1,0.6,2,0.2,0.45,1.2857142857142858,4.4,1.1898877975913924,0.7606000241218868,2.0019659017453137,3.24,0.9986926127059151,5.298317366548036,1.0222222222222221,0.9227443607440289,0.0725,0.37,0.27,0.655,2.57673044372921,0.0,0,0.7744377990430622,0.5851033297627725,0.6042779570997562,0.5554183051363847
cascade_47_20,Cascade,20,65,0.1625,3.0,0.15,0.15,0.7,4,0.1,0.65,1.0,3.25,0.772462845521384,0.7978482429309809,2.9936785714285716,4.3565891472868215,1.3908093957094907,4.859812404361672,1.4141414141414141,0.5691103932244723,0.195,0.105,0.2375,0.2275,3.4423935417303975,0.0,28,0.36179750804750804,0.3297222222222222,0.923626354523261,1.1738030998627522
random_47_20,Random,20,70,0.175,2.0,0.05,0.0,0.95,6,0.0,0.9,1.0526315789473684,3.5,0.4948716593053935,0.4093430853779308,40.2043167180083,NaN,NaN,0.0,1.831578947368421,0.6355051611764042,0.2975,0.0725,0.1275,0.1575,2.72539449532518,0.95,59,0.2935936285936286,0.31265873015873014,8.15673670141652,98.79281631609756
maxent_47_20,MaxEnt,20,65,0.1625,2.0,0.2,0.25,0.55,5,0.05,0.65,0.9375,3.25,0.8977635800451916,0.9304697212758453,4.48404818135351,5.096096096096096,1.0939683228976669,6.501289670540389,1.6934306569343065,1.18749846334048,0.1525,0.11,0.175,0.1875,4.914102424057326,0.45,24,0.3489817208934856,0.5151404151404152,1.9789489857904219,4.212312140962856
ltm_48_20,LTM,20,115,0.2875,2.0,0.25,0.05,0.7,3,0.0,0.75,1.2666666666666666,5.75,0.7917091026089791,0.49472392906896423,4.947597967164326,5.724539685842089,0.5752363939071906,9.170871628065816,1.3620689655172413,0.9699494369593118,0.2475,0.19,0.08,0.2875,3.8870965429597315,0.7,6,0.7132739156268568,0.7164296814296816,2.1514897626322114,5.716849004095775
atn_48_20,ATN,20,64,0.16,4.0,0.3,0.05,0.65,5,0.05,0.5,1.3571428571428572,3.2,0.9597148699373932,0.48199489514658594,2.7461598214285714,5.249492900608519,0.9756302666093811,6.20050917404269,1.5982905982905984,1.025978352085154,0.34,0.1475,0.085,0.2525,5.917076532690078,0.0,0,0.7543070818070818,0.4785313451980119,0.9378601333319798,1.735534390984996
adbm_48_20,ADBM,20,103,0.2575,2.0,0.3,0.1,0.6,3,0.15,0.5,1.2857142857142858,5.15,1.1483646142184674,0.6851370393932952,2.397847446670976,4.54690618762475,1.2150289746263816,6.2166061010848646,1.1391304347826088,0.9556289054950079,0.0425,0.7325,0.0975,0.6325,3.601410613434661,0.0,0,0.7857231738849386,0.7578740703740703,0.9300757794737914,1.0943755209242298
niche_48_20,Niche,20,96,0.24,2.0,0.25,0.05,0.7,2,0.15,0.6,1.2666666666666666,4.8,0.9901746848070538,0.742284879345702,2.3718751906220574,4.196943972835314,1.0651837846845673,6.3784261836515865,1.2195121951219512,0.8926273722729963,0.26,0.49,0.2675,0.5025,5.038879395148922,0.0,0,0.7750899100899101,0.6195262878088363,0.6566453942081263,0.9101119958810094
cascade_48_20,Cascade,20,119,0.2975,2.0,0.05,0.05,0.9,3,0.05,0.85,1.0,5.95,0.6644279580971852,0.6755228636151794,3.5349699493852578,5.31002331002331,0.8946448157051152,7.160069207596127,1.2236842105263157,0.27209521545402743,0.38,0.6975,0.4225,0.41,4.104081869984881,0.0,38,0.5339812719959779,0.6388677988677988,0.8667722350379461,0.823922775355613
random_48_20,Random,20,120,0.3,1.0,0.0,0.0,1.0,4,0.0,1.0,1.0,6.0,0.31063037209869776,0.30107021581983356,2.9378564326146284e16,NaN,NaN,0.0,1.8409090909090908,0.41181384541422816,0.39,0.15,0.16,0.1825,5.692925155816949,1.0,109,0.31978357983456246,0.5151806526806527,4.281744192888376,36.21052631578947
maxent_48_20,MaxEnt,20,80,0.2,3.0,0.15,0.05,0.8,5,0.0,0.65,1.1176470588235294,4.0,0.8922178162191939,0.6639197795548876,7.420063225732454,5.568181818181818,0.8814232814289238,4.477336814478207,1.576158940397351,1.1062026082623,0.1425,0.105,0.145,0.2125,5.5239033704069955,0.8,39,0.3651621417797889,0.5296445221445221,3.180060508706438,10.383900003056674
ltm_49_20,LTM,20,91,0.2275,2.0,0.2,0.15,0.65,3,0.0,0.8,1.0625,4.55,0.6669123752476968,0.6707135594952608,7.34911294181281,5.617015418502203,0.6911065943409513,8.197538739721184,1.6564102564102565,0.9774401867147934,0.2475,0.175,0.13,0.14,6.565693736410859,0.7,2,0.6231150793650793,0.6820411070411071,2.698647366463703,12.225487637284095
atn_49_20,ATN,20,53,0.1325,3.0,0.4,0.3,0.3,3,0.25,0.35,1.1666666666666667,2.65,0.9346165443191281,0.9102416402996306,2.0458809523809522,3.28099173553719,0.7591559026831827,5.488937726156687,1.3717948717948718,1.3020378997838122,0.225,0.125,0.1225,0.13,1.9626658384681963,0.0,0,0.729179292929293,0.4208273208273208,0.3490639394882043,1.0812593692564745
adbm_49_20,ADBM,20,88,0.22,2.0,0.25,0.3,0.45,2,0.2,0.45,0.9333333333333333,4.4,1.0121059315619656,0.9511788432374488,2.651325295075295,4.898785425101215,0.9707957914825647,6.608000625296087,1.053763440860215,1.1903446560446216,0.0675,0.665,0.125,0.18,2.5528370640291516,0.0,0,0.6799267399267399,0.8295415695415698,0.7002980667242057,1.4501853689238045
niche_49_20,Niche,20,110,0.275,3.0,0.15,0.15,0.7,2,0.05,0.65,1.0,5.5,0.8877886961603042,0.8578881988985991,2.873159027920933,4.219512195121951,1.145037023818219,6.016157159698354,1.0598290598290598,0.6828540775085654,0.1225,0.63,0.5175,0.555,2.2449717047684477,0.0,0,0.7773443549914139,0.6020388967757389,0.6970708014969236,0.884284405459877
cascade_49_20,Cascade,20,87,0.2175,3.0,0.05,0.05,0.9,3,0.15,0.65,1.0,4.35,0.7760916959828462,0.7007575789610022,3.186945317913045,5.167259786476868,0.9657321242670676,5.638354669333745,1.3511450381679388,0.543495810794767,0.315,0.2725,0.3125,0.3625,2.115210927044012,0.0,34,0.42634919002566074,0.4499062049062049,0.6911869088834235,0.789108606247423
random_49_20,Random,20,91,0.2275,1.0,0.0,0.0,1.0,4,0.0,0.95,1.0,4.55,0.34548532210895416,0.4306499994338126,-6.49842071719116e16,NaN,NaN,0.0,1.830827067669173,0.5235054210605543,0.385,0.13,0.215,0.18,8.143920976029033,1.0,94,0.2711134359276774,0.4748065823065823,10.48861234916178,158.31578947368422
maxent_49_20,MaxEnt,20,80,0.2,3.0,0.1,0.05,0.85,6,0.05,0.7,1.0555555555555556,4.0,0.8070413802734555,0.7071067811865476,6.894514692106204,5.491947291361639,0.7983723454064577,6.52649485957079,1.6625,1.1032249376976095,0.1975,0.1225,0.1225,0.1875,3.3076723125103054,0.8,39,0.37962121212121214,0.5185463659147871,2.035190297402032,7.408384692353267
ltm_50_20,LTM,20,38,0.095,3.0,0.4,0.25,0.35,4,0.0,0.35,1.25,1.9,1.2880737496532768,0.8171510396177262,0.7712645803031639,3.0,1.0,2.1972245773362196,1.1162790697674418,1.5042341949292148,0.0875,0.0125,0.055,0.14,2.10192023633678,0.4,0,0.48965367965367956,0.286031746031746,1.2907445268908935,1.7891137624039157
atn_50_20,ATN,20,55,0.1375,5.0,0.25,0.1,0.65,5,0.05,0.7,1.2,2.75,0.6866653856807746,0.5390372097801975,3.0325555555555552,5.577708006279435,0.6309676027915031,7.149916836132109,2.1493506493506493,0.9475134005348566,0.2775,0.125,0.0475,0.08,7.906478087110291,0.0,0,0.6956349206349206,0.46087301587301593,0.8157924638704038,2.357027656920078
adbm_50_20,ADBM,20,68,0.17,3.0,0.25,0.2,0.55,3,0.15,0.45,1.0666666666666667,3.4,1.219790667842807,0.9369098336677003,2.9088675213675215,4.977099236641221,1.0754355714199142,5.568344503761097,1.175,1.3447727570054258,0.0375,0.3875,0.0575,0.225,2.4736842105263155,0.0,0,0.6208974358974358,0.6522848679098678,0.9303730976808274,1.977337391047749
niche_50_20,Niche,20,69,0.1725,2.0,0.3,0.05,0.65,4,0.2,0.5,1.3571428571428572,3.45,1.2668567356135447,0.6547537751763935,2.215273601398601,3.7876106194690267,1.168418707313652,4.727387818712341,1.2417582417582418,0.9992314007551277,0.165,0.1375,0.195,0.5275,2.933895756865059,0.0,0,0.622008547008547,0.3482675219517325,0.7168448719669933,0.8993759455584874
cascade_50_20,Cascade,20,75,0.1875,1.0,0.1,0.1,0.8,3,0.1,0.75,1.0,3.75,0.6968601259131701,0.6409057917651616,3.1696286349826384,4.978354978354979,1.1156387330183266,6.135564891081739,1.391304347826087,0.42824270322504865,0.3025,0.1625,0.2325,0.2575,2.9079657642495023,0.0,43,0.3394765651015651,0.3868650793650793,0.8432684810960791,1.0736119878051185
random_50_20,Random,20,77,0.1925,1.0,0.0,0.0,1.0,5,0.0,0.85,1.0,3.85,0.4481039525230003,0.4712768718150385,-4.5315083414501824e17,NaN,NaN,0.0,1.8571428571428572,0.5132919138535503,0.2325,0.045,0.1675,0.1575,4.240544428266961,1.0,62,0.3287990604167075,0.3234920634920635,51.047851246483596,3233.684210526316
maxent_50_20,MaxEnt,20,52,0.13,3.0,0.25,0.25,0.5,6,0.05,0.6,1.0,2.6,0.8770580193070292,0.850009617620127,4.026731349719706,4.939655172413793,1.270980077251279,5.44673737166631,1.5164835164835164,1.0410449198137763,0.1025,0.045,0.1225,0.125,3.794559416489183,0.45,26,0.2745887445887446,0.2373015873015873,1.898151882149155,4.011641796044271
ltm_51_20,LTM,20,31,0.0775,3.0,0.55,0.35,0.1,2,0.05,0.3,1.4444444444444444,1.55,1.3959326895759003,1.0141665907069302,2.01375,3.0526315789473686,1.250888731004559,3.6375861597263857,1.1388888888888888,1.6468415800795666,0.05,0.0275,0.04,0.0975,5.770553465878561,0.15,0,0.4738095238095238,0.40073260073260075,1.1543920338177736,1.594044407894737
atn_51_20,ATN,20,53,0.1325,2.0,0.35,0.05,0.6,4,0.05,0.6,1.4615384615384615,2.65,0.9019703043941115,0.5906594657546614,2.6425605820105815,5.619426751592357,0.6415230502267292,6.4425401664681985,1.4705882352941178,0.8312712991522166,0.17,0.1025,0.065,0.1425,3.4551113777844447,0.0,0,0.7120508658008659,0.504100529100529,0.9183415489341831,2.56875275310108
adbm_51_20,ADBM,20,58,0.145,3.0,0.35,0.2,0.45,3,0.15,0.35,1.2307692307692308,2.9,1.4496579698505734,0.8586137653785333,2.75112012987013,4.895238095238096,1.336785823158047,4.653960350157523,1.2602739726027397,1.5364238624967361,0.0425,0.2825,0.0025,0.275,2.7638801305074985,0.0,0,0.5807264957264958,0.7347022025593455,1.1367094918158953,2.554836824332822
niche_51_20,Niche,20,31,0.0775,2.0,0.4,0.5,0.1,3,0.3,0.3,0.8333333333333334,1.55,1.2983620514514906,1.2110631564875503,1.7988888888888888,1.8148148148148149,0.7357380928771742,3.295836866004329,1.162162162162162,1.3868795976389285,0.0375,0.0125,0.0925,0.105,1.6716141001855291,0.0,0,0.5105952380952381,0.11190476190476192,0.5211764103037556,0.5211455490578296
cascade_51_20,Cascade,20,46,0.115,1.0,0.15,0.25,0.6,4,0.15,0.45,0.8823529411764706,2.3,0.7992136220624497,0.8115669604232432,3.2140625,4.280898876404494,1.4301046055584996,4.48863636973214,1.4266666666666667,0.8273505932065294,0.15,0.0375,0.12,0.1175,2.0270420963698976,0.0,17,0.2988997113997114,0.26027568922305766,0.8729676838192543,1.7569892114908214
random_51_20,Random,20,42,0.105,3.0,0.25,0.1,0.65,9,0.0,0.6,1.2,2.1,0.8012998152758387,0.6160521318397407,3.5454335641279258,4.532467532467533,1.3237150232386798,4.343805421853684,1.7647058823529411,1.03177816285679,0.105,0.0075,0.05,0.0725,5.709098846139336,0.55,15,0.2932539682539682,0.1486215538847118,1.4039562357739488,2.7828623012790197
maxent_51_20,MaxEnt,20,25,0.0625,2.0,0.4,0.45,0.15,3,0.15,0.25,0.9166666666666666,1.25,1.1858818615164346,1.0973652656776545,2.0908333333333333,2.0454545454545454,1.1329385612423046,3.091042453358316,1.1379310344827587,1.2311740225021848,0.015,0.0075,0.04,0.0475,1.8065486134313395,0.1,5,0.305,0.14047619047619045,1.0023306174444968,1.148347222222222
ltm_52_20,LTM,20,10,0.025,2.0,0.65,0.65,-0.3,3,0.25,0.0,1.0,0.5,1.5217718205053643,1.5217718205053643,1.5,1.5,0.9258200997725514,2.0794415416798357,1.0909090909090908,1.9466570535691503,0.0075,0.0,0.0075,0.0075,3.137931034482758,0.0,0,0.4,0.0,0.0,0.6842105263157895
atn_52_20,ATN,20,38,0.095,2.0,0.35,0.1,0.55,5,0.1,0.35,1.3846153846153846,1.9,0.9942244646192975,0.7019851882687896,3.1695601851851847,5.682926829268292,0.8713760849870767,4.812184355372417,1.46875,1.0470767561154528,0.1125,0.035,0.05,0.0925,4.968506262501511,0.0,0,0.6573015873015873,0.31785714285714284,1.2118243189898854,3.7973893327873425
adbm_52_20,ADBM,20,66,0.165,3.0,0.3,0.2,0.5,3,0.15,0.45,1.1428571428571428,3.3,1.3046797912483163,0.9332256198331295,3.0811011904761907,4.96,1.3327271349235807,4.605170185988092,1.2469135802469136,1.360176365335241,0.0375,0.32,0.095,0.31,2.803316925926561,0.0,0,0.6083080808080809,0.6310393310393311,1.217020079996041,2.9238673439344063
niche_52_20,Niche,20,91,0.2275,3.0,0.2,0.2,0.6,2,0.05,0.75,1.0,4.55,0.8862492948494547,0.7494778561111197,2.9051117151800745,4.627196333078686,1.1074089557231794,7.1770187659099,1.330827067669173,0.9239578269377283,0.32,0.4725,0.2075,0.3175,5.961708507749879,0.0,0,0.6460680291930292,0.6904053548790391,0.7840568948956996,1.3361520165526202
cascade_52_20,Cascade,20,95,0.2375,3.0,0.15,0.1,0.75,3,0.1,0.7,1.0588235294117647,4.75,0.7991101626486824,0.6617890282324912,2.8711922197318147,4.644444444444445,1.170452020035485,6.1092475827643655,1.3496503496503496,0.46073402518098155,0.31,0.355,0.325,0.4325,4.48168434742661,0.0,32,0.4631294196000078,0.5108255633255634,0.8186979882380264,0.9339822919275278
random_52_20,Random,20,90,0.225,1.0,0.0,0.0,1.0,4,0.0,0.95,1.0,4.5,0.3495100069586885,0.404651319111256,2.7087586158890664e16,NaN,NaN,0.0,1.859375,0.5490851272189708,0.3025,0.0475,0.1275,0.1475,2.8674738116164504,1.0,87,0.29200385484828206,0.3006493506493506,4.10149024407254,19.36842105263158
maxent_52_20,MaxEnt,20,47,0.1175,3.0,0.15,0.4,0.45,5,0.05,0.65,0.7058823529411765,2.35,0.7210289704322678,1.2292450282383356,3.488657407407407,4.029585798816568,1.2555876801937287,5.1298987149230735,1.2985074626865671,1.2884851351246296,0.06,0.03,0.1625,0.0725,2.545301069217783,0.25,18,0.34487595737595733,0.28090277777777783,1.245555534466651,2.1167659261966647
ltm_53_20,LTM,20,66,0.165,2.0,0.35,0.15,0.5,4,0.0,0.65,1.3076923076923077,3.3,0.8908320551706419,0.6818624830548238,3.763570325406479,5.558257345491388,0.7532217500179125,6.894670039433482,1.5041322314049588,1.3566184822721585,0.1325,0.045,0.0175,0.0775,4.338011288865173,0.55,9,0.45758695982380193,0.734018759018759,1.8513099146245497,4.672978642475255
atn_53_20,ATN,20,59,0.1475,2.0,0.3,0.1,0.6,4,0.15,0.55,1.2857142857142858,2.95,0.7251635672781135,0.4326448218853099,2.4237958333333336,5.162162162162162,0.8745798966699537,7.076653815443951,1.7264957264957266,0.7033602736607857,0.2975,0.0925,0.09,0.16,2.057417078169676,0.0,0,0.7819949494949495,0.3720634920634921,0.6674096731147265,1.3432601713795485
adbm_53_20,ADBM,20,66,0.165,2.0,0.3,0.2,0.5,3,0.2,0.35,1.1428571428571428,3.3,1.3697364886819847,0.799327928032539,2.2005827505827504,3.6,1.1491888098284462,5.247024072160486,1.0845070422535212,1.3020841489050656,0.03,0.3025,0.0525,0.3725,1.7094309037225726,0.0,0,0.6510714285714286,0.5580179080179081,0.7234969619429379,0.8280836930285532
niche_53_20,Niche,20,57,0.1425,3.0,0.25,0.3,0.45,3,0.15,0.5,0.9333333333333333,2.85,0.9267619731822954,0.9055437016530486,2.543353174603175,3.4157303370786516,1.050251395937031,5.181783550292085,1.2820512820512822,1.0314897480923222,0.185,0.1025,0.1875,0.195,2.275584855223784,0.0,0,0.7042424242424243,0.3923605805958747,0.7054421902776703,1.2112958245757692
cascade_53_20,Cascade,20,75,0.1875,4.0,0.1,0.15,0.75,3,0.1,0.75,0.9444444444444444,3.75,0.6860344560252066,0.6914684772068501,3.0193505952380955,4.584810126582278,1.1553328796677411,5.978885764901122,1.4166666666666667,0.5437577720087162,0.3075,0.1775,0.24,0.2375,3.651037247837198,0.0,37,0.34146644205467735,0.3923656898656898,0.774352089715045,0.8588292702242131
random_53_20,Random,20,78,0.195,1.0,0.0,0.0,1.0,5,0.0,0.75,1.0,3.9,0.5511957375231639,0.38931007923910166,4.83367192441686e16,NaN,NaN,0.0,2.0610687022900764,0.6090542599759606,0.3175,0.09,0.155,0.1675,3.390508999684872,1.0,65,0.324354060971708,0.3759920634920635,5.654587427422002,148.21052631578948
maxent_53_20,MaxEnt,20,51,0.1275,2.0,0.3,0.35,0.35,4,0.05,0.55,0.9285714285714286,2.55,1.0056599371481032,1.060503960251741,5.233569085830742,5.4411764705882355,0.8397313416546568,6.091309882077698,1.7142857142857142,1.7159884740488367,0.0925,0.0625,0.0725,0.0725,6.936424361768971,0.45,17,0.2769993976611623,0.6581632653061223,2.2160442606693804,10.002916885290745
ltm_54_20,LTM,20,52,0.13,2.0,0.2,0.1,0.7,3,0.15,0.5,1.125,2.6,0.9118753541335436,0.6163959301431015,2.937224702380952,5.129729729729729,0.9804792708007832,5.220355825078324,1.4819277108433735,0.8048436365855337,0.15,0.0975,0.0675,0.14,1.6452366966032204,0.0,1,0.5310768398268398,0.5208855472013366,0.7289440859495426,1.8549398241581443
atn_54_20,ATN,20,54,0.135,2.0,0.25,0.1,0.65,5,0.1,0.65,1.2,2.7,0.6913348181383182,0.6808116039791237,2.58575,5.307328605200945,0.9976836695861824,6.0473721790462776,1.7263157894736842,0.6625386599999376,0.1925,0.085,0.11,0.1125,4.984585159437811,0.0,0,0.7682936507936509,0.431984126984127,0.5184650670511127,1.3982620106907897
adbm_54_20,ADBM,20,60,0.15,2.0,0.2,0.15,0.65,5,0.05,0.45,1.0625,3.0,1.1945294407402949,0.9793182973300255,3.638269230769231,3.84375,1.3359349618234497,4.1588830833596715,1.2987012987012987,1.2932573679987447,0.0525,0.245,0.11,0.21,2.1401869158878504,0.0,0,0.6003896103896105,0.500107735401853,1.249336113602516,2.4295012687572695
niche_54_20,Niche,20,64,0.16,2.0,0.4,0.2,0.4,3,0.1,0.5,1.3333333333333333,3.2,1.202211503854459,0.814900300650331,1.8795659340659339,2.7450980392156863,0.8924346634252684,5.030437921392435,1.0985915492957747,1.0985561696584916,0.09,0.2025,0.135,0.325,5.326217304405758,0.0,0,0.6990262515262515,0.4130850630850631,0.5601177423561924,0.6149021033882257
cascade_54_20,Cascade,20,83,0.2075,2.0,0.15,0.1,0.75,3,0.15,0.65,1.0588235294117647,4.15,0.7345290285494841,0.7048043725288361,2.6400677910052908,4.04089219330855,1.1630989644139993,5.594711379601839,1.3333333333333333,0.4144224373260629,0.29,0.2175,0.3125,0.33,3.451679944579148,0.0,40,0.3879131979131979,0.41782106782106787,0.6596007912764432,0.7776097654514718
random_54_20,Random,20,76,0.19,1.0,0.0,0.0,1.0,6,0.0,0.55,1.0,3.8,0.47229713811798857,0.4147731187644276,4.399201144511742e16,NaN,NaN,0.0,1.943661971830986,0.685168730276584,0.205,0.055,0.1075,0.1175,3.000441641585129,1.0,69,0.2648753003532415,0.4231349206349206,4.936438093669522,16.842105263157894
maxent_54_20,MaxEnt,20,73,0.1825,2.0,0.1,0.15,0.75,6,0.0,0.75,0.9444444444444444,3.65,0.7014588534027185,0.916348956683915,14.179278146518826,5.331378299120234,0.9875016786276328,5.831882477283517,1.5642857142857143,0.9369196820867697,0.14,0.1375,0.235,0.18,3.298004779238577,0.75,35,0.35140692640692645,0.48498139287612974,4.379192985954131,26.463261356689234
ltm_55_20,LTM,20,103,0.2575,3.0,0.15,0.1,0.75,5,0.0,0.85,1.0588235294117647,5.15,0.6763921112098515,0.6245288345123434,4.414213272460779,5.578062449959968,0.7039216829918405,7.823245690685523,2.066945606694561,0.8617233518672742,0.39,0.3875,0.12,0.1625,5.482167902109753,0.7,25,0.6322829911316752,0.7476875901875901,1.5020448262230537,2.572582860944476
atn_55_20,ATN,20,56,0.14,2.0,0.25,0.1,0.65,4,0.05,0.6,1.2,2.8,0.887010935428845,0.6087440187334217,3.502291666666666,5.518367346938776,0.8268682062000207,6.194405391104672,1.4482758620689655,0.9370635396472311,0.2425,0.0975,0.0975,0.175,2.7866164100546014,0.0,0,0.7648015873015873,0.39561403508771925,1.4078427928448116,3.0549961165935673
adbm_55_20,ADBM,20,93,0.2325,4.0,0.2,0.1,0.7,4,0.1,0.5,1.125,4.65,1.1385456311296709,0.7746807245393216,4.0664444444444445,4.9504950495049505,1.4857741256581525,4.61512051684126,1.0612244897959184,1.0351308826237768,0.035,0.6225,0.11,0.4675,1.91970802919708,0.0,0,0.8123370257193786,0.7172464961938647,1.514632944331591,3.9086486333890273
niche_55_20,Niche,20,58,0.145,3.0,0.15,0.1,0.75,4,0.15,0.45,1.0588235294117647,2.9,1.1293467111530073,0.6117525574641496,2.9912863756613755,4.829596412556054,1.0212266596782138,5.407171771460119,1.5,1.035087542512527,0.1575,0.1475,0.065,0.245,1.7626151660629539,0.0,0,0.6191666666666666,0.613719905825169,0.7249388938558451,1.4759554428191841
cascade_55_20,Cascade,20,68,0.17,3.0,0.1,0.1,0.8,4,0.1,0.65,1.0,3.4,0.7537920888437499,0.7038153430777869,3.4002938228862973,4.177966101694915,1.2169132586930607,4.770684624465665,1.439252336448598,0.4732894609634173,0.2175,0.13,0.21,0.23,2.7199404630963064,0.0,30,0.35207070707070703,0.3742857142857143,0.9166353188489991,1.4387776302399657
random_55_20,Random,20,72,0.18,1.0,0.0,0.0,1.0,6,0.0,1.0,1.0,3.6,0.4451748384366844,0.48866289300697807,2.0582878878084362e17,NaN,NaN,0.0,1.8241206030150754,0.6473818918074215,0.32,0.0675,0.13,0.145,2.43434751260508,1.0,60,0.26793893606393604,0.33738095238095245,41.45278438577237,1670.7368421052631
maxent_55_20,MaxEnt,20,39,0.0975,2.0,0.3,0.3,0.4,5,0.3,0.3,1.0,1.95,1.0715113689194615,1.2166873218014942,2.1206862745098043,3.7222222222222223,1.7635370404620825,3.9889840465642745,1.3396226415094339,1.3506607928421608,0.0475,0.0325,0.1325,0.09,2.164302286756333,0.1,12,0.3254166666666667,0.2927248677248677,0.7603965155316131,0.8657251158461323
ltm_56_20,LTM,20,44,0.11,2.0,0.35,0.05,0.6,4,0.0,0.65,1.4615384615384615,2.2,0.8420237020093564,0.5634974361889871,2.5292592592592587,NaN,NaN,0.0,1.4393939393939394,0.971539318420994,0.1225,0.0675,0.0175,0.05,2.2375894921932074,0.2,3,0.48815476190476187,0.69281045751634,0.8338668533648004,1.670294820269696
atn_56_20,ATN,20,45,0.1125,3.0,0.25,0.2,0.55,5,0.05,0.7,1.0666666666666667,2.25,0.6896618941663424,0.5923488777590924,3.369199701003086,5.365079365079365,0.9657517894797897,5.934894195619588,1.527027027027027,0.8345994280660244,0.17,0.0675,0.045,0.06,3.7811032585495434,0.0,0,0.6415277777777777,0.48746867167919794,1.2359488961444025,2.8627029224735696
adbm_56_20,ADBM,20,74,0.185,2.0,0.25,0.2,0.55,6,0.05,0.45,1.0666666666666667,3.7,1.1536790526744898,0.9200896232670597,4.307054924242424,3.472,1.2673060072961986,4.8283137373023015,1.0133333333333334,1.2003869533610372,0.035,0.41,0.115,0.2725,1.92358803986711,0.0,0,0.6411363636363636,0.5461880711880711,2.0045509142533002,5.221623439935388
niche_56_20,Niche,20,115,0.2875,3.0,0.1,0.15,0.75,2,0.05,0.8,0.9444444444444444,5.75,0.7178938673755622,0.7630403815123585,3.639889785366985,4.946492271105827,1.0712800152844466,7.427738840532894,1.206896551724138,0.6711947836272277,0.375,0.77,0.37,0.3175,3.424530754608043,0.0,0,0.7094259541627963,0.7290690600249423,0.9341433518705092,1.2876832440781514
cascade_56_20,Cascade,20,105,0.2625,3.0,0.1,0.1,0.8,3,0.1,0.75,1.0,5.25,0.5825976128664817,0.6268069713661015,3.199875535030274,5.338905775075988,0.856858228533449,7.875499292445208,1.335483870967742,0.27289539025195386,0.4825,0.465,0.35,0.315,2.5648335258263057,0.0,48,0.4644976836888601,0.5467010767010766,0.8662368923529259,1.001813546770717
random_56_20,Random,20,103,0.2575,1.0,0.0,0.0,1.0,4,0.0,0.9,1.0,5.15,0.3523137779588152,0.3349903334395245,1.0507187786005482e17,NaN,NaN,0.0,1.8641114982578397,0.5236848281618587,0.335,0.1075,0.15,0.17,4.685951177801824,1.0,97,0.3214307158270006,0.454484126984127,13.180965976652466,175.1578947368421
maxent_56_20,MaxEnt,20,73,0.1825,4.0,0.3,0.05,0.65,5,0.05,0.55,1.3571428571428572,3.65,0.9707782678495307,0.7236360612519294,3.3782421869246306,5.298913043478261,0.9434623818137446,6.601230118728877,1.6710526315789473,1.099848655505221,0.165,0.175,0.1325,0.2525,4.559131198306117,0.6,29,0.3868086372691636,0.5351998878314669,1.6023910087325333,3.182946954748193
ltm_57_20,LTM,20,113,0.2825,3.0,0.15,0.0,0.85,5,0.0,0.85,1.1764705882352942,5.65,0.5545904392733749,0.4531548344991013,7.733732886227952,NaN,NaN,0.0,1.6932773109243697,0.6869253859451976,0.4125,0.1725,0.21,0.26,2.904026276520084,0.85,5,0.6580959752321982,0.5886516261516263,2.800716234051469,8.756039266279378
atn_57_20,ATN,20,47,0.1175,2.0,0.3,0.15,0.55,5,0.05,0.55,1.2142857142857142,2.35,0.7843383686360985,0.7210289704322678,3.2387500000000005,5.461439588688946,0.80964519268913,6.656726524178391,1.7011494252873562,1.1476497298015202,0.22,0.08,0.0675,0.08,2.2262297133254023,0.0,0,0.7594949494949494,0.3753472222222222,0.8886223143051024,3.1696792813921384
adbm_57_20,ADBM,20,94,0.235,3.0,0.3,0.3,0.4,3,0.05,0.55,1.0,4.7,1.0425646181698915,0.9108350301876882,3.062107869560994,4.730205278592376,1.2010505504595441,6.525029657843462,1.1415094339622642,1.1203358278260245,0.0325,0.725,0.145,0.28,4.6975894813732655,0.0,0,0.6799771062271062,0.7700976107226107,1.1201515562330826,2.248251317156412
niche_57_20,Niche,20,96,0.24,2.0,0.1,0.15,0.75,2,0.3,0.6,0.9444444444444444,4.8,0.8854327913908404,0.9007793896243018,2.467795563301078,3.0208333333333335,0.6933510685962563,5.480638923341991,1.1192660550458715,0.6636444655146211,0.17,0.35,0.55,0.535,2.0123135122626934,0.0,0,0.8037597696421226,0.43526700423759246,0.4971145598443974,0.5052004950901396
cascade_57_20,Cascade,20,69,0.1725,3.0,0.15,0.05,0.8,4,0.05,0.75,1.1176470588235294,3.45,0.7373409785704174,0.6056368606936086,3.1692984398620556,4.852564102564102,1.1404836957977431,5.049856007249537,1.3703703703703705,0.3630046902975724,0.27,0.105,0.21,0.26,3.371804734800182,0.0,43,0.3797027972027972,0.2947619047619048,1.0276209631693713,1.1612656172375329
random_57_20,Random,20,77,0.1925,1.0,0.0,0.0,1.0,5,0.0,0.8,1.0,3.85,0.44010859234177385,0.30703984116327754,1.1872019479676938e17,NaN,NaN,0.0,1.8475336322869955,0.5532432232838522,0.23,0.045,0.0975,0.09,3.921449126842251,1.0,61,0.2904617604617605,0.3492857142857143,13.605289269394316,121.26315789473684
maxent_57_20,MaxEnt,20,54,0.135,2.0,0.15,0.3,0.55,6,0.0,0.6,0.8235294117647058,2.7,0.8420059864952086,1.0619399278525516,137.0941056629832,4.904761904761905,1.375916968026632,3.7376696182833684,1.5625,1.2625801870026525,0.115,0.0775,0.175,0.11,2.7714542275797798,0.65,19,0.30698301698301694,0.3495751162417829,35.5428748734174,3635.6864745781695
ltm_58_20,LTM,20,83,0.2075,3.0,0.35,0.1,0.55,3,0.0,0.65,1.3846153846153846,4.15,1.0583802199487122,0.5487864972406613,2.815270356845409,5.489614243323442,0.787019185215183,7.429520842786462,1.5517241379310345,1.2189407051571273,0.1625,0.095,0.1225,0.345,6.6169518004036485,0.6,1,0.7335906862745099,0.5277398040555935,1.2331896972018863,1.9728865162150584
atn_58_20,ATN,20,40,0.1,2.0,0.35,0.25,0.4,4,0.3,0.2,1.1538461538461537,2.0,0.9867543820659302,1.0,2.307142857142857,4.1891891891891895,1.1402831666940014,4.709530201312334,1.3392857142857142,1.0130724502589556,0.0725,0.0375,0.1075,0.105,4.275277370734772,0.0,0,0.7358333333333332,0.24017857142857144,0.8783100656536799,1.6160580021482274
adbm_58_20,ADBM,20,65,0.1625,2.0,0.35,0.2,0.45,2,0.2,0.35,1.2307692307692308,3.25,1.3388756397898935,0.9250989998113089,2.2934814814814812,4.1328125,1.172997330014213,4.852030263919617,1.0845070422535212,1.399381453427041,0.05,0.305,0.0925,0.3275,2.2863460147719596,0.0,0,0.693125,0.6669552669552669,0.8012528967155709,1.2734086260919788
niche_58_20,Niche,20,40,0.1,2.0,0.2,0.3,0.5,3,0.2,0.5,0.875,2.0,0.8583950752789521,1.025978352085154,2.4483333333333333,2.945945945945946,1.2898308663013396,3.6109179126442243,1.148936170212766,0.9176629354822471,0.09,0.02,0.13,0.1,1.2485946283572766,0.0,0,0.5707142857142857,0.0939153439153439,0.6824067792348483,0.8193408057179988
cascade_58_20,Cascade,20,42,0.105,4.0,0.15,0.1,0.75,3,0.2,0.4,1.0588235294117647,2.1,0.8448011507838256,0.6892002730341884,2.8801967592592588,4.188679245283019,1.0751852036095726,3.970291913552122,1.4393939393939394,0.8546329165944555,0.145,0.0275,0.08,0.105,1.2262569151658422,0.0,10,0.3172619047619048,0.18796992481203006,0.704916180158246,1.2892842037296495
random_58_20,Random,20,44,0.11,1.0,0.05,0.15,0.8,6,0.0,0.7,0.8947368421052632,2.2,0.5234808381476689,0.7314473487616447,28.26628718882815,4.863636363636363,1.3200091827045153,3.091042453358316,1.9191919191919191,0.826381032657016,0.1375,0.0275,0.08,0.055,3.0494484303778053,0.65,26,0.2658730158730159,0.30539682539682544,5.605532102481435,49.455350174286394
maxent_58_20,MaxEnt,20,39,0.0975,2.0,0.35,0.35,0.3,4,0.1,0.45,1.0,1.95,1.2613716796152659,0.9626399449003603,2.4484872611464965,4.375510204081633,1.1864208836728733,5.501258210544727,1.3620689655172413,1.8369842755892716,0.075,0.0175,0.0475,0.07,3.152686200881109,0.3,9,0.267235275689223,0.4845734126984127,0.9593326167076129,1.5461010255033296
ltm_59_20,LTM,20,91,0.2275,2.0,0.1,0.05,0.85,5,0.0,0.85,1.0555555555555556,4.55,0.563611613126959,0.5452703915695959,30.18624565185764,NaN,NaN,0.0,1.6019900497512438,0.8127020892879026,0.3125,0.1225,0.1825,0.185,6.501115459564653,0.9,2,0.5473263093116034,0.5245172955699271,6.612770099964095,103.73222261247304
atn_59_20,ATN,20,51,0.1275,1.0,0.15,0.05,0.8,5,0.15,0.65,1.1176470588235294,2.55,0.7023763406664862,0.5164291266749439,3.730749999999999,5.861413043478261,0.5165702898469529,5.908082938168931,1.6176470588235294,0.8430052456236626,0.245,0.0725,0.0675,0.1025,2.8744673146606345,0.0,0,0.6894318181818182,0.43341269841269836,0.9142594560304949,3.0226390394736837
adbm_59_20,ADBM,20,81,0.2025,2.0,0.15,0.15,0.7,4,0.15,0.55,1.0,4.05,1.1027044622443103,0.8973498123243416,4.294169719169719,5.171428571428572,1.454343106572727,4.248495242049359,1.2105263157894737,1.149506277866645,0.035,0.5125,0.11,0.27,2.098421705976237,0.0,0,0.6973015873015873,0.691183326477444,1.2603484945724808,4.194733086842188
niche_59_20,Niche,20,58,0.145,2.0,0.3,0.35,0.35,2,0.3,0.4,0.9285714285714286,2.9,1.2301366275380405,1.0841091142039594,1.928846153846154,2.1927710843373496,0.7723551458680197,4.418840607796598,1.1343283582089552,1.2080626982161162,0.05,0.125,0.2475,0.315,2.997510707617967,0.0,0,0.62120337995338,0.3723304473304473,0.5066201783630377,0.45604202285087203
cascade_59_20,Cascade,20,63,0.1575,3.0,0.25,0.1,0.65,3,0.1,0.65,1.2,3.15,0.7230044328726174,0.6288346579284371,2.4466936728395057,4.358823529411764,1.134369900874977,5.8289456176102075,1.490909090909091,0.6188440853846962,0.2775,0.0925,0.17,0.2,3.551327470512232,0.0,46,0.34146520146520143,0.3338492063492064,0.6678244842091476,0.9955677331443211
random_59_20,Random,20,63,0.1575,1.0,0.0,0.0,1.0,6,0.0,0.7,1.0,3.15,0.47507527448114306,0.4861121766990862,5.103008411424887e17,NaN,NaN,0.0,1.965,0.7918107324271327,0.2075,0.03,0.085,0.0975,4.199826775079438,1.0,54,0.27098630536130536,0.3503571428571428,74.86357963359457,4096.0
maxent_59_20,MaxEnt,20,54,0.135,2.0,0.2,0.15,0.65,6,0.0,0.65,1.0625,2.7,0.858983621851545,0.7017002361607524,12.351883553677249,5.3304347826086955,1.0655839279716486,4.74493212836325,1.7542372881355932,1.3509770461170243,0.14,0.045,0.0575,0.0825,3.2291343696968293,0.7,28,0.2734203296703297,0.5112044817927169,4.045394986635283,36.64221541844079
ltm_60_20,LTM,20,24,0.06,2.0,0.5,0.35,0.15,4,0.25,0.15,1.3,1.2,1.6131767359116453,0.9208437524218043,1.8,3.15,1.5985190514644287,2.995732273553991,1.0769230769230769,1.7184924714030625,0.025,0.03,0.005,0.065,1.8405422853453848,0.0,0,0.3833333333333333,0.5846153846153845,0.816496580927726,0.905263157894737
atn_60_20,ATN,20,51,0.1275,3.0,0.15,0.05,0.8,5,0.05,0.8,1.1176470588235294,2.55,0.603181297466917,0.5896096775194603,3.367147633744856,5.7734375,0.7757632132243227,4.852030263919617,1.8,0.6957185947631506,0.235,0.055,0.0975,0.1,3.69079928271081,0.0,0,0.734484126984127,0.28035714285714286,0.9218933769567057,2.0104489610226133
adbm_60_20,ADBM,20,74,0.185,2.0,0.15,0.15,0.7,7,0.05,0.3,1.0,3.7,1.1536790526744898,0.832336363634953,5.168933566433566,3.7777777777777777,1.8328876463610655,2.8903717578961645,1.2282608695652173,1.1810141870506863,0.0725,0.4075,0.0675,0.275,2.1734290046972666,0.0,0,0.6384310134310134,0.6275051745639981,1.5768613334408184,6.080626276317433
niche_60_20,Niche,20,129,0.3225,3.0,0.15,0.15,0.7,3,0.05,0.8,1.0,6.45,0.8055657663153309,0.756987340954904,2.79861544011544,4.685398896136478,1.0575187646985489,7.597396320212795,1.0985915492957747,0.5688709478192785,0.15,1.0425,0.4025,0.4775,2.4565923474372635,0.0,0,0.813490761689291,0.765999000999001,0.7430098700120957,0.8154570001925971
cascade_60_20,Cascade,20,122,0.305,2.0,0.05,0.05,0.9,3,0.05,0.85,1.0,6.1,0.6555219662364518,0.6598233376228888,3.8476590468821796,5.4073394495412845,0.8072165052169575,7.399398083331354,1.2422360248447204,0.4340557131925022,0.475,0.7875,0.375,0.37,4.6418195737846855,0.0,34,0.5317155327043098,0.6681430252753782,0.8304077951752022,1.0507108396663531
random_60_20,Random,20,118,0.295,1.0,0.0,0.0,1.0,3,0.0,0.95,1.0,5.9,0.39232418106975897,0.3725568290161253,2.135399428610642e17,NaN,NaN,0.0,1.7532894736842106,0.5432642096176487,0.3575,0.165,0.1825,0.1775,4.371834195923968,1.0,95,0.34148174078243737,0.5356962481962481,35.69242430183712,754.5263157894736
maxent_60_20,MaxEnt,20,58,0.145,3.0,0.25,0.25,0.5,4,0.05,0.55,1.0,2.9,0.9486470153049745,0.9682357373499209,3.2718587975867486,5.069204152249135,1.0541917928280018,6.359573868672378,1.5047619047619047,1.4440349280389073,0.0825,0.0725,0.105,0.095,3.6838982327328615,0.45,14,0.33147283272283273,0.5114087301587302,1.3663897005975087,2.3168746001023357
ltm_61_20,LTM,20,66,0.165,3.0,0.35,0.0,0.65,4,0.2,0.45,1.5384615384615385,3.3,1.0952421477622143,0.451612012345815,2.159549727002557,NaN,NaN,0.0,1.37,1.0515677771809655,0.22,0.15,0.0775,0.3,4.463743297212628,0.35,2,0.648495670995671,0.5145375092743513,0.7066893942366952,1.0712978034915577
atn_61_20,ATN,20,46,0.115,2.0,0.3,0.2,0.5,5,0.1,0.5,1.1428571428571428,2.3,0.882061243119361,0.7206603279822815,2.779902447089947,5.311224489795919,0.938015825349379,5.971261839790462,1.7755102040816326,1.1143013487255435,0.1875,0.07,0.07,0.1025,2.7323010766888003,0.0,0,0.7050793650793649,0.2616123642439432,1.1307757002469774,1.8554166865662969
adbm_61_20,ADBM,20,73,0.1825,2.0,0.3,0.25,0.45,3,0.1,0.45,1.0714285714285714,3.65,1.232556234883184,0.8584756114779639,2.9298951048951047,4.531914893617022,1.4300060341422391,5.459585514144159,1.2,1.2573867432141344,0.0525,0.4,0.075,0.3225,2.829003886275312,0.0,0,0.6289015151515152,0.6210038327685387,1.2595969615105402,2.2140094073101904
niche_61_20,Niche,20,32,0.08,2.0,0.45,0.35,0.2,3,0.1,0.3,1.1818181818181819,1.6,1.522852240819319,0.845848997348693,1.9530555555555555,2.2666666666666666,1.1426929274467317,3.4011973816621555,1.2857142857142858,1.3990128098431633,0.045,0.0175,0.05,0.1475,3.313960455362493,0.0,0,0.5579166666666666,0.24513888888888888,0.7684648296730596,0.9495986842105263
cascade_61_20,Cascade,20,28,0.07,1.0,0.3,0.25,0.45,3,0.2,0.4,1.0714285714285714,1.4,0.8794100160729893,0.8794100160729892,2.170138888888889,2.380952380952381,0.7400128699009549,3.044522437723423,1.2894736842105263,0.9153189650245536,0.055,0.01,0.04,0.04,1.9015544041450776,0.0,2,0.2573809523809524,0.13137254901960785,0.46549242857236794,0.8333307951591942
random_61_20,Random,20,27,0.0675,2.0,0.25,0.25,0.5,7,0.2,0.4,1.0,1.35,0.7703628729579687,0.8069798750048927,3.4540662650602414,3.3846153846153846,1.938146087479026,2.5649493574615367,1.6382978723404256,1.0224538540288806,0.0675,0.0075,0.0325,0.03,1.6408450704225355,0.4,1,0.2525,0.19791666666666666,1.3086971008620787,4.247472013927619
maxent_61_20,MaxEnt,20,34,0.085,3.0,0.4,0.35,0.25,4,0.1,0.4,1.0833333333333333,1.7,1.130688133265625,0.9935138401153853,2.085166666666667,3.159090909090909,1.240007078551947,4.477336814478207,1.6842105263157894,1.4459231869931382,0.0975,0.035,0.0625,0.0825,6.87299878918337,0.0,12,0.2783730158730159,0.35099206349206347,0.5898570780697809,1.096260204678363
ltm_62_20,LTM,20,126,0.315,3.0,0.1,0.0,0.9,7,0.0,0.9,1.1111111111111112,6.3,0.4666263146131934,0.49956552445586266,19.44549167952832,NaN,NaN,0.0,1.532258064516129,0.7124733342232215,0.35,0.18,0.1425,0.14,6.146904978111672,0.9,16,0.5608892245095806,0.691943728785834,5.310361808790921,42.93836768902481
atn_62_20,ATN,20,56,0.14,3.0,0.2,0.05,0.75,5,0.05,0.6,1.1875,2.8,0.7909938818727001,0.7562840923598789,3.6166087962962963,5.4873096446700504,0.9508811008305454,5.2832037287379885,1.4456521739130435,0.8702012804681825,0.245,0.065,0.1675,0.1775,3.396201749063548,0.0,0,0.7559722222222222,0.33980785296574767,0.970736807980293,2.8003885751078297
adbm_62_20,ADBM,20,93,0.2325,2.0,0.2,0.15,0.65,4,0.05,0.55,1.0625,4.65,1.0679433548510497,0.8777915696849086,3.956921940493369,4.463414634146342,1.3077881101823114,5.099866427824199,1.041237113402062,1.0720949196122753,0.0375,0.6525,0.1675,0.3575,2.267459829759131,0.0,0,0.7137279387279387,0.7390537567008154,1.2600122939012248,3.0320604694210633
niche_62_20,Niche,20,29,0.0725,2.0,0.45,0.25,0.3,2,0.35,0.2,1.3636363636363635,1.45,1.4235201658853558,0.8213619537329386,1.669642857142857,1.84,0.7461009761866464,3.2188758248682006,1.1470588235294117,1.2637627106176743,0.035,0.015,0.035,0.1025,2.052325581395349,0.0,0,0.599047619047619,0.1892063492063492,0.4127484075650139,0.44336846580737554
cascade_62_20,Cascade,20,51,0.1275,2.0,0.15,0.25,0.6,4,0.1,0.6,0.8823529411764706,2.55,0.7138071376200403,0.8579942370244183,2.891211350859788,3.682242990654206,1.2331745415116553,4.672828834461906,1.3975903614457832,0.6088576373622274,0.145,0.045,0.1675,0.1325,2.2391874257855116,0.0,23,0.363001443001443,0.22428571428571428,0.8454108795390287,1.0901022793138213
random_62_20,Random,20,55,0.1375,1.0,0.0,0.05,0.95,6,0.0,0.55,0.95,2.75,0.6001304773311064,0.47006982165799566,3.0993774086627276e16,NaN,NaN,0.0,2.3073170731707315,0.7781263674739184,0.2125,0.0475,0.0825,0.1175,5.440855819552281,0.95,37,0.2747699522699522,0.3176190476190476,2.825211174729808,23.57894736842105
maxent_62_20,MaxEnt,20,40,0.1,2.0,0.25,0.4,0.35,6,0.05,0.55,0.8,2.0,0.8735890880367281,1.1355499479153377,3.086628035320088,4.217687074829932,1.3923322643262455,4.990432586778736,1.4242424242424243,1.3954814298487213,0.045,0.015,0.095,0.0475,3.1516392096954537,0.3,16,0.26380952380952377,0.2698412698412698,1.4186201414186397,2.234103035486798
ltm_63_20,LTM,20,47,0.1175,2.0,0.25,0.15,0.6,4,0.05,0.65,1.1333333333333333,2.35,0.7843383686360985,0.6216569116205881,2.733126446759259,4.7405405405405405,1.1876766366248386,5.220355825078324,1.5681818181818181,0.7822090769121848,0.19,0.035,0.095,0.125,3.842968239859708,0.0,5,0.5861363636363636,0.2636591478696742,0.9216204250736777,1.6080650059600379
atn_63_20,ATN,20,57,0.1425,3.0,0.15,0.05,0.8,5,0.05,0.8,1.1176470588235294,2.85,0.6566778527338533,0.5608838777068171,3.167978794642857,5.5813953488372094,0.711670580574518,5.840641657373398,1.4631578947368422,0.8216979415133039,0.305,0.0875,0.105,0.1275,3.0316334878647395,0.0,0,0.7052777777777778,0.3593037518037518,0.7239819685087301,1.9320551707421159
adbm_63_20,ADBM,20,54,0.135,2.0,0.15,0.2,0.65,4,0.2,0.35,0.9411764705882353,2.7,1.2493590877321499,0.9620628571769534,2.6152199074074076,3.8095238095238093,1.127413975016396,4.653960350157523,1.0357142857142858,1.3669151952876315,0.0225,0.235,0.04,0.15,0.8505599412520654,0.0,0,0.6398805361305362,0.633044733044733,0.6186590105127989,0.8344425824116941
niche_63_20,Niche,20,96,0.24,2.0,0.1,0.15,0.75,2,0.25,0.6,0.9444444444444444,4.8,0.9477389220283639,0.6433703743540662,2.7259407011289367,4.113110539845758,1.1295277001376796,5.963579343618446,1.232,0.6022921616235898,0.26,0.3725,0.31,0.575,2.044206540638434,0.0,0,0.6773096348096349,0.5028412926942339,0.5950915581188648,0.7883031686203082
cascade_63_20,Cascade,20,69,0.1725,3.0,0.15,0.2,0.65,3,0.15,0.65,0.9411764705882353,3.45,0.8005956283204304,0.8277513443044822,2.6811319444444446,3.6354679802955663,1.1191948806621463,5.313205979041787,1.380952380952381,0.586534959875438,0.1875,0.13,0.275,0.2625,1.3822249370084754,0.0,34,0.3707517482517482,0.33242063492063495,0.744136883074261,0.8395042484466376
random_63_20,Random,20,74,0.185,1.0,0.0,0.0,1.0,4,0.0,0.75,1.0,3.7,0.5044875699928268,0.4214465113984641,2.3299764212505576e16,NaN,NaN,0.0,1.7100591715976332,0.6643430859157661,0.235,0.065,0.11,0.12,3.955188911282031,1.0,64,0.2705094905094905,0.41976190476190467,4.290152142454322,13.473684210526315
maxent_63_20,MaxEnt,20,44,0.11,2.0,0.2,0.25,0.55,5,0.05,0.5,0.9375,2.2,0.9625433902762094,1.1094908683494642,5.499924812030073,4.370967741935484,1.258904814624319,4.820281565605037,1.486842105263158,1.5842306851761991,0.075,0.0275,0.08,0.075,3.2798582644341,0.45,11,0.3414392878363467,0.3357383357383358,2.37083459717722,8.684537495301365
ltm_64_20,LTM,20,69,0.1725,3.0,0.3,0.1,0.6,3,0.0,0.65,1.2857142857142858,3.45,0.9884418102335057,0.5908539886181462,3.414788771006387,2.25,0.9574271077563381,1.3862943611198906,1.3010752688172043,1.1241783487185701,0.13,0.09,0.0725,0.185,4.823334389073228,0.6,1,0.6102435064935064,0.6798260381593715,1.6116590739071666,3.536195801614087
atn_64_20,ATN,20,48,0.12,3.0,0.25,0.1,0.65,5,0.15,0.55,1.2,2.4,0.8905777085525779,0.5129891760425771,3.0851554232804235,5.564315352697095,0.6739991796055237,6.1779441140506,2.0973451327433628,0.7718550601752434,0.16,0.065,0.055,0.1275,3.2462853322867042,0.0,0,0.7386868686868687,0.3864285714285714,0.8963980742651845,2.9493420861433974
adbm_64_20,ADBM,20,57,0.1425,2.0,0.2,0.2,0.6,6,0.15,0.35,1.0,2.85,1.304320592169294,0.9337275877084388,4.437762237762238,4.55,2.0641042405337657,2.995732273553991,1.2318840579710144,1.3807011090890302,0.04,0.2375,0.0625,0.2225,1.5855639346979367,0.0,0,0.6619047619047619,0.5997294372294372,1.427882411123726,6.426396177739572
niche_64_20,Niche,20,33,0.0825,2.0,0.5,0.25,0.25,2,0.15,0.35,1.5,1.65,1.3662035024302492,0.8632795367948253,1.6947222222222222,1.878787878787879,0.6963106238227915,3.4965075614664802,1.175,1.2295399146512302,0.0475,0.0175,0.0575,0.13,3.8484848484848486,0.0,0,0.7441666666666666,0.13857142857142854,0.53265950699562,0.5559177225471087
cascade_64_20,Cascade,20,41,0.1025,2.0,0.35,0.2,0.45,5,0.15,0.4,1.2307692307692308,2.05,1.031456768467817,0.8143335366582855,2.1025555555555555,2.744186046511628,1.3109978616054254,3.7612001156935624,1.35,0.7235315597166503,0.075,0.015,0.105,0.145,2.69686260127363,0.0,15,0.39285714285714285,0.1092731829573935,0.848878850378364,0.855165705003249
random_64_20,Random,20,40,0.1,3.0,0.1,0.05,0.85,8,0.05,0.55,1.0555555555555556,2.0,0.6688560540599386,0.6488856845230502,8.4262981891602,2.6,1.3416407864998738,1.6094379124341003,1.8936170212765957,0.7433919416750282,0.1325,0.0175,0.0675,0.0725,2.089769547614259,0.8,16,0.26932539682539686,0.1595238095238095,2.3943281581270828,15.764971447425943
maxent_64_20,MaxEnt,20,24,0.06,3.0,0.25,0.45,0.3,6,0.15,0.3,0.7333333333333333,1.2,0.792877651822924,1.285319720390896,2.9125,2.761904761904762,1.609495632325913,3.044522437723423,1.2258064516129032,1.335524515310053,0.035,0.01,0.05,0.015,1.3275145469659186,0.1,6,0.21035714285714283,0.2555555555555556,1.0299339245256895,2.278855994152047
ltm_65_20,LTM,20,39,0.0975,2.0,0.4,0.2,0.4,3,0.2,0.35,1.3333333333333333,1.95,1.1219924638011627,0.7151478042207261,2.0124444444444443,3.4867256637168142,0.9646894786090829,4.727387818712341,1.380952380952381,1.2984111380615668,0.1475,0.035,0.0575,0.125,3.8842572173847296,0.0,1,0.6419047619047619,0.3475198412698413,0.5979628681138361,0.9785972839506171
atn_65_20,ATN,20,46,0.115,4.0,0.4,0.1,0.5,4,0.05,0.5,1.5,2.3,0.978324432209095,0.5660089510980477,2.458540833333333,5.135416666666667,1.0632212905221892,5.950642552587727,1.3943661971830985,1.1494614243259023,0.1925,0.0775,0.0375,0.1175,3.3645908577591026,0.0,0,0.7542063492063492,0.4074900793650794,1.109549143753165,1.7222445946264622
adbm_65_20,ADBM,20,75,0.1875,2.0,0.4,0.15,0.45,4,0.05,0.45,1.4166666666666667,3.75,1.4107357791579864,0.7436279016688057,2.532011217948718,3.975103734439834,1.4489229080116703,5.484796933490655,1.25,1.2934382305082646,0.0275,0.385,0.0575,0.5375,5.230117323696332,0.0,0,0.7550155971479501,0.6680034471701138,1.2957735182196752,1.8356188035134222
niche_65_20,Niche,20,106,0.265,2.0,0.1,0.25,0.65,2,0.1,0.8,0.8333333333333334,5.3,0.8528547948397261,0.887309954856438,2.8303666564916563,4.132581100141044,1.1421170355364767,6.5638555265321274,1.0363636363636364,0.7406838342990453,0.1325,0.6275,0.4675,0.4275,2.635777270451247,0.0,0,0.7462514323911383,0.6544850982350983,0.6988678253568218,0.7372436493410884
cascade_65_20,Cascade,20,105,0.2625,3.0,0.15,0.15,0.7,2,0.05,0.8,1.0,5.25,0.6822384756298847,0.7042740301443353,2.9238385604131425,5.090592334494773,0.9848001308263633,7.962067308753666,1.2605633802816902,0.6317380553057904,0.4525,0.5575,0.325,0.305,5.137523138433859,0.0,31,0.4943149138872823,0.6400377400377399,0.7739861460137747,1.0212549189215456
random_65_20,Random,20,101,0.2525,1.0,0.0,0.0,1.0,4,0.0,0.85,1.0,5.05,0.4137519147312772,0.3932942889117879,-7.593940890792853e16,NaN,NaN,0.0,1.937956204379562,0.6485357351175687,0.3175,0.0675,0.1525,0.155,2.573108485454023,1.0,90,0.3495395658263305,0.421597569097569,11.301888039939465,67.36842105263158
maxent_65_20,MaxEnt,20,59,0.1475,3.0,0.15,0.15,0.7,6,0.0,0.75,1.0,2.95,0.8692992677042924,0.9232806284908512,10.63880083468697,5.1752136752136755,1.0437145600700963,5.455321115357702,1.7209302325581395,1.2486555160779287,0.1275,0.085,0.13,0.135,4.620584768768929,0.7,38,0.2899196636696636,0.5003493582440951,3.6371854344709758,18.963589475559925
ltm_66_20,LTM,20,52,0.13,3.0,0.3,0.1,0.6,3,0.05,0.55,1.2857142857142858,2.6,1.0617790022607605,0.7318870632211606,2.7677861887508626,4.978922716627634,1.0645926555177212,6.056784013228625,1.3466666666666667,1.2762351202726625,0.1775,0.1075,0.0675,0.16,3.2115035506674032,0.2,3,0.4547023809523809,0.52996632996633,0.9706640779699054,1.9238884796583213
atn_66_20,ATN,20,46,0.115,4.0,0.25,0.15,0.6,5,0.15,0.6,1.1333333333333333,2.3,0.7609512868829745,0.6324240689322943,2.5231119791666665,5.415094339622642,1.2081049434278655,5.0689042022202315,1.4615384615384615,0.7777627747825356,0.17,0.0475,0.0775,0.1,2.8982736216818266,0.0,0,0.742718253968254,0.29619047619047617,0.87474084653376,1.1672332124170968
adbm_66_20,ADBM,20,77,0.1925,2.0,0.25,0.2,0.55,4,0.15,0.4,1.0666666666666667,3.85,1.2870978560586028,0.7597241937648492,3.322452547452547,4.637037037037037,1.6955050645725462,4.90527477843843,1.0941176470588236,1.1618993969015219,0.0425,0.3875,0.09,0.47,1.7779014379201348,0.0,0,0.8142207792207792,0.6201795118461786,1.5720002727762001,3.0541049751101004
niche_66_20,Niche,20,54,0.135,3.0,0.45,0.05,0.5,2,0.2,0.3,1.7272727272727273,2.7,1.220123426875469,0.6138958349478695,1.7854497354497354,3.010869565217391,0.8832328880018909,4.5217885770490405,1.1692307692307693,1.0010463084420063,0.1425,0.0725,0.1075,0.3,4.283996299722479,0.0,0,0.6225715950715951,0.3647869674185463,0.4517153224627368,0.6730440592957997
cascade_66_20,Cascade,20,61,0.1525,4.0,0.05,0.15,0.8,4,0.05,0.75,0.8947368421052632,3.05,0.6245834833273851,0.9055917762968804,4.083179563492063,4.784810126582278,1.1285444003165674,4.3694478524670215,1.4857142857142858,0.6802992810817436,0.1975,0.1025,0.235,0.14,3.576908194742957,0.0,30,0.395982905982906,0.33345238095238094,0.825685433709928,1.2262670912099607
random_66_20,Random,20,51,0.1275,3.0,0.1,0.2,0.7,5,0.0,0.8,0.8888888888888888,2.55,0.5896096775194603,0.7361364284532167,7.512523014747648,5.214285714285714,0.9948644453671377,5.529429087511423,1.576086956521739,0.9340979081668715,0.18,0.0275,0.11,0.08,2.1402120262843822,0.7,36,0.2703679653679653,0.21683375104427735,2.3579863383414272,6.225249417903758
maxent_66_20,MaxEnt,20,34,0.085,3.0,0.3,0.35,0.35,5,0.1,0.45,0.9285714285714286,1.7,1.0116783028842125,1.0643132539831783,3.490166666666667,4.170212765957447,1.372841789100184,4.543294782270004,1.4576271186440677,1.7005896328195478,0.065,0.015,0.04,0.035,2.1935427267941745,0.35,11,0.23789682539682538,0.4621848739495798,1.6987475201615165,4.329684766081873
ltm_67_20,LTM,20,50,0.125,2.0,0.35,0.05,0.6,4,0.0,0.6,1.4615384615384615,2.5,1.0973652656776545,0.5581925719394885,2.9877622377622375,4.870967741935484,1.2623914504928078,5.043425116919247,1.3424657534246576,1.0780098622730196,0.1025,0.055,0.045,0.1625,5.346531057028696,0.4,3,0.5696789321789321,0.5506683375104428,1.4097783437127807,2.636472915503095
atn_67_20,ATN,20,40,0.1,3.0,0.45,0.3,0.25,3,0.15,0.4,1.2727272727272727,2.0,1.2773327473170102,0.7779866052154991,2.0380357142857144,4.076923076923077,0.9487321426018681,6.030685260261263,1.7608695652173914,1.67803142809788,0.1875,0.0675,0.04,0.1375,6.255713514486234,0.0,0,0.6705128205128205,0.7186868686868686,0.5040220705392798,1.245980982963361
adbm_67_20,ADBM,20,69,0.1725,2.0,0.3,0.15,0.55,3,0.25,0.4,1.2142857142857142,3.45,1.2978906189703252,0.8592060297113776,2.0812925170068026,3.0272108843537415,0.9858281980371139,4.990432586778736,1.1645569620253164,1.1817079772362924,0.0275,0.2775,0.1425,0.41,2.109959274342836,0.0,0,0.6875324675324676,0.5036235006823242,0.6924259053904993,0.6782768236188137
niche_67_20,Niche,20,113,0.2825,3.0,0.1,0.1,0.8,3,0.15,0.75,1.0,5.65,0.8901107426019087,0.6727992144689632,3.0650321768543276,4.679362267493357,0.9990816442832843,7.029087564149662,1.2684563758389262,0.5510862365937471,0.2275,0.655,0.345,0.6025,3.958434519710289,0.0,0,0.8109399913811679,0.6551477199271318,0.6913324404266808,1.1091144854545554
cascade_67_20,Cascade,20,96,0.24,2.0,0.1,0.05,0.85,3,0.1,0.8,1.0555555555555556,4.8,0.7204206048921813,0.6539354547257462,3.09636616830418,4.873661670235546,1.0898931303122914,6.1463292576688975,1.3014705882352942,0.4133641046836743,0.385,0.3425,0.3475,0.3975,4.499710409021503,0.0,39,0.46098200818789054,0.480515318015318,0.7927084889300113,0.924494006902676
random_67_20,Random,20,95,0.2375,1.0,0.0,0.0,1.0,4,0.0,0.95,1.0,4.75,0.44199972358533396,0.34744396056011423,-4.783716696956055e16,NaN,NaN,0.0,1.9777777777777779,0.616628213982339,0.3475,0.0825,0.1575,0.1975,5.095813236005312,1.0,90,0.29572596263385736,0.4254112554112555,7.095587954570969,90.94736842105263
maxent_67_20,MaxEnt,20,56,0.14,2.0,0.15,0.2,0.65,4,0.05,0.7,0.9411764705882353,2.8,0.8323481466095419,0.8242432977971251,8.486391872744658,5.318471337579618,0.9426915212770622,5.749392985908253,1.6953125,1.2064096629972538,0.1075,0.04,0.1175,0.1175,4.422228578318564,0.55,31,0.3060415972915973,0.3498405103668261,3.331850181915441,16.152562969145688
ltm_68_20,LTM,20,61,0.1525,3.0,0.35,0.05,0.6,3,0.0,0.65,1.4615384615384615,3.05,0.8930091324747579,0.6850646457026065,2.300407589092483,5.0,1.0660035817780522,5.176149732573829,1.3645833333333333,0.9973160207531983,0.195,0.0475,0.1525,0.1925,2.285439841709901,0.4,2,0.5217926517926517,0.2451499118165785,0.8848381467136128,1.0749067196405264
atn_68_20,ATN,20,46,0.115,2.0,0.35,0.25,0.4,4,0.25,0.4,1.1538461538461537,2.3,1.0565542272599084,1.0083720778257268,2.0883730158730156,3.2027027027027026,1.0465825629583583,4.30406509320417,1.1481481481481481,1.1919539226897744,0.0925,0.0825,0.12,0.1325,2.8700219887613,0.0,0,0.7196230158730159,0.2866946778711485,0.5890169724115085,0.9089108908183154
adbm_68_20,ADBM,20,60,0.15,3.0,0.35,0.25,0.4,2,0.2,0.4,1.1538461538461537,3.0,1.2750415656566052,1.0145145470035761,2.237282051282051,3.977272727272727,1.219848001361683,4.882801922586371,1.0909090909090908,1.4469164631940534,0.0425,0.2875,0.0825,0.21,2.5956338731540276,0.0,0,0.7092063492063492,0.6334867513438942,0.7803254638450371,1.1471086269632942
niche_68_20,Niche,20,107,0.2675,3.0,0.15,0.1,0.75,3,0.05,0.75,1.0588235294117647,5.35,0.887708068421127,0.6192621191154217,3.1081218239113135,4.648581997533909,1.207408135859499,6.698268054115413,1.1370967741935485,0.5290256673569725,0.285,0.54,0.3025,0.5775,3.28203999351206,0.0,0,0.7193950657185952,0.5987376512376511,0.9962952881224912,1.2144645706746722
cascade_68_20,Cascade,20,111,0.2775,3.0,0.1,0.15,0.75,3,0.05,0.85,0.9444444444444444,5.55,0.6600209555773239,0.6879088570090189,3.208735304543049,5.09470304975923,1.0043368379399198,7.533158807455563,1.269736842105263,0.31965448948577185,0.3875,0.5625,0.415,0.3875,4.688636579041378,0.0,31,0.5092795832908061,0.590954045954046,0.884762627663469,0.9093402208504182
random_68_20,Random,20,110,0.275,1.0,0.0,0.0,1.0,4,0.0,0.95,1.0,5.5,0.3612360973813756,0.3563870708045181,7.553348866569478e16,NaN,NaN,0.0,1.826086956521739,0.4970552694055714,0.42,0.1925,0.1975,0.2225,6.5571134183093,1.0,97,0.32879882628401946,0.5137898212898213,13.818959308270516,215.57894736842104
maxent_68_20,MaxEnt,20,65,0.1625,2.0,0.25,0.2,0.55,6,0.0,0.7,1.0666666666666667,3.25,0.9196969156698412,0.8638199980898619,5.388138557146801,5.2465483234714005,1.006089619891346,6.2285110035911835,1.732394366197183,1.3187198760509173,0.15,0.105,0.1175,0.1275,4.189405957166655,0.6,22,0.3281758373205742,0.5669298022239199,2.4307364775269655,7.376776659766683
ltm_69_20,LTM,20,55,0.1375,2.0,0.2,0.2,0.6,4,0.1,0.55,1.0,2.75,0.928032337334619,0.912910635616181,2.611085390946502,4.375,1.275465246176037,5.337538079701318,1.4534883720930232,0.990603965137419,0.14,0.11,0.16,0.165,2.821369923183277,0.0,2,0.5425865800865802,0.4904320987654321,0.8124120341848386,0.9983788615621192
atn_69_20,ATN,20,53,0.1325,3.0,0.15,0.1,0.75,5,0.15,0.7,1.0588235294117647,2.65,0.7167720387108399,0.47850109161122834,3.53625,5.761904761904762,0.5769401901058605,6.222576268071369,1.8608695652173912,0.6936571059409941,0.2175,0.09,0.0575,0.105,3.000631118003828,0.0,0,0.7139484126984128,0.4711904761904761,1.0080337670295068,2.820382127192982
adbm_69_20,ADBM,20,73,0.1825,2.0,0.15,0.2,0.65,5,0.1,0.45,0.9411764705882353,3.65,1.1801594670385918,0.8398665068779173,4.669055944055944,4.880952380952381,1.8105703312786243,3.7376696182833684,1.2527472527472527,1.1928949205084662,0.055,0.3975,0.0675,0.285,1.974164238472906,0.0,0,0.686509324009324,0.5975983892650559,1.4741825468788081,5.309348967649943
niche_69_20,Niche,20,113,0.2825,3.0,0.1,0.1,0.8,3,0.15,0.65,1.0,5.65,0.9084446770662521,0.5919776445834142,3.3243505792942174,5.2274247491638794,0.8859590381003062,7.3098814858247865,1.2397260273972603,0.6821081779432214,0.3125,0.745,0.1775,0.5375,2.581763515363621,0.0,0,0.7352799868260396,0.7040442563971976,0.8566936541947477,1.389148275993181
cascade_69_20,Cascade,20,108,0.27,2.0,0.05,0.15,0.8,3,0.1,0.85,0.8947368421052632,5.4,0.6138958349478695,0.7017002361607524,3.4680730380959375,5.169238683127572,0.9329890628955805,7.572502985020384,1.3270440251572326,0.4101449757858444,0.455,0.5175,0.4175,0.3375,3.9131441909935507,0.0,34,0.5071660202542555,0.5613120213120213,0.7408992541835774,0.9809830368656488
random_69_20,Random,20,99,0.2475,1.0,0.0,0.0,1.0,4,0.0,0.95,1.0,4.95,0.3497557514129968,0.40655781409087083,-7.773929617057464e16,NaN,NaN,0.0,1.763779527559055,0.5479886788589895,0.3175,0.1125,0.1575,0.1375,6.439390068187966,1.0,87,0.32798755703360966,0.46116522366522367,14.662189399260875,242.52631578947367
maxent_69_20,MaxEnt,20,67,0.1675,2.0,0.05,0.05,0.9,8,0.05,0.7,1.0,3.35,0.7884392906177737,0.8402698338484901,7.561663625409342,5.25752508361204,0.9468608831749371,5.700443573390687,1.5163934426229508,1.052490874745664,0.1625,0.0925,0.1725,0.1625,2.388013665329125,0.85,39,0.30667872160519216,0.42961399711399706,2.63380150538472,5.9657554819009695
ltm_70_20,LTM,20,65,0.1625,4.0,0.3,0.1,0.6,5,0.05,0.65,1.2857142857142858,3.25,0.8695692795052238,0.8284868934053082,2.4390862358940972,5.256704980842912,0.8033601699293674,5.564520407322694,1.3829787234042554,1.0728668550640899,0.2675,0.1875,0.1675,0.185,5.301706009982649,0.0,2,0.58372113997114,0.46304218657159835,0.7000856704155737,1.17733296184967
atn_70_20,ATN,20,61,0.1525,3.0,0.2,0.05,0.75,5,0.05,0.7,1.1875,3.05,0.732944085610421,0.7705744085838465,3.2234835600907035,5.2439024390243905,0.8682081179178743,5.793013608384144,1.49,0.9144512906428957,0.255,0.145,0.1425,0.13,3.7488746449557064,0.0,0,0.7417138417138418,0.5203425229741019,0.9666964219931271,1.9006771673119065
adbm_70_20,ADBM,20,78,0.195,2.0,0.2,0.15,0.65,3,0.15,0.3,1.0625,3.9,1.2223622001765109,0.8479717110256375,3.19,5.148936170212766,1.1037849012391123,5.236441962829949,1.1477272727272727,1.2129844137211236,0.05,0.4425,0.1,0.38,2.3399602385685885,0.0,0,0.6805952380952381,0.7740540709290707,0.9164564360990648,2.0688783566058
niche_70_20,Niche,20,107,0.2675,2.0,0.2,0.15,0.65,3,0.1,0.6,1.0625,5.35,0.9321660920960907,0.6368291707161875,2.9372032904070715,4.783410138248848,1.0657254465231172,7.459338895220296,1.2222222222222223,0.7792161622605313,0.3025,0.675,0.1825,0.4975,4.896082465184058,0.0,0,0.7049745230259936,0.7070785681466797,0.8705471370809663,1.47594330741161
cascade_70_20,Cascade,20,98,0.245,3.0,0.1,0.15,0.75,3,0.15,0.75,0.9444444444444444,4.9,0.7158950720471343,0.7517415862101817,2.862695168867912,4.777777777777778,1.1347424595203093,6.792344427470809,1.2032520325203253,0.41666758002778814,0.305,0.38,0.42,0.39,3.303031662082083,0.0,32,0.4995276292335117,0.5091008991008991,0.7401292382447591,0.7549868539231811
random_70_20,Random,20,99,0.2475,1.0,0.0,0.0,1.0,5,0.0,0.85,1.0,4.95,0.43711023612982725,0.3848443685148534,-1.921691892994151e17,NaN,NaN,0.0,1.7921568627450981,0.4944121463315608,0.4125,0.2,0.1725,0.2475,3.3819240357128475,1.0,80,0.34692777874859915,0.4980375180375181,32.97060214889328,808.421052631579
maxent_70_20,MaxEnt,20,72,0.18,2.0,0.25,0.2,0.55,7,0.05,0.6,1.0666666666666667,3.6,0.9075168012986735,0.8131073728235964,4.259313199263791,5.176176176176176,1.0310767340289972,6.906754778648554,1.3076923076923077,1.1169437554445214,0.15,0.185,0.14,0.1925,3.3358155666632667,0.55,27,0.3815059736015619,0.5656725990059324,1.9851096373733328,5.33453019436776
ltm_71_20,LTM,20,35,0.0875,3.0,0.35,0.15,0.5,5,0.1,0.45,1.3076923076923077,1.75,0.9246591963695162,0.6113850030152216,2.648046875,5.169811320754717,0.9973585788709778,5.356586274672012,1.7820512820512822,1.208633461498353,0.145,0.025,0.035,0.07,5.353325893436455,0.0,3,0.5946428571428571,0.3113095238095238,1.0096268620978954,2.1844111392372536
atn_71_20,ATN,20,42,0.105,4.0,0.3,0.1,0.6,6,0.1,0.55,1.2857142857142858,2.1,0.8588120755830134,0.5100727841559978,2.910364583333333,5.125,1.1404529413318223,4.382026634673881,1.4242424242424243,0.934672457567843,0.155,0.0525,0.0325,0.0825,3.8637978681405447,0.0,0,0.6261904761904762,0.4644110275689222,1.1767192810390452,2.3638702753792025
adbm_71_20,ADBM,20,61,0.1525,2.0,0.3,0.1,0.6,5,0.1,0.35,1.2857142857142858,3.05,1.4369446645656216,0.7851216936103371,3.4273846153846153,3.9529411764705884,1.4630844973885133,4.442651256490317,1.273972602739726,1.426769903473958,0.035,0.2875,0.005,0.325,2.5553819105294004,0.0,0,0.6923358585858586,0.6797483380816715,1.759126163882992,3.8276902156432757
niche_71_20,Niche,20,104,0.26,2.0,0.15,0.2,0.65,2,0.05,0.65,0.9411764705882353,5.2,0.8726081782221007,0.8338262841799539,2.7743009814711477,3.9402730375426622,1.1583288554158,6.373319789577012,1.1746031746031746,0.7097444283224239,0.1625,0.5775,0.415,0.4575,3.9727342069012614,0.0,0,0.7162493756243757,0.5871153700101068,0.7691408729761895,0.8172265212539326
cascade_71_20,Cascade,20,82,0.205,2.0,0.1,0.15,0.75,3,0.1,0.7,0.9444444444444444,4.1,0.6984302957695783,0.7376735791678446,3.0162486772486767,4.30791788856305,1.1332781986744573,5.831882477283517,1.2956521739130435,0.42319191032892517,0.2575,0.2425,0.2925,0.27,2.908727689396052,0.0,40,0.3826415251415251,0.47046176046176047,0.7177983898381358,0.8330756316112816
random_71_20,Random,20,80,0.2,1.0,0.0,0.0,1.0,5,0.0,0.85,1.0,4.0,0.45883146774112354,0.40555355282690636,-3.4386933012145868e16,NaN,NaN,0.0,1.855,0.512989176042577,0.365,0.0925,0.1475,0.175,2.544974514774119,1.0,76,0.2653490053548103,0.3646789321789322,4.230839160261236,69.05263157894737
maxent_71_20,MaxEnt,20,55,0.1375,3.0,0.2,0.2,0.6,5,0.1,0.6,1.0,2.75,0.905255065361322,0.8897463362356234,8.113906905136263,5.303951367781155,0.9428887618059156,5.796057750765372,1.7155172413793103,1.2289108330471692,0.0975,0.0675,0.1025,0.1325,3.1685049365086644,0.5,24,0.29006410256410253,0.456305114638448,3.800027529695467,23.477866264260932
ltm_72_20,LTM,20,51,0.1275,3.0,0.5,0.3,0.2,5,0.0,0.5,1.4,2.55,1.134261745631201,1.090605828366377,2.004411179698217,4.1911764705882355,1.3851846026585286,4.912654885736052,1.3461538461538463,1.4722728569064334,0.0625,0.1,0.1375,0.1325,3.59570204500234,0.35,1,0.5309415584415584,0.39680615680615683,0.9304214979691566,1.0834920894188238
atn_72_20,ATN,20,64,0.16,4.0,0.2,0.1,0.7,4,0.1,0.7,1.125,3.2,0.6299148856455884,0.661748580814894,3.1410124999999995,5.407407407407407,0.7696557185100729,6.906754778648554,1.564102564102564,0.9091095990901729,0.3625,0.1475,0.135,0.125,4.695644105077619,0.0,0,0.7222817460317461,0.4676387939545834,0.5901258571031095,2.086548764226974
adbm_72_20,ADBM,20,111,0.2775,2.0,0.2,0.1,0.7,3,0.1,0.55,1.125,5.55,1.0150112741136923,0.7587748835861859,3.285975678733032,4.7164179104477615,1.2621383118506186,5.814130531825066,1.0672268907563025,0.7862569505644739,0.05,0.7675,0.285,0.6175,3.115602220527464,0.0,0,0.8182539682539683,0.6450968536107856,1.1897332569830519,1.8800279985878583
niche_72_20,Niche,20,72,0.18,3.0,0.2,0.1,0.7,3,0.2,0.5,1.125,3.6,1.0051847398730018,0.5798769782820494,2.5082680880994372,3.5947712418300655,0.8829006478961843,5.723585101952381,1.349056603773585,0.7518657754210605,0.26,0.1475,0.19,0.3975,4.076311006456793,0.0,0,0.6560242535242535,0.3592796092796092,0.5365040155023997,1.08345014683423
cascade_72_20,Cascade,20,56,0.14,4.0,0.15,0.2,0.65,3,0.2,0.55,0.9411764705882353,2.8,0.8077896802768414,0.871742825131722,2.5287239583333334,3.037974683544304,0.9397631722214276,4.3694478524670215,1.380952380952381,0.6388765649999398,0.1325,0.0725,0.195,0.175,2.3374982355801155,0.0,30,0.32753607503607507,0.35063492063492063,0.6032469359506532,0.6851802975342908
random_72_20,Random,20,59,0.1475,1.0,0.0,0.05,0.95,5,0.0,0.85,0.95,2.95,0.3725568290161253,0.53286719172737,-5.4927387867988296e16,NaN,NaN,0.0,1.8013698630136987,0.7999153253545269,0.195,0.0325,0.0775,0.065,3.55141308237597,0.95,48,0.24179924242424242,0.34465329991645777,7.647975249942223,43.78947368421053
maxent_72_20,MaxEnt,20,35,0.0875,2.0,0.2,0.3,0.5,5,0.05,0.55,0.875,1.75,0.7615914142616902,1.2827869766634346,3.2532196969696963,3.764705882352941,1.349721038055794,3.5263605246161616,1.4107142857142858,1.4058340923332626,0.065,0.0375,0.1075,0.0225,3.0586245772266065,0.3,9,0.2992261904761905,0.27380952380952384,0.9724194904906159,1.8923917328186168
ltm_73_20,LTM,20,32,0.08,3.0,0.4,0.2,0.4,4,0.15,0.45,1.3333333333333333,1.6,0.9380480854019776,0.7422848793457018,1.9489583333333331,3.033333333333333,1.3256965204630418,3.4011973816621555,1.255813953488372,0.7478038020201485,0.055,0.02,0.0375,0.0575,3.91570820860249,0.0,0,0.5808333333333333,0.2719298245614035,0.5322957436243085,0.8336291575292397
atn_73_20,ATN,20,57,0.1425,3.0,0.2,0.1,0.7,5,0.05,0.75,1.125,2.85,0.636637177715052,0.4997934160391093,3.287488888888889,5.530785562632697,0.7537417950508188,6.848005274576363,1.434782608695652,0.644979414296012,0.285,0.075,0.105,0.135,1.983816637910326,0.0,0,0.857261904761905,0.31619047619047624,0.828217315962708,2.3377205762183233
adbm_73_20,ADBM,20,91,0.2275,2.0,0.2,0.2,0.6,3,0.15,0.45,1.0,4.55,1.0683432018226262,0.8717883914458628,2.64625850340136,4.36830835117773,1.177991091652078,6.1463292576688975,1.021505376344086,1.0404342287775823,0.025,0.6075,0.17,0.3575,2.1238378579397548,0.0,0,0.720530303030303,0.687973137973138,0.818521823866645,0.9776210105864758
niche_73_20,Niche,20,62,0.155,3.0,0.3,0.2,0.5,3,0.1,0.6,1.1428571428571428,3.1,0.9413492140194784,0.789464556239105,2.2375885416666668,3.376068376068376,0.9285781805344844,5.455321115357702,1.3404255319148937,1.0071218002848588,0.25,0.1175,0.1875,0.2475,5.2495141572288215,0.0,0,0.6426731601731601,0.3337445887445888,0.5926935476996175,0.8708030620712603
cascade_73_20,Cascade,20,48,0.12,3.0,0.15,0.1,0.75,6,0.2,0.55,1.0588235294117647,2.4,0.84854536694633,0.732994339510467,2.7768055555555557,4.441860465116279,1.2136929659494098,4.454347296253507,1.3974358974358974,0.7718550601752434,0.1525,0.045,0.1125,0.1375,1.874475819402712,0.0,23,0.3303427128427128,0.28821428571428565,0.7643166061888848,1.2115351453203114
random_73_20,Random,20,45,0.1125,2.0,0.05,0.1,0.85,9,0.05,0.55,0.9473684210526315,2.25,0.6896618941663424,0.6096473698209192,1.066030287344427,4.55,1.6693837501494848,2.995732273553991,1.5384615384615385,0.7963529604935299,0.1325,0.015,0.0575,0.09,1.3654172409193508,0.75,12,0.2802579365079365,0.27518796992481204,2.319913947928242,8.525646434901217
maxent_73_20,MaxEnt,20,29,0.0725,4.0,0.45,0.45,0.1,5,0.0,0.4,1.0,1.45,1.1512991380341275,1.1512991380341275,3.205505952380952,4.866666666666666,1.2470189171681723,4.499809670330265,1.489795918367347,1.9748718707967385,0.06,0.01,0.025,0.03,5.520818630910374,0.35,7,0.25375,0.3736111111111111,1.3378821326075945,5.170856936798842
ltm_74_20,LTM,20,108,0.27,2.0,0.15,0.05,0.8,3,0.0,0.85,1.1176470588235294,5.4,0.6341427519236829,0.555230574214172,4.2678331046788935,5.631697687535251,0.6393308340378175,8.173575486634153,1.4104046242774566,0.7022144907084596,0.465,0.545,0.0775,0.16,1.4442558444564466,0.45,16,0.6027435717876893,0.7174737543158596,1.32788994209968,2.3494938761857056
atn_74_20,ATN,20,70,0.175,3.0,0.15,0.1,0.75,5,0.1,0.7,1.0588235294117647,3.5,0.6113850030152216,0.5284596508512956,3.664706893004115,5.564935064935065,0.7103186801426846,7.3395376954076745,1.576,0.7530817458976792,0.4025,0.185,0.115,0.1425,4.526355558155572,0.0,0,0.7456511544011545,0.43210317460317454,0.8085479215343635,2.5748402384908133
adbm_74_20,ADBM,20,110,0.275,2.0,0.15,0.15,0.7,3,0.1,0.6,1.0,5.5,0.9110027743132495,0.8163189851494583,3.626179376179376,5.213664596273292,1.0481265503143564,6.690842277418564,1.1083333333333334,0.9062155484594613,0.075,0.9525,0.145,0.2625,2.78449246556381,0.0,0,0.7548008241758242,0.8073044602456368,1.012189773415502,2.0965535549663046
niche_74_20,Niche,20,114,0.285,2.0,0.2,0.05,0.75,3,0.1,0.65,1.1875,5.7,0.9509184196478251,0.5863015382645373,2.4760016084558827,4.587982832618025,1.044636012365291,7.060476365999801,1.109375,0.6399364955291167,0.27,0.7075,0.2275,0.66,2.111992503323382,0.0,0,0.7529207965237377,0.675085290526467,0.6464551570879842,0.8134132493767776
cascade_74_20,Cascade,20,117,0.2925,2.0,0.1,0.15,0.75,3,0.05,0.85,0.9444444444444444,5.85,0.6031548295513625,0.7215704549617024,3.0579205994807417,5.119101854864953,0.9918956626443785,8.030409562130485,1.2658227848101267,0.3142207402980572,0.415,0.6575,0.475,0.3475,2.769620432690084,0.0,39,0.5035862020246695,0.6150255300255301,0.7961128660180794,0.7920064271549148
random_74_20,Random,20,103,0.2575,1.0,0.0,0.0,1.0,4,0.0,1.0,1.0,5.15,0.4144283975626808,0.44222601233956205,-5.587826496139622e16,NaN,NaN,0.0,1.8388278388278387,0.5349320273535741,0.4375,0.245,0.23,0.22,5.883228952769164,1.0,91,0.31766613708900693,0.5347333222333223,10.393706086550274,57.26315789473684
maxent_74_20,MaxEnt,20,73,0.1825,2.0,0.2,0.2,0.6,5,0.05,0.6,1.0,3.65,0.8351494434192765,0.9291925957577695,3.147646899599099,4.859903381642512,1.2563392727946783,6.025865973825314,1.4424778761061947,0.8103000109783585,0.105,0.1175,0.33,0.265,3.2471492972686278,0.45,26,0.44305069930069935,0.38255772005772004,1.3459460973121473,1.6942955312586587
ltm_75_20,LTM,20,32,0.08,3.0,0.45,0.35,0.2,2,0.2,0.3,1.1818181818181819,1.6,1.3203867057160106,0.9597148699373931,1.3010441767068275,1.6363636363636365,0.6579516949597689,3.091042453358316,1.0303030303030303,1.2098825519337337,0.01,0.03,0.04,0.095,2.0888030888030893,0.1,0,0.5035714285714287,0.5125000000000001,0.6382835145392748,0.7559616508732036
atn_75_20,ATN,20,49,0.1225,4.0,0.3,0.15,0.55,5,0.1,0.55,1.2142857142857142,2.45,0.7429421228290215,0.5844008597255654,2.5833333333333335,5.347490347490347,0.8765101887905332,6.655440350367647,1.548780487804878,0.8469031866527827,0.215,0.06,0.0775,0.1075,1.514931595288072,0.0,0,0.9034722222222221,0.3302380952380952,0.8979936576206895,1.4953589485867447
adbm_75_20,ADBM,20,89,0.2225,2.0,0.25,0.2,0.55,3,0.2,0.5,1.0666666666666667,4.45,1.0702287934657981,0.8517354784622184,2.4909565434565435,4.612483745123537,1.186139657257647,6.645090969505644,1.2095238095238094,1.0933845028295006,0.035,0.6375,0.0875,0.285,3.2333085721420067,0.0,0,0.7029982517482518,0.7349875614581499,0.9257238207964367,1.0917687063120907
niche_75_20,Niche,20,57,0.1425,3.0,0.2,0.25,0.55,4,0.15,0.5,0.9375,2.85,1.162474504304388,0.9475052054052145,2.461371336996337,2.5161290322580645,0.9006725262109304,4.127134385045092,1.161764705882353,1.0124686370877503,0.09,0.08,0.225,0.3125,2.131212723658052,0.0,0,0.5871550671550672,0.33125763125763125,0.6108329560169243,0.829468897852858
cascade_75_20,Cascade,20,50,0.125,3.0,0.3,0.25,0.45,3,0.25,0.45,1.0714285714285714,2.5,0.949237921481726,0.8559390042213103,2.0373809523809525,2.676056338028169,0.9067153890723837,4.2626798770413155,1.4,0.8801913667522893,0.1275,0.0575,0.145,0.17,2.9958067851254295,0.0,26,0.3255799755799756,0.29486215538847116,0.5443742507043586,0.6023744107292041
random_75_20,Random,20,52,0.13,3.0,0.05,0.05,0.9,7,0.1,0.7,1.0,2.6,0.6036327274391503,0.5496240327625977,6.369484856868202,5.384615384615385,0.9829312519977408,3.258096538021482,1.6339285714285714,0.8048436365855337,0.145,0.025,0.0675,0.085,2.663351708601767,0.75,36,0.24704351204351202,0.2630952380952381,1.8521949909442352,5.562135963885485
maxent_75_20,MaxEnt,20,45,0.1125,3.0,0.4,0.15,0.45,5,0.0,0.5,1.4166666666666667,2.25,1.125058658495294,0.6744188651854267,2.4727645240823692,4.65,1.2599291185014334,5.075173815233827,1.5925925925925926,1.3255131290299123,0.0975,0.0325,0.05,0.12,4.972937303302344,0.4,28,0.2841819291819292,0.43033509700176364,1.216240015277244,1.649784485228699
ltm_76_20,LTM,20,60,0.15,1.0,0.15,0.2,0.65,6,0.1,0.5,0.9411764705882353,3.0,0.8093026382225119,0.7173701157986271,-3.1161050753260212e16,1.0,0.0,0.6931471805599453,1.4814814814814814,1.199415062114892,0.17,0.0975,0.0675,0.0725,3.141779755034347,0.75,2,0.5147829947829948,0.5547619047619048,7.791020472312982,3.407056435253539e32
atn_76_20,ATN,20,67,0.1675,1.0,0.1,0.1,0.8,5,0.1,0.6,1.0,3.35,0.5149851394667317,0.5833068826699683,4.407966666666667,5.841121495327103,0.36566956331069805,7.445417556701687,1.4190476190476191,0.6283974850254535,0.33,0.175,0.1125,0.0925,1.77975766215253,0.0,0,0.9611904761904763,0.5212301587301587,0.3727360182535123,4.113998478362574
adbm_76_20,ADBM,20,96,0.24,1.0,0.1,0.2,0.7,4,0.1,0.5,0.8888888888888888,4.8,0.9715432048192243,0.8619006944059995,4.438571428571429,5.6350710900473935,0.7332266392091528,5.351858133476067,1.2142857142857142,1.0011871608216678,0.0625,0.715,0.1475,0.2575,2.609515996718622,0.0,0,0.7601190476190476,0.6852591852591853,0.8504435773605499,3.2530442400644466
niche_76_20,Niche,20,77,0.1925,3.0,0.15,0.05,0.8,2,0.05,0.7,1.1176470588235294,3.85,1.0668671934557667,0.680849163304772,3.000766997708174,4.475694444444445,1.1071982739368544,5.662960480135946,1.1979166666666667,0.9196728137490022,0.2425,0.2325,0.205,0.4425,2.9767815240212423,0.0,0,0.6207142857142858,0.5514319667260844,0.7312937974929783,1.1213742371220594
cascade_76_20,Cascade,20,95,0.2375,3.0,0.2,0.1,0.7,3,0.05,0.75,1.125,4.75,0.6994884932640255,0.6688015581088921,2.6229840836622715,5.042241379310345,1.0446999116720652,7.05617528410041,1.38,0.49959890604301355,0.39,0.37,0.315,0.3375,2.478722564136595,0.0,41,0.44068926171867345,0.5116083916083916,0.7885772531905901,0.923202188897423
random_76_20,Random,20,94,0.235,1.0,0.0,0.0,1.0,4,0.0,1.0,1.0,4.7,0.45841585944230284,0.44254888446521606,1.7458147645533283e17,NaN,NaN,0.0,1.8225806451612903,0.5709109729786697,0.355,0.1375,0.2025,0.1925,3.4673895711855907,1.0,76,0.319573547367665,0.45921717171717163,30.02941820027169,538.9473684210526
maxent_76_20,MaxEnt,20,67,0.1675,2.0,0.2,0.15,0.65,6,0.0,0.7,1.0625,3.35,0.9047702647211886,0.7824684414099619,4.106910379095136,5.422735346358793,0.8617917563177948,6.333279628139691,1.5564516129032258,1.1463373899267213,0.1075,0.095,0.1475,0.1425,4.653841181254044,0.65,34,0.3424653451124039,0.47800182273866487,1.7611917638693373,3.055168381172747
ltm_77_20,LTM,20,10,0.025,2.0,0.6,0.7,-0.3,3,0.15,0.0,0.75,0.5,1.3764944032233706,2.0,1.7,1.8571428571428572,0.8997354108424372,1.9459101490553132,1.0909090909090908,2.513123449750173,0.015,0.0,0.0175,0.005,1.9629629629629628,0.0,0,0.32,0.0,0.0,0.9578947368421052
atn_77_20,ATN,20,46,0.115,5.0,0.3,0.1,0.6,5,0.15,0.45,1.2857142857142858,2.3,0.7739156146307533,0.6001359577995603,2.578086419753086,5.5092936802973975,0.6943986064387597,5.594711379601839,1.735632183908046,0.9185298822372249,0.215,0.035,0.085,0.115,2.117989223717659,0.0,0,0.6941269841269841,0.27507002801120445,0.8141496821690984,1.776764112498897
adbm_77_20,ADBM,20,59,0.1475,2.0,0.3,0.15,0.55,4,0.1,0.2,1.2142857142857142,2.95,1.4897199355329365,0.7416560353939888,2.9781423611111113,4.9714285714285715,1.318923970348723,4.653960350157523,1.2933333333333332,1.450327134556227,0.085,0.2125,0.045,0.39,2.753984336491593,0.0,0,0.6835408708938121,0.5918547139135374,1.1333304340413783,2.5565334820068832
niche_77_20,Niche,20,49,0.1225,2.0,0.35,0.1,0.55,3,0.15,0.35,1.3846153846153846,2.45,1.3141202503071236,0.6136753786427034,2.389638447971781,3.8543046357615895,0.9959742365702537,5.017279836814924,1.449438202247191,1.3691813207913917,0.1925,0.075,0.0675,0.26,4.305250450461377,0.0,0,0.5956818181818182,0.45557074504442924,0.5823090192616038,1.592589862696456
cascade_77_20,Cascade,20,72,0.18,3.0,0.15,0.05,0.8,3,0.15,0.65,1.1176470588235294,3.6,0.7928776518229241,0.600519593082868,2.7509380275258253,4.772413793103448,1.1571641005140259,5.66988092298052,1.5185185185185186,0.5301194588729633,0.2925,0.1375,0.2075,0.29,3.2519124997631104,0.0,36,0.3543362193362193,0.3361904761904762,0.8002703863356958,0.9125691798704252
random_77_20,Random,20,68,0.17,3.0,0.05,0.05,0.9,5,0.0,0.8,1.0,3.4,0.5174077690662121,0.42030073093610415,23.126006032098324,5.432098765432099,0.8052681479628115,4.394449154672439,1.8869047619047619,0.6004915123929888,0.2425,0.0475,0.1225,0.13,4.257601617892733,0.9,56,0.286269425019425,0.32146825396825396,5.021856732565691,35.580764982941915
maxent_77_20,MaxEnt,20,43,0.1075,3.0,0.15,0.25,0.6,6,0.15,0.45,0.8823529411764706,2.15,0.8573000773464333,0.9335924633939666,5.654601063829787,4.808510638297872,1.385614228495143,4.543294782270004,1.92,1.4002362386433702,0.1325,0.0275,0.0825,0.06,2.306789744971316,0.45,13,0.24339635854341735,0.3424531024531025,2.3390782931473253,9.69077928472805
ltm_78_20,LTM,20,37,0.0925,2.0,0.45,0.25,0.3,4,0.0,0.55,1.3636363636363635,1.85,1.099068006307243,0.8460797752701906,1.95546875,3.5357142857142856,1.4349042079729641,4.430816798843313,1.2127659574468086,1.1243133821548732,0.0725,0.0225,0.0625,0.105,2.0882352941176467,0.1,1,0.5433333333333333,0.21764705882352942,0.7333454902759736,0.8657104492187501
atn_78_20,ATN,20,39,0.0975,2.0,0.4,0.05,0.55,6,0.1,0.4,1.5833333333333333,1.95,1.097042319728428,0.4843657648145296,2.4114,4.032786885245901,1.548840567594075,4.110873864173311,1.625,1.102391475046328,0.1225,0.0475,0.02,0.1075,4.344382530545023,0.0,0,0.6170833333333333,0.4243386243386243,1.2625390688152587,1.7555643461988306
adbm_78_20,ADBM,20,72,0.18,2.0,0.35,0.1,0.55,5,0.1,0.35,1.3846153846153846,3.6,1.423258942320085,0.6887190886754285,3.02801282051282,3.5436893203883497,1.4738019330378165,4.634728988229636,1.0769230769230769,1.2668615834434866,0.0275,0.345,0.035,0.5125,2.6740461610927926,0.0,0,0.7512996031746032,0.6305936753305176,1.8888364985792019,3.218839159118827
niche_78_20,Niche,20,48,0.12,2.0,0.25,0.25,0.5,3,0.25,0.4,1.0,2.4,1.2196610592353947,0.7575159466022647,2.2703333333333338,2.9565217391304346,0.8759678286814272,4.5217885770490405,1.2622950819672132,1.0865337342004415,0.1075,0.06,0.1025,0.2275,1.7529366382372176,0.0,0,0.5625366300366299,0.3169590643274854,0.5854287760708828,0.9343495906432748
cascade_78_20,Cascade,20,58,0.145,2.0,0.15,0.15,0.7,3,0.15,0.6,1.0,2.9,0.8730695583517435,0.7981767821764061,2.7138425925925924,3.4945054945054945,1.1773192371148047,4.51085950651685,1.3048780487804879,0.6484997875608652,0.15,0.075,0.19,0.215,2.920090463626084,0.0,31,0.3420039682539683,0.32495670995671,0.7039175710165688,0.8998654857952495
random_78_20,Random,20,52,0.13,1.0,0.0,0.05,0.95,7,0.0,0.6,0.95,2.6,0.5636116131269588,0.48969448143185634,9.969623040192525e16,NaN,NaN,0.0,1.9191176470588236,0.7651714756228308,0.1475,0.02,0.055,0.0725,3.3665217333561133,0.95,29,0.2549325674325674,0.22581453634085213,16.909260093897572,148.21052631578948
maxent_78_20,MaxEnt,20,28,0.07,3.0,0.45,0.25,0.3,5,0.15,0.35,1.3636363636363635,1.4,1.2130688285559803,0.9940748199120848,1.9953846153846153,3.761904761904762,1.410842369110097,3.044522437723423,1.4782608695652173,1.6646962932190839,0.065,0.025,0.03,0.045,3.3883913920015005,0.15,8,0.23863636363636367,0.5516483516483517,0.6828068744262095,1.0539822139174364
ltm_79_20,LTM,20,55,0.1375,2.0,0.25,0.15,0.6,2,0.2,0.65,1.1333333333333333,2.75,0.928032337334619,0.8578881988985991,1.5642459650994986,2.6666666666666665,0.7687061147858073,3.8066624897703196,1.098360655737705,0.8629435649833873,0.085,0.0925,0.1425,0.1525,2.315987798313296,0.2,5,0.6907269119769119,0.41126984126984123,0.5740075986992045,1.3315731883020034
atn_79_20,ATN,20,47,0.1175,2.0,0.35,0.25,0.4,2,0.3,0.35,1.1538461538461537,2.35,0.9886058353564342,0.9391685670787079,1.9690079365079363,2.7532467532467533,0.6520381841386639,4.343805421853684,1.1296296296296295,1.087968033481009,0.1025,0.085,0.11,0.1225,3.3779508246980203,0.0,0,0.7513888888888889,0.494047619047619,0.3816556746855949,0.7656258022702257
adbm_79_20,ADBM,20,56,0.14,4.0,0.2,0.15,0.65,5,0.2,0.3,1.0625,2.8,1.3037580976656622,0.8483255763950879,3.165064814814815,3.68,1.683533698589284,3.912023005428146,1.3472222222222223,1.2501342570220295,0.0425,0.19,0.07,0.2525,1.817130429480274,0.0,0,0.6388944388944389,0.47184025125201595,1.5644871397004407,2.5276074805970694
niche_79_20,Niche,20,110,0.275,2.0,0.05,0.15,0.8,2,0.05,0.85,0.8947368421052632,5.5,0.8897463362356234,0.7212670693286611,3.490425327894691,4.979895755770663,0.9652907739358951,7.202661196523238,1.2142857142857142,0.7577352304240823,0.245,0.7375,0.255,0.45,3.480868607337513,0.0,0,0.7110226031278662,0.7152782103517399,0.7289211751436362,1.0580788215470474
cascade_79_20,Cascade,20,107,0.2675,2.0,0.1,0.15,0.75,3,0.05,0.85,0.9444444444444444,5.35,0.6705840988888386,0.7359510530246947,3.2581560242303995,4.981804949053857,1.0370222945636007,7.2254814727822945,1.2885906040268456,0.44190780877705366,0.3725,0.5175,0.4325,0.37,2.4789109606934034,0.0,33,0.48647080044138874,0.5732367632367633,0.941890573963889,0.9823944987936739
random_79_20,Random,20,106,0.265,1.0,0.0,0.0,1.0,4,0.0,0.9,1.0,5.3,0.3521894356553697,0.33022414336430966,-3.717764362434611e16,NaN,NaN,0.0,1.6818181818181819,0.36932866787139085,0.2775,0.0875,0.1825,0.1375,2.942640919170055,1.0,99,0.3260673388788714,0.40932178932178936,6.9567396397374495,33.68421052631579
maxent_79_20,MaxEnt,20,74,0.185,3.0,0.1,0.1,0.8,8,0.0,0.7,1.0,3.7,0.7749291365410511,0.7341680527061866,42.03948293680925,5.666666666666667,0.5298129428260175,3.6635616461296463,1.4803149606299213,1.0753761279023568,0.2,0.1475,0.1375,0.1475,2.9971863167282855,0.85,42,0.3014181862169478,0.47197370530703864,5.189224995883206,208.51187982372198
ltm_80_20,LTM,20,58,0.145,4.0,0.35,0.2,0.45,5,0.05,0.6,1.2307692307692308,2.9,0.9353599863282753,0.7496583279978065,2.7228150545473113,5.314553990610329,0.9466776154850094,6.459904454377535,1.6341463414634145,1.345316119558253,0.1825,0.0475,0.1,0.13,6.662577048147143,0.55,2,0.476708152958153,0.4830717893217893,1.1489226179933025,2.0532711934736207
atn_80_20,ATN,20,48,0.12,4.0,0.5,0.25,0.25,3,0.1,0.35,1.5,2.4,1.101567198312323,0.7076234833243219,2.0064285714285717,3.857142857142857,0.8283216164034399,6.056784013228625,1.6292134831460674,1.293822479394733,0.215,0.0675,0.085,0.1825,3.2341653340749494,0.0,0,0.8111111111111111,0.20321869488536154,0.7837448260632746,1.2226686358754026
adbm_80_20,ADBM,20,109,0.2725,2.0,0.3,0.15,0.55,2,0.15,0.5,1.2142857142857142,5.45,1.0871096119712484,0.6825952861641824,2.3910270979020973,4.6722689075630255,1.1472767092976341,6.858565034791365,1.009090909090909,0.9006677066048874,0.0775,0.8175,0.1175,0.6225,2.9055621565197964,0.0,0,0.8097203654188949,0.7060779863411443,0.8572946359415982,1.0852166788828077
niche_80_20,Niche,20,124,0.31,2.0,0.2,0.1,0.7,3,0.05,0.7,1.125,6.2,0.8544301807556182,0.7186498711678281,2.656372394966145,4.883780801765355,1.0504693812907535,7.908019444632471,1.1142857142857143,0.6586035942374716,0.185,0.995,0.2825,0.4775,3.0884287799246306,0.0,0,0.7649587203302373,0.7711476921771039,0.792969319949053,1.0529767942051096
cascade_80_20,Cascade,20,105,0.2625,2.0,0.1,0.1,0.8,3,0.05,0.85,1.0,5.25,0.6507223303830137,0.6933437989790969,3.211469729219812,5.050736497545008,1.0392991784228647,7.108244139731541,1.3503184713375795,0.34129412592579855,0.4,0.4625,0.41,0.3725,5.227078267593541,0.0,43,0.447406629318394,0.539465811965812,0.8704839332940174,0.9970508277296851
random_80_20,Random,20,111,0.2775,1.0,0.0,0.0,1.0,4,0.0,0.95,1.0,5.55,0.42346881913166334,0.3985243971136652,6.963828680408254e16,NaN,NaN,0.0,1.680327868852459,0.6559308832184155,0.3375,0.1425,0.1375,0.1825,3.6888044514315257,1.0,86,0.33682650682650683,0.5382406482406482,13.746416404429336,282.94736842105266
maxent_80_20,MaxEnt,20,67,0.1675,1.0,0.1,0.15,0.75,6,0.0,0.85,0.9444444444444444,3.35,0.6444254377883788,0.8784708111184074,12.004832057938053,5.195876288659794,1.0193889794146087,5.267858159063328,1.4351851851851851,0.8503947675889321,0.1425,0.0925,0.2175,0.155,3.33302364108288,0.75,41,0.3241129119418593,0.350018315018315,3.3902102282980073,16.438015907092762
ltm_81_20,LTM,20,62,0.155,3.0,0.3,0.2,0.5,3,0.05,0.65,1.1428571428571428,3.1,0.8234207900397833,0.7466815059069607,2.9282940197428835,5.3208292201382035,0.86928853254902,6.920671504248683,1.5045045045045045,1.223212338653446,0.255,0.1275,0.0975,0.1075,5.860253251228533,0.3,1,0.5589817127317127,0.5174942704354468,0.9503534648102551,2.326102540720999
atn_81_20,ATN,20,50,0.125,3.0,0.25,0.1,0.65,6,0.1,0.55,1.2,2.5,0.7840515557699399,0.5581925719394885,3.0012708333333333,5.64221824686941,0.6564317157513282,6.326149473155099,1.3472222222222223,0.9447918177817632,0.2275,0.08,0.06,0.105,3.089747230900313,0.0,0,0.7388888888888888,0.37317460317460316,0.9803236427040022,2.5354978522478064
adbm_81_20,ADBM,20,57,0.1425,2.0,0.25,0.15,0.6,5,0.1,0.3,1.1333333333333333,2.85,1.367378915151496,0.8539866648993732,4.049957264957265,4.708333333333333,1.8528278426482998,3.1780538303479458,1.0806451612903225,1.458302525379428,0.05,0.265,0.0075,0.2275,1.3367035788797947,0.0,0,0.5854365079365079,0.693204365079365,1.3702984044237732,5.392781190672746
niche_81_20,Niche,20,93,0.2325,2.0,0.15,0.2,0.65,3,0.05,0.65,0.9411764705882353,4.65,0.8204593677865347,0.8174872175805682,3.136939200680272,4.578193832599119,1.085866015298998,6.811244378601294,1.218487394957983,0.8689427086364946,0.275,0.505,0.2625,0.265,3.716234153251696,0.0,0,0.7221299533799533,0.6267051661788503,0.7881042015191778,1.3207680444944687
cascade_81_20,Cascade,20,107,0.2675,3.0,0.1,0.1,0.8,3,0.15,0.7,1.0,5.35,0.6595244397898076,0.793654354529183,2.9677208296961384,4.8964401294498385,1.0782753564761531,6.42648845745769,1.2428571428571429,0.3156959865787207,0.3025,0.4725,0.5375,0.405,3.826720884140877,0.0,30,0.5266696253093313,0.534927294927295,0.8422649566356424,0.7932492385450395
random_81_20,Random,20,111,0.2775,1.0,0.0,0.0,1.0,4,0.0,1.0,1.0,5.55,0.30641785267063987,0.46574324957750735,-1.0770851822582165e17,NaN,NaN,0.0,1.642570281124498,0.4211423276624084,0.405,0.2275,0.265,0.175,2.4597530535278325,1.0,89,0.34834889139068703,0.5261782661782661,12.59736852258017,741.0526315789474
maxent_81_20,MaxEnt,20,56,0.14,3.0,0.3,0.2,0.5,5,0.05,0.5,1.1428571428571428,2.8,1.1029206417498276,0.8640075983275707,2.7216563921913988,4.335135135135135,1.3537821850154976,5.220355825078324,1.4574468085106382,1.0955921842350012,0.085,0.075,0.16,0.225,3.8027547022916264,0.3,12,0.39289321789321796,0.3454203691045796,1.2998059889725246,1.6568306086389952
ltm_82_20,LTM,20,105,0.2625,3.0,0.25,0.05,0.7,3,0.0,0.65,1.2666666666666666,5.25,0.8125404503963198,0.34338583575847514,4.214103759110088,NaN,NaN,0.0,1.4790419161676647,0.9008621932637307,0.28,0.2,0.0425,0.255,7.121548947668668,0.75,2,0.7258123202047351,0.7400982058876796,1.8417328254566816,4.143229591211279
atn_82_20,ATN,20,49,0.1225,3.0,0.3,0.15,0.55,2,0.2,0.5,1.2142857142857142,2.45,1.0467072815214948,0.8630556634118469,1.9683333333333333,2.125,0.6864064729836441,3.6888794541139363,1.0576923076923077,0.7119033463448009,0.0325,0.0775,0.1175,0.1675,2.033934757268802,0.0,0,0.7710389610389611,0.47321428571428575,0.48588543514356963,0.4969886289798569
adbm_82_20,ADBM,20,60,0.15,2.0,0.3,0.05,0.65,4,0.15,0.25,1.3571428571428572,3.0,1.5894388284780525,0.5298129428260175,2.6029914529914526,3.802469135802469,1.4267073375995845,4.394449154672439,1.1044776119402986,1.393384536958932,0.065,0.2,0.01,0.49,1.2712046486644852,0.0,0,0.671642316017316,0.5790983869931239,1.2555298577764797,1.6954053071220994
niche_82_20,Niche,20,80,0.2,3.0,0.1,0.05,0.85,3,0.1,0.7,1.0555555555555556,4.0,0.8622186802845198,0.7863975156570492,3.263228240740741,4.7555555555555555,0.9710128659100875,5.886104031450156,1.3070175438596492,0.8810878443570109,0.32,0.2575,0.2775,0.325,2.6991941936777604,0.0,0,0.624981443994602,0.4364330114330114,0.6686434918165752,1.175807413645901
cascade_82_20,Cascade,20,69,0.1725,3.0,0.1,0.15,0.75,3,0.2,0.7,0.9444444444444444,3.45,0.6614728200690925,0.8115669604232431,2.860688014403292,4.597101449275362,1.114123262367272,5.84354441703136,1.423728813559322,0.7217333100283322,0.275,0.1575,0.24,0.1775,2.9752956575424583,0.0,32,0.36950216450216444,0.4597161172161172,0.677696207603792,0.840507280404346
random_82_20,Random,20,72,0.18,1.0,0.0,0.05,0.95,5,0.0,0.9,0.95,3.6,0.353668236589674,0.5285851012152826,2.045741238185327e16,NaN,NaN,0.0,1.8704663212435233,0.6839855680567696,0.2225,0.0375,0.11,0.0875,2.744521192343044,0.95,64,0.26131257631257626,0.32388888888888884,3.9015666369065416,37.89473684210526
maxent_82_20,MaxEnt,20,48,0.12,3.0,0.2,0.2,0.6,8,0.05,0.65,1.0,2.4,0.8156008082159881,0.9404801560780579,3.7679938235294115,4.494736842105263,1.428238643049739,4.553876891600541,1.4805194805194806,0.9804373054619663,0.12,0.0525,0.1375,0.115,3.933907194185996,0.5,19,0.2987851037851038,0.27323633156966487,1.449799714498657,2.9302299122221314
ltm_83_20,LTM,20,148,0.37,3.0,0.3,0.0,0.7,2,0.0,0.7,1.4285714285714286,7.4,0.69792665148778,0.18288626969701471,3.297243723326045,NaN,NaN,0.0,1.3781512605042017,0.7118347421735712,0.265,0.2425,0.1125,0.32,1.7290119914274724,0.7,10,0.8080244005930505,0.7055459817959818,1.4947601317798493,2.398345474820535
atn_83_20,ATN,20,44,0.11,5.0,0.35,0.2,0.45,4,0.1,0.55,1.2307692307692308,2.2,0.8420237020093564,0.6853973044773198,2.447398726851852,4.503225806451613,0.9199281915720509,5.736572297479192,1.4477611940298507,1.0976664718121725,0.205,0.04,0.08,0.1075,1.9836653342092667,0.0,0,0.7163690476190477,0.2735294117647059,0.680146569393121,1.690665773114799
adbm_83_20,ADBM,20,54,0.135,2.0,0.35,0.15,0.5,3,0.2,0.35,1.3076923076923077,2.7,1.4721931047667993,0.8838388057685296,2.275411522633745,3.9285714285714284,1.2201690015841453,4.430816798843313,1.1428571428571428,1.5123489941749346,0.0525,0.1975,0.0525,0.2925,1.9279794959419054,0.0,0,0.6050297619047619,0.5815873015873015,0.8188036643531358,1.2308772348327344
niche_83_20,Niche,20,43,0.1075,4.0,0.25,0.15,0.6,4,0.1,0.45,1.1333333333333333,2.15,1.1519692290445067,0.6272039221008309,2.6260572916666662,3.7790697674418605,1.0105463029319126,4.454347296253507,1.3709677419354838,1.179560830483493,0.1475,0.0475,0.0575,0.16,1.8877263952162917,0.0,0,0.4897298534798534,0.36437389770723105,0.669339517974391,1.4986939410578852
cascade_83_20,Cascade,20,37,0.0925,3.0,0.25,0.3,0.45,5,0.15,0.45,0.9333333333333333,1.85,0.9488879266061151,0.9325406579532709,2.538095238095238,3.2,1.3048233989947078,3.6888794541139363,1.2941176470588236,1.110551377816262,0.0925,0.035,0.075,0.0775,1.6576671588272518,0.0,13,0.28325396825396826,0.3532212885154062,0.764875162105191,1.196765723833393
random_83_20,Random,20,44,0.11,2.0,0.15,0.0,0.85,6,0.05,0.75,1.1764705882352942,2.2,0.6008548354430853,0.48014062026036747,7.672139589694585,NaN,NaN,0.0,1.73,0.7996301885568733,0.165,0.015,0.0725,0.08,3.9503310550384056,0.8,23,0.24008658008658007,0.2468671679197995,2.868103057899984,13.659823396936202
maxent_83_20,MaxEnt,20,32,0.08,5.0,0.35,0.35,0.3,7,0.05,0.45,1.0,1.6,0.9809031820886192,1.136273919903397,2.658333333333333,3.68,1.453420941239128,4.31748811353631,1.690909090909091,1.369306393762915,0.055,0.0125,0.0675,0.0525,3.10170762948757,0.25,12,0.28654761904761905,0.2982142857142857,1.1924240017711822,1.8464181286549708
ltm_84_20,LTM,20,43,0.1075,4.0,0.3,0.35,0.35,3,0.15,0.5,0.9285714285714286,2.15,0.8439143983664643,1.0041047519028226,2.2060555555555554,2.3777777777777778,0.9363587329478358,3.8066624897703196,1.2075471698113207,0.8549727119737833,0.075,0.0475,0.125,0.0925,2.636363636363636,0.0,0,0.7158730158730159,0.3844611528822055,0.5668976577387654,0.8944046101364522
atn_84_20,ATN,20,44,0.11,3.0,0.35,0.3,0.35,2,0.25,0.4,1.0769230769230769,2.2,0.9396768622673667,0.788675832885724,2.0578055555555554,2.8105263157894735,0.7189640425729772,4.553876891600541,1.2413793103448276,1.0776708730669151,0.115,0.0875,0.05,0.08,3.7137245566004045,0.0,0,0.6936904761904762,0.587037037037037,0.42908440419796884,0.8716768185510072
adbm_84_20,ADBM,20,49,0.1225,5.0,0.35,0.3,0.35,5,0.15,0.3,1.0769230769230769,2.45,1.4474735369125942,0.9027797567268742,2.8449025974025974,3.517857142857143,1.5723875468225375,4.02535169073515,1.763157894736842,1.5380770352176956,0.035,0.1875,0.0175,0.2,3.8678496546696057,0.0,0,0.6472943722943724,0.6136507936507936,1.6190410051872728,2.784437910806631
niche_84_20,Niche,20,63,0.1575,2.0,0.05,0.05,0.9,4,0.3,0.45,1.0,3.15,1.2499486138673384,0.6930377206951256,3.173662551440329,5.204379562043796,0.9711930665528842,4.919980925828125,1.4368932038834952,1.1927296966920238,0.175,0.175,0.1075,0.3625,1.4406701783824467,0.0,0,0.6271789321789322,0.6216462208151958,0.7629322519371949,1.617688454102793
cascade_84_20,Cascade,20,47,0.1175,3.0,0.1,0.1,0.8,4,0.1,0.6,1.0,2.35,0.666062801808448,0.7596480213821979,3.3302099609374998,4.538461538461538,1.22572584461365,4.174387269895637,1.425,0.6490325410790828,0.1675,0.03,0.125,0.1075,1.5977866185233363,0.0,22,0.2923214285714285,0.17630952380952383,0.927514460402083,1.2547457685498469
random_84_20,Random,20,47,0.1175,2.0,0.25,0.1,0.65,5,0.2,0.55,1.2,2.35,0.8199811075274896,0.5738248649007601,2.5742343304843303,4.451612903225806,1.4896079289953648,4.127134385045092,1.4875,0.7187121396579383,0.1075,0.03,0.075,0.1025,3.1923184635049564,0.45,34,0.2411721611721612,0.24349206349206348,1.0184744271150017,1.29751764333071
maxent_84_20,MaxEnt,20,28,0.07,2.0,0.45,0.45,0.1,7,0.1,0.35,1.0,1.4,1.1210322081012791,1.1447352988371884,2.107218992248062,3.2083333333333335,1.4433756729740645,3.871201010907891,1.25,1.6155793605536828,0.0375,0.0175,0.04,0.035,2.809209712660263,0.25,10,0.21619047619047618,0.33882783882783885,0.9833304496509524,1.362149513705053
ltm_85_20,LTM,20,28,0.07,2.0,0.35,0.3,0.35,4,0.15,0.35,1.0769230769230769,1.4,1.1447352988371884,0.8483255763950879,2.4421296296296293,3.819672131147541,1.1903528429463184,4.110873864173311,1.2820512820512822,1.598871782677901,0.0975,0.025,0.0225,0.05,1.8450465707027939,0.0,0,0.36318181818181816,0.3673611111111111,0.6545835094475585,1.8271593657497651
atn_85_20,ATN,20,48,0.12,3.0,0.3,0.15,0.55,5,0.1,0.55,1.2142857142857142,2.4,0.8698154674230743,0.6945906278887423,2.407,5.350230414746544,0.9203435659306493,6.073044534100405,2.1415929203539825,0.8926273722729963,0.145,0.0825,0.0675,0.105,2.3948664151198797,0.0,0,0.7304238816738817,0.5008818342151675,0.7925711207718089,1.1273019298245612
adbm_85_20,ADBM,20,72,0.18,2.0,0.3,0.25,0.45,4,0.1,0.4,1.0714285714285714,3.6,1.28215624101775,0.7979831627328976,2.671903096903097,3.7570621468926553,1.4431532558877644,5.176149732573829,1.1,1.1874369447367703,0.0475,0.3325,0.0975,0.4075,1.8818217950368625,0.0,0,0.659606365856366,0.5866675807852278,1.173188686831162,1.5726570842270933
niche_85_20,Niche,20,36,0.09,2.0,0.25,0.25,0.5,3,0.15,0.45,1.0,1.8,0.8939912040420106,0.9639371290825516,2.4225694444444446,3.25531914893617,1.1319103725922246,3.8501476017100584,1.484375,1.1597539565640989,0.105,0.0275,0.08,0.07,2.4143273650469794,0.0,0,0.47191558441558445,0.2552287581699346,0.5961631076812951,1.0758097536955815
cascade_85_20,Cascade,20,34,0.085,2.0,0.3,0.3,0.4,4,0.15,0.45,1.0,1.7,0.917265936573128,0.8556325638495745,2.26875,2.5357142857142856,1.1379690439434391,3.332204510175204,1.3125,0.8186498516923052,0.07,0.0125,0.0675,0.075,2.0001623464473184,0.0,8,0.27714285714285714,0.12037037037037036,0.7619794912581567,0.9199990862573099
random_85_20,Random,20,41,0.1025,2.0,0.15,0.2,0.65,7,0.1,0.55,0.9411764705882353,2.05,0.8295702840595371,0.6984302957695784,3.7919901417128776,4.614035087719298,1.2500626550713407,4.04305126783455,1.5584415584415585,1.0838539324466143,0.08,0.02,0.0525,0.05,1.553585033533707,0.5,13,0.26826479076479076,0.3753501400560224,1.2631346164694917,3.486593227430755
maxent_85_20,MaxEnt,20,25,0.0625,2.0,0.4,0.5,0.1,3,0.2,0.3,0.8333333333333334,1.25,1.1571289333609511,1.3455579942126144,1.925,2.2666666666666666,0.8276819867946672,3.4011973816621555,1.3513513513513513,1.7314429637854392,0.035,0.01,0.0525,0.0325,2.083511777301928,0.1,5,0.20666666666666664,0.31999999999999995,0.4862098312457287,0.7669736842105263
ltm_86_20,LTM,20,85,0.2125,3.0,0.25,0.1,0.65,5,0.0,0.7,1.2,4.25,0.8182048123271556,0.5956192897916263,4.55812246181575,5.532154340836013,0.795374017674954,6.432940092739179,1.4671052631578947,1.0199253296288782,0.2275,0.1125,0.15,0.2825,2.0243478888718,0.7,1,0.6205211618446913,0.49948998370051,2.0724588781916005,4.5991697352419045
atn_86_20,ATN,20,42,0.105,2.0,0.25,0.25,0.5,5,0.05,0.6,1.0,2.1,0.7393271310827045,0.7393271310827046,3.170703125,4.967213114754099,1.295350509340818,5.497168225293202,1.5584415584415585,1.1204997776708183,0.1825,0.055,0.06,0.06,5.0141893211256,0.0,0,0.6833225108225108,0.47067669172932325,1.1275529886040812,2.1854602514791215
adbm_86_20,ADBM,20,93,0.2325,2.0,0.25,0.25,0.5,5,0.05,0.55,1.0,4.65,1.0610835684937039,0.8553199714501056,3.3508080808080813,3.84375,1.3192934654737647,5.950642552587727,1.2792792792792793,0.98944413779724,0.035,0.595,0.205,0.4075,4.227275587689007,0.0,0,0.7430975274725274,0.646989121989122,1.5044365759967402,2.3458814997395536
niche_86_20,Niche,20,119,0.2975,3.0,0.15,0.1,0.75,2,0.05,0.7,1.0588235294117647,5.95,0.8732603685267033,0.7305050332805864,2.903848915598291,4.5625,1.1136699404205535,6.704414354964107,1.125,0.611834689388606,0.2125,0.7825,0.4025,0.595,2.956592011082891,0.0,0,0.8146072881366999,0.6814844550873963,0.7800159357136169,0.9199744372966725
cascade_86_20,Cascade,20,100,0.25,3.0,0.05,0.1,0.85,3,0.05,0.75,0.9473684210526315,5.0,0.6774565435664879,0.7137742529753551,4.31979313934949,5.226190476190476,1.0540431360271636,6.040254711277414,1.394904458598726,0.39470175282637204,0.37,0.3975,0.405,0.375,5.585144228199479,0.0,34,0.4759860033757093,0.5137956487956488,1.1131004089787748,1.3218484884485011
random_86_20,Random,20,107,0.2675,1.0,0.0,0.0,1.0,4,0.0,0.85,1.0,5.35,0.40805024676441976,0.3445224609896882,6.299475554915742e16,NaN,NaN,0.0,1.911671924290221,0.5004468630309294,0.335,0.135,0.165,0.2,4.231293463003431,1.0,98,0.3195202159811293,0.5114471639471639,9.879176627691272,57.26315789473684
maxent_86_20,MaxEnt,20,82,0.205,3.0,0.1,0.05,0.85,5,0.05,0.85,1.0555555555555556,4.1,0.7988062103277371,0.8772639482028022,21.201409782537855,5.410596026490066,0.8814497390005319,5.017279836814924,1.4047619047619047,1.2068663984251027,0.1725,0.16,0.2,0.135,3.579264894725365,0.8,40,0.37258690140269085,0.619958988380041,5.5636584490675425,76.1339187134261
ltm_87_20,LTM,20,60,0.15,1.0,0.2,0.05,0.75,4,0.05,0.7,1.1875,3.0,0.7334928056269078,0.5407380704358752,3.58801311728395,5.612167300380228,0.6367807864976046,6.26530121273771,1.504950495049505,0.7414226880391382,0.25,0.14,0.0725,0.125,3.269907991090302,0.0,4,0.7212734487734488,0.5160934744268078,0.8390215498076146,3.329998448439216
atn_87_20,ATN,20,58,0.145,3.0,0.25,0.1,0.65,5,0.1,0.6,1.2,2.9,0.7823383666818834,0.5582643213625734,2.988620909269057,5.702554744525547,0.5414616163051701,6.999422467507961,1.4111111111111112,0.7958211151144655,0.2375,0.125,0.075,0.135,4.2583425627197,0.0,0,0.746031746031746,0.4488492063492064,0.8420948755577898,2.722108830908101
adbm_87_20,ADBM,20,63,0.1575,2.0,0.25,0.3,0.45,4,0.15,0.35,0.9333333333333333,3.15,1.3039487920014925,0.9112534419113963,3.4608541666666666,4.9361702127659575,1.3182630363784285,4.543294782270004,1.178082191780822,1.3860754413902512,0.0375,0.315,0.05,0.255,2.0914555603263203,0.0,0,0.6416579254079254,0.6606301106301107,1.2022708639816524,3.698772080135234
niche_87_20,Niche,20,96,0.24,2.0,0.1,0.4,0.5,2,0.05,0.85,0.6666666666666666,4.8,0.7108443624326912,1.0129822510467164,2.8541477702191984,3.456140350877193,1.0284672404477688,5.988961416889864,1.1724137931034482,0.7197861524530449,0.2,0.3975,0.62,0.335,3.5070605737884835,0.0,0,0.6974601052542229,0.5293292818292819,0.5993940866226178,0.6647485900940097
cascade_87_20,Cascade,20,102,0.255,3.0,0.15,0.1,0.75,3,0.15,0.7,1.0588235294117647,5.1,0.684872517512666,0.7333824478732363,2.539789101998824,4.432038834951456,1.155387374659874,6.42648845745769,1.2867132867132867,0.28164111625866983,0.3225,0.405,0.45,0.4075,2.32732146598202,0.0,32,0.49207794656324066,0.5116822066822067,0.6288956335822243,0.6861644998145767
random_87_20,Random,20,105,0.2625,3.0,0.05,0.05,0.9,4,0.0,0.95,1.0,5.25,0.43203833046148354,0.4093430853779308,24.27737033837584,5.68780971258672,0.6398319932824509,6.9167150203536085,1.832167832167832,0.5298129428260175,0.37,0.19,0.1875,0.2375,4.164416173066584,0.9,79,0.3682592734063322,0.5217352092352092,5.2196696321154885,35.52739411945574
maxent_87_20,MaxEnt,20,70,0.175,2.0,0.1,0.15,0.75,5,0.0,0.7,0.9444444444444444,3.5,0.8213059731982781,0.8521155829478009,22.002215640488963,5.345303867403315,0.9645187633244603,5.8916442118257715,1.947089947089947,1.2297773413690751,0.1275,0.055,0.16,0.15,4.262499615364602,0.75,29,0.3514103951603952,0.44164502164502173,7.313702876561982,70.73140402002426
ltm_88_20,LTM,20,79,0.1975,3.0,0.3,0.0,0.7,4,0.05,0.65,1.4285714285714286,3.95,0.8025755688175877,0.3530476501849154,2.52024855453379,NaN,NaN,0.0,1.5263157894736843,0.8043598886385283,0.3625,0.145,0.125,0.245,8.102790950819664,0.45,28,0.6011284548784548,0.4108549783549783,0.8515747504142592,1.4358638498636591
atn_88_20,ATN,20,48,0.12,3.0,0.25,0.2,0.55,4,0.1,0.55,1.0666666666666667,2.4,0.7812682746400652,0.7453559924999298,2.622814814814815,4.899280575539568,0.9008101581106552,6.320768294250582,1.7578947368421052,0.9897131724609359,0.2125,0.05,0.11,0.1175,4.1534233969120855,0.0,0,0.7882142857142858,0.3357583774250441,0.6023966764764758,1.6204150804996027
adbm_88_20,ADBM,20,113,0.2825,2.0,0.2,0.15,0.65,2,0.15,0.5,1.0625,5.65,1.0228399349333228,0.7155508772550623,2.6745872307256233,4.372972972972973,1.2238562734114589,6.318968113746434,1.0423728813559323,0.7620253647999015,0.045,0.81,0.235,0.64,2.1956377009162096,0.0,0,0.7836761033084563,0.7344791011457679,0.8845718804052849,1.0102700872454997
niche_88_20,Niche,20,88,0.22,3.0,0.3,0.1,0.6,2,0.2,0.45,1.2857142857142858,4.4,1.0872146373562124,0.7351546576033584,2.1552704924945183,3.7304347826086954,1.0114611161504565,5.84354441703136,1.0736842105263158,0.9286180315155689,0.1575,0.415,0.2075,0.5025,2.9835716975701176,0.0,0,0.6925763125763125,0.6014243066874645,0.6496596926444419,0.8066443508700228
cascade_88_20,Cascade,20,91,0.2275,3.0,0.15,0.1,0.75,3,0.05,0.8,1.0588235294117647,4.55,0.6744933220744893,0.6630894009304074,2.8586320792661684,4.879392212725546,1.0544504682247051,6.959398512133975,1.3873239436619718,0.48832979373968344,0.405,0.3075,0.3125,0.32,2.376191654954784,0.0,44,0.4193759018759019,0.490490342990343,0.7591792704193521,0.9390852298641698
random_88_20,Random,20,88,0.22,1.0,0.0,0.0,1.0,4,0.0,0.7,1.0,4.4,0.5022784104118931,0.34898722543177935,-6.304129827737444e16,NaN,NaN,0.0,1.9367588932806323,0.5644615043638104,0.29,0.0925,0.1275,0.1725,4.221242780872339,1.0,82,0.2921600948071536,0.43679292929292934,9.040313751594727,70.73684210526316
maxent_88_20,MaxEnt,20,58,0.145,2.0,0.2,0.2,0.6,5,0.1,0.5,1.0,2.9,1.101290994666987,0.8586137653785333,3.0874792614592814,5.067796610169491,1.1127043228047961,6.023447592961033,1.605263157894737,1.3683777258494048,0.0975,0.1075,0.09,0.1675,2.8009509549188483,0.55,13,0.36228327228327223,0.6434725405313642,2.1021970509977685,8.029970413969158
ltm_89_20,LTM,20,72,0.18,1.0,0.15,0.15,0.7,3,0.1,0.75,1.0,3.6,0.7232336597363943,0.6334307917217433,3.424930118312757,5.277777777777778,0.7973477597151334,6.674561391814426,1.467741935483871,0.8338205203573134,0.3725,0.1575,0.18,0.21,3.5471977691109804,0.1,15,0.5721761571761571,0.40167843852054375,0.5720636619953497,2.1632269399225046
atn_89_20,ATN,20,81,0.2025,3.0,0.15,0.1,0.75,4,0.1,0.75,1.0588235294117647,4.05,0.5577532158910021,0.6020205191757401,3.303022675736962,5.60262891809909,0.571479603831395,7.589841512182657,1.4206349206349207,0.772131074682028,0.5175,0.2725,0.1775,0.1575,2.2306973591201267,0.0,0,0.7657070707070708,0.5133667502088555,0.4014669310789663,2.2011607921298775
adbm_89_20,ADBM,20,94,0.235,1.0,0.15,0.15,0.7,5,0.05,0.6,1.0,4.7,1.076298707745123,0.7993826690595477,4.769782621066102,5.65,0.7308742813848859,4.382026634673881,1.1545454545454545,1.0725288232804244,0.075,0.69,0.08,0.3525,2.75464466142323,0.0,0,0.650759534583064,0.7862097053273525,0.9149653078279265,4.2626724584907905
niche_89_20,Niche,20,100,0.25,3.0,0.2,0.1,0.7,2,0.05,0.65,1.125,5.0,1.0239243393100774,0.661736153494809,3.049720022624434,4.7020547945205475,1.2118324119246187,6.369900982828227,1.2773722627737227,0.8435513898799651,0.2125,0.5775,0.1825,0.545,4.512347964087023,0.0,0,0.6749098124098124,0.7255150765986679,1.0340845596776602,1.3914175464816108
cascade_89_20,Cascade,20,82,0.205,3.0,0.15,0.2,0.65,4,0.1,0.75,0.9411764705882353,4.1,0.6615960878907314,0.7627148420639547,2.6906357709750566,4.394944707740916,1.1592117459454634,6.450470422144176,1.2982456140350878,0.4586949716893925,0.3075,0.21,0.34,0.2825,4.397165354330709,0.0,40,0.3786163836163836,0.41222222222222227,0.6888707021986793,0.8194482504591674
random_89_20,Random,20,96,0.24,1.0,0.0,0.0,1.0,4,0.0,1.0,1.0,4.8,0.2992436860248366,0.40329418397791134,2.9071972674172812e16,NaN,NaN,0.0,1.79296875,0.45543340966959694,0.26,0.0725,0.18,0.1375,2.7879586310041855,1.0,95,0.3158156755525177,0.4078607503607504,4.7784237289438165,12.631578947368421
maxent_89_20,MaxEnt,20,76,0.19,2.0,0.2,0.05,0.75,5,0.05,0.55,1.1875,3.8,1.026688617557614,0.5372818795095163,2.1736032834000723,5.594059405940594,0.6660062735707852,4.61512051684126,1.537313432835821,1.2086580790059478,0.1525,0.105,0.07,0.2475,2.8099329659700767,0.7,30,0.3703971325372254,0.5171797338464005,2.473768674702552,10.326190670586152
ltm_90_20,LTM,20,125,0.3125,2.0,0.15,0.0,0.85,5,0.0,0.85,1.1764705882352942,6.25,0.753825332274624,0.3194732506716906,8.354587936348036,NaN,NaN,0.0,1.3730569948186528,0.7089206027847065,0.24,0.2325,0.1175,0.2725,3.8346893578201056,0.85,26,0.659135319189667,0.7097527472527473,3.5122456011433347,11.995424476278231
atn_90_20,ATN,20,42,0.105,1.0,0.25,0.2,0.55,4,0.15,0.6,1.0666666666666667,2.1,0.9384952647596946,0.8588120755830134,2.477430555555556,4.347058823529411,1.0335311144647048,5.135798437050262,1.2545454545454546,1.2321042636794814,0.165,0.045,0.09,0.105,2.0992049425229147,0.0,0,0.6285714285714286,0.31960784313725493,0.6103045272330849,1.1776193703297597
adbm_90_20,ADBM,20,108,0.27,2.0,0.25,0.2,0.55,2,0.1,0.65,1.0666666666666667,5.4,1.002487700561414,0.8268646489255478,2.427776828110162,4.327433628318584,1.1725740862213485,6.673297967767654,1.0357142857142858,0.8822035799353785,0.0125,0.815,0.2525,0.475,4.07509624247682,0.0,0,0.7823870573870574,0.7661436602613072,0.7860007471790236,0.8957417119193471
niche_90_20,Niche,20,82,0.205,3.0,0.15,0.05,0.8,3,0.1,0.65,1.1176470588235294,4.1,0.8333359424695893,0.70289886531836,3.010054796006944,4.6996996996997,0.9505387977003588,5.808142489980444,1.2547169811320755,0.7321350910454459,0.3175,0.2625,0.2525,0.3325,3.0827972710510623,0.0,0,0.6177958152958152,0.4416927516927517,0.7636164093214348,1.2536934511195226
cascade_90_20,Cascade,20,87,0.2175,3.0,0.15,0.1,0.75,3,0.1,0.75,1.0588235294117647,4.35,0.7164583809906437,0.6967771004174672,2.8553446309156376,4.734579439252337,1.1402659854411124,6.282266746896006,1.410071942446043,0.5226244054108191,0.335,0.285,0.2975,0.31,5.092071840899334,0.0,43,0.39219163189751427,0.4870665445665446,0.7461158421256177,0.998701604543626
random_90_20,Random,20,82,0.205,3.0,0.05,0.05,0.9,5,0.0,0.9,1.0,4.1,0.5589907397901777,0.4469404708282019,14.426950538389809,5.587209302325581,0.7402064690037947,5.147494476813453,1.7706422018348624,0.6310777935919296,0.3475,0.1075,0.175,0.1875,4.738217162615838,0.9,71,0.29714585122479853,0.3850721500721501,3.7758835904069086,13.91237082877893
maxent_90_20,MaxEnt,20,55,0.1375,2.0,0.15,0.4,0.45,5,0.05,0.6,0.7058823529411765,2.75,0.8497370573010655,1.1849425025005538,1.3151197158315875,3.6120689655172415,1.2284422919973148,4.7535901911063645,1.4893617021276595,1.2679335559848335,0.0475,0.05,0.21,0.1275,3.039416792158365,0.35,17,0.3960200746965453,0.3911471861471862,2.25956138394281,3.9977876485675328
ltm_91_20,LTM,20,26,0.065,3.0,0.4,0.35,0.25,4,0.25,0.3,1.0833333333333333,1.3,1.0014004519426998,1.0014004519427,1.98125,2.757575757575758,0.7917663414126287,3.4965075614664802,1.2777777777777777,1.3063818153679787,0.065,0.0075,0.0425,0.0425,3.088586030664395,0.0,0,0.4376190476190476,0.08222222222222221,0.32563219249073755,0.990583881578947
atn_91_20,ATN,20,31,0.0775,2.0,0.35,0.25,0.4,3,0.15,0.4,1.1538461538461537,1.55,0.9700030178545959,0.8234207900397833,2.303888888888889,3.164383561643836,0.6012417389161505,4.290459441148391,1.456140350877193,1.4181195427065416,0.1125,0.03,0.03,0.045,3.6328055496989116,0.0,0,0.686060606060606,0.43749999999999994,0.3164354938124435,1.324171864847303
adbm_91_20,ADBM,20,60,0.15,2.0,0.3,0.2,0.5,6,0.1,0.3,1.1428571428571428,3.0,1.4224597754824202,0.8020441719763131,3.62806712962963,3.440677966101695,1.840831768903038,4.07753744390572,1.2837837837837838,1.350763267011941,0.04,0.23,0.0575,0.3525,2.5406421752965,0.0,0,0.5950091575091575,0.590029761904762,2.0357375313621264,4.678026127541558
niche_91_20,Niche,20,66,0.165,3.0,0.2,0.3,0.5,2,0.1,0.5,0.875,3.3,1.0729516160405028,0.8576628243514556,2.7516666666666665,3.5632911392405062,1.2020870614198826,5.062595033026967,1.1538461538461537,0.9851244859239381,0.14,0.1675,0.2125,0.32,1.7083669192326298,0.0,0,0.6287698412698413,0.44210758377425047,0.9153571914169834,1.1544323830409355
cascade_91_20,Cascade,20,51,0.1275,2.0,0.15,0.2,0.65,5,0.15,0.6,0.9411764705882353,2.55,0.8094526433465749,0.9216674298747968,2.688654513888889,3.310344827586207,1.2733006777073395,4.060443010546419,1.1639344262295082,0.740794699128104,0.1225,0.055,0.175,0.145,1.7897708402524073,0.0,21,0.34990440115440113,0.2726190476190476,0.7760059932070643,0.7806050571691997
random_91_20,Random,20,58,0.145,1.0,0.0,0.1,0.9,8,0.0,0.7,0.9,2.9,0.44610671615981223,0.5909385212870476,-9.015484869687398e17,NaN,NaN,0.0,1.765625,0.6768317796180932,0.2,0.0625,0.1075,0.0825,1.7468532052245704,0.9,38,0.2726587301587301,0.43379281537176273,91.91844211038392,6036.210526315789
maxent_91_20,MaxEnt,20,47,0.1175,4.0,0.15,0.15,0.7,6,0.05,0.6,1.0,2.35,0.8082748521632876,0.8761694567913952,3.678810657210861,4.8474576271186445,1.3622187697362924,4.07753744390572,1.5783132530120483,0.927168367026898,0.1525,0.0425,0.1375,0.1225,2.5638798463366097,0.5,20,0.281504329004329,0.20476190476190478,1.5153673215103027,1.9314177889977897
ltm_92_20,LTM,20,110,0.275,3.0,0.1,0.0,0.9,6,0.0,0.85,1.1111111111111112,5.5,0.5517972533335309,0.3563870708045181,221.41792554554436,NaN,NaN,0.0,1.5799086757990868,0.5341736167254685,0.36,0.2425,0.1425,0.1975,3.080463059340859,0.9,43,0.4923144470338743,0.5997388722388722,75.2610221771574,8032.9659386241265
atn_92_20,ATN,20,57,0.1425,4.0,0.2,0.15,0.65,5,0.05,0.65,1.0625,2.85,0.583532030392157,0.48665594171340754,3.585185872395833,5.679431504145282,0.5286792320465238,7.837159650001675,1.7017543859649122,0.8450241809678805,0.33,0.1025,0.075,0.095,1.7125201928736988,0.0,0,0.8179166666666667,0.41948412698412696,0.4006808232522083,3.632006070863043
adbm_92_20,ADBM,20,78,0.195,1.0,0.2,0.25,0.55,5,0.05,0.4,0.9375,3.9,1.1219924638011625,0.929725643011078,4.355048076923077,5.622222222222222,0.7431753581650634,4.499809670330265,1.1046511627906976,1.246747385903651,0.0475,0.5075,0.0875,0.23,1.9551451187335094,0.0,0,0.663011988011988,0.697465034965035,0.8654466976781555,4.617279943456088
niche_92_20,Niche,20,36,0.09,3.0,0.6,0.2,0.2,3,0.15,0.25,2.0,1.8,1.7531184505031245,0.8568798135939306,1.5040259740259738,2.7209302325581395,1.0762718145645807,3.7612001156935624,1.3584905660377358,1.7605156076213475,0.0525,0.055,0.0375,0.2175,5.592465753424658,0.0,0,0.5466666666666666,0.3347557204700062,0.4951748968242753,0.42802742984971276
cascade_92_20,Cascade,20,38,0.095,3.0,0.25,0.3,0.45,3,0.25,0.5,0.9333333333333333,1.9,0.7991101626486825,1.1053291102865908,2.081901041666667,2.3947368421052633,1.1037888968803067,3.6375861597263857,1.2745098039215685,0.8806947647727111,0.0675,0.02,0.1275,0.0775,1.9258098223615465,0.0,15,0.3340079365079365,0.22645502645502644,0.5846944050409446,0.521853780467608
random_92_20,Random,20,37,0.0925,2.0,0.2,0.15,0.65,6,0.05,0.55,1.0625,1.85,0.7699520193034926,0.707500852621909,7.686897590361445,4.085714285714285,1.6868248727299773,3.5553480614894135,1.4603174603174602,0.9936169355370994,0.11,0.015,0.065,0.0725,2.2274908130794167,0.55,12,0.27320818070818065,0.3127777777777777,3.6502944012165908,21.402554630379473
maxent_92_20,MaxEnt,20,30,0.075,2.0,0.3,0.35,0.35,7,0.1,0.4,0.9285714285714286,1.5,0.9551338658818386,1.1547005383792515,13.05117647058825,4.166666666666667,2.007339474206065,2.8903717578961645,1.6896551724137931,1.6893197357488734,0.0575,0.0125,0.04,0.035,2.6171756419132306,0.5,7,0.19916666666666666,0.24659863945578228,6.357532835942915,106.37487197231859
ltm_93_20,LTM,20,63,0.1575,3.0,0.35,0.1,0.55,5,0.15,0.5,1.3846153846153846,3.15,1.0717456754048829,0.5572833854670836,2.3178493150684933,NaN,NaN,0.0,1.4339622641509433,1.1882742097088774,0.1725,0.0775,0.0675,0.2075,4.054463847407858,0.5,2,0.5539691558441558,0.5619442648854414,0.9873807447042694,1.2473479530846883
atn_93_20,ATN,20,47,0.1175,3.0,0.25,0.1,0.65,5,0.15,0.55,1.2,2.35,0.8082748521632875,0.6061324407282815,2.7986666666666666,5.145833333333333,1.1496694692058187,5.480638923341991,2.0714285714285716,0.8295144123241671,0.1625,0.07,0.0575,0.095,4.704497357733521,0.0,0,0.6976587301587301,0.4406349206349206,1.0674474093046482,1.671506900584795
adbm_93_20,ADBM,20,76,0.19,2.0,0.2,0.2,0.6,4,0.15,0.4,1.0,3.8,1.15373212994684,0.8520876483955068,3.7357784576534576,5.20125786163522,1.3677102467856583,5.0689042022202315,1.2307692307692308,1.2086580790059478,0.055,0.4625,0.0525,0.26,2.246831430064092,0.0,0,0.653003663003663,0.6900361076831666,1.3256408839613474,3.5236960114721225
niche_93_20,Niche,20,51,0.1275,2.0,0.4,0.25,0.35,3,0.15,0.45,1.25,2.55,1.3433425076498628,0.7470508329994214,1.9283854166666667,2.7176470588235295,1.064712846441777,4.442651256490317,1.105263157894737,1.1928681816851978,0.095,0.085,0.1,0.2925,2.882228203246065,0.0,0,0.5229302641802642,0.3930976430976431,0.6695420909245421,0.6902826748675075
cascade_93_20,Cascade,20,37,0.0925,3.0,0.35,0.2,0.45,3,0.15,0.5,1.2307692307692308,1.85,1.0849858358362314,0.7289126662252897,2.1684920634920637,3.0,1.2687616393795076,3.7376696182833684,1.2291666666666667,0.9936169355370994,0.0975,0.015,0.0675,0.12,2.295834933874774,0.0,17,0.34095238095238095,0.19607843137254904,0.6851392883318285,1.0190915184787364
random_93_20,Random,20,38,0.095,4.0,0.15,0.05,0.8,6,0.0,0.55,1.1176470588235294,1.9,0.7019851882687898,0.6366371777150521,9.160956948726731,5.0,0.816496580927726,1.3862943611198906,1.5866666666666667,1.0188484647863023,0.0975,0.015,0.0475,0.04,2.1082990355672955,0.8,12,0.2963961038961039,0.14241071428571428,2.925629367281412,18.512650782402456
maxent_93_20,MaxEnt,20,34,0.085,5.0,0.3,0.2,0.5,8,0.05,0.5,1.1428571428571428,1.7,0.8556325638495745,0.9369098336677004,3.2399914089347077,4.147058823529412,1.6901201847381093,3.5263605246161616,2.2386363636363638,1.1355098529363195,0.0775,0.0125,0.0675,0.0575,3.185570642482074,0.4,14,0.2741666666666666,0.17478991596638654,1.4728026370989025,3.8033331847979475
ltm_94_20,LTM,20,69,0.1725,3.0,0.3,0.05,0.65,5,0.05,0.6,1.3571428571428572,3.45,0.937942200144063,0.6128946015533405,2.7528097786458336,5.098876404494382,1.114654067253469,6.09807428216624,1.5153846153846153,0.9539525860496785,0.17,0.1475,0.1025,0.2075,5.221687210001534,0.55,15,0.5167460317460317,0.48730918204602414,1.1678164562487914,1.6336455820332891
atn_94_20,ATN,20,46,0.115,3.0,0.25,0.05,0.7,6,0.05,0.7,1.2666666666666666,2.3,0.7206603279822816,0.5660089510980478,2.7962424045138885,5.464788732394366,0.9685185434539106,4.2626798770413155,1.28125,0.7904514225414937,0.1775,0.06,0.055,0.08,3.402096236303002,0.0,0,0.6996428571428572,0.37309523809523804,0.8359707344852737,1.667941218034445
adbm_94_20,ADBM,20,60,0.15,2.0,0.25,0.15,0.6,5,0.05,0.35,1.1333333333333333,3.0,1.3156725094212403,0.8093026382225119,3.1549469049469048,3.8448275862068964,1.2758863809021217,4.7535901911063645,1.2083333333333333,1.3201098660640076,0.045,0.2675,0.0225,0.2525,2.799633543501486,0.0,0,0.568282967032967,0.5938179467591232,1.4586474863726009,2.0886241553088176
niche_94_20,Niche,20,109,0.2725,3.0,0.35,0.05,0.6,3,0.1,0.55,1.4615384615384615,5.45,1.0723395295288602,0.658817943625901,2.018484552631378,3.906764168190128,1.0845611294661515,6.304448802421981,1.043859649122807,0.7690770706056198,0.1325,0.6525,0.26,0.765,4.966017737793885,0.0,0,0.7924658236500342,0.6214043146396088,0.628016434351584,0.7064685190169397
cascade_94_20,Cascade,20,92,0.23,3.0,0.1,0.2,0.7,3,0.1,0.8,0.8888888888888888,4.6,0.6631419441460197,0.8207099484111018,2.9426461889949844,4.579661016949153,1.1968804472875034,6.380122536899765,1.2520325203252032,0.4438415526382961,0.29,0.3075,0.445,0.3275,3.668987508410613,0.0,31,0.4510021963330787,0.46524364524364525,0.7949795381545337,0.7411315495565143
random_94_20,Random,20,93,0.2325,1.0,0.0,0.0,1.0,5,0.0,0.95,1.0,4.65,0.33661238370964575,0.48478188795912064,8.698207011971315e16,NaN,NaN,0.0,2.028985507246377,0.47373525650610193,0.3375,0.105,0.2,0.19,2.57503011048372,1.0,83,0.3418634667705875,0.42708152958152956,18.48364577918335,215.57894736842104
maxent_94_20,MaxEnt,20,61,0.1525,4.0,0.15,0.15,0.7,5,0.0,0.7,1.0,3.05,0.7251837390101121,0.8541497800992875,8.61928145316936,5.466257668711656,0.8649212224791666,5.786897381366708,1.7744360902255638,1.2309166508561984,0.1425,0.0475,0.115,0.0975,3.8362258134234275,0.65,34,0.2971023421023421,0.39005602240896353,3.4304188038005017,13.500374135856935
ltm_95_20,LTM,20,39,0.0975,3.0,0.3,0.25,0.45,4,0.2,0.45,1.0714285714285714,1.95,0.9769126277684741,1.0048499986788961,2.453697916666667,4.484536082474227,1.041967310566248,4.574710978503383,1.6794871794871795,1.3710032147564377,0.135,0.0475,0.09,0.085,2.7142555661074184,0.0,3,0.44345238095238093,0.31626984126984126,0.4689106443627864,1.6289467373675073
atn_95_20,ATN,20,58,0.145,2.0,0.25,0.15,0.6,4,0.05,0.7,1.1333333333333333,2.9,0.6977743488173316,0.5114619646272871,3.0455666666666668,5.34316037735849,0.7032502126409655,7.4360278163518485,1.8269230769230769,0.8922134323196246,0.315,0.115,0.075,0.12,4.662627547582728,0.0,0,0.7808585858585859,0.47326649958228906,0.4718667528437831,2.6975558512887154
adbm_95_20,ADBM,20,75,0.1875,3.0,0.25,0.2,0.55,2,0.25,0.4,1.0666666666666667,3.75,1.1795528937863557,0.9191911012960006,2.5493406593406593,4.897280966767371,1.0738031432787976,5.802118375377063,1.0384615384615385,1.2963285988734916,0.035,0.4825,0.0575,0.24,1.8375981758297442,0.0,0,0.6725000000000001,0.7303467365967365,0.7949567858772522,1.348356916241011
niche_95_20,Niche,20,54,0.135,2.0,0.15,0.1,0.75,3,0.1,0.55,1.0588235294117647,2.7,0.9843186034677115,0.7017002361607524,2.8930555555555557,4.507462686567164,1.038696903815418,4.897839799950911,1.4022988505747127,0.9865165636368909,0.2,0.08,0.12,0.2025,2.1011385807199154,0.0,0,0.5215891053391053,0.3244398875977823,0.7191291792202814,1.118220029239766
cascade_95_20,Cascade,20,65,0.1625,2.0,0.1,0.15,0.75,3,0.1,0.7,0.9444444444444444,3.25,0.697908072283935,0.7050116453778215,3.161122023809524,4.288770053475936,1.1032854579296465,5.231108616854587,1.3263157894736841,0.4055055554833657,0.2325,0.09,0.2175,0.215,2.507173764518334,0.0,39,0.34968240093240094,0.300515873015873,0.747405774828267,1.0200306194336288
random_95_20,Random,20,62,0.155,1.0,0.0,0.05,0.95,7,0.0,0.55,0.95,3.1,0.4302489863582904,0.6443118346673903,-1.4516289354198528e17,NaN,NaN,0.0,1.6451612903225807,0.6156225974008607,0.205,0.0475,0.1375,0.095,1.414387084541872,0.95,48,0.24319541569541575,0.3008333333333333,20.596742617501754,808.421052631579
maxent_95_20,MaxEnt,20,42,0.105,4.0,0.35,0.25,0.4,5,0.05,0.5,1.1538461538461537,2.1,1.000059671211677,1.0803720301797437,3.5829123077173777,5.130434782608695,1.0491979813291015,5.438079308923196,1.7,1.7588200321459784,0.0875,0.03,0.0575,0.045,3.746523204991303,0.5,20,0.2467796092796093,0.5061660561660561,1.5442848034363632,4.788972457288132
ltm_96_20,LTM,20,118,0.295,3.0,0.2,0.0,0.8,6,0.0,0.8,1.25,5.9,0.6145644080920685,0.35168013683039284,3.760096427887632,NaN,NaN,0.0,1.4933333333333334,0.551550364676511,0.2925,0.115,0.2775,0.355,2.9136748499330967,0.8,7,0.768902849601379,0.2596087246087246,1.443608550024862,2.1976140115080485
atn_96_20,ATN,20,51,0.1275,4.0,0.35,0.1,0.55,5,0.1,0.5,1.3846153846153846,2.55,0.8094526433465749,0.5614831789520138,2.895520833333333,5.688607594936709,0.49498857014141917,7.077498053569231,1.5168539325842696,1.1443853190040718,0.2775,0.1,0.0475,0.1,4.05173680194539,0.0,0,0.7965476190476191,0.3622574955908289,0.6390488042262551,3.075039416575292
adbm_96_20,ADBM,20,49,0.1225,2.0,0.3,0.3,0.4,5,0.05,0.3,1.0,2.45,1.3405440101972883,0.9951767765966314,3.7878787878787876,5.25,1.3198240351921795,3.4657359027997265,1.3174603174603174,1.5830266543179867,0.06,0.2,0.03,0.145,3.0384819046626443,0.0,0,0.5210317460317461,0.6557256235827663,1.1462291923783867,5.0932745853001045
niche_96_20,Niche,20,68,0.17,2.0,0.25,0.1,0.65,3,0.05,0.7,1.2,3.4,0.8395175136948607,0.7834102122998841,2.712553047839506,4.648745519713262,1.1746376464571786,5.631211781821365,1.170731707317073,0.8672599755748097,0.2325,0.19,0.1825,0.2075,3.8201989288446816,0.0,0,0.7238257575757576,0.48402825244930503,0.8889541735899922,1.2728890917107412
cascade_96_20,Cascade,20,94,0.235,3.0,0.05,0.1,0.85,3,0.05,0.85,0.9473684210526315,4.7,0.6368030274960003,0.7276078382163211,4.0334919165196945,5.142857142857143,1.0110658375109731,5.988961416889864,1.3333333333333333,0.3929278795219739,0.385,0.31,0.4025,0.3375,4.202931810782266,0.0,45,0.3944383720854309,0.46207070707070697,0.978313440123877,1.1222747785810625
random_96_20,Random,20,83,0.2075,1.0,0.0,0.0,1.0,5,0.0,0.85,1.0,4.15,0.3930390331342492,0.36897671243424607,8.729464767395275e18,NaN,NaN,0.0,1.8235294117647058,0.5959065606640741,0.2725,0.065,0.125,0.1225,6.425669074916159,1.0,88,0.27625613292795953,0.4181385281385281,1339.2921840348608,4.0839275789473685e6
maxent_96_20,MaxEnt,20,58,0.145,3.0,0.2,0.15,0.65,6,0.0,0.5,1.0625,2.9,0.8512938213601696,0.9218814719913978,6.1921520616976675,5.098654708520179,1.0983804547969627,5.407171771460119,1.5137614678899083,1.1052616678428024,0.115,0.065,0.16,0.1525,2.823015306791747,0.7,21,0.3361710511710511,0.32450697450697447,2.7599602469554405,9.410430739491899
ltm_97_20,LTM,20,17,0.0425,3.0,0.45,0.55,0.0,3,0.2,0.15,0.8181818181818182,0.85,1.223517504109715,1.4421396920120584,1.896875,2.466666666666667,0.9154754164341269,2.70805020110221,1.2916666666666667,1.9870276802307707,0.0325,0.01,0.0225,0.0125,2.252032520325203,0.0,0,0.3442857142857143,0.3125,0.3644344934278313,0.879636101973684
atn_97_20,ATN,20,52,0.13,3.0,0.25,0.15,0.6,5,0.05,0.65,1.1333333333333333,2.6,0.7631337317237064,0.5496240327625976,2.877156597222222,5.228070175438597,1.0016581795114865,6.608000625296087,1.6274509803921569,0.987306544919363,0.275,0.0775,0.075,0.12,3.0956485689478495,0.0,0,0.6743939393939395,0.4041353383458647,0.8172252694760219,1.8297746897664624
adbm_97_20,ADBM,20,118,0.295,3.0,0.25,0.15,0.6,3,0.05,0.55,1.1333333333333333,5.9,0.9896728578033837,0.7082871760654066,2.9568757522859084,4.731890874882408,1.1957980808762776,6.968850378341948,1.1162790697674418,0.8148963144264729,0.0575,1.0075,0.13,0.525,4.4853009506348025,0.0,0,0.7760513261248556,0.8007697549364217,1.1315770826191458,1.5761416935921269
niche_97_20,Niche,20,48,0.12,3.0,0.25,0.3,0.45,4,0.05,0.65,0.9333333333333333,2.4,0.8802578038106739,0.9404801560780579,2.2553571428571426,2.6176470588235294,0.9147124458800902,4.219507705176107,1.25,0.7478038020201485,0.1175,0.02,0.185,0.17,2.9021284336911046,0.0,0,0.6807539682539683,0.10488095238095238,0.6259362476059518,0.713502133309464
cascade_97_20,Cascade,20,50,0.125,2.0,0.25,0.15,0.6,3,0.15,0.6,1.1333333333333333,2.5,0.8657214818927196,0.6553424175273002,2.344010416666667,3.3375,1.0547511554864493,4.382026634673881,1.4268292682926829,0.6357755313912209,0.155,0.0425,0.115,0.1625,3.7587077088661496,0.0,28,0.2943650793650793,0.27861111111111114,0.6380095662270451,0.8760064732958698
random_97_20,Random,20,49,0.1225,2.0,0.05,0.05,0.9,6,0.0,0.8,1.0,2.45,0.4861121766990861,0.5375078665392272,25.54575250971501,5.333333333333333,1.3228756555322954,2.1972245773362196,1.7946428571428572,0.7934495849150873,0.15,0.005,0.0825,0.0675,2.9180205068685066,0.9,26,0.2903282828282828,0.1319047619047619,5.420194013460598,41.95220756417745
maxent_97_20,MaxEnt,20,38,0.095,3.0,0.25,0.25,0.5,8,0.15,0.4,1.0,1.9,1.0512456249836368,0.8171510396177263,3.3287766830870273,3.811320754716981,1.4813793438962541,3.970291913552122,1.459016393442623,1.0745637590190324,0.0675,0.0325,0.055,0.1025,1.8340877779964573,0.25,12,0.23962301587301588,0.32072829131652664,1.4746193908339813,3.2691767408300487
ltm_98_20,LTM,20,45,0.1125,3.0,0.4,0.3,0.3,4,0.05,0.45,1.1666666666666667,2.25,1.187984024675833,0.9105546724749437,2.2644211691086693,2.8854166666666665,1.0246415719056068,4.564348191467836,1.1176470588235294,1.3017706739627162,0.035,0.06,0.0575,0.13,2.9692852923803903,0.25,0,0.5325703463203463,0.5605820105820105,1.0100274503483886,1.285245860707699
atn_98_20,ATN,20,53,0.1325,2.0,0.3,0.1,0.6,5,0.1,0.6,1.2857142857142858,2.65,0.8237995547885455,0.7672738911956226,2.3113333333333332,5.4766355140186915,0.8261659212513297,5.365976015021851,1.295774647887324,0.9412089838284787,0.2275,0.06,0.1475,0.1625,1.679491583648231,0.0,0,0.775,0.18941798941798937,0.6797076693132648,0.9693104093567253
adbm_98_20,ADBM,20,48,0.12,2.0,0.3,0.25,0.45,3,0.25,0.2,1.0714285714285714,2.4,1.6743245124823967,0.7204206048921813,2.1653846153846152,2.6964285714285716,1.0603540207641262,4.02535169073515,1.1607142857142858,1.4968290069421395,0.0425,0.0975,0.0575,0.37,1.5907473309608542,0.0,0,0.6691666666666667,0.39658837894132015,0.7272180923534245,0.7955621301775148
niche_98_20,Niche,20,109,0.2725,2.0,0.15,0.15,0.7,2,0.1,0.75,1.0,5.45,0.825902649300767,0.758813358664932,3.0308231339042355,5.239298607529655,0.8858960953157473,7.569927655242652,1.2214285714285715,0.8542202615339287,0.2625,0.85,0.1625,0.2375,3.9327658106601464,0.0,0,0.7302767004237593,0.7303445694312567,0.8140534084288267,1.1426257056528955
cascade_98_20,Cascade,20,114,0.285,2.0,0.1,0.05,0.85,3,0.1,0.8,1.0555555555555556,5.7,0.6542063428256978,0.6289573166882453,3.074764541772885,5.320245979186376,0.8783544913316121,7.656337166430183,1.2830188679245282,0.23743129750138753,0.475,0.5575,0.4175,0.4425,2.5853278315206207,0.0,38,0.49031880700998337,0.5576884226884228,0.8297723414205536,0.8874923265965498
random_98_20,Random,20,111,0.2775,1.0,0.0,0.0,1.0,3,0.0,0.9,1.0,5.55,0.34818208073443324,0.25797875789687125,-2.22604584786662e18,NaN,NaN,0.0,1.7509025270758123,0.3738581634773546,0.335,0.11,0.165,0.1625,5.161789756923455,1.0,106,0.3120181330107801,0.46708485958485957,297.56463451107845,155216.84210526315
maxent_98_20,MaxEnt,20,76,0.19,2.0,0.15,0.1,0.75,4,0.1,0.7,1.0588235294117647,3.8,0.7759694518300929,0.6967736448616482,3.633578175965303,5.44106463878327,0.9046683199643959,6.26530121273771,1.5147058823529411,0.9171861861546416,0.2225,0.145,0.2125,0.215,2.8894453369019124,0.6,44,0.34052350427350425,0.479281537176274,1.3342824203162,2.033649897979538
ltm_99_20,LTM,20,124,0.31,5.0,0.2,0.0,0.8,4,0.0,0.8,1.25,6.2,0.6138407627016185,0.39369030812400335,5.180648690560673,NaN,NaN,0.0,1.6666666666666667,0.691066352727481,0.35,0.2525,0.1025,0.205,1.2506037172245152,0.8,16,0.6208057804768331,0.7152511377511377,2.0801126700073698,5.213718484067762
atn_99_20,ATN,20,66,0.165,3.0,0.25,0.05,0.7,4,0.1,0.65,1.2666666666666666,3.3,0.9228098291438946,0.6602562613676397,2.64421875,5.050092764378479,0.9182651893225213,6.289715570908998,1.131578947368421,0.7317776478747817,0.215,0.135,0.1675,0.275,1.3626476654790924,0.0,0,0.8456601731601732,0.36944083694083696,0.7663953083944056,1.3051025076525948
adbm_99_20,ADBM,20,80,0.2,3.0,0.25,0.15,0.6,3,0.15,0.55,1.1333333333333333,4.0,1.189316477734386,0.8922178162191939,2.384323232323232,4.162698412698413,1.1083338147587618,5.529429087511423,1.125,1.1865474018521573,0.015,0.48,0.1225,0.3575,2.3702296381959362,0.0,0,0.6730769230769231,0.6361937445270779,0.7001090274517839,0.9075886255967436
niche_99_20,Niche,20,59,0.1475,2.0,0.3,0.45,0.25,3,0.1,0.6,0.7857142857142857,2.95,0.8831040099331616,1.3801363354573777,2.2858686067019396,2.8161764705882355,0.8362367720913865,4.912654885736052,1.2467532467532467,1.3819974649034605,0.1225,0.1525,0.385,0.1525,5.089530598683019,0.0,0,0.6890338827838827,0.4773275743863979,0.5987830608192579,0.8877244280560633
cascade_99_20,Cascade,20,43,0.1075,2.0,0.3,0.2,0.5,3,0.15,0.4,1.1428571428571428,2.15,1.0041047519028226,0.6625168538192845,2.349161111111111,3.452054794520548,1.2138219699501396,4.290459441148391,1.3636363636363635,0.9436003996160606,0.135,0.035,0.075,0.1375,2.9145991521320695,0.0,17,0.2807178932178932,0.19461152882205515,0.7731608390444185,1.1285035873619236
random_99_20,Random,20,47,0.1175,3.0,0.1,0.0,0.9,9,0.05,0.7,1.1111111111111112,2.35,0.6061324407282815,0.5216249949830849,6.217289670155003,NaN,NaN,0.0,2.0078740157480315,0.8062087819719282,0.145,0.015,0.06,0.07,3.8414894990652733,0.85,31,0.24997113997113996,0.21833333333333335,1.8903953528253306,5.885359898087687
maxent_99_20,MaxEnt,20,35,0.0875,2.0,0.4,0.4,0.2,4,0.15,0.35,1.0,1.75,1.2961149913844507,1.3093073414159542,1.3711328928998079,2.272727272727273,1.386390248839742,3.091042453358316,1.1025641025641026,1.4889496294119176,0.02,0.025,0.115,0.125,1.9544521953221174,0.1,4,0.3443849206349206,0.24710884353741494,1.3336264836587406,1.4744640591143472
ltm_100_20,LTM,20,40,0.1,2.0,0.3,0.2,0.5,5,0.05,0.5,1.1428571428571428,2.0,0.9597148699373931,0.7071067811865476,3.2796529996450126,5.01010101010101,1.1736472846969483,4.59511985013459,1.8666666666666667,1.2669898018116552,0.1075,0.045,0.0225,0.0525,4.340487784636277,0.3,2,0.36605158730158727,0.5708683473389355,1.2211210864743807,3.421838791477886
atn_100_20,ATN,20,53,0.1325,2.0,0.15,0.1,0.75,5,0.15,0.45,1.0588235294117647,2.65,0.87668819361797,0.6275721836293009,3.565138888888889,5.66497461928934,0.6611283625910885,5.976350909297934,1.2352941176470589,0.8312712991522165,0.165,0.1075,0.0675,0.13,1.1415823914336702,0.0,0,0.756729797979798,0.4255639097744361,0.9339389624058152,2.9760091069688115
adbm_100_20,ADBM,20,73,0.1825,2.0,0.15,0.15,0.7,5,0.1,0.4,1.0,3.65,1.1323251194757584,0.8856564315202526,4.037620192307692,4.21978021978022,1.6384423348086696,4.51085950651685,1.1111111111111112,1.1211931163753037,0.05,0.36,0.13,0.2875,1.5572273286107372,0.0,0,0.6747727272727272,0.49964976543923917,1.4944747945080625,3.1769387122635084
niche_100_20,Niche,20,140,0.35,2.0,0.05,0.15,0.8,2,0.05,0.85,0.8947368421052632,7.0,0.7530817458976792,0.6905842107190997,3.438675622674018,5.080965909090909,0.9506021357793142,8.166216268592143,1.0909090909090908,0.44214106550343324,0.2275,1.235,0.37,0.475,3.8006161218552124,0.0,0,0.81484455624355,0.7546999569058392,0.7290630867470269,0.8444961309737224
cascade_100_20,Cascade,20,118,0.295,3.0,0.1,0.05,0.85,3,0.1,0.75,1.0555555555555556,5.9,0.7209815049120999,0.592008447341457,3.209127812656535,5.272485364555615,0.9015687113540554,7.538494999413465,1.218543046357616,0.3139749397323025,0.43,0.6725,0.34,0.48,4.8237515720043085,0.0,38,0.5167632316084328,0.6215867465867466,0.8183048829981676,1.0262400448330353
random_100_20,Random,20,119,0.2975,1.0,0.0,0.0,1.0,3,0.0,1.0,1.0,5.95,0.3950003270891985,0.34690827571996063,1.9619084569503072e17,NaN,NaN,0.0,1.6494464944649447,0.5870335864394279,0.35,0.2175,0.1825,0.165,2.7511463261488283,1.0,106,0.3593171898546107,0.5860257144815968,40.072937702824504,1401.2631578947369
maxent_100_20,MaxEnt,20,103,0.2575,2.0,0.05,0.05,0.9,5,0.0,0.9,1.0,5.15,0.6704987981687914,0.5985696835731331,25.240696313411256,5.706508875739645,0.5874015004485306,6.739336627357174,1.8623481781376519,0.8501311726731082,0.285,0.2475,0.1875,0.27,6.469450536416425,0.9,53,0.37912073243308947,0.6034040959040959,5.043543452002146,36.47318190110917
ltm_1_40,LTM,40,602,0.37625,2.0,0.15,0.0,0.85,3,0.0,0.85,1.1764705882352942,15.05,0.5383227039599917,0.19558038308261258,6.254061815895995,NaN,NaN,0.0,1.544293695131684,0.5575063644758281,0.7625,0.53125,0.395,0.620625,2.234617025008962,0.85,68,0.8071655606865399,0.6699854046161458,2.2636483006267523,5.130022140757366
atn_1_40,ATN,40,209,0.130625,3.0,0.15,0.05,0.8,6,0.125,0.725,1.1176470588235294,5.225,0.7193617611951302,0.5209685877225838,3.5529748197033264,5.896977827990397,0.35935456061627624,9.55831760021172,2.009861932938856,0.836992767562394,0.441875,0.21125,0.155,0.236875,3.190064780847366,0.0,2,0.8715111780204661,0.4905446574409423,0.6751427917285303,3.1655147909160197
adbm_1_40,ADBM,40,212,0.1325,2.0,0.15,0.2,0.65,8,0.125,0.375,0.9411764705882353,5.3,1.3512952489558878,0.9838450081140179,5.12692312472758,4.769174041297935,1.0545111229535034,7.212294468500341,1.2806324110671936,1.5487148173297876,0.030625,0.53625,0.08,0.37375,1.652511425757679,0.0,0,0.6449002726289879,0.6121769991694863,2.2915786539491063,7.317606593392847
niche_1_40,Niche,40,431,0.269375,2.0,0.075,0.125,0.8,3,0.05,0.825,0.9459459459459459,10.775,0.7085128759373988,0.757620065916231,3.663072513526708,5.527267197859011,0.7122161497049391,11.316971406444978,1.1981308411214953,0.6823000758779383,0.71125,1.3275,0.80125,0.699375,5.295093458084281,0.0,0,0.7820249646635946,0.6354880172280958,0.7756002067256136,1.2446194770899361
cascade_1_40,Cascade,40,445,0.278125,2.0,0.025,0.05,0.925,2,0.05,0.9,0.9743589743589743,11.125,0.5893228284725306,0.642470540646687,4.014688187905549,5.748154897494305,0.5264698553464592,11.095134707171427,1.3426883308714919,0.28552230775665716,0.916875,1.15375,0.876875,0.778125,6.771711363416242,0.0,243,0.4883180981616742,0.5757238610754725,0.8749239907823406,0.9359522707764535
random_1_40,Random,40,442,0.27625,1.0,0.0,0.0,1.0,3,0.0,1.0,1.0,11.05,0.2749136739553704,0.24673429920577408,7.907318322997798e16,NaN,NaN,0.0,1.7427677873338545,0.3618749088864375,0.785,0.3075,0.4025,0.398125,5.945323633183331,1.0,683,0.2989848122037312,0.48782560078754045,19.654596597763447,649.8461538461538
maxent_1_40,MaxEnt,40,266,0.16625,2.0,0.075,0.1,0.825,5,0.0,0.8,0.972972972972973,6.65,0.7843758403556466,0.8026433742472003,23.950273726937212,5.789406236651004,0.49600107266545285,8.856945756159021,1.7935843793584378,1.136691535742981,0.36625,0.21625,0.358125,0.33875,4.51672039342524,0.825,253,0.33280287377601386,0.4675833156939561,5.7117452820307255,46.31937794039428
ltm_2_40,LTM,40,143,0.089375,2.0,0.425,0.3,0.275,3,0.025,0.55,1.2173913043478262,3.575,1.1329357547890397,1.025094806219996,2.4840375274947,5.307134457075657,0.9661716262663513,8.537387898701757,1.326829268292683,1.405826772957304,0.11875,0.089375,0.15875,0.20125,9.949403604352527,0.2,5,0.5690912865729043,0.436078157953158,1.2494208526587292,1.8672742023638524
atn_2_40,ATN,40,179,0.111875,6.0,0.35,0.075,0.575,5,0.05,0.6,1.4230769230769231,4.475,0.8361054134388631,0.5331221037549896,2.8219853724042308,5.8356201975850714,0.41133386667824445,10.839894587995108,2.251732101616628,0.9357739662287103,0.3425,0.131875,0.131875,0.233125,5.331275782425322,0.0,0,0.8250891510450333,0.394969844969845,0.9669451029190347,2.5558345460778855
adbm_2_40,ADBM,40,261,0.163125,2.0,0.3,0.225,0.475,5,0.075,0.475,1.1071428571428572,6.525,1.2694868493367728,0.9992546302394932,4.205323470390132,4.7466383581033265,1.13260227455345,7.253470382684528,1.075268817204301,1.4765068533220822,0.0275,0.81375,0.155,0.473125,3.979024257141241,0.0,0,0.67141929347879,0.701371823576349,1.7930255367096348,6.243871982530837
niche_2_40,Niche,40,277,0.173125,3.0,0.175,0.125,0.7,3,0.05,0.75,1.0606060606060606,6.925,0.991544509327122,0.7423861433151927,3.175015926598289,5.402611693932947,0.7837522397236891,9.520101889570842,1.3504901960784315,0.9764179816408379,0.435,0.424375,0.410625,0.663125,5.0655151934511045,0.0,31,0.6992008891679278,0.4721669165834395,0.8498142040816493,1.5785177524009255
cascade_2_40,Cascade,40,311,0.194375,3.0,0.025,0.05,0.925,4,0.025,0.925,0.9743589743589743,7.775,0.6297487267103603,0.6739954509818674,4.652744720861583,5.614745997232655,0.6699415336302768,8.528924114291936,1.5126475548060707,0.422026999436646,0.62125,0.394375,0.59875,0.55625,7.613923783824901,0.0,302,0.3520704057053478,0.39472477707191334,1.0218485908780572,1.1111256941422791
random_2_40,Random,40,312,0.195,1.0,0.0,0.0,1.0,4,0.0,0.975,1.0,7.8,0.36168787508541045,0.2757346598757972,4.632986991259653e16,NaN,NaN,0.0,2.0753311258278146,0.44582045627051703,0.638125,0.169375,0.305,0.330625,6.5311584817601345,1.0,606,0.25715288711660345,0.3602814213650128,9.099168741971532,203.48717948717947
maxent_2_40,MaxEnt,40,236,0.1475,3.0,0.125,0.125,0.75,5,0.025,0.725,1.0,5.9,0.8934087117583831,0.8158377482812144,6.52280987031552,5.776243785543117,0.5151743156630693,10.238494430329037,1.7939778129952457,1.2673126547034066,0.2425,0.138125,0.26,0.275625,6.181571447779545,0.725,212,0.29654410437678763,0.4436252000493486,2.448005946211555,5.950107990222853
ltm_3_40,LTM,40,401,0.250625,4.0,0.125,0.025,0.85,7,0.0,0.875,1.1142857142857143,10.025,0.5227246515096279,0.5236999076601419,1431.0964712560728,NaN,NaN,0.0,1.7240977881257276,0.7433656959169942,0.649375,0.4925,0.163125,0.26125,1.9434432544948566,0.875,125,0.6329876332109665,0.6842756351728985,374.8021203325027,342606.647388961
atn_3_40,ATN,40,227,0.141875,5.0,0.125,0.15,0.725,5,0.075,0.8,0.9714285714285714,5.675,0.5676866370440269,0.5760400251946727,3.739752590081944,5.666068405011853,0.6459991539079781,10.986309155297914,2.007233273056058,0.8045884819446361,0.59,0.2125,0.249375,0.245625,7.031072952631328,0.0,23,0.8753529468467549,0.4098877025966809,0.7460720014230388,2.4259843010389393
adbm_3_40,ADBM,40,359,0.224375,2.0,0.125,0.275,0.6,3,0.125,0.6,0.8285714285714286,8.975,1.0266234733558748,0.9151485583921946,3.01522639142047,5.193625105929308,0.88920925202994,10.507284258914009,1.050531914893617,1.126127213474397,0.0225,1.379375,0.3375,0.55,2.7688445225270515,0.0,0,0.8164195621206491,0.7172879668902015,0.8377188961249435,1.0119990234037144
niche_3_40,Niche,40,396,0.2475,2.0,0.075,0.075,0.85,3,0.025,0.875,1.0,9.9,0.9228859233274735,0.692981317558946,4.093876519653742,5.615480930558686,0.6558956324411144,10.594958328715128,1.3439716312056738,0.8257584668130317,0.494375,1.179375,0.495625,0.939375,7.30567788671351,0.0,5,0.7504437436111793,0.6891605832357558,0.9903542373199291,1.568615247526843
cascade_3_40,Cascade,40,456,0.285,1.0,0.05,0.075,0.875,3,0.025,0.9,0.9736842105263158,11.4,0.6271650632845508,0.6402414883243409,3.9320459941900516,5.683968552204809,0.593424922123533,11.464459748162058,1.3124042879019908,0.28662773089265975,0.8575,1.249375,0.881875,0.855625,6.8833663447575475,0.0,212,0.4978720687410899,0.5936345183345476,0.8792707679496289,1.0137318390210275
random_3_40,Random,40,459,0.286875,1.0,0.0,0.0,1.0,3,0.0,1.0,1.0,11.475,0.23598208642752638,0.24489094901508054,5.139865863835036e16,NaN,NaN,0.0,1.823953823953824,0.35244495907578877,0.854375,0.360625,0.40625,0.42,3.9420920798590404,1.0,676,0.30348115188127733,0.5096982913363988,11.209531425141812,72.2051282051282
maxent_3_40,MaxEnt,40,301,0.188125,3.0,0.15,0.125,0.725,4,0.025,0.825,1.0294117647058822,7.525,0.7654628800081321,0.8202891056663102,5.574260853063029,5.792879063785353,0.4930519948411211,11.27122326230083,1.7756497948016416,1.0021487120961334,0.286875,0.25375,0.481875,0.4175,15.150371825388419,0.675,256,0.36588855033668366,0.4547324865785337,2.2669252750003084,4.711122106835456
ltm_4_40,LTM,40,325,0.203125,3.0,0.225,0.15,0.625,5,0.0,0.75,1.096774193548387,8.125,0.8362301342965881,0.6276876667655328,4.5938626914615295,5.816746636244673,0.4595171598329396,12.604949431561481,1.677819083023544,1.0001729481760073,0.37375,0.2825,0.324375,0.543125,10.855270478474662,0.625,8,0.709334891330118,0.5043491266383816,1.9317797059660855,3.946363334482613
atn_4_40,ATN,40,226,0.14125,3.0,0.125,0.075,0.8,5,0.1,0.775,1.0571428571428572,5.65,0.5532720395774657,0.5249641033545245,3.599649700814761,5.902835297865562,0.37306671163075794,10.131101098521789,1.9946043165467626,0.6001392768476246,0.5025,0.209375,0.22625,0.238125,5.721810142333008,0.0,0,0.8043493312243312,0.40267150312399186,0.8091539312104465,2.344948025449066
adbm_4_40,ADBM,40,222,0.13875,2.0,0.1,0.175,0.725,7,0.125,0.4,0.9166666666666666,5.55,1.3648818276477066,0.9196026064431645,4.910377575313637,4.4316939890710385,1.0855129922226416,7.155396301896734,1.1174089068825912,1.44536311060818,0.043125,0.494375,0.13875,0.520625,1.1581570238332441,0.0,0,0.7238473212159356,0.531826909962056,1.88572338054078,4.560781599066238
niche_4_40,Niche,40,129,0.080625,2.0,0.35,0.3,0.35,3,0.175,0.4,1.0769230769230769,3.225,1.2707213866239466,0.8352413983824958,2.0764097391805727,3.0841836734693877,0.9245472228073552,5.971261839790462,1.1886792452830188,1.279349818458849,0.130625,0.04375,0.134375,0.250625,3.3925183497105653,0.0,2,0.6248689627366099,0.23357994344836447,0.5856344487504692,0.8306516106269718
cascade_4_40,Cascade,40,129,0.080625,1.0,0.075,0.15,0.775,5,0.075,0.625,0.918918918918919,3.225,0.6789374243083,0.7897266243740361,3.5853606288580253,4.839506172839506,1.1136283056094622,6.186208623900494,1.5219123505976095,0.6471942750651364,0.15,0.025625,0.143125,0.1225,2.4736320385957495,0.0,169,0.2532650682650683,0.17760757760757764,0.9352003448194582,1.2822224958340196
random_4_40,Random,40,142,0.08875,1.0,0.025,0.025,0.95,6,0.0,0.875,1.0,3.55,0.5410902899004252,0.5258344939861707,24.642473296247747,5.5625,0.7453234150400704,4.969813299576001,2.1485714285714286,0.6561409983922347,0.20625,0.02375,0.116875,0.12125,4.32882641104042,0.95,272,0.21783940936514465,0.2082395382395382,4.960291665485097,20.823368185206004
maxent_4_40,MaxEnt,40,125,0.078125,2.0,0.225,0.2,0.575,7,0.05,0.65,1.032258064516129,3.125,0.9673225007787323,0.9940953882931161,5.812389199190738,5.467996674979219,0.8554016833759331,7.0925737159746784,1.9862258953168044,1.4361201292513888,0.1525,0.044375,0.12625,0.124375,5.979299824301921,0.525,148,0.23858881980592508,0.31330376439620133,2.4695963208128693,9.875760533595281
ltm_5_40,LTM,40,218,0.13625,3.0,0.3,0.075,0.625,4,0.0,0.7,1.3214285714285714,5.45,0.82472041366304,0.5400889477785906,2.840705533630052,5.623634120549877,0.6645620886518929,10.029943976488687,1.839527027027027,0.8841773820770422,0.3575,0.1775,0.16,0.305625,4.043862260595656,0.375,61,0.650711775968324,0.4232071644848496,1.1406327716689069,1.602289063428318
atn_5_40,ATN,40,186,0.11625,3.0,0.375,0.125,0.5,4,0.05,0.575,1.4,4.65,0.9975199821122022,0.5955564741455431,2.4112252664393177,5.551774076755974,0.6320485524929478,10.063776497465508,1.8333333333333333,1.088095538982668,0.348125,0.14875,0.156875,0.325625,10.316443718512753,0.0,0,0.7822524873647165,0.37937814727030417,0.8080274902006952,1.7552027689431895
adbm_5_40,ADBM,40,212,0.1325,4.0,0.35,0.15,0.5,4,0.2,0.375,1.3076923076923077,5.3,1.5448198609690185,0.9156041752036392,2.3119637434675866,5.123706896551724,1.0167837159003261,7.749322464660356,1.0745614035087718,1.632501181926167,0.031875,0.47875,0.093125,0.623125,2.774568441857128,0.0,0,0.7882120940312698,0.6171159616866008,0.9835426670997448,1.2850023082869164
niche_5_40,Niche,40,306,0.19125,3.0,0.15,0.075,0.775,3,0.05,0.75,1.088235294117647,7.65,1.0132151463508923,0.8380821066066838,2.789762583961486,4.6387013360149405,0.9711598306549818,8.848078421168667,1.308584686774942,0.9652254027646601,0.331875,0.5625,0.574375,0.805625,6.58555759358292,0.0,0,0.691937883001931,0.4888258433057401,0.6801251806196994,0.9093844810292752
cascade_5_40,Cascade,40,336,0.21,3.0,0.05,0.05,0.9,4,0.05,0.85,1.0,8.4,0.6657284519725744,0.6733270987720682,3.8529146660748763,5.63346280250971,0.6448099712655951,9.725257613645427,1.3912248628884827,0.4340311573215714,0.63875,0.51625,0.650625,0.641875,5.432530595744414,0.0,273,0.3701301328779777,0.4522897508352314,0.9590243689256197,1.0202669252423884
random_5_40,Random,40,356,0.2225,1.0,0.0,0.0,1.0,3,0.0,1.0,1.0,8.9,0.3072355383287528,0.28988786378377984,1.9718875135027738e17,NaN,NaN,0.0,1.8359106529209621,0.41824943216549304,0.628125,0.175625,0.313125,0.333125,4.40809033488475,1.0,613,0.26988230994900075,0.3959556268894505,38.26944684467954,1522.871794871795
maxent_5_40,MaxEnt,40,266,0.16625,2.0,0.05,0.2,0.75,5,0.0,0.95,0.8421052631578947,6.65,0.672975680179841,0.8226215562377106,20.824376055227397,5.80242265795207,0.47754804574454485,10.957363947362847,1.7759336099585061,1.1758058260496786,0.373125,0.17,0.32875,0.245,6.223999435228798,0.725,292,0.29890578356573105,0.5111219513499765,4.620207799363781,23.12310018660818
ltm_6_40,LTM,40,516,0.3225,3.0,0.15,0.0,0.85,3,0.0,0.85,1.1764705882352942,12.9,0.5156417245671839,0.2695658572798475,6.34797525012016,NaN,NaN,0.0,1.5823008849557523,0.5021375758268188,0.67375,0.401875,0.474375,0.61,6.338002963535545,0.85,83,0.7802111921992453,0.5412421042542358,2.35171376455502,5.27768141642594
atn_6_40,ATN,40,228,0.1425,3.0,0.225,0.075,0.7,5,0.05,0.725,1.1935483870967742,5.7,0.7317045580849613,0.5333167599290559,3.3092414444725167,5.88666085440279,0.3337556091328096,11.264412822305477,2.0522243713733075,0.7943817049077568,0.496875,0.240625,0.206875,0.30625,9.668244438528847,0.0,4,0.8652621854624563,0.4587838015142135,0.5202700721439059,3.5827466908840235
adbm_6_40,ADBM,40,173,0.108125,2.0,0.15,0.25,0.6,7,0.175,0.375,0.8823529411764706,4.325,1.4140857331138237,1.0371800736252976,3.764265431833791,5.443355119825708,0.9083127948533863,6.822197390620491,1.178743961352657,1.6570396489597092,0.045,0.3475,0.0775,0.288125,1.360537963180739,0.0,0,0.6491468253968254,0.5571195846844399,1.2411199716936079,3.2497329307207043
niche_6_40,Niche,40,363,0.226875,4.0,0.125,0.1,0.775,3,0.125,0.725,1.0285714285714285,9.075,0.9869797202164035,0.6785347788687511,3.172119153381101,5.336751419967217,0.8485752629997262,10.174773439176352,1.3737574552683898,0.8338254539179508,0.42625,0.890625,0.4875,1.003125,4.930005036526465,0.0,0,0.7190729571486365,0.5724571699705338,0.8738249088624125,1.2836901053641632
cascade_6_40,Cascade,40,316,0.1975,3.0,0.1,0.1,0.8,3,0.075,0.825,1.0,7.9,0.7032045866027232,0.686052115219136,3.0198251180664615,5.383744094712277,0.8453638873799666,9.773891264365055,1.4597495527728086,0.35364125998637735,0.53375,0.3875,0.651875,0.67,6.261719019518875,0.0,251,0.38092929219902905,0.38505378243187843,0.8381760044620785,0.8040732514155265
random_6_40,Random,40,320,0.2,1.0,0.0,0.0,1.0,3,0.0,0.975,1.0,8.0,0.3546847643348697,0.327676356900822,1.7242747777514208e16,NaN,NaN,0.0,1.9662921348314606,0.5474298924789247,0.550625,0.125625,0.265,0.26625,10.095274875116942,1.0,622,0.24731519903524676,0.36515760160219374,3.882653731663435,45.02564102564103
maxent_6_40,MaxEnt,40,197,0.123125,2.0,0.05,0.1,0.85,6,0.0,0.8,0.9473684210526315,4.925,0.7875846854496916,0.8268715965810982,56.79264739157306,5.650319829424307,0.6955452887631173,6.843749949006225,1.7463917525773196,1.0256397042443313,0.2725,0.119375,0.268125,0.251875,4.6641773549327095,0.825,237,0.27002733673387536,0.3678981518092648,10.800510448325571,178.77505644677424
ltm_7_40,LTM,40,332,0.2075,4.0,0.25,0.025,0.725,7,0.025,0.725,1.3,8.3,0.770833292466511,0.3723012036245941,2.9467807312012053,5.802746133534515,0.4726311590522969,11.101568031157226,1.5514157973174367,0.7181390476791364,0.5475,0.41,0.19875,0.4825,14.489375382055767,0.675,125,0.6781788577487653,0.5914753820161681,1.1579498723527064,1.526863491444193
atn_7_40,ATN,40,197,0.123125,4.0,0.325,0.025,0.65,4,0.05,0.625,1.4444444444444444,4.925,0.8165799228725409,0.434725239095494,2.543495697879242,5.758848876577408,0.5410055868760112,9.877862004897155,1.6615776081424936,0.8803250730098758,0.435625,0.146875,0.150625,0.291875,13.330149797987833,0.0,0,0.8254732767232766,0.41451695191633264,0.9859120980285637,1.4163464898580584
adbm_7_40,ADBM,40,316,0.1975,3.0,0.25,0.125,0.625,4,0.125,0.5,1.1666666666666667,7.9,1.2582702308671612,0.8009870697258854,2.7892826566352626,5.19038973614137,0.9442463297386908,9.01942196795671,1.099706744868035,1.2432918536775042,0.038125,1.005625,0.16375,0.88,2.85325150957671,0.0,0,0.817853836952521,0.7041525357353507,1.168512885783469,1.4746258721066827
niche_7_40,Niche,40,262,0.16375,3.0,0.15,0.25,0.6,4,0.05,0.775,0.8823529411764706,6.55,0.9283120062647837,0.8935387091960798,3.19871723825016,5.084624846248462,1.0072793308514616,9.003316202541857,1.35678391959799,0.9384609432526912,0.306875,0.358125,0.51375,0.546875,5.396582127088245,0.0,0,0.6869406817597608,0.44993528513771436,0.9129358692646312,1.2593684117396344
cascade_7_40,Cascade,40,325,0.203125,2.0,0.025,0.025,0.95,4,0.05,0.85,1.0,8.125,0.6637776881600075,0.6453832166107281,4.225298344421383,5.608434939036578,0.6679867712641455,8.517793011488205,1.4908789386401327,0.3929279236818392,0.641875,0.443125,0.615625,0.635,4.735407821901285,0.0,275,0.3722958556389719,0.41378641705544716,0.9373363173682132,1.023147326708297
random_7_40,Random,40,333,0.208125,1.0,0.0,0.0,1.0,4,0.0,1.0,1.0,8.325,0.36432967037023584,0.3176769734765459,1.054629323495705e17,NaN,NaN,0.0,1.9201646090534978,0.4870194913304114,0.69125,0.1975,0.335,0.365,4.39565374596889,1.0,599,0.252482748443026,0.38931423109054697,20.406455435068175,269.12820512820514
maxent_7_40,MaxEnt,40,199,0.124375,3.0,0.175,0.125,0.7,7,0.025,0.775,1.0606060606060606,4.975,0.9841801708890557,0.9029320723445081,11.331644488775222,5.6832158872517615,0.6378282683209252,8.046229101075378,1.9432624113475176,1.2769185000590073,0.205,0.12875,0.255625,0.3125,8.013878071785847,0.725,200,0.30689932739203335,0.3848048317984769,4.6564577801294105,28.69802833576703
ltm_8_40,LTM,40,287,0.179375,4.0,0.325,0.0,0.675,6,0.025,0.65,1.4814814814814814,7.175,0.8836650093590942,0.41857981040295816,2.5861561997449303,NaN,NaN,0.0,1.5155642023346303,0.835968866173199,0.58,0.404375,0.190625,0.5475,13.529560968360999,0.475,111,0.6504347747558954,0.5647244132099936,1.081160822258428,1.372118405564757
atn_8_40,ATN,40,193,0.120625,4.0,0.35,0.05,0.6,4,0.025,0.625,1.4615384615384615,4.825,0.9571352484428284,0.534895637083753,2.5188907107577116,5.728540353617045,0.5461549073919332,10.487321973155373,1.763681592039801,1.1539885225443536,0.44875,0.17,0.141875,0.320625,6.971372415625834,0.0,0,0.8456428755712813,0.49325916043021306,0.9282100021527728,1.532051048734305
adbm_8_40,ADBM,40,319,0.199375,2.0,0.325,0.125,0.55,5,0.05,0.375,1.2962962962962963,7.975,1.3347433846339483,0.749929118742156,3.676726353518204,4.624393978055626,1.1254977840010127,8.273591798199632,1.0678466076696165,1.2641492449721001,0.039375,0.9725,0.15875,1.10375,3.608722476641709,0.0,0,0.786113648803304,0.7046503966451106,1.9763099628993155,4.2893323104440535
niche_8_40,Niche,40,105,0.065625,3.0,0.55,0.275,0.175,3,0.275,0.175,1.6111111111111112,2.625,1.5327879569162501,1.0049010661171056,1.5524208144796379,2.1077844311377247,0.6212108281486748,5.117993812416755,1.2279411764705883,1.520753957222168,0.0725,0.011875,0.12625,0.23875,7.432340108867295,0.0,0,0.5959791872214473,0.09698871934166052,0.3691923615575105,0.42523550948011957
cascade_8_40,Cascade,40,154,0.09625,4.0,0.125,0.2,0.675,6,0.125,0.7,0.9142857142857143,3.85,0.7335960302276268,0.7881605070246468,2.832628954194111,4.423286180631121,1.234199340780359,6.823286122355687,1.5986622073578596,0.6230435340536827,0.18875,0.0425,0.206875,0.191875,3.279478828110639,0.0,224,0.286345431529255,0.16991341991341988,0.755681811912407,0.8843683798692925
random_8_40,Random,40,151,0.094375,2.0,0.05,0.05,0.9,6,0.025,0.85,1.0,3.775,0.5177348955149695,0.5072018081681796,13.812168368545496,5.621890547263682,0.7103775665120066,6.401917196727186,2.333922261484099,0.6968706644613,0.186875,0.020625,0.0975,0.103125,6.201444039201616,0.875,318,0.23275395764366347,0.16092171717171716,3.936953382648479,15.971510832677653
maxent_8_40,MaxEnt,40,134,0.08375,2.0,0.2,0.225,0.575,7,0.075,0.6,0.96875,3.35,0.9644360610635851,0.9404473241934534,3.442541426924398,5.412346521145976,0.8778080265071514,7.983440063006542,1.88283378746594,1.3740990637508592,0.170625,0.049375,0.138125,0.1475,4.122201686824004,0.525,140,0.25119181366878734,0.313638911445929,1.2653391931532503,2.1857012519055377
ltm_9_40,LTM,40,259,0.161875,4.0,0.275,0.05,0.675,6,0.025,0.7,1.3103448275862069,6.475,0.7773218960624072,0.4505890292725107,2.960630690978845,5.747748651699486,0.5352645502075223,10.593254024936595,1.9526542324246772,0.8784972248527463,0.496875,0.194375,0.219375,0.370625,17.20709177309268,0.65,155,0.5933298634844687,0.4031240305829493,1.1419238745421714,1.77465259801481
atn_9_40,ATN,40,177,0.110625,3.0,0.3,0.125,0.575,5,0.075,0.625,1.25,4.425,0.8089872656068211,0.708912708051018,2.5171501031243624,5.730230798335225,0.558341799137968,9.959111456284125,1.7974358974358975,0.9290307250212189,0.309375,0.11,0.199375,0.235625,6.058790883803226,0.0,16,0.7892158482212661,0.2977678345325403,0.8639734175018537,1.246073678636525
adbm_9_40,ADBM,40,260,0.1625,2.0,0.275,0.125,0.6,4,0.1,0.425,1.206896551724138,6.5,1.488742971931011,0.7688361907132808,2.685753104027227,4.7545001914975105,1.1443070185827493,7.8674885686991285,1.0579710144927537,1.3966168455451573,0.035625,0.579375,0.171875,1.00875,2.0105371954882227,0.0,0,0.7418651893915051,0.5773801736623981,1.1220398655166923,1.4928917433844309
niche_9_40,Niche,40,267,0.166875,3.0,0.275,0.1,0.625,3,0.15,0.55,1.2413793103448276,6.675,1.1115005732278962,0.4932545221594933,2.4713666242471493,4.9304558356987815,0.9619577717036024,9.390826912824407,1.4429530201342282,0.940518814425476,0.455625,0.335625,0.27,0.80875,7.60775570111108,0.0,0,0.7671426918669566,0.4428232665840434,0.7515273633695145,1.2431523146249832
cascade_9_40,Cascade,40,242,0.15125,2.0,0.1,0.075,0.825,4,0.1,0.8,1.0277777777777777,6.05,0.6736996346094085,0.7296096074012614,3.0164665968157744,5.223032382586318,0.9421315320614573,8.44741429680832,1.5066666666666666,0.45351363363464303,0.384375,0.1825,0.436875,0.401875,6.11641801263668,0.0,276,0.31547845590978923,0.3143185858259387,0.8305234835501061,0.8417339917851016
random_9_40,Random,40,239,0.149375,1.0,0.0,0.0,1.0,4,0.0,1.0,1.0,5.975,0.350425815805312,0.36449057672402624,1.766397941552792e16,NaN,NaN,0.0,2.069886947584789,0.5858660096114198,0.44625,0.081875,0.2075,0.199375,6.870922045104684,1.0,531,0.22412195087184986,0.29546418021263215,3.0,7.282051282051282
maxent_9_40,MaxEnt,40,181,0.113125,3.0,0.225,0.15,0.625,5,0.025,0.625,1.096774193548387,4.525,1.0292665939971393,0.9007997108977992,4.398779013216677,5.6309182698867515,0.6915579841349575,8.89959435992585,1.6727748691099475,1.387756152489596,0.178125,0.091875,0.1975,0.24375,4.435802586046896,0.6,162,0.3114721833607283,0.44426689414434517,1.9840346887740794,4.106882831336492
ltm_10_40,LTM,40,298,0.18625,3.0,0.25,0.1,0.65,3,0.0,0.75,1.2,7.45,0.7683513502471003,0.7134811690968774,3.8468815787714115,5.805804167185637,0.47769737365274867,10.936689829317784,1.8657799274486093,1.0098842903965275,0.443125,0.239375,0.42375,0.481875,5.728385367589837,0.7,7,0.695960841176674,0.49393806757020614,1.558841856415788,2.9429564922372933
atn_10_40,ATN,40,226,0.14125,4.0,0.25,0.075,0.675,5,0.05,0.7,1.2333333333333334,5.65,0.8712807728187659,0.7209496719951618,2.648651054265959,5.816190069711197,0.4252729655627962,9.956412015844014,1.983402489626556,1.045327944155577,0.465625,0.26,0.270625,0.36375,9.216609487747471,0.0,1,0.7807996986673457,0.3817869898849001,0.7299439912010919,1.306362791538117
adbm_10_40,ADBM,40,194,0.12125,2.0,0.25,0.125,0.625,5,0.1,0.25,1.1666666666666667,4.85,1.7473916844628254,0.693417003258784,3.295705490336567,5.138888888888889,1.2352767865404968,6.068425588244111,1.2118644067796611,1.6997367692896135,0.068125,0.335,0.03625,0.77375,1.9004945703451022,0.0,0,0.6537411293903228,0.6220720870253689,1.3877526335086716,3.08609337993572
niche_10_40,Niche,40,443,0.276875,2.0,0.1,0.1,0.8,3,0.025,0.8,1.0,11.075,0.8685680788114819,0.6253666834592341,4.229688529858253,5.637781000725163,0.6411283823168676,10.917993331907239,1.240901213171577,0.717862442756251,0.610625,1.51375,0.465625,1.00875,4.565629546231644,0.0,0,0.7695170311204047,0.702585093118229,1.0491231650288837,1.9584281556637
cascade_10_40,Cascade,40,460,0.2875,3.0,0.05,0.025,0.925,3,0.075,0.85,1.0263157894736843,11.5,0.6613622525382354,0.6444356973650581,3.6188775265155955,5.658648872336023,0.6198496049524964,10.56266421352492,1.319402985074627,0.2798727007271029,0.7925,1.265625,0.913125,0.94875,5.994673018716657,0.0,213,0.5106263437540941,0.5899995740621718,0.8575707585093777,0.8988062289111358
random_10_40,Random,40,429,0.268125,1.0,0.0,0.0,1.0,3,0.0,1.0,1.0,10.725,0.1946538153239688,0.24349542425961232,-2.3399419486703923e17,NaN,NaN,0.0,1.8224299065420562,0.3145668606486813,0.78625,0.29625,0.4125,0.405,4.519376615666749,1.0,671,0.2943555922018317,0.46984082132974975,53.000879616221845,1759.179487179487
maxent_10_40,MaxEnt,40,285,0.178125,4.0,0.05,0.125,0.825,6,0.0,0.875,0.9210526315789473,7.125,0.7269867663352999,0.8629523324415026,17.335510801711347,5.784344262295082,0.5011245809751048,10.102338411281293,1.8281879194630872,1.0939845391372878,0.361875,0.303125,0.445625,0.324375,7.018067424931551,0.8,236,0.3517996998547114,0.5120723578569131,3.976323429167898,16.61305657297729
ltm_11_40,LTM,40,409,0.255625,4.0,0.225,0.0,0.775,4,0.0,0.75,1.2903225806451613,10.225,0.6835165271491577,0.42108136274866503,4.636482805414983,NaN,NaN,0.0,1.7636887608069165,0.8418714607983313,0.653125,0.433125,0.250625,0.469375,5.094920438280931,0.775,11,0.7899435897981272,0.6314231307303895,1.8656633831104228,4.220667425629142
atn_11_40,ATN,40,212,0.1325,4.0,0.225,0.05,0.725,5,0.075,0.7,1.2258064516129032,5.3,0.6704260008596996,0.4146983201275328,3.0527171950254077,5.817527564079838,0.4196701496284619,10.940472633633293,1.5699208443271768,0.7747698807757673,0.56125,0.13375,0.21,0.305,7.266149148771457,0.0,0,0.8624805324347659,0.35566828188151717,0.8959320531465153,1.9896199026279722
adbm_11_40,ADBM,40,257,0.160625,2.0,0.175,0.15,0.675,7,0.15,0.425,1.0303030303030303,6.425,1.3177883779284665,0.9067794138260599,5.363771094239459,3.2976190476190474,1.186548982864514,5.123963979403259,1.0446096654275092,1.4392922757599944,0.039375,0.7475,0.101875,0.561875,1.9760880510064005,0.0,0,0.7724074074074073,0.6347301042286908,1.999275663268414,9.390669624752382
niche_11_40,Niche,40,155,0.096875,3.0,0.3,0.325,0.375,4,0.1,0.525,0.9642857142857143,3.875,1.0904796750587151,0.9480770130529308,2.405622918587328,3.778732545649839,1.043370728865642,6.836259277277067,1.4583333333333333,1.123738030330047,0.15875,0.065625,0.238125,0.29125,4.178079738578282,0.0,0,0.5866269841269841,0.1972866955640065,0.6180518272617822,1.2631343293805974
cascade_11_40,Cascade,40,123,0.076875,3.0,0.175,0.2,0.625,6,0.1,0.65,0.9696969696969697,3.075,0.8344473606349478,0.8910243470431839,2.7697743055555555,3.7324414715719065,1.3191863947320526,5.700443573390687,1.4207920792079207,0.8152564284806558,0.11875,0.0225,0.14875,0.1375,3.3499385279666067,0.0,154,0.2585351454101454,0.14272251964559657,0.8437171595201466,0.9858445787539899
random_11_40,Random,40,130,0.08125,1.0,0.0,0.025,0.975,7,0.0,0.775,0.975,3.25,0.581930927959491,0.5902150589483778,4.8872830158338344e16,NaN,NaN,0.0,2.322992700729927,0.8005460130313735,0.203125,0.01875,0.106875,0.105625,5.623479594071598,0.975,184,0.2379686285936286,0.12903679653679653,6.848919061260128,55.794871794871796
maxent_11_40,MaxEnt,40,96,0.06,2.0,0.275,0.35,0.375,9,0.05,0.45,0.896551724137931,2.4,1.185290905185107,1.0153732840600573,5.278670259552728,5.210896309314587,1.0653740688053344,6.343880434126331,2.161048689138577,1.5850755147513913,0.08,0.023125,0.0725,0.09375,4.039473166788502,0.45,78,0.23438388613020966,0.24875912617848103,2.584926022392598,11.032961589277086
ltm_12_40,LTM,40,560,0.35,2.0,0.175,0.0,0.825,3,0.0,0.825,1.2121212121212122,14.0,0.5796117360105756,0.3123985968393089,6.365887167425714,NaN,NaN,0.0,1.612111292962357,0.6708398946931217,0.563125,0.43,0.400625,0.606875,4.360221986700102,0.825,74,0.7579478147196633,0.6329432974439085,2.4045605444001974,6.468240561819917
atn_12_40,ATN,40,222,0.13875,6.0,0.175,0.075,0.75,5,0.075,0.75,1.121212121212121,5.55,0.746757687696304,0.5013098868593698,3.716992780834249,5.875054572670007,0.3895484347144751,10.781058245898533,2.0433996383363473,0.8595741770753661,0.52125,0.2225,0.1875,0.3025,9.081703879366605,0.0,43,0.8647476073762839,0.4210282388320315,1.0249750123474124,3.052085359387753
adbm_12_40,ADBM,40,314,0.19625,2.0,0.175,0.175,0.65,4,0.15,0.5,1.0,7.85,1.1871676376390516,0.8781070577062082,3.911721263342757,4.819161676646707,1.1523486642063447,7.826044013518965,1.06006006006006,1.249547020786586,0.025625,1.05,0.20125,0.680625,2.2571831729767915,0.0,0,0.7077617115488968,0.7035688923973371,1.5092064429978274,3.524220018644023
niche_12_40,Niche,40,101,0.063125,4.0,0.3,0.3,0.4,5,0.175,0.475,1.0,2.525,1.09470279834563,0.8877826444142533,2.268042379712301,4.104895104895105,1.3133745153138845,6.061456918928017,1.6446700507614214,1.1963832058829058,0.09125,0.025,0.084375,0.11625,3.4724315918645567,0.0,4,0.5339577089577089,0.1470608756323042,0.620923252532442,1.0319964954173817
cascade_12_40,Cascade,40,113,0.070625,4.0,0.125,0.15,0.725,7,0.05,0.7,0.9714285714285714,2.825,0.7930998370561436,0.776726512857949,3.391938812417328,4.593525179856115,1.2122544342847785,5.627621113690637,1.7598425196850394,0.8038134699465858,0.1225,0.02,0.103125,0.105625,3.8724498236141227,0.0,137,0.24249444999444997,0.1541666666666667,0.8254040774566485,1.3865620502961558
random_12_40,Random,40,101,0.063125,1.0,0.05,0.125,0.825,10,0.025,0.725,0.9210526315789473,2.525,0.6147697379837234,0.6589734547697103,17.666195104584396,5.089743589743589,1.141722297027523,4.356708826689592,2.0136054421768708,0.8410837333618192,0.10375,0.009375,0.056875,0.055625,3.3786545824853587,0.725,136,0.21563748751248749,0.13634513634513634,5.722014874992574,45.67317639071158
maxent_12_40,MaxEnt,40,95,0.059375,3.0,0.275,0.3,0.425,7,0.0,0.55,0.9655172413793104,2.375,1.2199073227034545,1.0983331358243749,4.986893923845908,5.3033448673587085,0.9820680328337374,6.7650389767805414,1.5555555555555556,1.7471375227507566,0.08,0.020625,0.07875,0.089375,3.2527310702629952,0.45,81,0.2368860598465862,0.2501750700280112,2.1219723290693637,7.6448965269637466
ltm_13_40,LTM,40,158,0.09875,3.0,0.3,0.125,0.575,4,0.1,0.55,1.25,3.95,0.9795798396192232,0.699690298805155,2.666550124587974,5.405069344811095,0.8224040179771622,8.338544879988579,1.6146496815286624,1.2036671043130376,0.229375,0.051875,0.139375,0.21375,5.550820284100906,0.275,9,0.5979046688605512,0.2853356247964091,1.0290382612660396,1.5959060735258088
atn_13_40,ATN,40,230,0.14375,4.0,0.275,0.075,0.65,4,0.075,0.65,1.2758620689655173,5.75,0.7312518655517798,0.45033499667339916,2.7049876076152204,5.782718107358669,0.48555010717149155,11.04114425676673,1.6726057906458798,0.7896377023878907,0.563125,0.2175,0.205625,0.339375,3.3529924075255053,0.0,0,0.8593856442405204,0.37227075212369326,0.9061325017923473,1.5486932002052594
adbm_13_40,ADBM,40,311,0.194375,2.0,0.225,0.15,0.625,5,0.05,0.475,1.096774193548387,7.775,1.2737423810373114,0.7963138399950995,3.6673411158961216,5.022096793563108,1.0039517277145937,9.02725852623582,1.0519877675840978,1.2588237271677898,0.04375,0.9725,0.153125,0.88125,2.463599396296681,0.0,0,0.8313743177112742,0.6876556079352208,1.6605285820673066,2.756504271976469
niche_13_40,Niche,40,371,0.231875,3.0,0.125,0.025,0.85,3,0.05,0.75,1.1142857142857143,9.275,0.8496471523600051,0.6315064309686512,3.371745539469977,5.628242326784591,0.6250005477738797,10.95451894557479,1.3608617594254937,0.7732295047189635,0.671875,0.930625,0.446875,0.785625,8.983555263328117,0.0,0,0.7377018976411577,0.6129510896023638,0.8770927217788665,1.4440566365999696
cascade_13_40,Cascade,40,487,0.304375,2.0,0.05,0.075,0.875,3,0.025,0.9,0.9736842105263158,12.175,0.6372751200954911,0.6641247354526655,4.000882969811793,5.706063318954993,0.5747778732880802,11.718882164861617,1.2940320232896652,0.2996568714910924,0.811875,1.525625,0.971875,0.90875,8.664207884102927,0.0,195,0.5377365442334281,0.6321852383337853,0.9814387927113927,0.946722342727879
random_13_40,Random,40,473,0.295625,1.0,0.0,0.0,1.0,3,0.0,1.0,1.0,11.825,0.2436622235703817,0.2436622235703817,6.197042083654731e16,NaN,NaN,0.0,1.7317952415284787,0.3823164207316972,0.796875,0.363125,0.394375,0.390625,2.882880748026774,1.0,656,0.3065722602679669,0.5268532354883816,13.449537665843653,242.87179487179486
maxent_13_40,MaxEnt,40,370,0.23125,1.0,0.0,0.025,0.975,4,0.0,0.925,0.975,9.25,0.5703492537421411,0.623562008158585,-6.734010600223793e17,NaN,NaN,0.0,1.9651656754460494,0.9309473243513701,0.511875,0.288125,0.395,0.33875,9.023457248873573,0.975,438,0.323615294674264,0.5253979563685565,138.11755666626695,67636.51282051283
ltm_14_40,LTM,40,140,0.0875,2.0,0.275,0.1,0.625,4,0.025,0.7,1.2413793103448276,3.5,0.8003139101553022,0.6692779836223443,2.712115750177154,5.542046342098412,0.734112899282881,8.253488028345904,1.833846153846154,0.8132858072602441,0.1825,0.046875,0.1225,0.153125,8.423345301272144,0.075,16,0.6132392321730556,0.2695092656631118,0.8987835578490391,1.628798778777259
atn_14_40,ATN,40,194,0.12125,3.0,0.225,0.1,0.675,5,0.05,0.725,1.1612903225806452,4.85,0.7708396559536186,0.6325839228952959,2.944553595639494,5.499576055621502,0.9021165505163834,8.682199026000504,1.3626760563380282,0.7053404259553981,0.25375,0.191875,0.15625,0.211875,6.179143418142536,0.0,4,0.7596455627705627,0.49613135402609077,0.9666780107127713,1.4309209919612107
adbm_14_40,ADBM,40,261,0.163125,2.0,0.225,0.2,0.575,7,0.05,0.4,1.032258064516129,6.525,1.2812920006474284,0.9299521867245302,4.3185513344640585,4.482814614343708,1.09789614332583,8.214735833382303,1.1137931034482758,1.3825594026200287,0.02875,0.726875,0.1725,0.575625,3.1968887821235725,0.0,0,0.6960363204047414,0.5979291983696227,2.291708027065999,4.829280681419245
niche_14_40,Niche,40,447,0.279375,3.0,0.1,0.125,0.775,3,0.025,0.85,0.9722222222222222,11.175,0.7811386505574114,0.7252548742107208,3.8938067383526174,5.566829394878116,0.6828222764125755,11.02934204634797,1.1737523105360443,0.7160413983297177,0.625625,1.5475,0.674375,0.8025,7.520048757665436,0.0,0,0.7836096751017073,0.6850018031134077,0.8655442748501928,1.5910449794272592
cascade_14_40,Cascade,40,392,0.245,3.0,0.1,0.05,0.85,3,0.05,0.85,1.0555555555555556,9.8,0.660168675961409,0.6333363403953364,3.205548993634199,5.635967006371524,0.6409457545969711,11.014341274848803,1.397456279809221,0.3695786618803232,0.78625,0.795,0.7525,0.793125,8.273545970903518,0.0,248,0.44868494164181616,0.5074394338567512,0.8434367464527179,0.9331716988091731
random_14_40,Random,40,384,0.24,1.0,0.0,0.0,1.0,3,0.0,1.0,1.0,9.6,0.26771295807305995,0.29632272629627676,-2.134636484183627e17,NaN,NaN,0.0,1.9075812274368231,0.42669554522995473,0.724375,0.21875,0.36625,0.3625,6.889409502728814,1.0,667,0.28163809984507077,0.42138337915991375,56.21239483720057,4936.205128205128
maxent_14_40,MaxEnt,40,279,0.174375,3.0,0.075,0.075,0.85,6,0.025,0.825,1.0,6.975,0.7665774671380108,0.7428337722819569,8.507056262180392,5.733811258667293,0.5670718547404615,9.742026886409503,2.0183823529411766,0.8777732013634,0.300625,0.20125,0.4,0.42625,6.094305116241599,0.825,288,0.31947270070597344,0.3926186721774957,3.1363561466682017,7.937509702515285
ltm_15_40,LTM,40,368,0.23,3.0,0.2,0.05,0.75,4,0.0,0.8,1.1875,9.2,0.7377027328728829,0.4665122271573859,5.872346747518633,NaN,NaN,0.0,1.8754789272030652,0.9792822612880928,0.491875,0.229375,0.289375,0.445,2.858607106820499,0.8,14,0.6910443214720537,0.5733799678554764,2.1623039594609104,6.4526882542178345
atn_15_40,ATN,40,198,0.12375,2.0,0.2,0.125,0.675,4,0.05,0.75,1.09375,4.95,0.6517364687973389,0.5639334394071078,3.428980567992503,5.871584104518236,0.355690847301819,11.204768539329063,1.8795454545454546,0.5890738695407398,0.35,0.144375,0.195,0.226875,9.905420073342759,0.0,6,0.8841342317812904,0.39033878702996355,1.1707172694331114,2.881058742027734
adbm_15_40,ADBM,40,275,0.171875,4.0,0.2,0.15,0.65,5,0.1,0.45,1.0625,6.875,1.2689788290153177,0.9200458818266852,4.182994974817214,4.91919191919192,1.4318299471324851,6.20455776256869,1.1451612903225807,1.36319184674032,0.034375,0.8025,0.19,0.63,3.30754850459774,0.0,0,0.7067767429938483,0.6161043476574749,1.5398462669206814,4.7690039865959575
niche_15_40,Niche,40,331,0.206875,2.0,0.125,0.175,0.7,3,0.075,0.775,0.9428571428571428,8.275,0.8787015485593634,0.7608532978466044,3.435385200078759,5.3784942756584,0.7932274507945807,10.115327457678946,1.2629213483146067,0.8250583973664715,0.51,0.6425,0.593125,0.754375,5.630110176557333,0.0,0,0.7563690230025941,0.5420248953966954,0.8896207800716146,1.4123268958595314
cascade_15_40,Cascade,40,331,0.206875,3.0,0.05,0.025,0.925,5,0.075,0.875,1.0263157894736843,8.275,0.6400345120992043,0.6825045017248924,3.5417128237387336,5.5986876367045095,0.6828817204976576,9.169622538697624,1.424408014571949,0.4167848079560047,0.63625,0.49,0.65125,0.604375,7.359708220174653,0.0,270,0.37586139608947106,0.43942969753097294,0.8401561073268216,0.8766450553126697
random_15_40,Random,40,344,0.215,1.0,0.0,0.0,1.0,3,0.0,1.0,1.0,8.6,0.30910700833142457,0.32867598243519447,-1.1761569214129314e17,NaN,NaN,0.0,1.9719844357976655,0.4547137245409844,0.6275,0.184375,0.296875,0.31875,6.859392944147595,1.0,619,0.25795840576462303,0.3913876659957055,22.088090024495838,262.56410256410254
maxent_15_40,MaxEnt,40,257,0.160625,2.0,0.075,0.15,0.775,6,0.0,0.9,0.918918918918919,6.425,0.8113372200095332,0.8603827607267392,33.51163575494773,5.75595873354678,0.539355829983473,8.634442751466477,1.8805369127516778,1.161808154517445,0.281875,0.2075,0.349375,0.3175,7.190667809565335,0.8,243,0.3297610722610723,0.4984076714840932,7.287671380576224,98.34356380354504
ltm_16_40,LTM,40,440,0.275,3.0,0.175,0.0,0.825,3,0.0,0.825,1.2121212121212122,11.0,0.6348633663715247,0.3039612738965602,5.705877782591546,NaN,NaN,0.0,1.6767772511848342,0.7095748751868992,0.653125,0.32375,0.35125,0.63375,5.800678240716008,0.825,22,0.7599253455256962,0.5350074887852226,2.1163873800260498,4.95232582798605
atn_16_40,ATN,40,234,0.14625,4.0,0.175,0.05,0.775,5,0.05,0.775,1.1515151515151516,5.85,0.6102864281001926,0.4506886169171762,3.5610999853107095,5.844320297951583,0.43042962524793693,9.974877548622802,1.7474332648870636,0.7508206763216121,0.584375,0.26625,0.173125,0.24375,7.339669822071551,0.0,0,0.8029075418046006,0.43951410109498346,1.1035455194357024,2.291560973793667
adbm_16_40,ADBM,40,266,0.16625,2.0,0.175,0.1,0.725,7,0.05,0.45,1.0909090909090908,6.65,1.3054289287126726,0.8611886564017177,5.097388846680872,4.981041227806199,1.0140205556804567,8.108623268354595,1.1152542372881356,1.3841793246164227,0.06125,0.75875,0.110625,0.629375,2.5832565158792584,0.0,0,0.7284752264336305,0.5998031948254735,2.0162360062118374,6.048868393853525
niche_16_40,Niche,40,150,0.09375,4.0,0.2,0.15,0.65,5,0.125,0.525,1.0625,3.75,1.1228778655110718,0.6297469305849744,2.9002588080081573,4.758949880668258,1.1335790418590599,7.136483208590247,1.5865724381625441,1.0459527207369816,0.183125,0.071875,0.125,0.273125,3.0663518020264386,0.0,2,0.5779273504273503,0.3582462786082696,0.9216512988847869,1.5523877686173617
cascade_16_40,Cascade,40,118,0.07375,3.0,0.125,0.175,0.7,4,0.1,0.7,0.9428571428571428,2.95,0.7360995379546379,0.8301580649521175,3.131132158013668,4.468384074941452,1.2692861335254089,6.056784013228625,1.697674418604651,0.7314819308484267,0.125,0.01875,0.12625,0.110625,3.8313683570088117,0.0,149,0.2674045807134041,0.12493742368742367,0.9308478059553978,1.1773088841526191
random_16_40,Random,40,129,0.080625,1.0,0.0,0.05,0.95,7,0.0,0.475,0.95,3.225,0.5506129140900009,0.5324020102725191,1.5211916436120138e17,NaN,NaN,0.0,2.1666666666666665,0.7593693927468984,0.194375,0.014375,0.100625,0.0975,4.12001581762485,0.95,216,0.21088130823424941,0.1546338383838384,22.050154247206105,3177.025641025641
maxent_16_40,MaxEnt,40,112,0.07,4.0,0.225,0.25,0.525,9,0.125,0.525,0.967741935483871,2.8,1.0300305076438914,1.0395124244500786,4.466006314579391,5.147540983606557,1.1112427595247383,6.1903154058531475,1.7333333333333334,1.318566844848152,0.096875,0.03375,0.124375,0.118125,2.884476008846978,0.45,96,0.2446868117262854,0.2978805508217273,2.166065264950572,6.110095970971826
ltm_17_40,LTM,40,432,0.27,3.0,0.275,0.0,0.725,4,0.0,0.725,1.3793103448275863,10.8,0.7221674316275811,0.17060349878273837,3.6740539730659902,NaN,NaN,0.0,1.5827886710239651,0.7715004677614793,0.56125,0.313125,0.170625,0.575,3.00830840792629,0.725,164,0.7051034493543125,0.6436107912044566,1.6223900603277293,2.8792285373308886
atn_17_40,ATN,40,169,0.105625,3.0,0.275,0.15,0.575,5,0.025,0.7,1.1724137931034482,4.225,0.7868048392155307,0.5582719810536877,2.9815912252246575,5.726234003656307,0.5890034301175499,9.482502632769927,1.6633663366336633,0.8658339914773864,0.276875,0.13,0.108125,0.175,6.5056976182881465,0.0,0,0.7780856643356644,0.42877467877467873,1.1334948172408448,1.9707430954845553
adbm_17_40,ADBM,40,201,0.125625,2.0,0.275,0.2,0.525,5,0.075,0.35,1.103448275862069,5.025,1.4696462913876187,0.9806203178465562,2.850368956679894,5.02803738317757,1.1000391852694746,7.968665700466235,1.091324200913242,1.5958304152369447,0.029375,0.425,0.12375,0.4925,2.2787026934872774,0.0,0,0.6848169934640523,0.4991908691241772,1.1227804292720658,1.7561816531088954
niche_17_40,Niche,40,447,0.279375,2.0,0.025,0.1,0.875,3,0.025,0.9,0.9230769230769231,11.175,0.760899664437602,0.6268528477719603,4.281236379679275,5.733214166879464,0.5273970810715866,11.769356779630597,1.2949526813880126,0.7194741601181915,0.861875,1.56875,0.450625,0.73375,7.066726872971811,0.0,0,0.7714221985585478,0.6855378013039832,0.774995798025913,1.2961187669797138
cascade_17_40,Cascade,40,457,0.285625,2.0,0.075,0.075,0.85,3,0.025,0.875,1.0,11.425,0.6489348363767913,0.6329984113693344,3.7698518662829543,5.676078403446619,0.6062410968580298,11.62930306902569,1.3213213213213213,0.29502740733356153,0.836875,1.2575,0.86875,0.90125,9.379822936430228,0.0,226,0.4873913888404199,0.5930074252448926,0.9780741244539398,1.1010994054673535
random_17_40,Random,40,448,0.28,1.0,0.0,0.0,1.0,3,0.0,1.0,1.0,11.2,0.2351002102158512,0.2351002102158512,-4.178073499708792e16,NaN,NaN,0.0,1.7617246596066565,0.35125643510477045,0.76875,0.294375,0.35875,0.3625,4.116147856461917,1.0,691,0.29848600325908775,0.480599194046781,9.697201363574662,208.4102564102564
maxent_17_40,MaxEnt,40,347,0.216875,3.0,0.15,0.05,0.8,5,0.0,0.825,1.1176470588235294,8.675,0.6986943165504559,0.71078104987952,5.9386301347896,5.840804151259982,0.42420811032701244,11.988631554241204,1.7579408543263966,1.0071517794517248,0.406875,0.29,0.41375,0.39875,14.228371338285594,0.8,317,0.363310847882564,0.5142201208440537,2.172555527834085,5.008949939240321
ltm_18_40,LTM,40,248,0.155,3.0,0.4,0.1,0.5,5,0.05,0.55,1.5,6.2,1.058092759210697,0.646400794424588,2.3680404127249592,5.760383207798458,0.5333406084080907,11.400327712466746,1.5638095238095238,1.2646325970569878,0.26375,0.1925,0.198125,0.430625,10.610824787111461,0.475,9,0.657567714663143,0.4736030486030486,1.1341623150819165,1.3907521987931475
atn_18_40,ATN,40,230,0.14375,2.0,0.35,0.05,0.6,5,0.025,0.625,1.4615384615384615,5.75,0.911582416493433,0.4962170889343614,2.4806512975513337,5.61102294921875,0.6653604322920279,10.39720770839918,1.6184834123222749,0.9885192348848785,0.533125,0.253125,0.1875,0.423125,5.689792459873825,0.0,0,0.8120428803652487,0.4346072386320064,1.0095916982025177,1.388323497791494
adbm_18_40,ADBM,40,394,0.24625,2.0,0.325,0.125,0.55,2,0.075,0.525,1.2962962962962963,9.85,1.1829558850421187,0.7117932243512657,2.4991652468846506,5.308066361556064,0.8935972856230622,10.10528488583074,1.015,1.0513425678584107,0.02,1.45875,0.23,1.285625,4.624409392338676,0.0,0,0.8149753019037915,0.7531561344880274,1.05101033524888,1.2594628830255226
niche_18_40,Niche,40,44,0.0275,3.0,0.525,0.425,0.05,4,0.1,0.2,1.2105263157894737,1.1,1.6314352096847193,1.1609234108781612,1.9612500000000002,2.8333333333333335,1.2400547766355339,3.9889840465642745,1.2181818181818183,2.0504342388667163,0.03125,0.001875,0.019375,0.03875,2.7063953488372086,0.0,0,0.36357142857142855,0.10674931129476582,0.7870880355827903,1.418965633903134
cascade_18_40,Cascade,40,87,0.054375,4.0,0.15,0.25,0.6,4,0.225,0.5,0.8823529411764706,2.175,0.8190773239226184,0.9649135692997168,2.6496267361111103,3.4745762711864407,1.210437968393906,4.770684624465665,1.3170731707317074,0.9227765036959454,0.064375,0.010625,0.075,0.06,1.5649748082831332,0.0,78,0.2557287157287157,0.12046783625730993,0.636137091684189,1.005756502920104
random_18_40,Random,40,93,0.058125,1.0,0.05,0.1,0.85,8,0.025,0.75,0.9473684210526315,2.325,0.49076061869574883,0.6266056896018021,25.735369034913862,4.545454545454546,1.809068067466582,2.3978952727983707,2.4236311239193085,0.7825423683496354,0.109375,0.004375,0.055625,0.04375,4.321017173240052,0.85,107,0.19682595182595183,0.08746867167919799,6.431554615752091,69.92636627217486
maxent_18_40,MaxEnt,40,97,0.060625,3.0,0.3,0.2,0.5,14,0.1,0.5,1.1428571428571428,2.425,1.1044864843379996,1.0394047470544885,2.7059593719284205,4.427884615384615,1.3777357838147766,5.337538079701318,1.7684729064039408,1.3550289509655788,0.085625,0.02625,0.094375,0.104375,3.5701949900036953,0.375,106,0.2342694805194805,0.22539682539682543,1.2199771168395297,1.7861503098728961
ltm_19_40,LTM,40,535,0.334375,3.0,0.175,0.0,0.825,3,0.0,0.825,1.2121212121212122,13.375,0.5920339879572722,0.2480803026159476,5.630663740876724,NaN,NaN,0.0,1.656691604322527,0.630049382901686,0.625625,0.4725,0.340625,0.605,2.1166713624321587,0.825,137,0.7562965201066639,0.6361302347210616,2.092848458016778,4.805199062712623
atn_19_40,ATN,40,203,0.126875,3.0,0.225,0.125,0.65,4,0.025,0.75,1.1290322580645162,5.075,0.691835093887397,0.566867547428652,3.057439154674543,5.8186710003611415,0.45524314839375374,10.921973796724952,2.1189979123173277,0.7619091174257998,0.3925,0.1825,0.176875,0.22625,9.093565912917285,0.0,1,0.8156856684981687,0.43927689957101707,0.6643662084615901,2.3268705896475774
adbm_19_40,ADBM,40,254,0.15875,2.0,0.225,0.25,0.525,6,0.025,0.425,0.967741935483871,6.35,1.2701726698731188,0.9519554865307162,3.5322545142473034,5.097948122338366,0.9570444586927261,8.95531908176395,1.3312101910828025,1.4301414627335718,0.040625,0.734375,0.135625,0.483125,2.329294880919993,0.0,0,0.7308363020633515,0.6588851161556211,1.4545369093872393,2.587765912683873
niche_19_40,Niche,40,288,0.18,3.0,0.175,0.2,0.625,3,0.125,0.65,0.9696969696969697,7.2,1.0432442944023717,0.7152855571728644,2.83916229629833,4.739513600542327,0.9888044830846994,9.375939552625749,1.3471264367816091,0.9523300759711627,0.40375,0.454375,0.426875,0.79125,4.906848754970936,0.0,0,0.7125841491526476,0.484834999854283,0.7366818015681372,1.2583907002460835
cascade_19_40,Cascade,40,369,0.230625,3.0,0.075,0.05,0.875,3,0.1,0.825,1.027027027027027,9.225,0.7112518948620296,0.6129572623552355,3.213338554037815,5.5534182479854435,0.7157563719466347,10.200959051807608,1.3901192504258943,0.3016010701430354,0.68125,0.62625,0.711875,0.846875,5.781830188436515,0.0,252,0.41756868852179363,0.459760517520125,0.8159514288769952,0.8337757931569584
random_19_40,Random,40,363,0.226875,1.0,0.0,0.0,1.0,4,0.0,1.0,1.0,9.075,0.2715119728570028,0.3029468121062689,1.1421654376556784e17,NaN,NaN,0.0,1.9279210925644916,0.37226298885296183,0.714375,0.215625,0.364375,0.354375,8.31683802652698,1.0,661,0.26965458533020487,0.4056960486903952,26.533569360911528,1201.2307692307693
maxent_19_40,MaxEnt,40,283,0.176875,2.0,0.025,0.025,0.95,7,0.0,0.85,1.0,7.075,0.6837905910733224,0.7102475752071934,1.1189676679568368,5.821306129275023,0.45697391015537886,9.389239411968807,1.863849765258216,1.0394170540012937,0.36,0.195625,0.284375,0.303125,6.615608892383566,0.95,307,0.29686460227907274,0.4584971393210221,4.114512150806915,16.591000558538525
ltm_20_40,LTM,40,452,0.2825,2.0,0.15,0.0,0.85,4,0.0,0.85,1.1764705882352942,11.3,0.5176452934384439,0.4802151363996134,7.459763389147355,NaN,NaN,0.0,1.6111111111111112,0.7227856389434485,0.65375,0.388125,0.34875,0.4375,4.656385015914964,0.85,83,0.717494888481153,0.6365746346990246,2.580381347670567,7.665151791739984
atn_20_40,ATN,40,226,0.14125,3.0,0.15,0.125,0.725,5,0.05,0.8,1.0294117647058822,5.65,0.5718337707191167,0.44370150753593207,3.810354813525238,5.850593925112003,0.3805091074012422,11.198064023844907,1.8415637860082306,0.669717972020391,0.554375,0.214375,0.190625,0.24125,7.320466879848736,0.0,1,0.8642968900079968,0.42224386975518197,1.1234070934838043,2.7630774190310823
adbm_20_40,ADBM,40,263,0.164375,2.0,0.15,0.3,0.55,8,0.05,0.4,0.8235294117647058,6.575,1.2127689740424321,0.9765277181744187,6.373801150895141,2.292307692307692,1.141860829456092,4.174387269895637,1.1072664359861593,1.3697092869989163,0.045,0.746875,0.21375,0.48625,2.2271416327947313,0.0,0,0.7693057983682984,0.6212143667735773,2.0731544221841216,10.529960739517113
niche_20_40,Niche,40,428,0.2675,3.0,0.125,0.1,0.775,3,0.075,0.775,1.0285714285714285,10.7,0.8708694313839923,0.7283019034541529,3.0315225986922942,5.285451197053407,0.8729955972551494,10.424243704979027,1.22992700729927,0.6467342356167105,0.439375,1.208125,0.829375,1.1475,6.366891583669147,0.0,24,0.7648655725149429,0.6139555018560624,0.7543812194778043,1.0028001563439102
cascade_20_40,Cascade,40,420,0.2625,3.0,0.05,0.075,0.875,3,0.025,0.925,0.9736842105263158,10.5,0.6328415287324312,0.6291557575557413,3.773320587377481,5.675538859137292,0.6079846216107819,11.226123005545455,1.3831360946745561,0.32637068006108505,0.861875,0.9675,0.81125,0.8175,7.146733159337623,0.0,249,0.46705510026564256,0.5415753687017038,0.9263582393859959,0.9207134248054456
random_20_40,Random,40,413,0.258125,1.0,0.0,0.0,1.0,3,0.0,1.0,1.0,10.325,0.2617149709576256,0.24064859582207077,1.0998722398752605e17,NaN,NaN,0.0,1.8329637841832964,0.3932936105798866,0.684375,0.224375,0.333125,0.33625,5.980038654873504,1.0,686,0.28297961025199087,0.4550079290353385,19.942593156151172,1549.128205128205
maxent_20_40,MaxEnt,40,277,0.173125,4.0,0.1,0.1,0.8,5,0.025,0.85,1.0,6.925,0.7615838968737099,0.6924519858054604,13.238207206451369,5.805489844196101,0.4760178776283574,10.10716282065494,1.9506462984723854,1.0421100203026274,0.360625,0.181875,0.32,0.3375,8.760145546988301,0.8,307,0.3031052241358505,0.4400210604542381,3.7113172291160756,24.1318936944888
ltm_21_40,LTM,40,555,0.346875,3.0,0.3,0.0,0.7,6,0.0,0.7,1.4285714285714286,13.875,0.7915633382518485,0.47476971202924634,3.6907962376436685,NaN,NaN,0.0,1.3962962962962964,0.9510811126994696,0.463125,0.57375,0.03,0.556875,6.6284498278837,0.7,97,0.764700229854905,0.855256294873282,1.5831578715275745,3.2749403696490904
atn_21_40,ATN,40,209,0.130625,4.0,0.3,0.075,0.625,5,0.025,0.675,1.3214285714285714,5.225,0.74501661171121,0.5473431972588888,2.681240727916877,5.727355484751935,0.5076904135792223,10.33390540199987,1.8650963597430408,0.9007683927107116,0.509375,0.15875,0.216875,0.301875,7.0339480455488825,0.0,0,0.7775138715773391,0.38755573383037945,0.7992662180719482,1.8341184410761169
adbm_21_40,ADBM,40,221,0.138125,3.0,0.3,0.25,0.45,3,0.15,0.4,1.0714285714285714,5.525,1.4245629076438393,0.9201535256999784,2.699304412996847,5.4223753546818,0.8670514026295856,7.810758116529357,1.1450980392156862,1.5714540741340512,0.069375,0.5425,0.085,0.525,2.0559248216577544,0.0,0,0.6343066473000684,0.6525166062008168,0.9612003439698109,1.8479636088400941
niche_21_40,Niche,40,314,0.19625,3.0,0.125,0.1,0.775,3,0.075,0.725,1.0285714285714285,7.85,1.0605449882969682,0.5971917332626956,3.5314205143154638,5.47896662094193,0.7668966308675627,9.992871113670814,1.373134328358209,0.9095988800983764,0.44875,0.600625,0.339375,0.91625,4.1483312260809555,0.0,0,0.6984759560091872,0.5554863731191098,0.9574895208373171,1.7485806362078773
cascade_21_40,Cascade,40,296,0.185,3.0,0.075,0.1,0.825,3,0.05,0.875,0.972972972972973,7.4,0.6526212377547439,0.6848305640268503,3.449571478821519,5.464966818023052,0.7842225132862585,9.569063217532216,1.5161290322580645,0.43082688777910416,0.559375,0.33625,0.56875,0.54,6.382296218018156,0.0,277,0.3633863746508069,0.37985501786206793,0.8810520865870682,0.9694275198211392
random_21_40,Random,40,302,0.18875,1.0,0.0,0.0,1.0,4,0.0,1.0,1.0,7.55,0.2998659415876963,0.33927814722171823,-4.727130975105548e17,NaN,NaN,0.0,2.0217391304347827,0.5279301308041733,0.621875,0.153125,0.284375,0.27125,4.437360206139949,1.0,617,0.23789533306235935,0.37440547253930617,84.93983067111145,10502.564102564103
maxent_21_40,MaxEnt,40,244,0.1525,3.0,0.075,0.15,0.775,5,0.0,0.9,0.918918918918919,6.1,0.8232791589221293,0.8561049848057587,15.69036401738216,5.762609376111546,0.5288239526670083,9.550875771331766,1.8863636363636365,1.1810982493633122,0.290625,0.16,0.35875,0.300625,8.348069308751565,0.775,274,0.33303687847144875,0.4418556137287628,3.83527383472249,21.719833890506145
ltm_22_40,LTM,40,336,0.21,4.0,0.25,0.075,0.675,4,0.0,0.75,1.2333333333333334,8.4,0.7886595185943998,0.5127878063876966,3.9360906096032906,5.82707356440829,0.4453847169009007,12.69619441601782,1.7332589285714286,0.923792530337264,0.451875,0.209375,0.38,0.551875,4.850026972016672,0.675,10,0.7326535931199493,0.40989207047834714,1.7500994619712993,3.1338088490371594
atn_22_40,ATN,40,192,0.12,6.0,0.25,0.1,0.65,5,0.1,0.6,1.2,4.8,0.728135718071586,0.5107463395481395,3.1002478992282785,5.824622228036894,0.4270455247945716,11.021052434120925,2.106471816283925,0.8277053544868209,0.428125,0.118125,0.183125,0.25875,4.098910131972279,0.0,0,0.8945472725803608,0.33167409387997615,1.1248408277231208,2.220337654843399
adbm_22_40,ADBM,40,320,0.2,4.0,0.25,0.175,0.575,4,0.1,0.45,1.1,8.0,1.2019615378461737,0.8618517630883292,3.675703415159364,5.088530202983614,1.0535969592189982,8.316055720364643,1.2027027027027026,1.2374368670764584,0.04625,1.041875,0.2375,0.785,4.523877909753545,0.0,0,0.757363031705137,0.6932813579082859,1.5081924421863628,3.529748763293495
niche_22_40,Niche,40,363,0.226875,2.0,0.175,0.15,0.675,3,0.025,0.775,1.0303030303030303,9.075,0.9026185482921315,0.6270238356946958,2.932388182745121,5.35871553179516,0.8245366748111645,10.948417730954377,1.3376383763837638,0.7038332840772599,0.57375,0.77,0.540625,0.96375,4.750432550338485,0.0,0,0.7943289982733548,0.5298039771681957,0.8358831729109834,1.2235255077759677
cascade_22_40,Cascade,40,396,0.2475,2.0,0.05,0.05,0.9,3,0.025,0.9,1.0,9.9,0.6170971282199833,0.664063734140666,3.7625608524469407,5.63790246865853,0.6399562096587698,10.497201063380588,1.3827751196172249,0.27372786415308975,0.77125,0.786875,0.84125,0.769375,8.15543863897117,0.0,250,0.4371167272724906,0.49777289297539334,0.9102903731738542,0.8789905638501915
random_22_40,Random,40,407,0.254375,1.0,0.0,0.0,1.0,3,0.0,1.0,1.0,10.175,0.30506839720521833,0.2565608241467257,4.0691932790950483e17,NaN,NaN,0.0,1.8263518659558264,0.3423022490454047,0.74125,0.261875,0.3875,0.4025,3.916041394100291,1.0,657,0.2976117229952455,0.43823024651871056,89.7002241977701,6721.641025641025
maxent_22_40,MaxEnt,40,349,0.218125,3.0,0.075,0.025,0.9,4,0.0,0.85,1.054054054054054,8.725,0.7382240069461758,0.5350635133931113,21.576871134745588,5.8604334284972746,0.39304777745574243,9.642901705746048,1.8177339901477831,0.9426086586368015,0.471875,0.325625,0.313125,0.463125,7.136851113868639,0.875,356,0.31288391284790895,0.5314956780038387,5.101687042835903,37.90194041341265
ltm_23_40,LTM,40,357,0.223125,4.0,0.175,0.0,0.825,4,0.0,0.825,1.2121212121212122,8.925,0.7316042417758123,0.40706915468857446,5.149159184467451,NaN,NaN,0.0,1.5582990397805212,0.8508712596230339,0.645625,0.390625,0.190625,0.416875,4.31180902101305,0.775,159,0.6419823529182039,0.5958492754758741,1.7758916448771254,4.0910521523475705
atn_23_40,ATN,40,220,0.1375,4.0,0.225,0.05,0.725,5,0.025,0.75,1.2258064516129032,5.5,0.7513497073322122,0.6148546138950365,3.1608456987292666,5.88585954244131,0.3466387550280825,9.9066326016802,1.7568181818181818,0.9778214429621559,0.525,0.23625,0.2125,0.28125,6.274840326794599,0.0,0,0.7995307878396114,0.46414439842041644,0.6574163431300568,2.474174314453672
adbm_23_40,ADBM,40,257,0.160625,2.0,0.2,0.1,0.7,6,0.05,0.4,1.125,6.425,1.3956194430025468,0.8059603786517191,4.901164637479338,4.235474006116208,1.2295798343773863,5.7899601708972535,1.1275862068965516,1.3775497097146359,0.064375,0.615625,0.146875,0.8,2.5433396623794824,0.0,0,0.6934789479607053,0.6055454702384433,1.756772340610246,5.908767642817816
niche_23_40,Niche,40,530,0.33125,2.0,0.075,0.05,0.875,2,0.05,0.8,1.027027027027027,13.25,0.7386287171597358,0.7216257777953844,3.6598255685260987,5.598439102198929,0.6526810188563757,10.871649411820172,1.1256198347107438,0.5284400952674903,0.49625,2.20875,0.934375,0.9875,7.252035805115519,0.0,14,0.856696038028735,0.7357841722161919,0.7639275225528069,1.0979390243245704
cascade_23_40,Cascade,40,464,0.29,3.0,0.05,0.05,0.9,3,0.05,0.875,1.0,11.6,0.6163518725382654,0.6579238609621776,3.7608696683839185,5.687348011830431,0.5924147925650252,11.239474974765171,1.3185840707964602,0.3130835050535559,0.85375,1.338125,0.90875,0.821875,8.854553737965642,0.0,216,0.4991916085626514,0.6094709189676836,0.9042761757499256,0.9407522938700337
random_23_40,Random,40,457,0.285625,1.0,0.0,0.0,1.0,3,0.0,1.0,1.0,11.425,0.2767059372503163,0.24588280436715726,5.076634086355189e16,NaN,NaN,0.0,1.738255033557047,0.39120832664165617,0.87875,0.404375,0.425,0.409375,4.209226583793174,1.0,670,0.30974025004718453,0.5247651568094895,9.593145802576792,177.23076923076923
maxent_23_40,MaxEnt,40,354,0.22125,3.0,0.05,0.075,0.875,5,0.0,0.925,0.9736842105263158,8.85,0.5315632941124968,0.8085824886047935,23.946419496672746,5.8574606682758015,0.3991631666872167,11.138581045519855,1.6378048780487804,1.0510483795712702,0.41875,0.25125,0.43875,0.265625,12.057368230589345,0.85,333,0.35521551700683207,0.5563205672404253,4.851915126929624,30.256925514275327
ltm_24_40,LTM,40,652,0.4075,3.0,0.2,0.0,0.8,4,0.0,0.8,1.25,16.3,0.6057717171675892,0.3822965621252813,6.54424137157545,NaN,NaN,0.0,1.5081266039349872,0.733806619120457,0.34125,0.488125,0.223125,0.52,2.7466601149877796,0.8,155,0.7041414634881787,0.7726458651620374,2.613461779173865,8.064135807536612
atn_24_40,ATN,40,188,0.1175,4.0,0.2,0.15,0.65,5,0.025,0.775,1.0625,4.7,0.6766098122724797,0.6002479629077023,3.5650693396810818,5.674059015585535,0.6099463541142863,10.793413774978955,1.9095238095238096,0.9621934832914109,0.441875,0.139375,0.175,0.20125,8.70711175734103,0.0,0,0.8317881077256079,0.4062053930474983,0.7226094169754887,3.053826331402323
adbm_24_40,ADBM,40,369,0.230625,2.0,0.2,0.15,0.65,4,0.125,0.525,1.0625,9.225,1.0844242141433582,0.8437832211871312,2.7983421981290277,5.271591548164216,0.868133878638645,10.122382089560922,1.0639386189258313,1.0914759286341336,0.034375,1.370625,0.31625,0.7975,2.4266845938328,0.0,0,0.8094342878564478,0.708863867629438,0.9927684329968989,1.1433851050734944
niche_24_40,Niche,40,111,0.069375,3.0,0.275,0.125,0.6,4,0.15,0.475,1.206896551724138,2.775,1.0010826177553045,0.6802570484301071,2.417109705687831,3.513368983957219,1.0491076021878387,5.231108616854587,1.425531914893617,0.8280048532124604,0.100625,0.01875,0.08625,0.136875,3.1614441952798913,0.0,0,0.5632674963924964,0.16347171347171346,0.6034977562292991,1.2135793451569417
cascade_24_40,Cascade,40,98,0.06125,4.0,0.275,0.175,0.55,4,0.15,0.5,1.1379310344827587,2.45,0.9514086387508618,0.8618891292577916,2.242270691609977,3.2907801418439715,1.3284739208806395,4.948759890378168,1.5625,0.8759005081322342,0.071875,0.01375,0.085,0.096875,2.8497333124764266,0.0,111,0.2899320124320125,0.17162162162162162,0.6623333176628405,0.7962584305232209
random_24_40,Random,40,96,0.06,2.0,0.15,0.075,0.775,9,0.05,0.65,1.088235294117647,2.4,0.6725170646750923,0.6315539556208946,5.158225889029409,5.1521739130434785,1.0771017091681352,5.438079308923196,2.15358361774744,0.8811091171661295,0.093125,0.003125,0.05,0.053125,3.29670176658893,0.675,124,0.23578393828393826,0.09041514041514041,2.025019024015274,5.353764430408481
maxent_24_40,MaxEnt,40,93,0.058125,3.0,0.125,0.25,0.625,9,0.0,0.55,0.8571428571428571,2.325,1.0507826829102582,1.0417152482956848,12.2479412642502,5.038167938931298,1.2428539127760119,4.875197323201151,2.0533333333333332,1.4530265048776894,0.095625,0.016875,0.08625,0.09,1.832148015895919,0.5,64,0.2768645937395937,0.15984182484182483,3.7017151260708467,27.156700968997363
ltm_25_40,LTM,40,535,0.334375,3.0,0.225,0.0,0.775,3,0.0,0.775,1.2903225806451613,13.375,0.6240921121023205,0.3468581638846461,5.127689890859584,NaN,NaN,0.0,1.5238558909444986,0.7013194885328831,0.550625,0.53125,0.264375,0.55,3.7192377929443223,0.775,145,0.7138743076179773,0.6862998076559605,2.1473707262756454,5.1377283049208815
atn_25_40,ATN,40,225,0.140625,2.0,0.225,0.075,0.7,5,0.025,0.75,1.1935483870967742,5.625,0.7771996223160056,0.5244270604101283,3.0647437719559125,5.664184661206255,0.6647643622229485,10.46075773454472,1.7818627450980393,0.7978445162507716,0.48375,0.21375,0.2175,0.344375,6.779596888275399,0.0,0,0.8076013835021187,0.4048429539586661,1.0874673318252395,1.7286756415858646
adbm_25_40,ADBM,40,301,0.188125,2.0,0.225,0.175,0.6,6,0.025,0.5,1.064516129032258,7.525,1.209374404006314,0.8992881690227842,3.6030431063817594,4.4673147365455055,0.9990073288377402,8.867568333206442,1.065625,1.2592531976427424,0.028125,0.914375,0.2575,0.70875,2.903160331276878,0.0,0,0.777958434361887,0.6209198517205748,1.7063393337827681,2.5870041737118767
niche_25_40,Niche,40,318,0.19875,3.0,0.075,0.1,0.825,4,0.05,0.775,0.972972972972973,7.95,0.8639680404509538,0.696543110169807,4.301083498666881,5.608062074186223,0.6528924641870395,9.958733026762106,1.4153543307086613,0.8110963287617987,0.541875,0.59625,0.468125,0.669375,5.067777581318106,0.0,0,0.695613775573225,0.5159844517559014,0.9175156260889432,1.961375737841031
cascade_25_40,Cascade,40,449,0.280625,2.0,0.025,0.025,0.95,3,0.05,0.925,1.0,11.225,0.6333181065239138,0.6450974844261337,4.098830493438784,5.719137436268911,0.5570041863671468,10.48829756939169,1.3287878787878789,0.24288766202439238,0.821875,1.16375,0.91,0.886875,7.127166673876839,0.0,235,0.4892083013483834,0.5702341641164475,0.9090168092689581,0.9076628228924079
random_25_40,Random,40,454,0.28375,1.0,0.0,0.0,1.0,3,0.0,1.0,1.0,11.35,0.203030780614599,0.23484974764238853,1.0482239639607515e19,NaN,NaN,0.0,1.7473841554559044,0.32978217676801425,0.798125,0.33,0.379375,0.35875,3.6897288346912736,1.0,667,0.3094097671860892,0.5109613712385789,2223.135226089537,5.377312820512821e6
maxent_25_40,MaxEnt,40,346,0.21625,3.0,0.05,0.05,0.9,5,0.0,0.925,1.0,8.65,0.6599962202590449,0.7540286900876518,24.787583422874924,5.845764096976301,0.41586913004090487,10.51080447649088,1.9255014326647564,1.052155039882306,0.4125,0.29125,0.41375,0.355,18.181258661216017,0.9,314,0.3733013976026419,0.5788825941030888,5.537657775965922,32.87313790132089
ltm_26_40,LTM,40,246,0.15375,3.0,0.175,0.025,0.8,6,0.05,0.775,1.1818181818181819,6.15,0.677515113561361,0.6244019698711322,4.2571780870722,NaN,NaN,0.0,1.570264765784114,0.8349752734642716,0.419375,0.2,0.25125,0.275625,7.519177315969221,0.7,60,0.6309205961092572,0.4519953827407983,1.5101646688023114,3.0393237714889074
atn_26_40,ATN,40,252,0.1575,4.0,0.175,0.05,0.775,5,0.075,0.75,1.1515151515151516,6.3,0.5764712156541666,0.4316430723077778,3.215104195502999,5.797219599077184,0.446047120647498,11.334480384922195,1.5605381165919283,0.5601011779904996,0.634375,0.25875,0.24875,0.319375,8.629359241633075,0.0,0,0.841071348994143,0.4260486694677871,0.813690266949112,2.0061081891131693
adbm_26_40,ADBM,40,343,0.214375,3.0,0.15,0.1,0.75,4,0.15,0.45,1.0588235294117647,8.575,1.2081518066397416,0.7612366306155011,3.510537610011545,5.368567885926844,0.911387524454421,8.078998258685154,1.1995073891625616,1.1494804817605402,0.0725,1.1225,0.20875,0.9975,2.849718709395973,0.0,0,0.7792159850180458,0.6699008330148225,1.2750866374998406,2.224940192501672
niche_26_40,Niche,40,101,0.063125,4.0,0.325,0.2,0.475,3,0.25,0.375,1.1851851851851851,2.525,1.091022805417645,0.864835677976656,1.9991203703703704,3.122093023255814,1.1658795502962533,5.147494476813453,1.4764705882352942,1.0302105882575139,0.0725,0.01875,0.0875,0.121875,3.0879026048030442,0.0,0,0.58996225996226,0.21853281853281853,0.5473162628349152,0.6517621552340468
cascade_26_40,Cascade,40,104,0.065,3.0,0.25,0.2,0.55,4,0.125,0.55,1.0666666666666667,2.6,0.8657406674940581,0.829950652308792,2.3554049548059965,3.6847826086956523,1.2729008916022873,5.62040086571715,1.4319526627218935,0.8498217078980077,0.09375,0.01625,0.0925,0.0975,3.0701591174206238,0.0,129,0.25830086580086575,0.14713934713934712,0.6816474112842371,0.8535970608585864
random_26_40,Random,40,94,0.05875,3.0,0.125,0.05,0.825,8,0.05,0.725,1.0857142857142856,2.35,0.6211555158565296,0.71172498101983,5.514735282172053,5.219512195121951,1.1442220953788413,4.406719247264253,2.1604938271604937,0.9451535460401521,0.104375,0.005625,0.05875,0.055625,3.6194858937926075,0.775,106,0.25915209790209787,0.11228070175438597,1.9222742085305977,5.915646926473724
maxent_26_40,MaxEnt,40,80,0.05,2.0,0.3,0.35,0.35,5,0.125,0.4,0.9285714285714286,2.0,1.2299676877139956,1.1602387022306428,2.6801982961222093,4.672316384180791,1.2345231105096235,5.869296913133774,1.8851674641148326,1.7541160386140584,0.060625,0.013125,0.06625,0.063125,3.018447749651787,0.125,56,0.2773042582417582,0.22537874312067857,0.879764919138933,1.8618363455770435
ltm_27_40,LTM,40,405,0.253125,2.0,0.1,0.05,0.85,5,0.0,0.85,1.0555555555555556,10.125,0.5854534615579035,0.46010195435536605,565.3612453505943,5.795435793397335,0.4709525729650549,11.542668716219426,1.4444444444444444,0.6411468587392555,0.904375,1.038125,0.098125,0.2675,7.21451850884551,0.625,33,0.7831355043126521,0.7381185467685194,165.49466373470594,41197.47040405941
atn_27_40,ATN,40,223,0.139375,3.0,0.125,0.1,0.775,4,0.025,0.85,1.0285714285714285,5.575,0.572850856771402,0.6064300020504755,3.898117537825544,5.803977422587963,0.4402129514121502,11.236222896561456,2.1085141903171953,0.654407607247363,0.474375,0.20125,0.256875,0.241875,8.75847816243779,0.0,0,0.8401957866479923,0.41824556978968747,0.761211270076224,3.2700598912739602
adbm_27_40,ADBM,40,334,0.20875,5.0,0.125,0.175,0.7,5,0.05,0.575,0.9428571428571428,8.35,1.093107213066105,0.9050052111932667,4.7754102726035415,5.332718120805369,0.8927388809665193,8.692825760059396,1.2162849872773538,1.1417015349696915,0.04625,1.093125,0.37,0.689375,3.1695555124354198,0.0,0,0.79607295001803,0.6442637100442561,1.5010902707003848,4.047864615137339
niche_27_40,Niche,40,454,0.28375,2.0,0.225,0.05,0.725,3,0.025,0.75,1.2258064516129032,11.35,1.030681557422649,0.578797697711028,2.5187279491951187,5.425907573841825,0.7868563322301417,11.382691487036379,1.1319311663479923,0.7082825960534099,0.283125,1.53125,0.463125,1.605,5.094989317338351,0.0,5,0.8427503535013342,0.6956239454158308,0.8051478998336633,0.8844754630112289
cascade_27_40,Cascade,40,435,0.271875,3.0,0.05,0.025,0.925,4,0.025,0.9,1.0263157894736843,10.875,0.6408721626890629,0.5981770532766021,4.0633395202920015,5.726999641319942,0.548893968210641,10.705668494120196,1.3509833585476552,0.24082430966815785,0.893125,1.039375,0.81875,0.895,8.344030343497023,0.0,241,0.4658102804766071,0.546417533556516,0.9847883955329187,1.0962045910625686
random_27_40,Random,40,432,0.27,1.0,0.0,0.0,1.0,3,0.0,1.0,1.0,10.8,0.28457959158820034,0.24199759573312732,5.73428389845531e16,NaN,NaN,0.0,1.74051593323217,0.38651880316390086,0.891875,0.36375,0.415,0.436875,3.8313319816146394,1.0,678,0.2933964626230291,0.4915228584388296,11.120551545074852,244.51282051282053
maxent_27_40,MaxEnt,40,300,0.1875,4.0,0.175,0.075,0.75,4,0.0,0.825,1.121212121212121,7.5,0.7132446625933829,0.7792172272091314,6.007998894863702,5.814115628016733,0.4637327510658914,11.086149893352006,1.8798185941043084,1.0615260744972808,0.3725,0.269375,0.3875,0.35,12.88091817941437,0.75,322,0.3226029810648328,0.5322220147923716,2.18957545468847,5.9576680430056
ltm_28_40,LTM,40,357,0.223125,3.0,0.1,0.0,0.9,4,0.0,0.85,1.1111111111111112,8.925,0.6345254821490915,0.4667470969955697,32.09306324286182,NaN,NaN,0.0,1.8293413173652695,0.8057924361101652,0.57625,0.216875,0.29875,0.46625,15.540714887012351,0.9,27,0.6541879770574596,0.552124047169982,8.814712191627438,119.75960554228696
atn_28_40,ATN,40,271,0.169375,2.0,0.175,0.05,0.775,5,0.05,0.775,1.1515151515151516,6.775,0.5258356530656991,0.38762729899942155,3.33619636157911,5.875726065555608,0.3609823416281179,11.746937737169539,1.7686832740213523,0.5671944024385573,0.750625,0.338125,0.235,0.305625,3.052630240731688,0.0,0,0.8679100017199863,0.47190970063648086,0.8612311556759239,2.161901563104976
adbm_28_40,ADBM,40,314,0.19625,4.0,0.175,0.1,0.725,6,0.05,0.525,1.0909090909090908,7.85,1.1864664370004345,0.8704923060898412,4.402642523530282,5.216467732146469,0.9041900224187939,8.505727713306959,1.1253561253561253,1.2528725896121824,0.0475,1.045625,0.195625,0.68375,3.0325089523538207,0.0,0,0.7110415646158466,0.6870091939072531,1.6297352112966639,4.005180286351446
niche_28_40,Niche,40,319,0.199375,2.0,0.125,0.125,0.75,3,0.05,0.75,1.0,7.975,0.8772777712552801,0.8023910271872676,2.942818351505609,5.20097985247165,0.8770625898999664,9.80730699406216,1.3130434782608695,0.8714970629383922,0.51625,0.566875,0.6275,0.725,5.835745148146444,0.0,0,0.7356327208036726,0.4561413149525916,0.6818139463029762,0.9537206337920734
cascade_28_40,Cascade,40,319,0.199375,2.0,0.075,0.05,0.875,4,0.05,0.85,1.027027027027027,7.975,0.7208738172227946,0.6540178175695561,3.6156050544907457,5.490084340095738,0.774952507716173,9.07954808172616,1.4714285714285715,0.3954548393505437,0.54625,0.430625,0.59625,0.6675,5.693935412454882,0.0,271,0.36331214823962205,0.41870694170810274,0.9782466487862278,1.0627665605790118
random_28_40,Random,40,313,0.195625,1.0,0.0,0.0,1.0,3,0.0,1.0,1.0,7.825,0.338594768796699,0.2618829077292754,7.058076442068704e16,NaN,NaN,0.0,2.03671875,0.38125070645818,0.685625,0.173125,0.34125,0.339375,6.314415648317406,1.0,626,0.2616075577384875,0.3492942693271641,12.277020795641482,1202.871794871795
maxent_28_40,MaxEnt,40,214,0.13375,2.0,0.175,0.2,0.625,8,0.0,0.75,0.9696969696969697,5.35,0.9181883987325787,0.8450264813368821,4.926259876280404,5.695415364213318,0.6116310648017199,9.95769160654964,1.7494908350305498,1.2254701595200364,0.27875,0.145,0.26625,0.311875,7.723227023389547,0.65,209,0.3249855537604692,0.4352186529431112,1.7837412838432487,3.8465547473906816
ltm_29_40,LTM,40,100,0.0625,3.0,0.4,0.275,0.325,5,0.1,0.475,1.2083333333333333,2.5,1.094508436673157,0.896717661308488,2.1917187251984127,4.390604026845637,1.079709133091194,6.61338421837956,1.441860465116279,1.4236104336041748,0.120625,0.0375,0.070625,0.100625,6.359661587392595,0.0,6,0.4634776334776335,0.25760975135975134,0.7107417425461413,1.3190922723875456
atn_29_40,ATN,40,241,0.150625,4.0,0.25,0.025,0.725,5,0.075,0.675,1.3,6.025,0.6665417189156939,0.4641333390369851,3.03679317168219,5.887290286023996,0.3530514242550354,10.61130164613947,1.883424408014572,0.7963878598616698,0.626875,0.269375,0.204375,0.305625,4.220232531186221,0.0,0,0.824626716914836,0.44948117757715267,0.8885541551793651,2.117071673142977
adbm_29_40,ADBM,40,279,0.174375,2.0,0.175,0.15,0.675,7,0.1,0.5,1.0303030303030303,6.975,1.224511059005928,0.9316804617365512,4.703741057352106,5.029986613119143,0.968801143658273,8.225503097566918,1.204268292682927,1.3460776225934483,0.03125,0.855625,0.18,0.554375,2.650814618594551,0.0,0,0.7449930413789109,0.6582139521991437,1.9653197036749224,5.1670896041597
niche_29_40,Niche,40,143,0.089375,2.0,0.275,0.2,0.525,4,0.2,0.425,1.103448275862069,3.575,1.179779847331194,0.7545338301874988,2.245407964489214,3.3906882591093117,0.9718107625451498,6.202535517187923,1.3270142180094786,1.0852947209556667,0.148125,0.049375,0.154375,0.2825,3.032703890133551,0.0,2,0.6119832251082251,0.23116000808308498,0.5995906210555922,0.8434473306416319
cascade_29_40,Cascade,40,125,0.078125,3.0,0.125,0.2,0.675,4,0.125,0.7,0.9142857142857143,3.125,0.7878044791925833,0.9027365802565737,2.9029547187316282,4.060518731988473,1.3404868266609589,5.849324779946859,1.5089285714285714,0.8028666587889126,0.12375,0.02625,0.15375,0.130625,3.1953321910668193,0.0,169,0.2724488011988012,0.1718096718096718,0.84188684442054,0.8677207701977095
random_29_40,Random,40,115,0.071875,3.0,0.05,0.05,0.9,7,0.025,0.8,1.0,2.875,0.5744465612465464,0.5744465612465464,29.554823810670747,5.321428571428571,1.1564175661505611,3.332204510175204,2.1096605744125325,0.8138208029752859,0.15125,0.00875,0.074375,0.079375,3.7262646821903265,0.875,172,0.24419087856587857,0.10083333333333333,7.030398604955357,79.5297485484462
maxent_29_40,MaxEnt,40,101,0.063125,3.0,0.35,0.25,0.4,7,0.05,0.525,1.1538461538461537,2.525,1.0983704618525196,0.9575245688508449,3.1247001224489734,5.234967155128853,0.9984164086229879,7.590346945602565,1.6179245283018868,1.5891011998209015,0.095625,0.015,0.0675,0.090625,4.5103188159802166,0.45,114,0.23765404938199053,0.1999181374181374,1.498008031607854,3.0529787815319884
ltm_30_40,LTM,40,248,0.155,4.0,0.325,0.1,0.575,4,0.025,0.65,1.3333333333333333,6.2,0.8706460209042944,0.5206583726516844,2.5706904255724408,5.59065979724115,0.6646668026124425,10.494103544448407,1.5466666666666666,0.9785718799885255,0.5975,0.33,0.2,0.428125,12.845134727785993,0.0,20,0.7326746124737948,0.5299392847298989,0.9334858171282666,1.473104150447971
atn_30_40,ATN,40,191,0.119375,4.0,0.275,0.025,0.7,5,0.1,0.625,1.3448275862068966,4.775,0.8166058982378888,0.465848654397081,2.721037140369139,5.746359583952452,0.574387163621042,8.814330422638774,1.67989417989418,0.9035094905021477,0.414375,0.136875,0.14875,0.27375,4.37006820072951,0.0,0,0.7771943244234267,0.36916373849572237,1.026581221116515,1.5264503622980707
adbm_30_40,ADBM,40,236,0.1475,2.0,0.275,0.15,0.575,6,0.1,0.4,1.1724137931034482,5.9,1.4948404549546082,0.8021803095728293,3.0859038625255124,5.001450116009281,1.0364677397395115,8.145549631783584,1.1273408239700375,1.49897393437753,0.045,0.5575,0.076875,0.751875,2.602250919318363,0.0,0,0.7299545790538435,0.6607575241828387,1.5624532965638966,2.342116055263284
niche_30_40,Niche,40,218,0.13625,3.0,0.125,0.3,0.575,5,0.05,0.7,0.8,5.45,1.0486700458430587,0.9529243438191584,4.634039084197775,5.154692082111437,1.035099341188798,7.218176838403408,1.360248447204969,1.0721562644592586,0.211875,0.22,0.411875,0.48125,4.732300379584323,0.0,0,0.5995438281332245,0.3663511849236711,1.3989807152226796,3.5156332553223195
cascade_30_40,Cascade,40,264,0.165,2.0,0.075,0.05,0.875,4,0.075,0.8,1.027027027027027,6.6,0.7154569824223366,0.6426411795978829,3.4093749616233042,5.341535071612192,0.8330572288384426,8.602636673233706,1.4596949891067539,0.47070473636418425,0.47375,0.241875,0.439375,0.491875,4.2950944473874415,0.0,271,0.3150086794490315,0.3398152157440083,0.8079007222154944,0.9801788312001765
random_30_40,Random,40,253,0.158125,1.0,0.0,0.0,1.0,4,0.0,0.975,1.0,6.325,0.3346931485219755,0.38791188978391794,-3.2124959488475084e16,NaN,NaN,0.0,2.263963963963964,0.49681411483245075,0.50625,0.09125,0.253125,0.23625,7.472630296804845,1.0,538,0.24077975811616778,0.2860272652184418,6.055409498103602,22.153846153846153
maxent_30_40,MaxEnt,40,216,0.135,3.0,0.175,0.15,0.675,6,0.025,0.7,1.0303030303030303,5.4,1.0227616012321117,0.7039785538123868,4.869339440515749,5.680002142245073,0.6364490289878791,9.834780354526337,1.9630225080385852,1.135534053093029,0.206875,0.115,0.22375,0.388125,7.623809179713771,0.625,207,0.3331634616817582,0.3605374627703961,2.015406708902217,4.605129294398165
ltm_31_40,LTM,40,390,0.24375,3.0,0.2,0.025,0.775,4,0.025,0.75,1.21875,9.75,0.6920276054557778,0.3946745069279925,4.026548600943036,NaN,NaN,0.0,1.6835306781485468,0.767519463953629,0.52625,0.316875,0.31375,0.473125,11.048699950971645,0.75,20,0.7547758173249204,0.5695808582278619,1.6319537599081753,2.936860545547224
atn_31_40,ATN,40,202,0.12625,4.0,0.3,0.025,0.675,5,0.05,0.65,1.3928571428571428,5.05,0.7326664059016045,0.43233063746040434,2.896694368122154,5.873719019087844,0.3617099293205614,10.326890805775305,1.6626506024096386,0.8658232983922121,0.4625,0.183125,0.130625,0.239375,5.342112175171126,0.0,0,0.8508237449684819,0.4595607170607169,0.9285253331439483,2.3259824426230202
adbm_31_40,ADBM,40,233,0.145625,2.0,0.275,0.125,0.6,4,0.15,0.45,1.206896551724138,5.825,1.4139961306393738,0.9377914708686611,3.3687364723555917,5.2015113350125946,1.1560238559861375,6.677083461247136,1.1361867704280155,1.5485086879662355,0.030625,0.61875,0.09625,0.559375,2.555129536338189,0.0,0,0.6349493811562646,0.6773257093506155,1.414338097720668,3.516978808709131
niche_31_40,Niche,40,521,0.325625,3.0,0.1,0.025,0.875,3,0.025,0.85,1.0833333333333333,13.025,0.8225878663660283,0.636792995222587,3.2723952616080725,5.640153641083205,0.6201311623131768,11.644234389741651,1.1829652996845426,0.5462010592536508,0.486875,2.13375,0.6625,1.223125,8.359807976704273,0.0,1,0.8120379266500037,0.7403355771367593,0.8063520657177882,1.0973758064928973
cascade_31_40,Cascade,40,446,0.27875,2.0,0.025,0.05,0.925,3,0.05,0.925,0.9743589743589743,11.15,0.6271617484142453,0.6385679938641488,4.1091807765397,5.710625956658342,0.5637504316633063,11.035937501950048,1.3338368580060422,0.3453877826308731,0.87625,1.19875,0.83375,0.811875,5.90015679339214,0.0,222,0.48278451965991637,0.5935698358469756,0.9089279720351671,0.9560254740877824
random_31_40,Random,40,451,0.281875,1.0,0.0,0.0,1.0,3,0.0,1.0,1.0,11.275,0.23848246313473812,0.23932672619879117,-1.6613187862352854e17,NaN,NaN,0.0,1.7435897435897436,0.34259050684650155,0.869375,0.35875,0.429375,0.419375,5.142773335491478,1.0,677,0.31537180423717726,0.4970310558688705,35.925612971886295,2284.3076923076924
maxent_31_40,MaxEnt,40,307,0.191875,2.0,0.075,0.075,0.85,4,0.025,0.8,1.0,7.675,0.776948646149574,0.6724346076671356,30.217279936845028,5.810009830567282,0.4735775394741537,10.451204254885868,1.904559915164369,0.9716930568186903,0.395625,0.268125,0.343125,0.47625,17.409872255414303,0.825,317,0.34597624712792935,0.49397323945367094,7.932575648698437,99.61430109252072
ltm_32_40,LTM,40,128,0.08,2.0,0.35,0.25,0.4,5,0.075,0.575,1.1538461538461537,3.2,0.9630596940787078,0.9095733713938188,2.2464186145084595,5.183483290488432,1.015823228206894,8.043020885298283,1.6879432624113475,1.2495992947484795,0.12,0.06875,0.101875,0.115,4.460372089798779,0.175,12,0.6073618293471233,0.42962992436031655,0.8129512245975324,1.0441813159280475
atn_32_40,ATN,40,189,0.118125,3.0,0.25,0.1,0.65,5,0.05,0.7,1.2,4.725,0.832866444138755,0.5464264043187019,2.9969866891606767,5.785534427368238,0.4743129727771302,10.450191772337018,1.6558265582655827,0.8505536014319153,0.344375,0.140625,0.160625,0.268125,6.785377122597482,0.0,0,0.8547555222555221,0.3798742352088386,1.146599688015053,2.1968624249893547
adbm_32_40,ADBM,40,199,0.124375,2.0,0.25,0.25,0.5,5,0.075,0.35,1.0,4.975,1.491379280161373,0.9810172065367126,3.7992708854050634,4.223719676549865,1.470825532900965,5.916202062607435,1.0790697674418606,1.646209790872081,0.02375,0.45125,0.08625,0.466875,2.0798124473189135,0.0,0,0.735047852474323,0.6157171678160045,1.7967324912784064,4.723814237652384
niche_32_40,Niche,40,404,0.2525,2.0,0.025,0.1,0.875,4,0.05,0.875,0.9230769230769231,10.1,0.830739681718932,0.688812955680241,4.335801151594401,5.580782614871103,0.6639420713189781,10.651193938585422,1.239622641509434,0.6198189317719802,0.535625,1.044375,0.694375,0.9625,4.454410619056631,0.0,11,0.7714620451070936,0.6069070859079633,0.8703026034283534,1.4344025043659796
cascade_32_40,Cascade,40,375,0.234375,2.0,0.05,0.025,0.925,3,0.025,0.9,1.0263157894736843,9.375,0.6241630293276647,0.6085431671827286,3.9856979555659544,5.654665409990575,0.6173948424110213,9.675017339716193,1.4623493975903614,0.293612920370591,0.8125,0.663125,0.715,0.735625,8.056596885569036,0.0,272,0.42567229648995014,0.4656885135810631,0.9262456395180506,1.0423533447153872
random_32_40,Random,40,378,0.23625,1.0,0.0,0.0,1.0,3,0.0,1.0,1.0,9.45,0.2992564883431415,0.27212068720685206,7.0827773013255064e16,NaN,NaN,0.0,1.8275303643724696,0.36405649877567453,0.73625,0.23625,0.373125,0.401875,5.786995339236108,1.0,639,0.2717155535890224,0.42114278179680653,10.973030912533119,228.10256410256412
maxent_32_40,MaxEnt,40,269,0.168125,3.0,0.1,0.025,0.875,5,0.0,0.85,1.0833333333333333,6.725,0.6658430058442394,0.8088604634979373,6.98131538713042,5.807593434842792,0.4797704348072297,8.528528701079983,1.9404617253948968,0.989197983073536,0.271875,0.164375,0.37875,0.29125,14.856004620231783,0.875,324,0.2872934548154423,0.4257723262289826,2.3812244103853075,4.686992796323072
ltm_33_40,LTM,40,271,0.169375,3.0,0.275,0.025,0.7,5,0.0,0.625,1.3448275862068966,6.775,0.8808574086795148,0.46374011007424515,4.279243100541856,5.672489838277263,0.6182326672865592,10.454177912797071,1.5931034482758621,0.8586751831047507,0.52,0.260625,0.236875,0.53375,5.84059701433098,0.5,95,0.7060235137245435,0.4770278302708643,2.273441451041395,4.901058297297889
atn_33_40,ATN,40,197,0.123125,4.0,0.325,0.1,0.575,4,0.025,0.65,1.3333333333333333,4.925,0.8470799081672713,0.483099300186839,2.400178828641225,5.661659805800836,0.60563448927074,10.367944577774505,1.7115384615384615,0.7756320645324293,0.36125,0.141875,0.16875,0.311875,9.479235328269825,0.0,21,0.8697442141192141,0.34214157166363046,0.9300983123337235,1.1349183351062668
adbm_33_40,ADBM,40,295,0.184375,3.0,0.325,0.1,0.575,5,0.1,0.375,1.3333333333333333,7.375,1.4220100964629276,0.7172865253767369,3.121449726579293,4.024962556165751,1.239290158114659,7.602401335665818,1.085173501577287,1.2685442626458057,0.0425,0.7025,0.22625,1.225625,3.007016380380673,0.0,0,0.8287442397587605,0.5270831628719105,1.8263683382346048,3.018336627764015
niche_33_40,Niche,40,330,0.20625,3.0,0.1,0.2,0.7,3,0.05,0.75,0.8888888888888888,8.25,0.9185214047338789,0.7615590694987833,3.711940119472685,5.042342249302902,1.005800142496471,9.17812704961153,1.2733333333333334,0.8156598733157053,0.443125,0.629375,0.599375,0.818125,4.207716806275288,0.0,0,0.7103033049756363,0.4863043955698005,0.9988928890538123,1.4226846367543289
cascade_33_40,Cascade,40,317,0.198125,3.0,0.075,0.025,0.9,4,0.025,0.875,1.054054054054054,7.925,0.6499671229509935,0.6605589311750996,3.4323646900382476,5.591587350322382,0.6840933818092821,9.697999717710333,1.5134228187919463,0.3954799782400341,0.624375,0.408125,0.611875,0.60125,7.587930957922006,0.0,288,0.36004570144581394,0.40523609624809326,0.9122608590287632,0.8738333342527551
random_33_40,Random,40,323,0.201875,1.0,0.0,0.0,1.0,3,0.0,1.0,1.0,8.075,0.33463864707584945,0.22849848268016507,-1.3776095028385178e17,NaN,NaN,0.0,1.9796716184519156,0.37262674622825576,0.579375,0.139375,0.275625,0.30875,5.331893098471178,1.0,648,0.25997903806924527,0.36840272064536767,30.794786660227352,1037.128205128205
maxent_33_40,MaxEnt,40,246,0.15375,4.0,0.1,0.125,0.775,4,0.0,0.875,0.9722222222222222,6.15,0.7040134765126851,0.9083552109049607,17.460379483606765,5.764201124046568,0.5300703834647315,9.899881056942016,1.968671679197995,1.1182016724623716,0.276875,0.155,0.37,0.2675,7.836825664809006,0.75,284,0.30123503960021913,0.4248106786144711,5.102059599997101,34.37258771294018
ltm_34_40,LTM,40,78,0.04875,2.0,0.25,0.275,0.475,5,0.125,0.4,0.9666666666666667,1.95,0.8289344273013521,0.8608588158584508,3.089472222222222,4.941398865784499,0.9781547300054548,6.270988431858299,1.7633136094674555,1.2279169228080664,0.0925,0.00625,0.05125,0.04875,2.889571556348418,0.0,15,0.46248550061050053,0.10137085137085138,0.5077839807110827,2.518809432573599
atn_34_40,ATN,40,230,0.14375,2.0,0.25,0.075,0.675,5,0.05,0.7,1.2333333333333334,5.75,0.7216437593970516,0.4398809221043026,2.985751571407483,5.90633374318232,0.32608627886733144,11.463283438068746,2.186379928315412,0.6101273177788029,0.443125,0.245625,0.17375,0.305625,4.309316434981659,0.0,0,0.9078338328338328,0.47550565855712923,0.8580300113674045,2.3389858187601553
adbm_34_40,ADBM,40,221,0.138125,2.0,0.225,0.25,0.525,5,0.075,0.4,0.967741935483871,5.525,1.3832793410344508,0.9577270679733669,3.967111974503413,4.34106412005457,1.1129724207144482,6.597145701886651,1.0798319327731092,1.5510090748839274,0.03875,0.56625,0.0875,0.458125,2.08385628158843,0.0,0,0.7111609388418599,0.645015929604165,1.8152165766214434,4.429063810263254
niche_34_40,Niche,40,304,0.19,3.0,0.175,0.1,0.725,3,0.1,0.65,1.0909090909090908,7.6,0.875741038575536,0.7453956971739494,2.7822703626313077,5.108306260426728,0.9112577446811605,10.033550436834297,1.4525691699604744,0.8850190699487112,0.60875,0.455625,0.5625,0.71125,8.133540677285305,0.0,0,0.7606574016733106,0.4266382376751479,0.6416717510205637,1.1203832795766704
cascade_34_40,Cascade,40,351,0.219375,3.0,0.05,0.1,0.85,3,0.025,0.9,0.9473684210526315,8.775,0.6551531273335369,0.6510742339959046,3.935273277468607,5.493950177935943,0.7530127023545088,10.13816433966401,1.4,0.3765948627617236,0.678125,0.579375,0.67125,0.67625,6.6605221410243995,0.0,252,0.41560472400591786,0.45434344952769373,0.9302957178942685,1.0151764607000717
random_34_40,Random,40,345,0.215625,1.0,0.0,0.0,1.0,3,0.0,1.0,1.0,8.625,0.3348888462933804,0.322301409237001,-5.645620064502146e16,NaN,NaN,0.0,1.904564315352697,0.42397060721389823,0.629375,0.179375,0.326875,0.325,6.382346784194211,1.0,597,0.2506443099929162,0.3823703092890568,12.517466058341805,134.56410256410257
maxent_34_40,MaxEnt,40,245,0.153125,3.0,0.1,0.075,0.825,5,0.025,0.8,1.0277777777777777,6.125,0.8160648455500275,0.8025525548363027,14.433117946033757,5.7375922442483,0.5649512292768661,9.53401680465134,1.8605697151424287,1.0802939891044296,0.316875,0.185,0.31875,0.358125,6.956202478384407,0.775,281,0.313388115252185,0.4280595081360274,4.108145757582155,26.984041345670757
ltm_35_40,LTM,40,111,0.069375,3.0,0.325,0.45,0.225,4,0.025,0.55,0.8148148148148148,2.775,0.9809228363425228,1.1144088961656462,2.9216923275765705,4.831535269709543,1.224338474765005,7.094234845924755,1.5,1.4619697845267408,0.095625,0.02125,0.123125,0.09875,5.33727478088926,0.175,4,0.6272533308195072,0.2547741820469093,1.3020679008241165,2.124170889263378
atn_35_40,ATN,40,244,0.1525,2.0,0.2,0.05,0.75,4,0.075,0.725,1.1875,6.1,0.6165240039522668,0.39602626541643576,3.1757370766761914,5.868353113440198,0.36374718962355834,11.550298318035031,1.6884531590413943,0.557104995050084,0.595,0.2325,0.2275,0.32875,9.628017106921387,0.0,0,0.8784152101982985,0.40915681948770183,0.9641201418078045,2.167315076675032
adbm_35_40,ADBM,40,285,0.178125,2.0,0.175,0.175,0.65,4,0.1,0.375,1.0,7.125,1.2828721003343346,0.8464052758088919,3.5278266865836088,5.081975071907958,1.1169035353565504,7.643003635560718,1.0876623376623376,1.3037899386110205,0.054375,0.805,0.18375,0.75875,1.8024053936565303,0.0,0,0.7514137061927395,0.6356803366194085,1.2870487277843383,2.478096510566642
niche_35_40,Niche,40,96,0.06,3.0,0.3,0.3,0.4,3,0.15,0.35,1.0,2.4,1.575497931510458,0.9659443219194536,2.390026223776224,3.351758793969849,1.0573859620965949,5.293304824724492,1.552325581395349,1.672532412948901,0.08,0.020625,0.086875,0.195625,2.3514506416575593,0.0,3,0.5326175931052092,0.2634533766886708,0.6859670757294244,1.2177227429308186
cascade_35_40,Cascade,40,96,0.06,4.0,0.25,0.225,0.525,5,0.1,0.525,1.0333333333333334,2.4,0.9976824997815539,0.9705418934551806,2.5963953725137174,3.7261904761904763,1.554219217702323,5.123963979403259,1.4580645161290322,1.0127393670836666,0.066875,0.013125,0.095,0.09875,2.8696497666034313,0.0,104,0.295510878010878,0.15343200343200342,0.9567115411271585,1.1407387553156754
random_35_40,Random,40,97,0.060625,5.0,0.125,0.025,0.85,9,0.0,0.75,1.1142857142857143,2.425,0.6256531859886373,0.4842238351383431,7.072343375731245,4.923076923076923,1.4675987714106857,3.258096538021482,2.138047138047138,0.6704791640786918,0.101875,0.005,0.046875,0.0575,4.036863992235418,0.85,141,0.22613095238095235,0.09273809523809524,2.6031330364686696,8.833334651162186
maxent_35_40,MaxEnt,40,82,0.05125,2.0,0.3,0.325,0.375,8,0.075,0.45,0.9642857142857143,2.05,1.1477311178291791,1.1424027180308525,4.036249445648698,5.043577981651376,1.1726500279954606,6.077642243349034,1.8786407766990292,1.837857674472461,0.114375,0.02375,0.07,0.070625,3.7274422239838407,0.45,54,0.2440552156177156,0.27528454116689416,1.869333851633151,6.166376967700549
ltm_36_40,LTM,40,439,0.274375,4.0,0.3,0.0,0.7,4,0.0,0.7,1.4285714285714286,10.975,0.7663674492005252,0.326566171296007,3.358731663112457,NaN,NaN,0.0,1.6089385474860336,0.7479414208388236,0.52375,0.43625,0.21,0.665625,5.5408327612669,0.7,131,0.6965693625575653,0.6748573959399609,1.5766022254814036,2.479702098660501
atn_36_40,ATN,40,142,0.08875,3.0,0.45,0.1,0.45,5,0.1,0.45,1.6363636363636365,3.55,1.0383321544372326,0.5448374973459835,2.0542905884063027,5.7945652173913045,0.5189490749019546,9.463430999658344,1.614814814814815,1.0082089729263382,0.180625,0.079375,0.079375,0.199375,3.5389789743729914,0.0,0,0.7802860619772385,0.44553072200131016,0.7637234888049474,1.1116969317747836
adbm_36_40,ADBM,40,189,0.118125,2.0,0.425,0.325,0.25,6,0.125,0.35,1.173913043478261,4.725,1.5544836954039443,1.0211812429703913,2.4037695760122224,4.625531914893617,1.2275546032162528,7.405495663199472,1.0931372549019607,1.7173346685199267,0.019375,0.4,0.10375,0.4775,3.8503234827564707,0.0,0,0.5959110028043851,0.6304048074515911,1.3659753686399556,1.9119955593411835
niche_36_40,Niche,40,226,0.14125,3.0,0.125,0.275,0.6,3,0.05,0.75,0.8285714285714286,5.65,0.8364755584498651,0.8041631386882047,3.1905074447572512,4.329680800381134,1.0281687716245218,7.649216319820633,1.3592814371257484,0.7742925204009944,0.375625,0.131875,0.448125,0.46875,4.486792127260073,0.0,0,0.6834261338721477,0.20964165467179974,0.6262270868485861,1.2107648292614859
cascade_36_40,Cascade,40,303,0.189375,3.0,0.025,0.05,0.925,4,0.05,0.9,0.9743589743589743,7.575,0.6319739262386922,0.690109210418924,4.193718612412126,5.587271796621737,0.6876048447548727,8.676075516476429,1.551155115511551,0.4275626883277863,0.583125,0.366875,0.58875,0.535,5.8566292751318985,0.0,275,0.33778590491633975,0.389024713461633,0.9097422041907199,0.9815977747200807
random_36_40,Random,40,330,0.20625,1.0,0.0,0.0,1.0,3,0.0,1.0,1.0,8.25,0.34146333259414313,0.32216217565820954,4.88901156911488e16,NaN,NaN,0.0,1.8925110132158591,0.42612524806360924,0.6675,0.185625,0.340625,0.37375,4.926159253188314,1.0,616,0.2628908770759947,0.38325435527515217,8.902502201883774,67.28205128205128
maxent_36_40,MaxEnt,40,265,0.165625,3.0,0.1,0.1,0.8,6,0.0,0.825,1.0,6.625,0.7717005380827596,0.7602602427691467,18.7593626769102,5.783195101154949,0.5056729875939594,9.465060106725137,1.8634538152610443,1.0968890777448128,0.361875,0.204375,0.32375,0.31875,6.293716278302823,0.825,268,0.30133872226604375,0.487989761480898,5.231762792308045,40.56820099778294
ltm_37_40,LTM,40,331,0.206875,3.0,0.175,0.05,0.775,4,0.0,0.825,1.1515151515151516,8.275,0.6306041733629547,0.47477617989213106,4.705367772914393,5.823500594301134,0.4509429862474967,11.7321895006859,1.5798898071625345,0.6976774175021039,0.46375,0.26,0.256875,0.331875,5.044171612296126,0.775,27,0.6605821466996507,0.6015550561409697,1.869345008885147,3.454321671388175
atn_37_40,ATN,40,206,0.12875,2.0,0.275,0.05,0.675,5,0.05,0.675,1.3103448275862069,5.15,0.7417452267615949,0.42073112305859184,2.9541655206723942,5.870220191962224,0.3705681617441952,10.570444750005832,2.1106796116504856,0.8391612785993762,0.463125,0.1925,0.131875,0.2525,13.18970090513565,0.0,0,0.8382134824240088,0.46850623510542533,0.7174761491692084,2.492301331605621
adbm_37_40,ADBM,40,222,0.13875,2.0,0.275,0.275,0.45,4,0.075,0.4,1.0,5.55,1.3214998094444608,1.0616173497553945,3.094012868645392,5.2052117263843645,0.9940469052533718,7.67275789664251,1.0714285714285714,1.6130261661436942,0.025,0.643125,0.095625,0.328125,2.694291190658005,0.0,0,0.6683479346796247,0.7378222025022689,1.1355548055696758,2.2938820748179434
niche_37_40,Niche,40,112,0.07,3.0,0.35,0.4,0.25,4,0.075,0.5,0.9230769230769231,2.8,1.1946812181404287,1.0395124244500786,2.31147822053204,3.914460285132383,1.4641340213939373,6.19644412779452,1.341317365269461,1.3309109339775738,0.089375,0.03625,0.13,0.163125,4.064297087694612,0.0,0,0.7121736596736596,0.23911594941006709,1.0384575351944294,1.223136105609182
cascade_37_40,Cascade,40,172,0.1075,3.0,0.075,0.05,0.875,4,0.1,0.75,1.027027027027027,4.3,0.745154408725452,0.776147296717107,3.2590458717879627,4.952904238618524,1.099304473620024,6.456769655572163,1.608955223880597,0.606894604183585,0.226875,0.0575,0.255625,0.245,3.764542166398539,0.0,206,0.26822375304863694,0.18548076923076923,0.8927425176862712,0.8552914709262518
random_37_40,Random,40,152,0.095,3.0,0.05,0.0,0.95,6,0.0,0.925,1.0526315789473684,3.8,0.4921429691039963,0.5403000484357324,46.13550384582698,NaN,NaN,0.0,2.3277945619335347,0.7788306437693143,0.226875,0.02,0.12,0.123125,9.378684530144039,0.95,302,0.2291883198500845,0.15974525474525475,9.1098309254166,125.79253795342977
maxent_37_40,MaxEnt,40,126,0.07875,3.0,0.15,0.2,0.65,8,0.05,0.55,0.9411764705882353,3.15,0.9497997853644539,0.8791547951672305,7.122486967447235,5.352753391859537,0.9634216680880708,7.133295954896068,2.0083798882681565,1.1969300032338706,0.1075,0.028125,0.11875,0.1325,3.577056380212224,0.6,151,0.2737454940570266,0.22057642057642055,3.1360404164530546,14.252173483603741
ltm_38_40,LTM,40,420,0.2625,3.0,0.225,0.0,0.775,5,0.0,0.775,1.2903225806451613,10.5,0.6434108771498191,0.3833866062376628,5.739186469771755,NaN,NaN,0.0,1.5810502283105023,0.7844645405527357,0.45625,0.2375,0.244375,0.524375,4.008413847554783,0.775,124,0.7499362725806147,0.5930696142180361,2.3680722645169947,7.305849076544685
atn_38_40,ATN,40,196,0.1225,4.0,0.225,0.1,0.675,5,0.025,0.75,1.1612903225806452,4.9,0.6851733432342774,0.5541994077241721,3.1486173544996223,5.763606951924404,0.4688417940351441,10.833503659028759,2.0589430894308944,0.8685542740561922,0.473125,0.120625,0.208125,0.255625,10.302456539527093,0.0,3,0.8044482661945895,0.3466186946956178,0.8204905873048199,2.313844350371969
adbm_38_40,ADBM,40,290,0.18125,2.0,0.225,0.25,0.525,6,0.025,0.475,0.967741935483871,7.25,1.285871317304339,0.8598202323960294,4.8215649151220825,4.28216704288939,1.2154644966787853,6.786716950605081,1.1533742331288344,1.3376557274608047,0.06125,0.86625,0.17375,0.759375,4.076257647020032,0.0,0,0.7122822839928102,0.6814898212499462,1.6298913117677771,5.8352561805029834
niche_38_40,Niche,40,106,0.06625,2.0,0.3,0.425,0.275,3,0.125,0.475,0.8214285714285714,2.65,1.1192630882841748,1.0274149204191878,2.3235439237423363,3.502840909090909,1.2698533453818668,5.863631175598097,1.3108108108108107,1.2965506284893498,0.085625,0.03625,0.10875,0.125625,2.5965555465361847,0.0,0,0.5439711350740761,0.2060021677668737,0.6736116884434844,1.0500222148076412
cascade_38_40,Cascade,40,105,0.065625,4.0,0.125,0.275,0.6,8,0.1,0.675,0.8285714285714286,2.625,0.7304241169774228,0.8613382605262907,3.1853311473489856,4.214285714285714,1.3322312431735892,5.817111159963204,1.603960396039604,0.7894884748135851,0.099375,0.018125,0.0975,0.08,2.75351400466542,0.0,128,0.2720364357864358,0.16225071225071225,0.8686175046752926,1.2823503851550124
random_38_40,Random,40,112,0.07,5.0,0.125,0.05,0.825,8,0.0,0.75,1.0857142857142856,2.8,0.6170014082914196,0.6170014082914196,17.60448858308623,5.360655737704918,1.033324519616916,4.110873864173311,2.1947674418604652,0.8474729264510483,0.148125,0.01625,0.076875,0.076875,5.7480437355643055,0.825,178,0.20053061521811522,0.18026598026598029,4.270611001652624,47.007509411516
maxent_38_40,MaxEnt,40,82,0.05125,3.0,0.25,0.25,0.5,8,0.075,0.4,1.0,2.05,1.0932791190460194,0.9304756945107817,3.9999671889057113,5.01195219123506,1.2016058312546505,5.5254529391317835,2.095435684647303,1.4729727469891245,0.09125,0.0175,0.05375,0.070625,5.040066235458743,0.4,59,0.20233127983127983,0.23193843193843194,1.6720191983830337,4.753154000508232
ltm_39_40,LTM,40,286,0.17875,3.0,0.375,0.05,0.575,5,0.025,0.6,1.52,7.15,1.0093163483350622,0.4850587811682441,2.4588591231440864,5.778974818870507,0.5109108354592268,11.347413826488735,1.6984375,1.0491064375970316,0.4025,0.179375,0.26,0.65375,15.203039203526895,0.575,7,0.7579748157511526,0.4692163291270222,1.147281391256093,1.3782015230270745
atn_39_40,ATN,40,173,0.108125,3.0,0.3,0.25,0.45,2,0.15,0.55,1.0714285714285714,4.325,0.9459394576115487,0.726248098171876,2.2699534387839835,3.892927308447937,1.0377956162093889,6.925595197110468,1.2064220183486238,0.9676620906261901,0.188125,0.16875,0.13125,0.215,3.8090640434669125,0.0,0,0.7509632320294084,0.49359637276303947,0.6524180546147783,0.9226874038174651
adbm_39_40,ADBM,40,168,0.105,2.0,0.3,0.3,0.4,6,0.175,0.275,1.0,4.2,1.578608675114959,1.0017717892975586,2.731333596800249,4.114810562571757,1.4281725900012339,6.769641976852503,1.130890052356021,1.690308509457033,0.023125,0.280625,0.103125,0.423125,1.6476546546543116,0.0,0,0.6738275613275614,0.49509835570956123,1.4638188191301422,2.0762005315912093
niche_39_40,Niche,40,320,0.2,3.0,0.1,0.05,0.85,3,0.05,0.75,1.0555555555555556,8.0,0.9224757657854966,0.7365242349834449,3.3218756096916087,4.959360652950179,0.9098186254973498,8.679482094459956,1.3168103448275863,0.7584988548577466,0.45375,0.508125,0.615,0.855625,5.880889315139707,0.0,14,0.729416851807078,0.46301078905751475,0.6018586043227492,1.1262741949645962
cascade_39_40,Cascade,40,272,0.17,3.0,0.05,0.1,0.85,4,0.075,0.85,0.9473684210526315,6.8,0.6628740492325444,0.6544551903160868,3.6783441939221753,5.430329083901571,0.8129561199673699,8.816705015621595,1.508097165991903,0.3837715879396199,0.4975,0.2525,0.481875,0.488125,4.637477174383755,0.0,284,0.335285885580222,0.3479884778104593,0.8866899727938551,1.0517384187103966
random_39_40,Random,40,294,0.18375,1.0,0.0,0.0,1.0,4,0.0,1.0,1.0,7.35,0.3150339610621209,0.40938244568614485,1.8663369155425505e18,NaN,NaN,0.0,1.965034965034965,0.5329373398631954,0.555,0.134375,0.275625,0.240625,5.2812702657613215,1.0,596,0.2463924170479493,0.3641797063875238,432.541005094818,398257.23076923075
maxent_39_40,MaxEnt,40,210,0.13125,3.0,0.125,0.1,0.775,7,0.025,0.725,1.0285714285714285,5.25,0.9035079029052513,0.9208454140232796,8.518494450053586,5.692030336938953,0.6124139743472958,8.99255742690407,1.9180633147113595,1.2781171103889746,0.250625,0.1725,0.271875,0.270625,4.802391734324482,0.8,211,0.296342366880964,0.458492180705803,2.809993723113002,10.767046018555114
ltm_40_40,LTM,40,192,0.12,3.0,0.25,0.025,0.725,4,0.05,0.675,1.3,4.8,0.8637607429622056,0.6063822475958792,2.6216441893785367,5.4786572731040195,0.8159424061674474,8.481773246184977,1.552325581395349,0.8003627204777122,0.288125,0.115625,0.196875,0.295,6.762189673927019,0.15,16,0.6320031333905173,0.36432068852883337,0.9744623060763142,1.0971809274178754
atn_40_40,ATN,40,213,0.133125,3.0,0.3,0.025,0.675,5,0.05,0.65,1.3928571428571428,5.325,0.8195523942573405,0.5743288300245998,2.689495749461753,5.809401013391241,0.511639240535854,10.003513866603253,1.5327868852459017,0.8007589972675635,0.3775,0.206875,0.195,0.313125,3.6970032253289915,0.0,0,0.8334399737689212,0.4677331396431181,1.0977536046898984,1.537588183612369
adbm_40_40,ADBM,40,335,0.209375,2.0,0.3,0.075,0.625,4,0.05,0.5,1.3214285714285714,8.375,1.226556584647957,0.8015213641523022,3.147853624349522,4.973935032094923,1.0225575715909785,8.545002892055505,1.1290322580645162,1.1619887742961008,0.039375,1.033125,0.288125,1.025,5.291224106013906,0.0,0,0.7840818228469157,0.6237470029329286,1.504829650550286,2.416682325253117
niche_40_40,Niche,40,142,0.08875,3.0,0.2,0.15,0.65,5,0.15,0.5,1.0625,3.55,1.1587197451365525,0.6016269986873681,2.7575332127580467,5.025016903313049,1.0333002079459526,7.2991214627108,1.6345514950166113,1.1245916286196513,0.183125,0.064375,0.104375,0.255,2.939025078225559,0.0,0,0.5650740231990232,0.30523944654379437,0.8567379957113529,1.2526982121045196
cascade_40_40,Cascade,40,137,0.085625,2.0,0.125,0.1,0.775,5,0.175,0.6,1.0285714285714285,3.425,0.806772780646051,0.7735778294406335,3.057474554451732,4.397183098591549,1.220119915263717,5.872117789475416,1.6,0.6291675941802819,0.138125,0.033125,0.15625,0.16375,2.568000660062141,0.0,191,0.2445407370407371,0.1721482683982684,1.0708780460848049,1.3805472321651386
random_40_40,Random,40,132,0.0825,1.0,0.0,0.025,0.975,7,0.0,0.7,0.975,3.3,0.5005236127172457,0.5625399768390996,9.075497807318211e16,NaN,NaN,0.0,2.1345755693581783,0.7573426214700446,0.19625,0.01875,0.09875,0.091875,4.2328470165407674,0.975,206,0.21695456547236724,0.1644678932178932,15.985789143656767,2028.3076923076924
maxent_40_40,MaxEnt,40,117,0.073125,3.0,0.25,0.2,0.55,8,0.05,0.575,1.0666666666666667,2.925,1.159728029765175,0.9494294390491358,3.3641729072761892,5.218029350104822,1.0504660446802085,7.266128779556451,1.8071428571428572,1.4700752768377916,0.10375,0.04,0.093125,0.145625,4.093328611538418,0.4,110,0.28094099527923055,0.26762159862650053,1.2752288103445624,2.8493005164039658
ltm_41_40,LTM,40,267,0.166875,3.0,0.275,0.125,0.6,5,0.0,0.7,1.206896551724138,6.675,0.923749154712335,0.656435552467673,3.5901440306978785,5.779129916358344,0.5095689601205687,10.951315189365955,1.7940761636107194,1.1218912136101638,0.309375,0.22875,0.25125,0.3975,7.487893764577152,0.65,11,0.6412853291069991,0.510077181827081,1.5498547971375347,2.7134365386466035
atn_41_40,ATN,40,199,0.124375,3.0,0.3,0.075,0.625,4,0.075,0.625,1.3214285714285714,4.975,0.7677524369965434,0.39809327613774653,2.6427379551449666,5.818152526829752,0.4453693593977205,10.60527232149166,1.8483516483516484,0.8392611736078656,0.430625,0.175,0.12,0.25,9.565600324432156,0.0,0,0.7572240994299818,0.46168603476295783,0.9031132908768732,1.6689222241650192
adbm_41_40,ADBM,40,220,0.1375,2.0,0.275,0.2,0.525,7,0.1,0.45,1.103448275862069,5.5,1.4334129203154078,0.9160572248286889,3.1824103146764444,5.281066666666667,0.941820518489028,8.63497622707262,1.1496062992125984,1.5673074485469725,0.04375,0.55125,0.0675,0.515625,2.808761744457129,0.0,0,0.6902785487253955,0.6240185432640676,1.4616282485004288,2.6929796332283704
niche_41_40,Niche,40,520,0.325,3.0,0.05,0.125,0.825,3,0.025,0.85,0.9210526315789473,13.0,0.7289242775052286,0.642640962801351,3.696366768779213,5.577474012045211,0.6599994803357587,12.175283486710294,1.155844155844156,0.4333957682925663,0.709375,1.9575,0.843125,1.086875,6.877543827501698,0.0,0,0.8645151529125903,0.6843522730121265,0.7216506220206652,1.0005013795891158
cascade_41_40,Cascade,40,458,0.28625,2.0,0.025,0.025,0.95,3,0.05,0.925,1.0,11.45,0.6393298218710662,0.6005247235458682,3.973167982003747,5.743225162256615,0.5322673070613907,10.821277160534018,1.3173652694610778,0.22445802598265274,0.908125,1.220625,0.85125,0.928125,6.666629018646917,0.0,234,0.4942320387264485,0.5766753341058767,0.8839747676166275,0.8865772562183911
random_41_40,Random,40,458,0.28625,1.0,0.0,0.0,1.0,3,0.0,0.975,1.0,11.45,0.29464887165564246,0.2689703297889673,-9.252779707373922e16,NaN,NaN,0.0,1.7852011494252873,0.4222448565681514,0.811875,0.374375,0.4075,0.426875,6.820494412536915,1.0,653,0.3025634773513099,0.5191477998984659,21.67857695260361,262.56410256410254
maxent_41_40,MaxEnt,40,365,0.228125,3.0,0.025,0.0,0.975,5,0.0,0.95,1.0256410256410255,9.125,0.6210148969160761,0.5767957960168381,797.9659955862597,NaN,NaN,0.0,1.9502948609941029,0.8211212625405228,0.463125,0.320625,0.365625,0.421875,9.546143777687698,0.975,418,0.3258656555106373,0.513468626917136,41.867751570928164,16918.217138922566
ltm_42_40,LTM,40,305,0.190625,3.0,0.175,0.1,0.725,5,0.0,0.825,1.0909090909090908,7.625,0.7810841228198255,0.7013556524607459,4.347147480852687,5.79684216670558,0.487978781387851,10.441850519295206,1.6444444444444444,0.9677295021521505,0.42625,0.266875,0.45625,0.50625,7.1217515322608484,0.775,4,0.7154289120922837,0.4399325832331621,1.6566178276133332,2.7859283060541955
atn_42_40,ATN,40,250,0.15625,2.0,0.15,0.025,0.825,5,0.075,0.775,1.1470588235294117,6.25,0.7414469567970388,0.5994869601456027,3.2515743876748777,5.8925211884138955,0.36110876348766296,9.281450999434135,1.8412371134020618,0.7318679998679879,0.48,0.31875,0.2625,0.353125,6.112246005653683,0.0,0,0.8405992700110347,0.46192651732512413,0.7887092697425294,1.8476098255037177
adbm_42_40,ADBM,40,180,0.1125,2.0,0.15,0.175,0.675,6,0.1,0.3,0.9705882352941176,4.5,1.4489301376681307,0.9614276605992615,3.598866389336196,4.7215189873417724,1.176221987745791,6.448889394146858,1.1556603773584906,1.610349559672314,0.044375,0.355625,0.069375,0.359375,1.4438619923273617,0.0,0,0.6347793872793873,0.5213291841359423,1.2727118568228961,2.3621520549966837
niche_42_40,Niche,40,259,0.161875,4.0,0.075,0.025,0.9,3,0.05,0.725,1.054054054054054,6.475,1.0768227616155597,0.7905840709789957,3.7626780952678716,5.366200125339461,0.785771289289879,8.473659189392508,1.3387533875338753,1.0190229800032133,0.29625,0.370625,0.391875,0.665,3.763130283977289,0.0,7,0.7348078923364965,0.4457628584358441,0.8252749274501658,1.2907675071526061
cascade_42_40,Cascade,40,314,0.19625,3.0,0.075,0.1,0.825,3,0.075,0.8,0.972972972972973,7.85,0.6675949601201022,0.6190866384771933,3.6236417055777346,5.528638212154612,0.7398668330964259,10.177742381673879,1.4568345323741008,0.3662651151226807,0.626875,0.391875,0.568125,0.615,5.323538595894345,0.0,288,0.36319967546226134,0.39659492597186097,0.9859750185317528,1.1240652730230198
random_42_40,Random,40,309,0.193125,1.0,0.0,0.0,1.0,3,0.0,1.0,1.0,7.725,0.36494930651128843,0.385559641149348,4.833883905258504e16,NaN,NaN,0.0,2.078020134228188,0.5691491348762132,0.54375,0.121875,0.273125,0.259375,6.695455506618487,1.0,578,0.24840888011562234,0.35372693740727795,11.760968852501675,426.6666666666667
maxent_42_40,MaxEnt,40,227,0.141875,3.0,0.175,0.075,0.75,5,0.025,0.8,1.121212121212121,5.675,0.9215910433260196,0.7606796894538512,5.543853456716957,5.72336023174012,0.5775133933630454,9.581834960513193,1.9520123839009287,1.2634842981104264,0.273125,0.134375,0.218125,0.290625,8.707215843761846,0.75,245,0.2868017843619811,0.4672436247026756,2.0731390208955247,5.632465137695563
ltm_43_40,LTM,40,191,0.119375,3.0,0.175,0.15,0.675,5,0.0,0.75,1.0303030303030303,4.775,0.7985024912057207,0.8110786574385017,10.27689432536315,5.504332755632582,0.895201385333634,7.9672801789422,1.6827411167512691,0.8666625738507558,0.2225,0.0925,0.25625,0.263125,6.0773988053617956,0.425,20,0.5726819554499507,0.34157581797287684,5.072726326082803,23.991420513366997
atn_43_40,ATN,40,249,0.155625,5.0,0.175,0.075,0.75,4,0.075,0.75,1.121212121212121,6.225,0.6016058895124178,0.4218754940917399,3.345859032413653,5.864235508736788,0.37332020066057975,11.624699370805219,1.7695390781563127,0.6892238816789437,0.655625,0.2825,0.208125,0.295,8.75435083141316,0.0,0,0.858105383799917,0.43203161991087685,0.8649031247325636,2.299951114171574
adbm_43_40,ADBM,40,251,0.156875,2.0,0.175,0.175,0.65,6,0.075,0.5,1.0,6.275,1.3116510710041918,0.9151035270037264,4.63507833848858,5.371413390010627,0.8761711088911674,8.23323750070527,1.1784511784511784,1.4299204416981945,0.0625,0.675625,0.14,0.56375,2.576960281365164,0.0,0,0.6885632995281415,0.610429996091409,1.569252838961176,5.233472909588525
niche_43_40,Niche,40,228,0.1425,2.0,0.1,0.175,0.725,5,0.075,0.7,0.9166666666666666,5.7,0.9894041316404734,0.7947789951075914,3.65124934616883,5.085085085085085,0.9533645145692264,8.293049139768444,1.3696275071633237,0.9247563858551685,0.27875,0.234375,0.350625,0.488125,3.7174175039627375,0.0,0,0.707213790975443,0.40635388479134277,1.0746273109414437,1.8910400723924237
cascade_43_40,Cascade,40,253,0.158125,3.0,0.1,0.025,0.875,4,0.05,0.825,1.0833333333333333,6.325,0.7375703607453855,0.5744019297384233,3.2773291394532675,5.512863669151239,0.7435892107271747,8.33302993974291,1.5557692307692308,0.5044952832389881,0.485625,0.2125,0.369375,0.47375,6.635643222600815,0.0,286,0.30519693954136684,0.3347652306843484,0.899101539054226,1.0216058523965788
random_43_40,Random,40,249,0.155625,3.0,0.025,0.0,0.975,4,0.0,0.975,1.0256410256410255,6.225,0.42810334994655524,0.3303979996172499,30.88373155089267,NaN,NaN,0.0,2.101123595505618,0.575135147767949,0.46625,0.095625,0.214375,0.243125,4.138837569648076,0.975,502,0.2301685184502055,0.3242131672936627,5.508641268491742,32.28116779767335
maxent_43_40,MaxEnt,40,147,0.091875,4.0,0.25,0.25,0.5,10,0.025,0.65,1.0,3.675,0.9413782216324115,1.1649171262230509,5.85276124631754,5.081047381546135,1.1980695667993422,6.687108607866515,1.696551724137931,1.2270840978866948,0.09875,0.0475,0.251875,0.195,6.282162521626984,0.5,152,0.31479249444226226,0.23424525924525924,3.629008341947025,10.532474856031495
ltm_44_40,LTM,40,110,0.06875,3.0,0.475,0.175,0.35,7,0.15,0.35,1.5714285714285714,2.75,1.34493784572292,0.7119600075436806,2.026101393084743,5.25571002979146,0.9290020859164201,7.607878073278507,1.4642857142857142,1.5667665313786459,0.115625,0.024375,0.06625,0.165625,5.835025176950996,0.2,10,0.5354376056949587,0.22944203944203945,0.9061673479034458,1.3047103000281852
atn_44_40,ATN,40,205,0.128125,4.0,0.3,0.025,0.675,5,0.025,0.675,1.3928571428571428,5.125,0.7448885701805957,0.4943895790192473,2.580465449465671,5.844245301946097,0.45107381156817555,9.612667227583843,2.063917525773196,0.7839199085224049,0.398125,0.199375,0.143125,0.2425,7.5247886321424655,0.0,29,0.8401480463980464,0.4517309079809079,0.9163526652797663,1.3434194562051787
adbm_44_40,ADBM,40,224,0.14,4.0,0.3,0.2,0.5,6,0.05,0.375,1.1428571428571428,5.6,1.466863183162005,0.8811503589044176,3.219101693707786,4.548245614035087,1.1496686299318455,7.221105098182496,1.2276119402985075,1.5093897630595239,0.046875,0.48875,0.13,0.655625,3.266282755447126,0.0,0,0.7152582522841143,0.6191022771393615,1.6866452186658403,2.796033243763939
niche_44_40,Niche,40,228,0.1425,3.0,0.275,0.225,0.5,4,0.175,0.55,1.0689655172413792,5.7,1.1125544050783758,0.8568951636734445,2.282824605707276,4.0887622149837135,1.1048218400363945,7.806289289267033,1.2807570977917981,1.0584633774735688,0.243125,0.231875,0.39375,0.593125,5.650909863995692,0.0,0,0.7049203353723646,0.31854476672632404,0.6040544558396257,0.8719780920841359
cascade_44_40,Cascade,40,270,0.16875,3.0,0.075,0.025,0.9,4,0.05,0.85,1.054054054054054,6.75,0.6749511633022225,0.6147335728197106,3.640488496210277,5.504330879168471,0.7530766268989563,8.43771698991444,1.5640074211502784,0.4190262407031393,0.5375,0.23625,0.45875,0.501875,5.859933615460575,0.0,294,0.34286560735520893,0.32104121411783954,0.9032320621273863,1.0651099170626506
random_44_40,Random,40,266,0.16625,1.0,0.0,0.0,1.0,4,0.0,1.0,1.0,6.65,0.392058537067992,0.41364774006571936,-2.3237866351020435e17,NaN,NaN,0.0,1.997148288973384,0.6417967707354428,0.528125,0.12375,0.264375,0.256875,8.157297646268292,1.0,535,0.2364237353876834,0.3450167593414498,41.27926166501798,1864.2051282051282
maxent_44_40,MaxEnt,40,221,0.138125,2.0,0.075,0.1,0.825,5,0.025,0.775,0.972972972972973,5.525,0.8675277188830448,0.7216431653015843,9.766549456145281,5.712972216669998,0.5901070496914819,8.517793011488205,2.0808729139922977,1.0664210481705771,0.26625,0.120625,0.258125,0.323125,9.500495179602812,0.8,252,0.2967781788592144,0.36202304036543176,3.5382389643476966,9.963767201699582
ltm_45_40,LTM,40,200,0.125,3.0,0.225,0.1,0.675,4,0.025,0.75,1.1612903225806452,5.0,0.7372853881569494,0.6193462227137125,2.975085976674532,5.591882750845547,0.6788681797900198,9.78357725586357,1.6563245823389021,0.894427190999916,0.35875,0.146875,0.184375,0.22,7.857414138618012,0.35,55,0.655134405218964,0.41799370220422855,1.0189930643069147,1.6240425657291377
atn_45_40,ATN,40,201,0.125625,3.0,0.275,0.075,0.65,5,0.05,0.675,1.2758620689655173,5.025,0.8180241020112398,0.5303369857546878,2.705617335545024,5.87875566893424,0.41063968111414034,10.247927958806518,1.9168646080760094,0.720981622967298,0.3125,0.18625,0.153125,0.2725,8.023975464943838,0.0,0,0.8308675005550006,0.43807607147688127,0.9419781768228053,1.7000095801745034
adbm_45_40,ADBM,40,207,0.129375,2.0,0.25,0.225,0.525,5,0.125,0.35,1.0333333333333334,5.175,1.4036417767297324,0.9958411188651408,3.2418403645833336,4.798456515286436,1.0791359664332065,8.122371243406553,1.1958333333333333,1.6099392621006607,0.021875,0.526875,0.066875,0.38625,2.1682780569138407,0.0,0,0.6730971588760322,0.5925783460464461,1.621065409958731,2.6756382773872196
niche_45_40,Niche,40,340,0.2125,3.0,0.175,0.075,0.75,3,0.125,0.65,1.121212121212121,8.5,1.0280426145959374,0.7063849392297983,2.802716231454208,5.096445777656577,0.9341340681423713,9.305741456739435,1.2272727272727273,0.8599983699662463,0.3525,0.735,0.50125,0.9925,4.062484716853504,0.0,0,0.7563522896245084,0.5689539855495567,0.8240664896937843,1.0500584947879645
cascade_45_40,Cascade,40,398,0.24875,3.0,0.05,0.075,0.875,3,0.025,0.9,0.9736842105263158,9.95,0.6298829079761835,0.6658613572932459,4.060473334566607,5.626268120869257,0.6530457526612781,10.512355982715523,1.384,0.342752900537973,0.759375,0.84375,0.804375,0.748125,8.896012722286107,0.0,252,0.4342909373164804,0.5289533866807726,1.0141677685340604,1.0001233524793922
random_45_40,Random,40,384,0.24,1.0,0.0,0.0,1.0,3,0.0,1.0,1.0,9.6,0.24148608047986345,0.2296760074018799,2.8032018005958896e17,NaN,NaN,0.0,1.8591117917304747,0.3104455258196267,0.771875,0.24,0.35,0.358125,5.33353157710755,1.0,688,0.26838856021997626,0.41351341701515,57.005847653259806,9767.384615384615
maxent_45_40,MaxEnt,40,247,0.154375,2.0,0.075,0.125,0.8,6,0.025,0.85,0.9459459459459459,6.175,0.7166604765114603,0.8853971167395915,4.954655400323347,5.698750390502968,0.6033441647908514,10.37380363296391,1.932824427480916,1.0663883191626289,0.29625,0.158125,0.3975,0.275625,5.21601093949818,0.775,283,0.31045636456087894,0.40797114767840326,1.7135410676763052,2.0478093635142893
ltm_46_40,LTM,40,134,0.08375,4.0,0.25,0.275,0.475,4,0.075,0.575,0.9666666666666667,3.35,0.9596862855227223,0.9007374620315733,3.3053902357294276,5.394467979068029,0.8325023224790602,8.297294370266917,1.7987616099071206,1.4069611684746033,0.181875,0.08,0.096875,0.1175,4.6666667378082956,0.225,5,0.5011635627444451,0.49435998029748035,1.0614203348988542,2.43651461952159
atn_46_40,ATN,40,200,0.125,3.0,0.225,0.2,0.575,5,0.025,0.75,1.032258064516129,5.0,0.7831560082980487,0.5887840577551897,3.17790950386423,5.761003933320847,0.5012431239267588,11.067700298288187,1.7612293144208038,1.0218133704853172,0.4625,0.188125,0.1675,0.24875,8.84696536964445,0.0,0,0.7753579059829059,0.47664748347085,0.8150940853695591,2.350521240822787
adbm_46_40,ADBM,40,268,0.1675,2.0,0.2,0.225,0.575,4,0.125,0.45,0.96875,6.7,1.3558539278023358,0.8190320846237582,3.0510598494941146,5.130842558425584,0.9868934247568784,8.780172651227646,1.1548387096774193,1.3497738347108468,0.05875,0.6875,0.156875,0.795625,1.842021898917064,0.0,0,0.744508914616673,0.6082928639470372,1.1051034493933933,1.7040662410343153
niche_46_40,Niche,40,433,0.270625,2.0,0.075,0.1,0.825,2,0.075,0.85,0.972972972972973,10.825,0.879344878378447,0.5979101342887897,3.3294681394859547,5.39465780237581,0.7862994693792956,10.989757318005852,1.2747068676716917,0.5911610969063903,0.62375,1.19,0.65,1.24375,5.882218292982788,0.0,0,0.8218749555784555,0.5947052190135297,0.7550876936308971,0.9818586139125896
cascade_46_40,Cascade,40,362,0.22625,2.0,0.075,0.05,0.875,4,0.075,0.825,1.027027027027027,9.05,0.680667950815571,0.6389123160738265,3.3893847817414295,5.546714555417415,0.7205844470095818,9.985850642961251,1.4348534201954397,0.336459912915239,0.675625,0.615,0.703125,0.758125,7.740433604617503,0.0,261,0.4026236132433508,0.4656178479635707,0.8949989367121061,0.8856583195651958
random_46_40,Random,40,361,0.225625,1.0,0.0,0.0,1.0,3,0.0,1.0,1.0,9.025,0.3257011761791967,0.27996152880578973,1.655660458154552e16,NaN,NaN,0.0,1.8782467532467533,0.3412421358541468,0.6775,0.196875,0.360625,0.39125,3.7690056853883127,1.0,650,0.26373037229055546,0.4042583809379476,3.2036163775859374,85.02564102564102
maxent_46_40,MaxEnt,40,228,0.1425,4.0,0.15,0.15,0.7,6,0.0,0.775,1.0,5.7,0.7897985036787898,0.9635413317242721,14.51341950093239,5.748623504841466,0.5511514162389236,9.6678285081515,2.116899618805591,1.2878576756184725,0.26125,0.16,0.31125,0.240625,7.411259597732504,0.725,233,0.31305084950907075,0.5056566461576166,4.65357275183798,37.325647920699744
ltm_47_40,LTM,40,360,0.225,3.0,0.275,0.0,0.725,4,0.0,0.725,1.3793103448275863,9.0,0.8067458540712157,0.43069913055089465,3.222899358652242,NaN,NaN,0.0,1.8543111992071357,0.8067458540712157,0.4625,0.215625,0.318125,0.689375,6.081335280547182,0.725,9,0.7928842447386242,0.4784247865424337,1.386415290945948,2.11110500639298
atn_47_40,ATN,40,217,0.135625,3.0,0.225,0.1,0.675,5,0.05,0.725,1.1612903225806452,5.425,0.6677401455277685,0.4866006740321693,3.1599995494423316,5.833409272126666,0.4133387125417155,11.159559326606045,1.8661087866108788,0.7904198080685034,0.4975,0.2175,0.1675,0.2425,9.973066761140718,0.0,0,0.8271888324094206,0.4387637124062464,0.883037401402624,2.364649588388798
adbm_47_40,ADBM,40,264,0.165,2.0,0.2,0.15,0.65,5,0.1,0.475,1.0625,6.6,1.3113968582247404,0.8753112915294468,3.135663648771742,5.216917408658275,0.9251502134696071,8.781708985836179,1.2419354838709677,1.3793875758931087,0.05125,0.728125,0.140625,0.646875,2.904122492843065,0.0,0,0.694654859029859,0.6200821971570548,1.0255294103229529,1.7499188286535081
niche_47_40,Niche,40,313,0.195625,3.0,0.075,0.1,0.825,4,0.025,0.8,0.972972972972973,7.825,1.1226654708658375,0.6914704337551228,4.209672331600548,5.450333409979305,0.7683999907816034,9.070848393157585,1.3485193621867881,0.9362209153458576,0.28,0.6075,0.416875,1.000625,5.011005891677807,0.0,3,0.7240996523330648,0.5772546784664656,0.7667241237029272,1.755611640405856
cascade_47_40,Cascade,40,289,0.180625,3.0,0.05,0.075,0.875,4,0.05,0.875,0.9736842105263158,7.225,0.6016670426938036,0.6769628686573964,3.8014591607276245,5.477341389728097,0.7673898110710435,9.236105579862208,1.4791666666666667,0.3447051557867731,0.553125,0.305625,0.548125,0.486875,6.196140990003792,0.0,300,0.3542723605495176,0.3666873683591951,0.8744701750195022,1.0304063061281192
random_47_40,Random,40,312,0.195,1.0,0.0,0.0,1.0,4,0.0,1.0,1.0,7.8,0.374286015964832,0.2616170873550944,8.931065793696008e16,NaN,NaN,0.0,1.9455488331892827,0.36815534817578216,0.565625,0.126875,0.28625,0.321875,5.540259308607106,1.0,591,0.2492254187198502,0.33056792687017145,22.663084181447694,295.38461538461536
maxent_47_40,MaxEnt,40,245,0.153125,2.0,0.15,0.125,0.725,5,0.025,0.725,1.0294117647058822,6.125,0.8920887027354405,0.855321880199221,5.130158726208324,5.751113505747126,0.5441948612693138,10.234229114448356,1.8519061583577712,1.232210094339616,0.245625,0.1675,0.30375,0.319375,5.880322145539811,0.7,227,0.32106154753410504,0.4536839903982184,1.9936522297427322,3.988652633333826
ltm_48_40,LTM,40,228,0.1425,3.0,0.175,0.075,0.75,4,0.025,0.8,1.121212121212121,5.7,0.811484050907691,0.6408575199191041,3.5109220677617663,5.527864992150707,0.7138120268248247,8.536211197252,1.5924369747899159,0.9298627547983016,0.439375,0.21,0.2475,0.32625,9.277296988176678,0.175,71,0.5901517926517926,0.3606196695144879,0.8008312893965023,2.1615191182553883
atn_48_40,ATN,40,243,0.151875,4.0,0.125,0.075,0.8,5,0.05,0.825,1.0571428571428572,6.075,0.5143463089679218,0.4750208910054463,3.849671383248856,5.897755205026778,0.31622262959745534,11.02566987271667,1.8761904761904762,0.7058481413615854,0.6625,0.26375,0.223125,0.240625,7.35615944933527,0.0,0,0.8251034649689833,0.43405820937748185,0.900770894586362,2.5999964878844204
adbm_48_40,ADBM,40,289,0.180625,4.0,0.125,0.125,0.75,7,0.075,0.5,1.0,7.225,1.2377581422809085,0.868886894524209,5.450354556454576,5.6157760814249365,0.9133116858153356,5.973809611869261,1.1755952380952381,1.3223570784938619,0.06375,0.89875,0.14375,0.638125,2.8039531848867796,0.0,0,0.7397078052784574,0.6746682863746309,1.6023434565053571,6.802974162793387
niche_48_40,Niche,40,92,0.0575,2.0,0.45,0.15,0.4,4,0.175,0.325,1.5454545454545454,2.3,1.6772722522975434,0.5923919435832621,1.8147259483937117,2.768867924528302,0.7899682887086925,5.356586274672012,1.5176470588235293,1.6790052704133216,0.099375,0.010625,0.049375,0.208125,3.0193738890221202,0.0,0,0.5499945652173912,0.15747955747955747,0.588217304800072,0.6527167248102008
cascade_48_40,Cascade,40,75,0.046875,3.0,0.225,0.25,0.525,5,0.175,0.475,0.967741935483871,1.875,0.9751323965919657,0.9053182532132773,2.5021701388888884,3.2323232323232323,1.315746725428249,4.59511985013459,1.3055555555555556,1.0717826032913338,0.05625,0.005,0.050625,0.05625,1.6797370074311213,0.0,59,0.27374458874458873,0.07907029478458051,0.629276649082299,1.0280797655879033
random_48_40,Random,40,87,0.054375,2.0,0.1,0.125,0.775,10,0.025,0.675,0.9722222222222222,2.175,0.5970887156850366,0.5596009102827891,8.75346216179711,5.213592233009709,0.9965674955929558,4.634728988229636,2.25,0.6949399636631434,0.088125,0.005,0.04125,0.04375,3.1623764145431292,0.675,84,0.2289880952380952,0.13345543345543345,2.7621198035054477,15.88434631435417
maxent_48_40,MaxEnt,40,78,0.04875,3.0,0.425,0.25,0.325,7,0.05,0.45,1.3043478260869565,1.95,1.2121648888927727,1.1668129608951219,2.950663617305362,5.308864265927978,0.9993918183155373,6.582025138892826,1.9639639639639639,2.09615610806385,0.075625,0.014375,0.041875,0.044375,4.781802362487221,0.425,66,0.21968419312169313,0.34777930402930407,1.5583079213329818,3.5896087711073212
ltm_49_40,LTM,40,346,0.21625,3.0,0.275,0.0,0.725,5,0.0,0.725,1.3793103448275863,8.65,0.8400213192128387,0.48735961485353063,6.504732920233283,NaN,NaN,0.0,1.8032378580323787,0.9238174105983814,0.474375,0.230625,0.334375,0.57875,5.922101668329476,0.725,69,0.7347334188126394,0.5195130046927577,3.5925195459679524,14.322360068955557
atn_49_40,ATN,40,205,0.128125,4.0,0.275,0.025,0.7,5,0.025,0.7,1.3448275862068966,5.125,0.719557243054028,0.4054269657697736,2.714351447543279,5.779642171232184,0.49792289648619503,9.892729895883168,1.848421052631579,0.7038690190418895,0.444375,0.1525,0.164375,0.2775,12.270462023176476,0.0,0,0.8190137987012986,0.3659185422420717,0.9326599402876293,1.5439290282937008
adbm_49_40,ADBM,40,297,0.185625,2.0,0.275,0.175,0.55,3,0.125,0.45,1.1379310344827587,7.425,1.2896038777061192,0.8401850238257301,2.684325227409831,5.240793677484446,0.9413675145682505,8.690642169706594,1.0511182108626198,1.3218969963080547,0.038125,0.9225,0.148125,0.79125,2.432446208223695,0.0,0,0.8101100140209481,0.731937349692165,1.062854058141327,1.4553883369085503
niche_49_40,Niche,40,231,0.144375,3.0,0.15,0.15,0.7,5,0.05,0.75,1.0,5.775,0.9463984290873889,0.7954429356643349,3.0569628160299387,4.403949730700179,1.1441949113137475,7.421177528595393,1.4631043256997456,0.7949232475939467,0.2975,0.171875,0.43,0.536875,4.347803523733175,0.0,0,0.6080498348438179,0.2543907270919655,0.8009695225849899,1.2797185955190205
cascade_49_40,Cascade,40,262,0.16375,2.0,0.05,0.075,0.875,4,0.05,0.85,0.9736842105263158,6.55,0.657757312246934,0.7059653463628127,3.794104996278859,5.343811045995383,0.8610767986074115,8.636042325254618,1.5551181102362204,0.45970849020401894,0.464375,0.231875,0.483125,0.44875,4.5187101936067755,0.0,272,0.3331029185719084,0.32636068266099233,0.9407479542581237,0.9749425174724794
random_49_40,Random,40,240,0.15,1.0,0.0,0.0,1.0,5,0.0,0.925,1.0,6.0,0.3157769778104473,0.4047439484633017,8.139234801973752e17,NaN,NaN,0.0,2.128305582761998,0.49210287762341137,0.46,0.084375,0.244375,0.215,4.231206649184889,1.0,535,0.23056339039930368,0.2947938132129309,144.7386149811676,38649.4358974359
maxent_49_40,MaxEnt,40,210,0.13125,3.0,0.05,0.1,0.85,6,0.0,0.8,0.9473684210526315,5.25,0.748042389647989,0.9748270653970705,31.520096770538153,5.728419010669253,0.580596031354783,8.32457884513685,2.04099560761347,1.2954679103739064,0.279375,0.1325,0.305,0.205,5.418392949055223,0.8,257,0.2873305033173455,0.4247508220005295,6.023586444349395,56.839224817224945
ltm_50_40,LTM,40,218,0.13625,2.0,0.275,0.05,0.675,9,0.025,0.675,1.3103448275862069,5.45,0.7717280159616485,0.5222109897525763,3.1844478044104774,5.716308438038141,0.5620191631628946,9.66007751636045,1.7613019891500905,1.0559302032601463,0.408125,0.164375,0.12875,0.216875,12.442544163266758,0.625,110,0.5774283757178497,0.5016702887303344,1.0518763901556332,2.5313819453826922
atn_50_40,ATN,40,176,0.11,4.0,0.325,0.125,0.55,5,0.1,0.575,1.2962962962962963,4.4,0.7818940712341191,0.47950140099686595,2.605801615855381,5.812037037037037,0.4780849575219893,10.481223881584746,1.8903061224489797,0.8976553480968862,0.36,0.115625,0.125625,0.215625,5.594503808074527,0.0,44,0.8272677322677324,0.30299101483312013,1.0134990889646767,1.6946200879365085
adbm_50_40,ADBM,40,226,0.14125,2.0,0.3,0.25,0.45,6,0.075,0.375,1.0714285714285714,5.65,1.472409925186915,0.9074075018913473,2.826935361936369,4.889970788704966,1.0305667750018437,8.726156679156613,1.1929133858267718,1.5357723926779006,0.0225,0.529375,0.119375,0.6425,3.661204626919316,0.0,0,0.7544338871912402,0.5977037848258739,1.406681144935292,2.2905174617292303
niche_50_40,Niche,40,389,0.243125,3.0,0.075,0.025,0.9,3,0.075,0.85,1.054054054054054,9.725,0.8728292957089799,0.6643576682809428,3.5458836759963908,5.55745409646712,0.6775018093986732,10.130901970700984,1.2870544090056286,0.6708401524386558,0.568125,0.928125,0.64125,1.010625,6.507455728308776,0.0,3,0.7574799319290285,0.5675723526303116,0.7851414993669499,1.1587135284783576
cascade_50_40,Cascade,40,330,0.20625,3.0,0.075,0.075,0.85,3,0.075,0.85,1.0,8.25,0.687736551224853,0.6822367704115312,3.253785954684779,5.4423344388573875,0.7909824696354165,9.83595789574253,1.4331550802139037,0.4313971010921742,0.5925,0.485,0.64875,0.655,5.626148532734132,0.0,241,0.3957190433584214,0.4406186440676277,0.8548590810535478,0.8364740930064809
random_50_40,Random,40,328,0.205,1.0,0.0,0.0,1.0,3,0.0,1.0,1.0,8.2,0.3102405198033033,0.3027757410640707,6.393159034572171e16,NaN,NaN,0.0,2.0354330708661417,0.40662912397763173,0.741875,0.2175,0.370625,0.360625,6.088254868619577,1.0,633,0.2636106081118293,0.39219472054022464,11.715114273408705,75.48717948717949
maxent_50_40,MaxEnt,40,272,0.17,2.0,0.125,0.075,0.8,6,0.025,0.825,1.0571428571428572,6.8,0.7305275366249843,0.7839837163944441,6.345549312652064,5.754982849726523,0.5433439994096294,9.979244164935375,1.9023199023199022,0.9382732371510442,0.311875,0.210625,0.404375,0.37375,10.427130479416668,0.8,313,0.3146476545706695,0.4262185143623285,2.368906353820439,5.536417168229728
ltm_51_40,LTM,40,441,0.275625,4.0,0.225,0.0,0.775,3,0.0,0.775,1.2903225806451613,11.025,0.621823841146648,0.3894448750740065,4.726815512353886,NaN,NaN,0.0,1.6122860020140988,0.7734541155008516,0.64125,0.3575,0.3,0.465625,3.86463185254032,0.775,67,0.7442300458313309,0.6264511074047909,1.8777061485007598,4.390507908318484
atn_51_40,ATN,40,196,0.1225,5.0,0.25,0.125,0.625,5,0.025,0.725,1.1666666666666667,4.9,0.7675094743079239,0.6231370209675637,3.1695971067439315,5.763882893634309,0.480045868698691,10.581089530093944,1.7786069651741294,0.9957244752110324,0.440625,0.16375,0.18875,0.2475,8.626964896334457,0.0,1,0.8082028755558166,0.3744553185729656,0.7838800158804868,2.626515179029885
adbm_51_40,ADBM,40,207,0.129375,2.0,0.25,0.275,0.475,4,0.15,0.425,0.9666666666666667,5.175,1.421266151969389,1.0437236775047234,3.8060493976220533,5.279883381924198,1.3213620424316617,5.8377304471659395,1.072072072072072,1.6253281714798689,0.023125,0.49375,0.131875,0.435625,1.7046315697935404,0.0,0,0.6837509726112667,0.6524843867262209,1.3795295575336157,4.917328486471326
niche_51_40,Niche,40,303,0.189375,3.0,0.2,0.1,0.7,3,0.075,0.65,1.125,7.575,1.2322033001450088,0.6542094417836263,2.910759370787326,4.93421926910299,1.0676504719852877,8.925986089617076,1.3574561403508771,0.9671192953902755,0.246875,0.480625,0.44125,1.20375,4.01145839395667,0.0,2,0.7309061503540993,0.5242722685323069,1.0585850792085456,1.283920360244566
cascade_51_40,Cascade,40,292,0.1825,3.0,0.05,0.025,0.925,3,0.075,0.825,1.0263157894736843,7.3,0.6305797073377231,0.629816200934295,3.8173606303388694,5.558535410309941,0.7041948836350724,8.736649954872451,1.4737827715355805,0.3493167902875671,0.58875,0.306875,0.525625,0.52625,4.623916174573635,0.0,297,0.3537753900688684,0.3594356404689222,0.9545869796763012,1.0578506861730588
random_51_40,Random,40,285,0.178125,1.0,0.0,0.0,1.0,4,0.0,0.975,1.0,7.125,0.39080109191980905,0.3133307591957086,5.312361448157242e16,NaN,NaN,0.0,1.945,0.5032899943350467,0.55625,0.134375,0.274375,0.288125,14.710195265107796,1.0,578,0.2469744379026891,0.352061376231268,11.125598742019283,229.74358974358975
maxent_51_40,MaxEnt,40,191,0.119375,3.0,0.15,0.175,0.675,5,0.025,0.7,0.9705882352941176,4.775,0.9140741365580861,0.9596870686472465,9.288227737321995,5.672444031775508,0.6402552015892702,9.179159254492609,1.9312267657992566,1.38181650167975,0.213125,0.114375,0.22125,0.22,6.579426881235273,0.675,197,0.3119175626608829,0.4235491918928451,2.970578552179664,16.48420780060356
ltm_52_40,LTM,40,480,0.3,3.0,0.175,0.0,0.825,4,0.0,0.825,1.2121212121212122,12.0,0.6021093028143748,0.4992872412627318,3.8882608001644847,NaN,NaN,0.0,1.5437693099897014,0.6905446052586695,0.559375,0.533125,0.65375,0.573125,4.788867996761524,0.825,73,0.7780332205098092,0.576422433781497,1.524969791220828,2.044133828510264
atn_52_40,ATN,40,231,0.144375,3.0,0.175,0.075,0.75,5,0.075,0.75,1.121212121212121,5.775,0.6389292121203005,0.520939970818745,3.275226708168929,5.840896491644888,0.4030664914039705,10.54220494610679,1.6093366093366093,0.8054919442141525,0.59875,0.2225,0.2325,0.288125,6.027425579631741,0.0,0,0.8785679578849083,0.408831311662194,0.9404357934179941,1.940142772018567
adbm_52_40,ADBM,40,228,0.1425,3.0,0.175,0.25,0.575,3,0.225,0.4,0.9090909090909091,5.7,1.408112108928677,0.858735181174808,2.9533922989862775,5.395562898277083,0.8843723176601207,8.351610750626559,1.0772357723577235,1.4634091161699225,0.071875,0.51125,0.115625,0.60875,1.656681845831454,0.0,0,0.8116864606514541,0.5824207940883173,1.0216637150094252,1.5878423598810876
niche_52_40,Niche,40,99,0.061875,3.0,0.225,0.4,0.375,5,0.175,0.475,0.7741935483870968,2.475,1.230925536656803,1.0105671030321135,2.6630257936507933,3.0601503759398496,1.439483274799637,4.890349128221754,1.3630136986301369,1.2510372058202808,0.06,0.020625,0.10125,0.138125,1.9226679555676007,0.0,3,0.5036020923520923,0.15378689937513468,0.9868039656885927,1.5211298855190227
cascade_52_40,Cascade,40,143,0.089375,2.0,0.15,0.2,0.65,5,0.075,0.675,0.9411764705882353,3.575,0.820759331805903,0.8059596625789548,3.1243719189386145,4.563139931740614,1.2528011844407174,6.373319789577012,1.5116279069767442,0.7429112680797797,0.16,0.039375,0.176875,0.180625,3.6956278285627264,0.0,182,0.259231567044067,0.1804779942279942,0.9523019822244612,1.2359409658030118
random_52_40,Random,40,120,0.075,3.0,0.05,0.025,0.925,8,0.0,0.875,1.0263157894736843,3.0,0.45915815448079633,0.6270266287506402,28.305642439953477,5.3125,0.9574271077563381,4.1588830833596715,2.1160949868073877,0.6793662204867575,0.153125,0.0125,0.086875,0.075625,5.585098918360725,0.875,202,0.2123679792429792,0.13521663521663518,6.979091906805238,59.82823308436392
maxent_52_40,MaxEnt,40,97,0.060625,2.0,0.25,0.3,0.45,8,0.1,0.475,0.9333333333333333,2.425,1.1162669596422363,1.000938377168436,3.8320788313615495,5.077617328519856,1.1199832526467197,6.317164686747284,1.7511737089201878,1.498655212263559,0.065,0.014375,0.074375,0.084375,2.618504316547925,0.4,81,0.22827491136314668,0.20189844877344879,1.859249587475455,4.5049476315375925
ltm_53_40,LTM,40,149,0.093125,3.0,0.45,0.2,0.35,6,0.075,0.475,1.4545454545454546,3.725,1.2354491380035642,0.8767485062089039,1.868489775006002,5.1110481586402265,1.1158095402975874,7.475905969367397,1.5161290322580645,1.3902295035538534,0.16125,0.0425,0.190625,0.2975,9.683246105775456,0.35,4,0.6466952314522648,0.20138322528673408,0.7145451175438213,0.6897145305841117
atn_53_40,ATN,40,222,0.13875,3.0,0.35,0.025,0.625,5,0.075,0.575,1.5,5.55,0.9393061361617694,0.6679079177862225,2.4262452483102703,5.700962090752441,0.6320414137333726,9.541656481448024,1.7010309278350515,0.9320554464267894,0.353125,0.244375,0.23875,0.4025,3.6457208380865156,0.0,0,0.8417836800712187,0.4038639140786973,0.9889970339922202,1.3770182071805694
adbm_53_40,ADBM,40,292,0.1825,4.0,0.35,0.175,0.475,4,0.1,0.45,1.2692307692307692,7.3,1.2977877603848818,0.8775242113614681,2.2682744207391745,4.962848297213622,1.020010965238428,8.668024081118821,1.0397350993377483,1.3200642726860363,0.016875,0.853125,0.221875,0.815625,5.0646646949163205,0.0,0,0.7244922035201641,0.6804304151238446,0.902584390902513,1.0370761386939025
niche_53_40,Niche,40,496,0.31,2.0,0.1,0.1,0.8,3,0.075,0.825,1.0,12.4,0.8465624612201306,0.6781279526839448,3.1954461403018177,5.609122142501609,0.6559621913575077,12.012135892763904,1.183168316831683,0.6347905090405332,0.404375,1.99,0.63875,1.12,7.91378478694503,0.0,12,0.8013325498479815,0.7364286822882395,0.8193996786736706,1.0118151087987237
cascade_53_40,Cascade,40,476,0.2975,3.0,0.025,0.05,0.925,3,0.05,0.925,0.9743589743589743,11.9,0.59536419567492,0.6287923913388073,4.026794634143087,5.730388917443768,0.5463276539779084,11.310980624797013,1.3151079136690647,0.2060153302379049,0.948125,1.37125,0.9325,0.861875,7.204496332388848,0.0,222,0.5022172315785932,0.6000757557334927,0.8488838972484366,0.8940889096650884
random_53_40,Random,40,477,0.298125,1.0,0.0,0.0,1.0,3,0.0,1.0,1.0,11.925,0.20131832666937247,0.24495406718965682,3.268483848418801e16,NaN,NaN,0.0,1.7411598302687412,0.3192066735475025,0.815625,0.35,0.3875,0.3825,2.922424975602347,1.0,702,0.30441466739324186,0.5108480346566731,5.583180792058719,56.61538461538461
maxent_53_40,MaxEnt,40,303,0.189375,2.0,0.075,0.075,0.85,5,0.0,0.825,1.0,7.575,0.6630296503681945,0.6868639867723655,11.147236420112275,5.817680519073877,0.4571943910487506,10.95931411426741,1.8830111902339777,0.9342159963270529,0.435625,0.260625,0.390625,0.368125,18.45244608880955,0.85,324,0.31783715441809224,0.48633279454823947,3.25563313461168,9.458710872001898
ltm_54_40,LTM,40,267,0.166875,3.0,0.225,0.15,0.625,4,0.075,0.7,1.096774193548387,6.675,0.784259105552459,0.6947669729907398,3.3931591811606823,5.710354061291282,0.5342143846175482,11.211036281083421,1.4955947136563876,1.0315650646635173,0.624375,0.47125,0.264375,0.33625,6.878525124569755,0.0,17,0.7393584022420423,0.543543566379749,0.9924493271068391,2.5472266332148146
atn_54_40,ATN,40,235,0.146875,4.0,0.2,0.025,0.775,5,0.075,0.725,1.21875,5.875,0.8114627243963213,0.5706669417758222,3.1437203241780804,5.817252173913044,0.4219292737090321,9.573245865665552,1.820754716981132,0.9634472817767625,0.583125,0.25625,0.23875,0.37875,10.14550673772774,0.0,0,0.8002437116024073,0.43358437121014515,0.8596963853523604,2.05729384326227
adbm_54_40,ADBM,40,200,0.125,2.0,0.2,0.175,0.625,7,0.125,0.4,1.03125,5.0,1.5890651985139583,0.816496580927726,3.764065424208257,5.404725609756097,0.8760264552408538,7.179307969504034,1.268,1.6423872556239278,0.060625,0.41375,0.039375,0.605625,1.931066737158892,0.0,0,0.6865335521296274,0.6383700244209224,1.5545794651955647,3.960084750130106
niche_54_40,Niche,40,103,0.064375,3.0,0.4,0.425,0.175,4,0.125,0.4,0.9583333333333334,2.575,1.3420804509138895,0.9629248906727417,2.09432837995338,2.659090909090909,0.954278560802073,5.393627546352362,1.5405405405405406,1.3864759628683987,0.0925,0.008125,0.1175,0.188125,3.2507468334570233,0.0,0,0.6258950771450772,0.06297244422244422,0.7704988275184318,1.1272246205499048
cascade_54_40,Cascade,40,81,0.050625,3.0,0.2,0.3,0.5,5,0.175,0.525,0.875,2.025,0.891049395051531,0.8625226840111051,2.6606327160493826,3.6538461538461537,1.146017969078238,4.867534450455582,1.72,1.0427794403365878,0.074375,0.005625,0.0575,0.06,2.27873875312139,0.0,72,0.26632936507936505,0.08997493734335839,0.639185219178021,1.1234279087356716
random_54_40,Random,40,93,0.058125,1.0,0.125,0.1,0.775,8,0.0,0.7,1.0285714285714285,2.325,0.6112782525732536,0.6415670490398406,11.40413354149074,5.357142857142857,0.9588683806594999,4.836281906951478,1.9695817490494296,0.9319420575276337,0.1175,0.005625,0.055625,0.05375,3.3433954902283674,0.725,104,0.22650217837717843,0.07433862433862433,3.54363617555065,19.590493212224438
maxent_54_40,MaxEnt,40,62,0.03875,3.0,0.325,0.375,0.3,8,0.1,0.375,0.9259259259259259,1.55,1.0631241368913824,1.0928260568465105,2.5686597222222223,3.6228070175438596,1.3592706977216977,4.736198448394496,1.2941176470588236,1.4149868875315146,0.039375,0.005625,0.0375,0.03625,2.1790813693445727,0.05,28,0.2738347763347764,0.16375661375661377,0.8402593232370221,1.734590712596945
ltm_55_40,LTM,40,196,0.1225,3.0,0.275,0.075,0.65,4,0.05,0.675,1.2758620689655173,4.9,0.8899312903807197,0.7492026325555722,3.2184956083683596,5.619183285849952,0.68238681019386,9.444305161921976,1.587012987012987,1.122758151606953,0.21875,0.129375,0.158125,0.219375,6.735071224034174,0.475,25,0.5820683858275899,0.4939955931977842,1.395837562521329,2.5701057827891987
atn_55_40,ATN,40,214,0.13375,4.0,0.175,0.1,0.725,5,0.125,0.7,1.0909090909090908,5.35,0.7013578081632874,0.48177872833116986,3.144911408790397,5.847120320667589,0.425040157816893,10.661040432913284,1.851153039832285,0.8198989441771394,0.5375,0.16,0.211875,0.3025,3.6368083361476926,0.0,0,0.8449193106729872,0.3378643333790393,0.8546776184125797,1.8277100713137475
adbm_55_40,ADBM,40,292,0.1825,3.0,0.175,0.225,0.6,3,0.175,0.475,0.9393939393939394,7.3,1.3390277331689198,0.769428019611854,2.8842875944009188,5.293448306516135,0.923954521444794,9.328034514792826,1.1467065868263473,1.2965265835398894,0.063125,0.811875,0.1475,0.9275,2.1109900383743887,0.0,0,0.8621144947007015,0.6775247590489146,1.0150439112941592,1.286079235919287
niche_55_40,Niche,40,358,0.22375,3.0,0.1,0.15,0.75,3,0.075,0.775,0.9444444444444444,8.95,0.9296479171579743,0.94230188838711,3.0397827797597605,5.05185621685327,0.9870199114431119,9.046055177668327,1.1857798165137614,0.8855075080618032,0.174375,0.883125,0.873125,0.85,4.854183450754204,0.0,2,0.7923744501226808,0.5530001486666196,0.8302721778064139,0.8035519509239305
cascade_55_40,Cascade,40,373,0.233125,3.0,0.05,0.025,0.925,4,0.05,0.9,1.0263157894736843,9.325,0.67404434207348,0.6454392272731007,3.7554860117867683,5.596492367651835,0.6751693250613361,9.641798060358601,1.3661485319516407,0.27210856521153476,0.675625,0.65375,0.758125,0.798125,6.376018918583569,0.0,255,0.42360176616769685,0.4659915849357564,0.9375018031452323,0.9134561005208386
random_55_40,Random,40,365,0.228125,1.0,0.0,0.0,1.0,3,0.0,1.0,1.0,9.125,0.2731987666505448,0.2820720586571781,-6.113433380356088e16,NaN,NaN,0.0,1.8068085106382978,0.35941881330441056,0.626875,0.17875,0.315625,0.311875,5.666409340398192,1.0,656,0.2675202036289749,0.3943968217884627,15.38946446236373,224.82051282051282
maxent_55_40,MaxEnt,40,250,0.15625,3.0,0.075,0.1,0.825,5,0.025,0.825,0.972972972972973,6.25,0.870908750261502,0.6795473606634165,12.121275494601452,5.728074727555787,0.5712366732573055,9.643161210094203,1.8183254344391786,1.0209698757453558,0.27875,0.168125,0.2675,0.37625,5.7845212357022175,0.8,261,0.3158886364874737,0.4000062813433557,3.8385211200159484,15.80409953146536
ltm_56_40,LTM,40,110,0.06875,3.0,0.525,0.225,0.25,3,0.075,0.375,1.631578947368421,2.75,1.5531823792731472,0.9086245890247864,2.0230793465968513,3.3076923076923075,1.2804983847550624,3.6635616461296463,1.372093023255814,1.7852495384087461,0.088125,0.035625,0.07625,0.205,6.008671432806685,0.2,4,0.5583157341884123,0.3765125615125615,1.102627129399751,1.4229465853144827
atn_56_40,ATN,40,211,0.131875,3.0,0.275,0.075,0.65,5,0.05,0.675,1.2758620689655173,5.275,0.7833830955640243,0.5275100370756985,2.706345998142253,5.769694002447981,0.5040300079351465,9.924514919728203,1.8292134831460674,0.8994308033447576,0.465625,0.201875,0.174375,0.288125,8.252258550846713,0.0,0,0.7764559201100123,0.4284096579375217,0.9529960230228626,1.49325201996767
adbm_56_40,ADBM,40,266,0.16625,3.0,0.275,0.15,0.575,3,0.225,0.4,1.1724137931034482,6.65,1.3755020526173745,0.8435018301901417,2.356574236245227,5.250757575757576,0.9302229983258395,8.571681376700306,1.0736842105263158,1.391282226312226,0.039375,0.70625,0.146875,0.783125,2.1254119820647417,0.0,0,0.7383588250226552,0.603017036613104,0.8747204342946792,0.9890397274548755
niche_56_40,Niche,40,484,0.3025,2.0,0.075,0.075,0.85,3,0.025,0.875,1.0,12.1,0.8675516131512083,0.5879114174310363,4.034180503969834,5.647701307369165,0.6191986724103916,11.754733741513594,1.1640759930915372,0.6030284975874461,0.57,1.779375,0.51625,1.2425,5.469241760670659,0.0,20,0.8233506776528141,0.7074625213233511,0.9725051078981573,1.4378614138498322
cascade_56_40,Cascade,40,431,0.269375,3.0,0.05,0.075,0.875,3,0.05,0.85,0.9736842105263158,10.775,0.6550644391804252,0.5863963214939227,3.921146852710617,5.677469213370194,0.5981768408982446,11.28451808398092,1.3485540334855404,0.274789395096086,0.889375,1.02625,0.776875,0.8975,7.641352244391203,0.0,247,0.47337787242330903,0.5416542024746864,0.9668728990731391,1.0426385000040117
random_56_40,Random,40,426,0.26625,1.0,0.0,0.0,1.0,3,0.0,1.0,1.0,10.65,0.21108695779774742,0.31792188418336936,5.258252937766161e16,NaN,NaN,0.0,1.802591463414634,0.36718666958239116,0.761875,0.26875,0.4075,0.368125,4.638690859995083,1.0,645,0.30298719282638736,0.46936977496748317,12.666357792132269,333.12820512820514
maxent_56_40,MaxEnt,40,233,0.145625,3.0,0.15,0.125,0.725,7,0.05,0.725,1.0294117647058822,5.825,0.9288851749585983,0.8337053094406542,5.364061438748459,5.659784682474789,0.6548107868555559,9.593968785475173,1.759927797833935,1.0985955148517899,0.26625,0.19625,0.329375,0.411875,4.785554028222574,0.675,211,0.32436772014388054,0.4456782382196477,2.191396482305191,5.241189882712309
ltm_57_40,LTM,40,273,0.170625,2.0,0.275,0.05,0.675,7,0.0,0.7,1.3103448275862069,6.825,0.8300957257515454,0.5106826589239184,4.324348612151963,NaN,NaN,0.0,1.6533546325878594,1.0630901451842527,0.47375,0.17375,0.17125,0.366875,12.616371736245663,0.725,66,0.6166154621540947,0.44305509305836965,1.820657598938335,4.6603268391893
atn_57_40,ATN,40,180,0.1125,4.0,0.275,0.075,0.65,6,0.025,0.7,1.2758620689655173,4.5,0.7081133393917258,0.5156616454358413,3.0887055676590087,5.780923994038748,0.49975294889558974,9.07371849443322,2.0701754385964914,0.9224435940671479,0.398125,0.12875,0.13375,0.191875,6.562925255749123,0.0,0,0.8288567723126548,0.34591747284054986,1.099201112351758,2.3012273319956758
adbm_57_40,ADBM,40,195,0.121875,2.0,0.275,0.15,0.575,6,0.075,0.3,1.1724137931034482,4.875,1.5788261635855394,0.9211024247237892,3.1988748931110043,5.334087481146304,1.042855023789577,7.189922170745808,1.0892018779342723,1.6526543927625732,0.03625,0.38125,0.100625,0.576875,2.1917950680794585,0.0,0,0.7104947377501725,0.5413010168764645,1.304361687394967,2.651405395705342
niche_57_40,Niche,40,422,0.26375,2.0,0.1,0.025,0.875,3,0.1,0.8,1.0833333333333333,10.55,0.8532020815147737,0.600232803753083,3.2734988870990107,5.649688985429567,0.6123917334631136,11.168983398507928,1.25,0.6205566273273122,0.62875,1.2,0.548125,1.046875,6.557593352285143,0.0,18,0.8047759687755549,0.6260139145945272,0.8211051662314329,1.2173628333967272
cascade_57_40,Cascade,40,436,0.2725,2.0,0.05,0.05,0.9,3,0.05,0.85,1.0,10.9,0.6183352911858638,0.6214685906929703,3.8219898830207057,5.707430053733556,0.5701854864107433,11.2326558522339,1.3203125,0.28577008395762005,0.90125,1.074375,0.83375,0.828125,7.422360094894605,0.0,231,0.4767160641162492,0.5583742912225549,0.9225016742755466,0.9958414643614003
random_57_40,Random,40,405,0.253125,1.0,0.0,0.0,1.0,3,0.0,1.0,1.0,10.125,0.2015265391027698,0.2839574988499567,-9.225513424691176e16,NaN,NaN,0.0,1.7884012539184952,0.37207584540887767,0.775,0.27,0.41,0.359375,3.186528877508194,1.0,677,0.27733581553125386,0.4653358996132416,18.636284799044876,262.56410256410254
maxent_57_40,MaxEnt,40,243,0.151875,3.0,0.075,0.175,0.75,6,0.0,0.825,0.8918918918918919,6.075,0.7251115161266439,0.9773209921598417,9.107069470950943,5.714462166371301,0.5977398955555727,9.832045255081763,1.865558912386707,1.0973198244635138,0.301875,0.206875,0.4775,0.29,8.663023455019358,0.725,247,0.3621669657284595,0.44298992148426797,3.0894944450374946,6.750531190626198
ltm_58_40,LTM,40,81,0.050625,3.0,0.45,0.375,0.175,4,0.1,0.35,1.1363636363636365,2.025,1.2069723722034473,1.2823302898307196,1.9337179301697536,3.9903846153846154,1.3784878637485722,5.7430031878094825,1.290909090909091,1.624229640419121,0.0475,0.031875,0.07625,0.066875,3.58596417026676,0.0,1,0.4797754329004329,0.3956564012119568,0.556412311247028,0.8878099289580142
atn_58_40,ATN,40,203,0.126875,3.0,0.3,0.05,0.65,5,0.05,0.65,1.3571428571428572,5.075,0.783601089004518,0.5095239784533513,2.567831823790274,5.86659907773817,0.4012530102332994,10.328003371335093,1.7455919395465995,0.6804634765124958,0.335625,0.179375,0.160625,0.271875,11.22471680442192,0.0,2,0.8042881505749154,0.45219037906537907,0.8836085487814829,1.5804968058622972
adbm_58_40,ADBM,40,170,0.10625,2.0,0.275,0.275,0.45,5,0.15,0.35,1.0,4.25,1.545913987798198,1.0259692492291206,2.9086981415229545,4.656521739130435,1.1330522327872943,7.517520850603031,1.0819672131147542,1.7445810748165613,0.016875,0.346875,0.0575,0.351875,1.6340723040087675,0.0,0,0.7384208727177162,0.6069731330200437,1.426201557708837,2.164543868583691
niche_58_40,Niche,40,147,0.091875,2.0,0.175,0.3,0.525,6,0.05,0.65,0.8484848484848485,3.675,1.0038425091666459,1.0768395038341225,3.542320005886971,4.672530446549391,1.2808535687527505,6.6052979209482015,1.4782608695652173,1.187774462874401,0.145,0.068125,0.245625,0.220625,4.108835208571329,0.0,0,0.6351001939237234,0.2171654416752456,1.1855422009580823,1.949529951896191
cascade_58_40,Cascade,40,167,0.104375,3.0,0.1,0.15,0.75,5,0.05,0.8,0.9444444444444444,4.175,0.7193557220697545,0.7858135294023676,3.2351061129842975,4.871621621621622,1.1015484277214274,7.194436851100335,1.5454545454545454,0.6610929755253803,0.234375,0.053125,0.24375,0.2225,5.719906120499093,0.0,196,0.28263857809716936,0.18647886835386834,0.8913667056561184,1.055726166417494
random_58_40,Random,40,161,0.100625,2.0,0.025,0.0,0.975,6,0.0,0.9,1.0256410256410255,4.025,0.5381429928375894,0.430277204849582,26.473472053290504,NaN,NaN,0.0,2.2958579881656807,0.6005842990938303,0.2675,0.031875,0.134375,0.155,7.855831095640282,0.975,317,0.19984992303877752,0.16942474192474194,4.98341227520046,24.37145281133076
maxent_58_40,MaxEnt,40,130,0.08125,4.0,0.2,0.3,0.5,7,0.0,0.65,0.875,3.25,0.8889141755367537,1.240102677313732,4.900751567155494,5.2328838174273855,1.0249698227296946,7.564238475170491,1.8206896551724139,1.3987878663575235,0.09125,0.03375,0.194375,0.130625,5.1908450438653055,0.45,125,0.2869656416331608,0.24385532433778045,2.042406120699402,4.93738860831432
ltm_59_40,LTM,40,193,0.120625,3.0,0.2,0.2,0.6,4,0.025,0.575,1.0,4.825,0.8601660505470314,0.9135672353534648,1.7647129239868938e16,5.669744020142677,0.6273546168404002,8.874727765766853,1.6567505720823799,1.3655628196061358,0.224375,0.08875,0.180625,0.163125,5.41960757156688,0.55,16,0.5658105411810487,0.5205672900848339,7.948330696074108e15,1.1511564342126812e32
atn_59_40,ATN,40,219,0.136875,2.0,0.225,0.075,0.7,5,0.025,0.75,1.1935483870967742,5.475,0.6783668549166042,0.5231685116024052,3.41574682443519,5.859797782860285,0.3870628779034045,11.289944400454324,1.4390934844192635,0.6858441408408616,0.44375,0.209375,0.196875,0.265,8.256062627342322,0.0,0,0.898665837838632,0.4589665399959517,0.8954639754609589,2.9562300195614704
adbm_59_40,ADBM,40,330,0.20625,2.0,0.225,0.175,0.6,4,0.075,0.525,1.064516129032258,8.25,1.1596246568305388,0.8674753482296814,3.3653053189057167,5.459676609420508,0.8722693233555154,9.206031100388085,1.06,1.1882656395592057,0.05125,1.081875,0.29,0.78125,3.4753071042730093,0.0,0,0.7684294931600967,0.6542530264437039,1.2066134674169804,2.2501924589784448
niche_59_40,Niche,40,413,0.258125,2.0,0.1,0.075,0.825,3,0.025,0.75,1.0277777777777777,10.325,0.9581332586319736,0.7311818255652174,3.4226220496723463,5.315024472240075,0.8576833269654978,9.914773624553096,1.1696969696969697,0.7793219833215417,0.346875,1.22,0.678125,1.17625,5.954252040400903,0.0,0,0.7726210624623916,0.6245594641469177,0.8639848849545063,1.0822572671188808
cascade_59_40,Cascade,40,430,0.26875,3.0,0.05,0.05,0.9,4,0.05,0.875,1.0,10.75,0.6593740725890908,0.6563385748050161,3.677406225143431,5.596568080357143,0.6724453570936801,10.486819867088867,1.3322932917316692,0.26310949997638977,0.756875,1.010625,0.90625,0.911875,7.212544033986796,0.0,231,0.4837345910363827,0.5441160705850767,0.8628330015969633,0.8646512452539395
random_59_40,Random,40,397,0.248125,1.0,0.0,0.0,1.0,3,0.0,1.0,1.0,9.925,0.2722626775957162,0.3047434560137939,2.2734949200640605e17,NaN,NaN,0.0,1.8167456556082149,0.3942400276817331,0.771875,0.2725,0.394375,0.3825,5.07863776361989,1.0,664,0.280209897386671,0.4475577823710816,55.107977360503284,3912.2051282051284
maxent_59_40,MaxEnt,40,266,0.16625,3.0,0.075,0.05,0.875,6,0.0,0.8,1.027027027027027,6.65,0.8282411010807966,0.8112656971188895,13.5687330653359,5.751219512195122,0.5471615030316506,8.367532416861831,1.8321479374110954,1.0721157983941647,0.295,0.2225,0.3375,0.405,6.949161429357569,0.875,279,0.3240340303190422,0.4327458975108001,3.8324161370547256,14.627710109795913
ltm_60_40,LTM,40,364,0.2275,3.0,0.175,0.0,0.825,8,0.0,0.825,1.2121212121212122,9.1,0.6033316283610701,0.3499890408964429,5.452426840114539,NaN,NaN,0.0,1.8630136986301369,0.6466324853689432,0.51125,0.326875,0.250625,0.335,3.6523055644469595,0.825,112,0.7325156747201524,0.49036005850575437,2.0092038750401637,4.4533172359152315
atn_60_40,ATN,40,212,0.1325,2.0,0.225,0.05,0.725,5,0.125,0.65,1.2258064516129032,5.3,0.7452233078540189,0.502297302932504,3.0310566689184286,5.818922431027589,0.44774169020509735,10.597034653117401,2.167924528301887,0.6406266158647008,0.3725,0.19375,0.1775,0.28125,4.325515137339085,0.0,1,0.8995901649520072,0.4082113719613719,0.8371041337894352,2.250075717235746
adbm_60_40,ADBM,40,231,0.144375,2.0,0.225,0.3,0.475,5,0.125,0.425,0.9032258064516129,5.775,1.3432904886497443,0.9799244202196302,3.42614048582996,4.969368520263902,1.0045873930239004,8.353261499733874,1.105058365758755,1.5146344835612793,0.03125,0.61125,0.12375,0.466875,1.8156719952215925,0.0,0,0.8086156779125213,0.6307966333706676,1.3133293043346284,2.7732976678998456
niche_60_40,Niche,40,321,0.200625,3.0,0.125,0.225,0.65,3,0.025,0.775,0.8857142857142857,8.025,1.0097766523271132,0.6862943740839352,3.8407118409257386,5.384229779162715,0.8258911271258556,10.005276698438163,1.3869047619047619,0.9029777069257479,0.425625,0.654375,0.42,0.850625,7.70795400300746,0.0,0,0.7324286938769139,0.5254541949737125,1.163811404757214,1.9752535455272153
cascade_60_40,Cascade,40,392,0.245,3.0,0.05,0.025,0.925,4,0.05,0.875,1.0263157894736843,9.8,0.6698043400021138,0.62013062177297,3.981576171045563,5.64950094911518,0.6322494291378589,9.700820421076743,1.3821656050955413,0.316668170197668,0.75375,0.789375,0.73875,0.81375,7.382867713088715,0.0,254,0.4170356361763828,0.5069888445784935,0.9810848772125853,1.005768847856317
random_60_40,Random,40,380,0.2375,1.0,0.0,0.0,1.0,3,0.0,1.0,1.0,9.5,0.28901325178258697,0.35276147223954596,3.6875044230666904e16,NaN,NaN,0.0,1.890168970814132,0.4388932868944988,0.731875,0.2475,0.4025,0.378125,5.800354895224438,1.0,631,0.2696526246691566,0.4335810576330835,10.80107207154627,262.56410256410254
maxent_60_40,MaxEnt,40,234,0.14625,4.0,0.1,0.075,0.825,6,0.0,0.825,1.0277777777777777,5.85,0.7511698604573045,0.9681838687892325,9.97248377622659,5.771928125151354,0.5201085560453454,9.93532530938488,1.8726415094339623,1.298499210718142,0.261875,0.145625,0.33625,0.233125,6.639804882442303,0.775,261,0.3065048953822382,0.5076889942548432,3.2760972423099473,11.088326956054559
ltm_61_40,LTM,40,45,0.028125,4.0,0.575,0.425,0.0,5,0.15,0.25,1.3529411764705883,1.125,1.368019852166905,1.1241401342665511,1.721232638888889,3.634782608695652,1.3398771531971883,4.74493212836325,1.5068493150684932,1.8856180831641265,0.03125,0.006875,0.014375,0.02375,5.064464859943281,0.0,0,0.4394047619047619,0.20124716553287983,0.7422712936217171,0.875824240561304
atn_61_40,ATN,40,189,0.118125,5.0,0.275,0.15,0.575,5,0.075,0.65,1.1724137931034482,4.725,0.6811505763816726,0.5422064249115096,2.9115175482435,5.792216368106779,0.47413334200126717,11.17289691214624,1.970401691331924,0.8940036705243404,0.43375,0.135625,0.164375,0.210625,4.54737843889176,0.0,0,0.8192370599172071,0.36890843075053603,0.9381374151867242,2.034756174684066
adbm_61_40,ADBM,40,299,0.186875,2.0,0.25,0.25,0.5,6,0.075,0.475,1.0,7.475,1.2545904484275212,0.8685685580167289,4.268894903295972,4.660893345487693,1.1110201269896325,8.609772372709331,1.0900621118012421,1.283147743492732,0.0375,0.895,0.22375,0.781875,3.334833497847555,0.0,0,0.734824815317102,0.6324426455026925,1.9796803799398741,4.988059187531075
niche_61_40,Niche,40,501,0.313125,2.0,0.125,0.025,0.85,3,0.025,0.825,1.1142857142857143,12.525,0.7977862399547255,0.6338386130906443,3.445751074453825,5.670240852823233,0.5935538775645052,11.986647173584375,1.1037567084078712,0.5980034590362957,0.6725,1.948125,0.624375,1.073125,8.434577482954833,0.0,0,0.8283835164021778,0.745821518060048,0.8830979902796291,1.4044673088251731
cascade_61_40,Cascade,40,460,0.2875,3.0,0.05,0.025,0.925,4,0.05,0.9,1.0263157894736843,11.5,0.6715443682255611,0.5861404790159108,3.806067792134243,5.6965190731432624,0.58046755459019,10.777851513182249,1.3357664233576643,0.25599306858921295,0.855625,1.275625,0.7875,0.960625,9.569226882696885,0.0,230,0.49504264979937507,0.5946761425458483,0.9060194916363656,0.9996387882620774
random_61_40,Random,40,466,0.29125,1.0,0.0,0.0,1.0,3,0.0,1.0,1.0,11.65,0.22714470699874506,0.23850481377064978,1.8670387347079958e17,NaN,NaN,0.0,1.763676148796499,0.3282702527545409,0.831875,0.35125,0.41875,0.418125,3.1733845507231315,1.0,679,0.30552892779221297,0.512796252649177,39.08354647610954,1732.923076923077
maxent_61_40,MaxEnt,40,355,0.221875,2.0,0.15,0.075,0.775,5,0.025,0.775,1.088235294117647,8.875,0.7582995346317358,0.7099657695651186,10.040996052229051,5.859464499800186,0.39716842552415266,11.56264852718826,1.7113163972286374,1.1074546863317432,0.385625,0.36875,0.35125,0.3875,11.38474869187779,0.775,247,0.35495244520508323,0.6317744786919641,3.3870806507511233,17.928153390730223
ltm_62_40,LTM,40,517,0.323125,3.0,0.125,0.0,0.875,3,0.0,0.875,1.1428571428571428,12.925,0.5139243421619545,0.30010480277289986,7.8389616384163645,NaN,NaN,0.0,1.6026490066225165,0.5732652550202769,0.78375,0.405625,0.3325,0.528125,2.882748415005139,0.875,13,0.8069493381097697,0.6448653248495422,2.592580406981138,7.108052559933497
atn_62_40,ATN,40,208,0.13,4.0,0.2,0.125,0.675,4,0.075,0.725,1.09375,5.2,0.6192555767018055,0.519312945502429,3.440396640183084,5.845029454181027,0.398770023845101,11.312301435085889,1.8220338983050848,0.8642058594813082,0.519375,0.1875,0.174375,0.211875,8.435843613065828,0.0,0,0.8112525823419785,0.42846271199450525,0.8722985912594413,2.642783667334237
adbm_62_40,ADBM,40,308,0.1925,2.0,0.2,0.2,0.6,6,0.075,0.525,1.0,7.7,1.2004816726427152,0.8675639723811379,5.222911636668665,4.163677130044843,1.1586318506959825,6.79346613258001,1.189265536723164,1.2421242738566383,0.06125,0.950625,0.238125,0.735625,3.1671911633662546,0.0,0,0.6973185463773699,0.6390365042723052,1.9087699747776974,7.096335994804954
niche_62_40,Niche,40,98,0.06125,4.0,0.4,0.2,0.4,4,0.2,0.375,1.3333333333333333,2.45,1.3770324818192268,0.7948509527174578,1.950512706429373,3.038216560509554,1.102941000342635,5.056245805348308,1.323943661971831,1.3130376853445673,0.076875,0.014375,0.07625,0.16875,3.5382609721632137,0.0,16,0.5738179181929182,0.18807673807673808,0.6493872694466163,0.7665718534867914
cascade_62_40,Cascade,40,106,0.06625,3.0,0.275,0.25,0.475,5,0.1,0.6,1.0344827586206897,2.65,0.8737734391722977,0.8984960947925885,2.275611111111111,4.157303370786517,1.3376361441684317,5.87493073085203,1.6634615384615385,0.87648540814041,0.08875,0.018125,0.105625,0.101875,4.874011980226166,0.0,110,0.2782620157620158,0.1587852206273259,0.7447793080369137,0.7820796749366888
random_62_40,Random,40,107,0.066875,1.0,0.025,0.1,0.875,9,0.0,0.8,0.9230769230769231,2.675,0.5312979204608653,0.7000793568485,60.21530852610457,5.411764705882353,0.939336436627724,2.833213344056216,1.9024390243902438,0.8188055993192682,0.134375,0.01875,0.076875,0.05875,4.051377916813202,0.625,162,0.20910173160173162,0.20760233918128654,9.027909700512694,143.20504960039858
maxent_62_40,MaxEnt,40,104,0.065,4.0,0.275,0.35,0.375,7,0.025,0.6,0.896551724137931,2.6,1.0074822492114208,1.1743736164388703,3.9290950646670986,5.193809874723655,1.065006544687356,7.213031659834869,1.8285714285714285,1.5487819519933106,0.086875,0.025625,0.111875,0.085,4.057598427923439,0.375,99,0.2585829118636781,0.26283497647134013,1.821991017942737,4.22840334037444
ltm_63_40,LTM,40,428,0.2675,3.0,0.225,0.0,0.775,4,0.0,0.775,1.2903225806451613,10.7,0.7575431607112083,0.3763395397366923,5.650434922515549,NaN,NaN,0.0,1.6790744466800804,0.8069585898451795,0.493125,0.45125,0.29625,0.711875,8.127034319603808,0.775,97,0.7076262237019109,0.556378154643092,2.381925390476013,6.605787782464883
atn_63_40,ATN,40,237,0.148125,4.0,0.2,0.1,0.7,5,0.025,0.775,1.125,5.925,0.6411309464214323,0.43475091071379024,3.1914709027844888,5.7046346277316715,0.5489697039286617,11.339833187054728,1.8389662027833003,0.6959352838823143,0.610625,0.2175,0.228125,0.323125,9.122689174768798,0.0,0,0.8338731827383142,0.39913336792206755,0.9286659375537476,1.9201315199322249
adbm_63_40,ADBM,40,286,0.17875,3.0,0.2,0.125,0.675,5,0.125,0.45,1.09375,7.15,1.3057006654344558,0.8322891198304391,3.5964767682459993,4.858728837080211,1.0534168748318051,8.189522110748094,1.1174603174603175,1.3078692064348303,0.03875,0.81125,0.17,0.800625,2.3544402048938915,0.0,0,0.7251041465844098,0.6061851561572379,1.5315022607215691,2.8953162300041826
niche_63_40,Niche,40,332,0.2075,3.0,0.1,0.125,0.775,4,0.075,0.725,0.9722222222222222,8.3,0.8507117088759688,0.6246735397301139,3.776018053842024,5.490772615504077,0.7509284073997974,10.561913880367685,1.3616600790513833,0.689043847749148,0.5775,0.608125,0.476875,0.756875,6.122541359966968,0.0,0,0.7644602634918028,0.517999158554213,1.0502229970324473,1.7528698197367787
cascade_63_40,Cascade,40,265,0.165625,1.0,0.075,0.1,0.825,3,0.05,0.85,0.972972972972973,6.625,0.6140275861033271,0.6437537224320278,3.5644182150902717,5.54850417949846,0.709270303247591,9.808297365532379,1.536723163841808,0.4360711049802944,0.540625,0.235,0.4525,0.4325,7.3381339873172235,0.0,298,0.3433591360567064,0.3322370538817908,0.8582788211337768,1.1445821554978453
random_63_40,Random,40,278,0.17375,1.0,0.0,0.0,1.0,4,0.0,1.0,1.0,6.95,0.3508595210660124,0.30383141966641575,4.611448041874155e16,NaN,NaN,0.0,2.1224152191894126,0.47419925530406987,0.50625,0.091875,0.259375,0.260625,6.6445446828358925,1.0,573,0.2504191508868282,0.304069733371204,10.804675247051371,211.69230769230768
maxent_63_40,MaxEnt,40,165,0.103125,3.0,0.225,0.2,0.575,6,0.05,0.625,1.032258064516129,4.125,0.9854011956914108,0.9479893500323285,4.336027703301572,5.608457142857143,0.6971696413165571,9.482274087459825,1.8078817733990147,1.5042028661807094,0.183125,0.06875,0.165625,0.1725,8.241210818807303,0.45,160,0.28005336564450345,0.36519387403675335,1.8353300318317591,4.419213393881566
ltm_64_40,LTM,40,306,0.19125,3.0,0.225,0.025,0.75,8,0.0,0.775,1.2580645161290323,7.65,0.7187561620560496,0.5182889138202261,4.1900405709838555,5.788650521651866,0.48652440552615345,10.874512651510335,1.6933962264150944,0.8822194810587115,0.56,0.29875,0.210625,0.354375,4.204572474731899,0.725,143,0.6577411662498822,0.5680392921635662,1.6444539773285554,3.265734082086983
atn_64_40,ATN,40,202,0.12625,6.0,0.225,0.1,0.675,5,0.075,0.7,1.1612903225806452,5.05,0.8170105276296612,0.5228545866718946,3.321494780295487,5.8474565480359075,0.4832944565310204,9.661861751843032,1.890547263681592,0.6338537413946578,0.300625,0.169375,0.17125,0.29375,6.322895355133727,0.0,0,0.8276796120546119,0.39990308836462685,1.4419641165454011,2.4010928375959586
adbm_64_40,ADBM,40,249,0.155625,2.0,0.225,0.2,0.575,7,0.025,0.4,1.032258064516129,6.225,1.3516354628348055,0.9163362633631164,5.122837717837718,2.780392156862745,1.0072609635824974,5.541263545158426,1.1258992805755397,1.3956928944985325,0.030625,0.59875,0.204375,0.670625,2.544230157601252,0.0,0,0.7147769797711747,0.5669064665584267,2.520359612334098,7.331363696621027
niche_64_40,Niche,40,499,0.311875,2.0,0.15,0.05,0.8,2,0.1,0.75,1.1176470588235294,12.475,0.8669690476880201,0.6936121766740403,2.684818798606895,5.443532636935371,0.7701517535148954,10.929726261557809,1.086080586080586,0.6179800994766065,0.343125,1.93375,0.768125,1.28125,4.8739406342351606,0.0,0,0.8334578873218771,0.6987926793896798,0.7626252448290325,0.7389396391105065
cascade_64_40,Cascade,40,477,0.298125,3.0,0.025,0.025,0.95,3,0.025,0.925,1.0,11.925,0.6590334015308562,0.5795481303681664,4.330334690449106,5.723489182788259,0.5541557707871355,10.534200662714523,1.2906110283159464,0.23760241065920334,0.92375,1.394375,0.81625,0.986875,6.4618404814083465,0.0,226,0.5060569908784885,0.6059528194417856,0.9028858455211582,1.020145679084025
random_64_40,Random,40,468,0.2925,1.0,0.0,0.0,1.0,3,0.0,1.0,1.0,11.7,0.2348284640842003,0.24421276696860197,3.3541235655657236e16,NaN,NaN,0.0,1.7288011695906433,0.3681553481757823,0.761875,0.2775,0.364375,0.35625,4.8267571035287435,1.0,679,0.30004554328053945,0.4953641551940281,7.774052832075264,37.333333333333336
maxent_64_40,MaxEnt,40,388,0.2425,2.0,0.05,0.0,0.95,5,0.0,0.85,1.0526315789473684,9.7,0.6775144754827894,0.6043842966475258,24.314701058999283,NaN,NaN,0.0,1.8481123792800702,0.9323180095425435,0.494375,0.351875,0.385625,0.464375,8.685915026220142,0.95,335,0.3591242886342373,0.5655758285263353,4.9060420423530795,31.830836445371258
ltm_65_40,LTM,40,323,0.201875,3.0,0.15,0.025,0.825,5,0.0,0.8,1.1470588235294117,8.075,0.5918466250281424,0.4916808171875998,5.746763937841616,5.773726090283091,0.5038086239952853,11.087512719052368,1.6059743954480796,0.6508084429756271,0.720625,0.350625,0.35875,0.4225,10.57225824703944,0.75,135,0.6850500916839197,0.47406848543143937,2.003270887307262,4.479658642727755
atn_65_40,ATN,40,247,0.154375,2.0,0.125,0.05,0.825,5,0.05,0.825,1.0857142857142856,6.175,0.5499565649361394,0.5013440437383515,3.82415166719787,5.873170618208893,0.40396992915191593,10.668466903290184,1.9515570934256055,0.651448104315459,0.605,0.288125,0.228125,0.251875,4.750552348271459,0.0,0,0.8620314195178747,0.45483688072399675,0.9888613535900364,2.4539464029249203
adbm_65_40,ADBM,40,339,0.211875,2.0,0.1,0.05,0.85,6,0.025,0.525,1.0555555555555556,8.475,1.172957931215514,0.806047621499218,5.270201967930285,5.200841219768664,0.8892378356190015,8.46695197497949,1.1688311688311688,1.1483401689279817,0.04875,1.128125,0.2325,0.868125,3.2450901074291134,0.0,0,0.7941700606915794,0.647002066735358,1.6055745051025003,3.5824506454657623
niche_65_40,Niche,40,342,0.21375,2.0,0.175,0.025,0.8,3,0.1,0.625,1.1818181818181819,8.55,1.0810544305258776,0.6306508122300079,2.841778657092493,5.333687378297044,0.8315713410562035,9.332380997885208,1.2252873563218392,0.8687250596654851,0.385625,0.71875,0.4425,1.129375,4.586405467904997,0.0,0,0.7455373549856378,0.5765058425868623,0.7985707739714364,1.0961444258300805
cascade_65_40,Cascade,40,295,0.184375,3.0,0.025,0.05,0.925,4,0.025,0.925,0.9743589743589743,7.375,0.6123386042729124,0.7133322339406488,4.255377619802904,5.58131222874649,0.6823170127188589,8.966228514225776,1.5266903914590748,0.4184899962289442,0.5525,0.3375,0.5875,0.49875,7.259797839685253,0.0,286,0.33971512231914675,0.38087799305098063,0.9245192486045247,0.9729500645156713
random_65_40,Random,40,294,0.18375,1.0,0.0,0.0,1.0,4,0.0,0.975,1.0,7.35,0.39881140663136055,0.31200617373682416,5.423700257727302e16,NaN,NaN,0.0,2.059301380991064,0.5055136453465022,0.534375,0.12625,0.275,0.284375,6.088374024007376,1.0,568,0.2502109570747807,0.35079425068395664,12.205440963588586,374.15384615384613
maxent_65_40,MaxEnt,40,271,0.169375,3.0,0.1,0.075,0.825,6,0.0,0.85,1.0277777777777777,6.775,0.7432776151459274,0.736482481747415,8.787516157395256,5.782323547782636,0.5084134879668173,10.469426166355031,1.7780938833570412,1.0016118918851642,0.33625,0.18375,0.3325,0.346875,7.554833422241076,0.825,287,0.3031507025750156,0.42560612293996664,2.8880747839213727,8.38536561510811
ltm_66_40,LTM,40,163,0.101875,3.0,0.325,0.125,0.55,4,0.075,0.6,1.2962962962962963,4.075,0.9711374666479509,0.6837543303336423,2.50977013509878,5.37029936587524,0.8408082124895445,8.821879862683842,1.6111111111111112,1.1597759276666844,0.2725,0.100625,0.13375,0.23,7.430808395449927,0.175,32,0.5588398117190687,0.31449990068411127,0.984373480437263,1.347998446434387
atn_66_40,ATN,40,218,0.13625,5.0,0.275,0.05,0.675,5,0.05,0.675,1.3103448275862069,5.45,0.7926967067039002,0.4531775792744392,2.718735855119441,5.687883609911344,0.6081216521753177,10.335042670404032,1.9653179190751444,0.8594222282433936,0.511875,0.19625,0.18125,0.334375,12.025195465544959,0.0,0,0.8259547437856263,0.4157960290913077,0.9971889001097869,1.4974180656049476
adbm_66_40,ADBM,40,332,0.2075,2.0,0.275,0.1,0.625,5,0.075,0.475,1.2413793103448276,8.3,1.2226666977335954,0.8103789074229162,2.881582461536193,5.1143669634025715,1.039423854192719,8.998136760700307,1.0542857142857143,1.193895489218608,0.03,1.0825,0.22625,0.93,3.1944595253814745,0.0,0,0.730869149778552,0.6539646674654548,1.1960432363202504,1.708078598428984
niche_66_40,Niche,40,158,0.09875,3.0,0.175,0.075,0.75,4,0.075,0.625,1.121212121212121,3.95,1.006064217736818,0.6226364930274132,3.169895533839249,5.270817704426107,0.9001312920177267,7.195187320178709,1.6160990712074303,1.0139556764620214,0.25125,0.068125,0.15125,0.27,4.121424938378188,0.0,25,0.5715258352758352,0.2561718137202902,0.7805132883058565,1.7077593936769357
cascade_66_40,Cascade,40,172,0.1075,3.0,0.05,0.2,0.75,4,0.075,0.775,0.8421052631578947,4.3,0.6560849827130701,0.8672795006011127,3.891123040149702,4.923954372623574,1.0931480869792962,6.9584483932976555,1.5125786163522013,0.6509923961400802,0.221875,0.069375,0.2775,0.205,3.2982743273257387,0.0,245,0.25126443205487325,0.22943521756021754,0.9536395176743419,1.0766050751538765
random_66_40,Random,40,178,0.11125,1.0,0.0,0.0,1.0,5,0.0,0.9,1.0,4.45,0.4132663868856785,0.45785831945147115,2.0384654096094874e17,NaN,NaN,0.0,2.068452380952381,0.6059834994499429,0.320625,0.038125,0.163125,0.15625,7.546842866596948,1.0,382,0.2183633805779704,0.21390151515151518,49.27074935063433,1890.4615384615386
maxent_66_40,MaxEnt,40,150,0.09375,3.0,0.2,0.15,0.65,7,0.025,0.7,1.0625,3.75,1.0261537180127804,1.0082282561623714,11.219932339737209,5.506448839208942,0.8764963275104791,7.0587581525186645,1.9141414141414141,1.3133545922180667,0.105625,0.0525,0.1925,0.196875,7.9530832206888515,0.675,165,0.28374761653820074,0.3167075614444036,5.807853207475816,36.86190755211264
ltm_67_40,LTM,40,301,0.188125,4.0,0.25,0.075,0.675,5,0.05,0.7,1.2333333333333334,7.525,0.8643703760345856,0.6333910551435037,3.025031626592146,5.679530476409062,0.6084187011815246,11.0185963557327,1.454732510288066,1.0021487120961334,0.5575,0.6275,0.201875,0.403125,7.8872358039634385,0.325,58,0.6910955180085614,0.6163146378701843,1.1384312731248876,1.794003125970197
atn_67_40,ATN,40,229,0.143125,3.0,0.25,0.05,0.7,5,0.05,0.625,1.2666666666666666,5.725,0.8702104132573699,0.6353404924867316,2.806931616201695,5.886158571702822,0.38087235974809125,8.558143177745192,1.3819241982507289,0.9967287079659404,0.4725,0.28,0.219375,0.360625,4.666004216549033,0.0,0,0.7982355699837024,0.44925628758088876,0.8167516375831169,1.7961625751900276
adbm_67_40,ADBM,40,167,0.104375,2.0,0.225,0.175,0.6,6,0.125,0.325,1.064516129032258,4.175,1.586845177457665,0.9139014147888186,3.114219588349862,4.418633540372671,1.180227071970033,6.690842277418564,1.2222222222222223,1.671418225725663,0.031875,0.285,0.058125,0.415625,1.6913571575127866,0.0,0,0.6139240204240204,0.48474873420713643,1.4020974476760921,2.12288510379768
niche_67_40,Niche,40,129,0.080625,2.0,0.225,0.4,0.375,4,0.125,0.55,0.7741935483870968,3.225,1.0283808219212376,1.1091170228269214,2.444605324074074,3.027667984189723,1.036642788177511,5.53338948872752,1.3351063829787233,1.1408112847630916,0.10125,0.03375,0.211875,0.19,2.689056810194881,0.0,0,0.5515971528471529,0.15301969272557508,0.6473355686793105,0.9305808667242073
cascade_67_40,Cascade,40,171,0.106875,4.0,0.15,0.1,0.75,4,0.1,0.75,1.0588235294117647,4.275,0.7584208515106422,0.6615938722998078,2.7986231474203414,5.023489932885906,1.0717001463686833,7.306531398939505,1.6142857142857143,0.6084869556374789,0.24375,0.07,0.2025,0.233125,4.322432800008039,0.0,262,0.25632048367439236,0.25556457431457436,0.7514213585226788,0.9365232961175016
random_67_40,Random,40,158,0.09875,1.0,0.0,0.025,0.975,7,0.0,0.85,0.975,3.95,0.5094031965407352,0.4760501802669402,2.798122402209871e16,NaN,NaN,0.0,2.29421768707483,0.6061868353103111,0.2675,0.026875,0.13375,0.14125,4.377482985921505,0.975,324,0.2077572496303146,0.17880411255411252,5.290306396812182,145.23076923076923
maxent_67_40,MaxEnt,40,125,0.078125,3.0,0.225,0.175,0.6,6,0.05,0.55,1.064516129032258,3.125,1.1207323612892712,0.9781195983712567,4.398504166436153,5.271604938271605,1.0297456198160495,6.340359303727752,1.8167701863354038,1.4232645752923283,0.085625,0.04,0.1125,0.1475,4.078029592157258,0.425,110,0.27158339467549997,0.28507326007326006,1.739129977056606,5.758635809391196
ltm_68_40,LTM,40,403,0.251875,2.0,0.2,0.05,0.75,4,0.0,0.8,1.1875,10.075,0.6418294848876817,0.6181726849212029,6.718107262834569,5.872613046666852,0.37587758948707767,12.97359419132948,1.72848948374761,0.9252622282021968,0.506875,0.304375,0.466875,0.474375,16.066944134105203,0.75,11,0.7670439196302962,0.5151509193262925,2.3443180460589317,9.184077066947768
atn_68_40,ATN,40,209,0.130625,4.0,0.175,0.1,0.725,5,0.05,0.725,1.0909090909090908,5.225,0.7550345124747669,0.5692135284336741,3.660292484387547,5.668757507006539,0.6337333470855342,10.020336819032421,1.8837209302325582,0.7443387002929346,0.390625,0.17875,0.205,0.286875,6.892543335617478,0.0,6,0.8505063319033906,0.4036528164817638,1.0699905250923734,2.532872757242606
adbm_68_40,ADBM,40,338,0.21125,3.0,0.175,0.1,0.725,5,0.05,0.45,1.0909090909090908,8.45,1.1960936971518006,0.7863482969702821,3.45414691561644,5.199790429619281,0.965607128509939,9.345919666218006,1.1048387096774193,1.1569794337098136,0.058125,1.10875,0.21625,0.923125,2.9924997965052884,0.0,0,0.7864899303205755,0.6245203942360703,1.1522840017913036,1.743217612635372
niche_68_40,Niche,40,266,0.16625,4.0,0.125,0.175,0.7,4,0.025,0.775,0.9428571428571428,6.65,0.9038928658127512,0.748052724437363,3.91673722675286,5.291945456085373,0.8828875521186534,9.37644785490711,1.4606741573033708,0.9493523832433919,0.4425,0.406875,0.364375,0.503125,4.786625528789432,0.0,0,0.6089659523565168,0.48223167065049893,0.9587647114350553,1.8754750483568796
cascade_68_40,Cascade,40,266,0.16625,2.0,0.1,0.075,0.825,4,0.05,0.825,1.0277777777777777,6.65,0.7082379712776997,0.6941809514837068,3.200469133528133,5.400154898670453,0.8419911585288434,8.955060950631902,1.5,0.4228664558940943,0.42375,0.248125,0.48125,0.491875,7.323621240344804,0.0,289,0.32778712921962344,0.352948782383767,0.9161231992575132,0.8875314083105187
random_68_40,Random,40,284,0.1775,1.0,0.0,0.0,1.0,4,0.0,0.95,1.0,7.1,0.32961728051668765,0.32807049919611736,4.86488452828803e16,NaN,NaN,0.0,2.0182648401826486,0.4328816322750091,0.561875,0.119375,0.286875,0.27625,5.076947153106807,1.0,614,0.24208608675883586,0.3228391482958047,13.272337005119512,82.05128205128206
maxent_68_40,MaxEnt,40,211,0.131875,3.0,0.05,0.05,0.9,8,0.0,0.85,1.0,5.275,0.8042777518199811,0.9873768378969253,274.50756984733334,5.650406504065041,0.6893063731193294,4.812184355372417,1.9198606271777003,1.2262866595909938,0.2025,0.129375,0.31125,0.24,5.513956709971435,0.9,200,0.3113489673132127,0.38743426757731403,33.569622094121286,4663.919251861049
ltm_69_40,LTM,40,105,0.065625,3.0,0.5,0.375,0.125,4,0.075,0.425,1.25,2.625,1.2728292075226602,1.1137940745655097,1.732185688093803,3.7422680412371134,1.4752276608993131,5.961005339623274,1.295774647887324,1.4325544799157286,0.04125,0.043125,0.10625,0.131875,6.8397111780258895,0.1,4,0.5725536269286268,0.3492739898989899,0.6015597247831547,0.6078926179798925
atn_69_40,ATN,40,198,0.12375,5.0,0.25,0.075,0.675,6,0.025,0.725,1.2333333333333334,4.95,0.6675999839866921,0.459653590655654,2.992198989588431,5.884031558549414,0.37568699292712027,10.677015845042886,2.0089485458612977,0.7597568533553187,0.43125,0.1575,0.15,0.22,10.812724360254231,0.0,1,0.8266557254879622,0.44360105172605174,0.9898983314190054,1.9392252745049507
adbm_69_40,ADBM,40,235,0.146875,2.0,0.225,0.175,0.6,7,0.075,0.4,1.064516129032258,5.875,1.4839743574074684,0.826879513809094,4.934430754209705,4.083018867924529,1.1719436130365901,6.678342114654332,1.11787072243346,1.4762260739583413,0.03625,0.529375,0.11625,0.755,1.8561388311525915,0.0,0,0.6858409247202351,0.5838559070720789,2.5380471319772564,7.488479621421949
niche_69_40,Niche,40,125,0.078125,3.0,0.275,0.35,0.375,4,0.15,0.475,0.896551724137931,3.125,1.0752984081949841,0.9313678939313691,2.427817629419192,3.354581673306773,0.9837851685135399,6.218600119691729,1.5635593220338984,1.1634079029806994,0.134375,0.03,0.15625,0.190625,4.723262291370027,0.0,0,0.5517261904761905,0.1447697364364031,0.5907243269320241,1.2088378774290514
cascade_69_40,Cascade,40,102,0.06375,3.0,0.125,0.2,0.675,5,0.1,0.675,0.9142857142857143,2.55,0.7374110635507505,0.8561842035980557,3.0357152502204583,3.75,1.2764680291220103,4.969813299576001,1.3950617283950617,0.7312356573695658,0.091875,0.011875,0.095625,0.080625,2.023049547436545,0.0,118,0.24214341214341206,0.13121693121693126,0.8071717555534121,1.0821732051872492
random_69_40,Random,40,107,0.066875,3.0,0.05,0.1,0.85,9,0.025,0.725,0.9473684210526315,2.675,0.5888782310370223,0.6356972431493937,12.659095536486031,5.074866310160428,0.9642866650293969,5.231108616854587,2.272289156626506,0.8941156473762727,0.141875,0.008125,0.071875,0.0675,5.496614204384115,0.8,161,0.24949744291656048,0.10293780293780294,3.3719511085887164,14.443768637767006
maxent_69_40,MaxEnt,40,107,0.066875,3.0,0.25,0.2,0.55,9,0.05,0.65,1.0666666666666667,2.675,0.947951306945321,1.017240649252011,4.555642573336772,5.194444444444445,1.1473996773969288,5.981414211254481,2.278787878787879,1.2657450716085548,0.091875,0.025625,0.109375,0.1,6.7506889954986855,0.45,110,0.23191373985491634,0.23867668279432983,2.098404816169462,6.6095938689728335
ltm_70_40,LTM,40,317,0.198125,3.0,0.275,0.125,0.6,5,0.0,0.7,1.206896551724138,7.925,0.7743656171738583,0.6901793849385286,4.648617083016022,5.815179374148082,0.46100883940253945,12.057601639111356,1.809464508094645,0.9929696729097565,0.346875,0.22125,0.328125,0.50625,4.090178234187488,0.65,5,0.7349705852479358,0.41597618532603053,2.1594150947309556,5.31774807519092
atn_70_40,ATN,40,205,0.128125,4.0,0.3,0.125,0.575,5,0.025,0.675,1.25,5.125,0.7422628256969146,0.5022258605359513,2.9651347717496144,5.808476179217402,0.4689223769691265,11.345571335298061,1.6741293532338308,0.9009588456034167,0.47375,0.185625,0.159375,0.255,3.8322628115557125,0.0,0,0.8511143023643024,0.4326226898625089,1.0145117267972987,2.276394758776023
adbm_70_40,ADBM,40,318,0.19875,5.0,0.225,0.225,0.55,6,0.1,0.5,1.0,7.95,1.1847653418457467,0.8784042068781516,4.140758356577567,4.698830842089685,1.0586781392631361,8.818334283552174,1.1111111111111112,1.2448284637541376,0.025625,1.0725,0.2125,0.699375,3.3041019342273286,0.0,0,0.786191681707986,0.6836422056327668,1.9290779836515204,4.612020362760833
niche_70_40,Niche,40,149,0.093125,3.0,0.225,0.225,0.55,4,0.2,0.575,1.0,3.725,1.0298830434911908,0.7713517964895166,2.307068421123808,4.112903225806452,1.213714879030668,6.612041034833092,1.4142259414225942,0.9801698243264282,0.18375,0.045625,0.181875,0.260625,3.1510863280519694,0.0,0,0.6064887892035725,0.22321704783005095,0.6542633828971121,0.7198450820194403
cascade_70_40,Cascade,40,211,0.131875,3.0,0.1,0.05,0.85,4,0.075,0.825,1.0555555555555556,5.275,0.7183391752914278,0.6608805188868212,3.2141762702102867,5.334002293577981,0.8733848344851133,8.15708378502887,1.4816753926701571,0.5326599904574908,0.3525,0.11625,0.31375,0.340625,4.4012919778854105,0.0,260,0.30029334882953307,0.25297535797535803,0.8670294483332295,1.042866664454819
random_70_40,Random,40,214,0.13375,1.0,0.0,0.0,1.0,5,0.0,0.9,1.0,5.35,0.40720877100443836,0.4854833482672728,6.2554100888446376e16,NaN,NaN,0.0,2.257854821235103,0.5118027305736591,0.39625,0.073125,0.24375,0.20875,8.185812227516767,1.0,458,0.23707569437929338,0.2647453853336206,9.249905278625906,262.56410256410254
maxent_70_40,MaxEnt,40,166,0.10375,3.0,0.2,0.175,0.625,7,0.05,0.575,1.03125,4.15,1.108339709380552,0.8249454099135093,3.9526864618279647,5.414700769803824,0.8742962132263306,8.300776960851454,1.8451025056947608,1.262387396602262,0.166875,0.080625,0.1725,0.28375,4.337369409391487,0.55,139,0.2849755181823681,0.32786884395880933,1.5838404026260346,2.9987351412682126
ltm_71_40,LTM,40,352,0.22,3.0,0.15,0.0,0.85,6,0.0,0.85,1.1764705882352942,8.8,0.6335895244766873,0.42921865073379684,9.421272419822584,NaN,NaN,0.0,1.6230569948186528,0.7939129250556763,0.610625,0.39625,0.135625,0.2875,4.57586195390356,0.85,153,0.682319522019059,0.6339619136553113,3.3869183458280974,13.721967378656178
atn_71_40,ATN,40,194,0.12125,4.0,0.2,0.1,0.7,5,0.05,0.75,1.125,4.85,0.6495873270202204,0.5613710389919275,3.2151655059053446,5.864664503805221,0.3756280152462427,11.096834097620764,1.7933491686460807,0.7717582899622601,0.429375,0.118125,0.205625,0.23625,4.887952742307062,0.0,14,0.8556784065607597,0.32102111940347233,0.7811168398608803,1.9752675743229793
adbm_71_40,ADBM,40,343,0.214375,2.0,0.2,0.2,0.6,3,0.125,0.5,1.0,8.575,1.1610524904144162,0.8325631407587027,3.2945340911193397,5.461136401955826,0.8962910215928737,8.687948111838727,1.072972972972973,1.1317485424476155,0.064375,1.0925,0.340625,0.9275,2.9436959391842015,0.0,0,0.7218536685915203,0.6776571559532275,1.098278776887607,2.1148820114116162
niche_71_40,Niche,40,340,0.2125,3.0,0.075,0.125,0.8,3,0.05,0.85,0.9459459459459459,8.5,0.9423070133028141,0.7222830747234359,3.5830957783145037,5.468535272560696,0.7483754800951259,10.461044078789724,1.384180790960452,0.8943875118662541,0.44875,0.820625,0.435625,0.758125,5.456798198205691,0.0,0,0.7390395740577229,0.5417999992366803,0.8217800836657982,1.277411998672423
cascade_71_40,Cascade,40,350,0.21875,3.0,0.05,0.025,0.925,3,0.025,0.925,1.0263157894736843,8.75,0.6692779836223443,0.6411658664000489,3.715342308300292,5.598394171437068,0.663242307098903,9.506808731708581,1.4321192052980132,0.3304216103813612,0.661875,0.5525,0.67875,0.713125,6.709271473979702,0.0,272,0.4014457419702892,0.44727417315226903,0.8550723424758845,0.9570373774562284
random_71_40,Random,40,348,0.2175,1.0,0.0,0.0,1.0,3,0.0,1.0,1.0,8.7,0.3093006196445996,0.2841852737597639,-6.241296622595793e16,NaN,NaN,0.0,1.9619192688499618,0.43070524807006505,0.77125,0.24875,0.374375,0.37875,6.4123405121454065,1.0,651,0.2725211203989913,0.4182247396566282,14.6401275039985,119.7948717948718
maxent_71_40,MaxEnt,40,238,0.14875,3.0,0.125,0.025,0.85,5,0.0,0.825,1.1142857142857143,5.95,0.839861964907757,0.8415849372078273,11.28305833094272,5.751589973812196,0.5482196766365957,7.890956716138919,1.8617771509167842,1.2088384501298535,0.295625,0.193125,0.285,0.301875,7.033025362514948,0.85,273,0.3026265574352128,0.4569433421873363,3.3199614241629405,17.06861155041407
ltm_72_40,LTM,40,388,0.2425,3.0,0.175,0.0,0.825,5,0.0,0.825,1.2121212121212122,9.7,0.6334449331248813,0.3625764661359441,4.046787681777821,NaN,NaN,0.0,1.697488584474886,0.6401210673851141,0.628125,0.43,0.305625,0.450625,6.786198904772687,0.825,104,0.6769124223373661,0.5505436834724928,1.501392209329514,2.4046504016918515
atn_72_40,ATN,40,221,0.138125,4.0,0.225,0.1,0.675,4,0.05,0.725,1.1612903225806452,5.525,0.6931447491276246,0.5825224386250503,3.019249541161223,5.841982329643546,0.4173509151405268,10.581216480367694,1.6983758700696057,0.862636370578087,0.495625,0.239375,0.199375,0.251875,4.526482184237643,0.0,0,0.8404386565232151,0.4020150236451737,0.9381673880042551,1.781126976110047
adbm_72_40,ADBM,40,281,0.175625,2.0,0.225,0.2,0.575,5,0.1,0.4,1.032258064516129,7.025,1.3467740424503312,0.7997347813109198,3.6345393018203813,4.863875968992248,1.1284227708939956,8.078688229229872,1.1681957186544343,1.3396034199379523,0.055,0.7825,0.13125,0.8375,2.2533125231784314,0.0,0,0.7781141403316326,0.6218615177564131,1.5942783831042537,3.3330984719734116
niche_72_40,Niche,40,214,0.13375,3.0,0.275,0.125,0.6,3,0.05,0.625,1.206896551724138,5.35,1.1757390699529109,0.6578584132827995,2.518757991793346,4.571338977735968,1.0936425706430748,8.067462667010057,1.3689024390243902,1.140662159896391,0.345,0.19125,0.250625,0.581875,4.383169418646599,0.0,4,0.6214222759060408,0.35142199654084205,0.8270465066886024,1.1396588898888553
cascade_72_40,Cascade,40,198,0.12375,2.0,0.1,0.125,0.775,5,0.1,0.75,0.9722222222222222,4.95,0.7042159412280354,0.643658114087845,3.130357597508485,4.989387755102041,1.0287266470475598,7.803843303538772,1.5714285714285714,0.40610712035843627,0.3,0.09,0.278125,0.3025,4.838561619372288,0.0,281,0.26877023786756765,0.23439768564768557,0.8138264887057345,0.9507736081727263
random_72_40,Random,40,203,0.126875,1.0,0.0,0.0,1.0,6,0.0,0.875,1.0,5.075,0.3874327404354273,0.38485455348539044,3.010681650335104e17,NaN,NaN,0.0,2.2205240174672487,0.4979875825740551,0.3325,0.053125,0.16375,0.168125,11.390652662505252,1.0,469,0.21054297885655568,0.2616663891663892,64.97089154974304,19324.71794871795
maxent_72_40,MaxEnt,40,124,0.0775,4.0,0.25,0.225,0.525,7,0.075,0.6,1.0333333333333334,3.1,1.1591746190198722,0.8970603705210413,4.572357112378767,5.2602892102335925,1.0399012313930192,6.80128303447162,1.884012539184953,1.3902574258499776,0.120625,0.039375,0.108125,0.183125,4.477181667289002,0.45,118,0.2998102207390133,0.250507769541383,2.1845462175485393,6.236880111251795
ltm_73_40,LTM,40,299,0.186875,3.0,0.125,0.025,0.85,6,0.0,0.8,1.1142857142857143,7.475,0.5618790350897935,0.5594235266282457,78.86500130455092,5.768862766539092,0.5249934984094512,8.897819009510757,1.5816666666666668,0.8449817709641806,0.659375,0.32375,0.22625,0.2525,2.089307723656816,0.675,68,0.7014100421350807,0.5272792808080714,22.23958515016202,1034.4928529171118
atn_73_40,ATN,40,228,0.1425,4.0,0.175,0.125,0.7,5,0.1,0.725,1.0606060606060606,5.7,0.6027823097362766,0.46535554624697495,3.3915557295969565,5.788216560509555,0.4858236119084265,11.560533978884953,1.7706237424547284,0.7269433421040791,0.541875,0.25,0.170625,0.22875,6.2685523265624745,0.0,0,0.8466338321765953,0.5020213405875171,0.9180305638606769,2.2851408232140065
adbm_73_40,ADBM,40,362,0.22625,2.0,0.15,0.2,0.65,7,0.075,0.575,0.9411764705882353,9.05,1.1159533696764203,0.8061620162229555,4.34142046813346,5.371335060684577,0.8664731397156517,9.998752276761909,1.094387755102041,1.0918042395182872,0.045625,1.3,0.259375,0.85375,3.3313559884300705,0.0,0,0.8365410052910054,0.6802933184810447,1.6183573210582691,3.2352030377985446
niche_73_40,Niche,40,130,0.08125,3.0,0.275,0.075,0.65,3,0.1,0.55,1.2758620689655173,3.25,1.0788936605965558,0.7719871719124156,2.4788208278544817,4.639013452914798,1.1484050159754131,6.100318952020064,1.4202898550724639,1.0145355364530813,0.143125,0.026875,0.14125,0.214375,2.759514158232032,0.0,2,0.5797912422544775,0.17231271814605145,0.8619410277610495,1.1714039647303573
cascade_73_40,Cascade,40,189,0.118125,2.0,0.125,0.125,0.75,4,0.075,0.775,1.0,4.725,0.7124669710645275,0.6285347928992556,3.1168441590562224,5.18769043266301,0.9518077721874617,8.096208271650037,1.6986301369863013,0.5070992058683246,0.29375,0.08875,0.23875,0.269375,6.986568289882716,0.0,258,0.26783045557813356,0.2477719502719502,0.8944461703514903,1.1351430384318988
random_73_40,Random,40,195,0.121875,1.0,0.0,0.0,1.0,5,0.0,0.85,1.0,4.875,0.3807608740452402,0.46957715629042934,1.0841621575294571e17,NaN,NaN,0.0,2.045977011494253,0.5062031967105893,0.3275,0.048125,0.17625,0.161875,7.64276787824106,1.0,441,0.21204058862534098,0.2092185592185592,15.584838128359866,708.9230769230769
maxent_73_40,MaxEnt,40,142,0.08875,4.0,0.275,0.15,0.575,5,0.025,0.65,1.1724137931034482,3.55,0.9819349039658521,0.9042704655117968,4.577903637356123,5.624474660074165,0.6797511124227202,8.305236829492593,1.9748283752860412,1.5280396135423757,0.155,0.039375,0.1075,0.128125,7.959264013295962,0.575,161,0.23855953004322566,0.31882246138548664,1.8936337909471121,5.8662932746911185
ltm_74_40,LTM,40,135,0.084375,3.0,0.325,0.15,0.525,6,0.075,0.575,1.2592592592592593,3.375,1.0057692954994235,0.8236591569390025,2.639098882294797,5.568952524491334,0.7198865157502412,7.8838232148921525,1.4849785407725322,1.3779595301291332,0.170625,0.106875,0.065625,0.1075,5.746095431357552,0.075,17,0.5255681002004532,0.4247558790415933,0.8385754326998036,1.7949007160079522
atn_74_40,ATN,40,194,0.12125,3.0,0.175,0.15,0.675,5,0.125,0.7,1.0303030303030303,4.85,0.6308583770654347,0.5416051767655133,3.3612029914014885,5.796156583629894,0.5282271068431659,10.648989963430001,1.5989159891598916,0.6215453396950292,0.36,0.140625,0.176875,0.206875,2.9895664160178366,0.0,9,0.8876973802341448,0.38112615325850624,1.0432124660718847,2.3088109910348655
adbm_74_40,ADBM,40,315,0.196875,2.0,0.175,0.3,0.525,6,0.125,0.525,0.8484848484848485,7.875,1.1197178144187552,0.9358765281087436,3.7079141976494703,4.749382280268267,1.0381584577959373,9.335385860950407,1.0545454545454545,1.2035612451312534,0.029375,1.00625,0.3325,0.618125,2.4146598655529,0.0,0,0.8021954603367647,0.6533360896298525,1.5964770672963187,2.6745984646499403
niche_74_40,Niche,40,346,0.21625,3.0,0.1,0.125,0.775,3,0.05,0.825,0.9722222222222222,8.65,0.9706146854699961,0.7360905772934662,3.641418821729899,5.161226710186319,0.9258364706363119,9.596010852756168,1.3346693386773547,0.8703361547384747,0.430625,0.7775,0.54375,0.90875,5.516629378878973,0.0,0,0.7474627268503707,0.5476189469450623,0.9009262428372339,1.384457010123072
cascade_74_40,Cascade,40,386,0.24125,3.0,0.075,0.05,0.875,3,0.075,0.85,1.027027027027027,9.65,0.6815705172507802,0.6171165218732428,3.2993923035281036,5.598604419338761,0.6674897239389261,10.648586560603084,1.3800978792822185,0.36294094746980854,0.761875,0.75625,0.719375,0.814375,7.672360750455573,0.0,246,0.4256763479616077,0.49985974588183835,0.8369336983074201,0.8801427946960692
random_74_40,Random,40,386,0.24125,1.0,0.0,0.0,1.0,3,0.0,1.0,1.0,9.65,0.33398080313150724,0.2926782089509184,-1.2189324587104699e17,NaN,NaN,0.0,1.8571428571428572,0.4775957222747563,0.709375,0.23,0.359375,0.359375,3.3634003883435537,1.0,642,0.280818237154319,0.44974268975778253,27.627518758406698,768.0
maxent_74_40,MaxEnt,40,310,0.19375,3.0,0.05,0.175,0.775,6,0.0,0.85,0.868421052631579,7.75,0.7578929112561761,0.7646223921292297,19.617641592523785,5.816734798445036,0.4595292164498225,11.405084096763149,1.6858710562414265,1.112282705420432,0.38375,0.28375,0.35625,0.35875,7.095275954079727,0.775,241,0.3501026518048079,0.5470441049334402,5.079180847708802,22.55062859573063
ltm_75_40,LTM,40,367,0.229375,3.0,0.3,0.0,0.7,4,0.0,0.7,1.4285714285714286,9.175,0.8084510214974601,0.38068207907963114,3.2868034394471666,NaN,NaN,0.0,1.7142857142857142,0.8794305055845183,0.491875,0.355625,0.23625,0.570625,6.213401374340262,0.7,82,0.7578756941566088,0.6183520225575893,1.5009711318388261,2.325017457266057
atn_75_40,ATN,40,181,0.113125,4.0,0.3,0.1,0.6,5,0.05,0.625,1.2857142857142858,4.525,0.7655268706785611,0.4747393207378898,2.747923443393959,5.7327512412258175,0.6021583243041169,10.0589516551602,1.9049881235154393,0.7784431905612764,0.34375,0.116875,0.13875,0.22875,4.60227274640232,0.0,0,0.8593828121053353,0.35931804306804305,1.1396535293092642,1.5953626049222123
adbm_75_40,ADBM,40,288,0.18,2.0,0.3,0.225,0.475,6,0.05,0.425,1.1071428571428572,7.2,1.3370674207942124,0.821497139287502,3.676628231432087,4.6258333333333335,1.1521107464344444,8.476371196895983,1.1481481481481481,1.3031969359532,0.0325,0.780625,0.20375,0.906875,4.015469827293446,0.0,0,0.7355149309754572,0.6039032364043998,2.036235543008344,3.993497475096852
niche_75_40,Niche,40,117,0.073125,2.0,0.3,0.25,0.45,5,0.15,0.475,1.0714285714285714,2.925,1.2894374130356314,0.8634659048552704,2.644123492452537,4.783987915407855,1.195930534833493,7.188412736496954,1.642512077294686,1.3665348183722659,0.101875,0.055625,0.0925,0.188125,4.531952778934878,0.0,0,0.5890395184880479,0.3304040154386175,0.769549794784503,2.0970762563255554
cascade_75_40,Cascade,40,110,0.06875,3.0,0.15,0.2,0.65,5,0.1,0.625,0.9411764705882353,2.75,0.7669812413767765,0.8973602123505902,3.0712028769841266,3.994871794871795,1.3412466731059935,5.272999558563747,1.3953488372093024,0.7411267859855536,0.09875,0.0125,0.121875,0.101875,2.4319722477255223,0.0,141,0.25151237651237646,0.11298331298331299,0.9331193320193716,1.3110538360747315
random_75_40,Random,40,95,0.059375,1.0,0.025,0.125,0.85,10,0.025,0.7,0.8974358974358975,2.375,0.5106994989869305,0.6788432689655791,57.45870181120697,5.294117647058823,0.8488746876271656,2.833213344056216,2.174757281553398,0.8829500687593571,0.10125,0.00625,0.05375,0.044375,2.9227277238835763,0.825,112,0.23930430680430673,0.1682121971595656,11.211888454432671,209.98557264307868
maxent_75_40,MaxEnt,40,72,0.045,2.0,0.525,0.45,0.025,4,0.2,0.275,1.1578947368421053,1.8,1.500237398118128,1.3907395078161917,1.601596991509782,2.4571428571428573,1.1604754614826187,4.653960350157523,1.1529411764705881,1.7559197573822403,0.01625,0.01,0.080625,0.08875,4.114950115184315,0.05,47,0.25993416305916306,0.1033022533022533,0.5133405486769538,0.4428910429786884
ltm_76_40,LTM,40,561,0.350625,3.0,0.1,0.0,0.9,5,0.0,0.875,1.1111111111111112,14.025,0.5464809176222498,0.2988148572649603,9.223557600075967,NaN,NaN,0.0,1.744110479285134,0.6041379072462808,0.726875,0.583125,0.16,0.413125,21.42483626809279,0.9,220,0.7119192728639004,0.7191930256306833,2.648040878068618,8.120143550285077
atn_76_40,ATN,40,246,0.15375,2.0,0.2,0.1,0.7,4,0.075,0.725,1.125,6.15,0.6724934381002363,0.5554513139643282,3.149915868784315,5.901289656127198,0.31541938919866674,11.44999631476691,1.8317214700193423,0.8001484530015408,0.591875,0.298125,0.24,0.30625,8.30066710053941,0.0,0,0.8755702047565437,0.43279383111486,0.7180576978125142,2.3823851367057585
adbm_76_40,ADBM,40,171,0.106875,2.0,0.175,0.25,0.575,6,0.1,0.35,0.9090909090909091,4.275,1.4737151517529068,1.0285136276282456,4.078181818181818,4.7588769611891,1.0747254397283765,7.099201743553092,1.1616161616161615,1.704966980683079,0.035,0.35,0.060625,0.30875,1.484419007105182,0.0,0,0.7038223622782447,0.5498396711869198,1.4400466059621992,3.9705466207674007
niche_76_40,Niche,40,374,0.23375,3.0,0.1,0.125,0.775,3,0.1,0.8,0.9722222222222222,9.35,0.8900746190427138,0.7584133262056385,3.137334396508325,5.166200878343695,0.8997708862586931,9.771840098470129,1.254,0.7394786381614028,0.46,0.85125,0.7375,0.96875,4.283333691092688,0.0,12,0.744434892880762,0.49820788996739845,0.7643899300190623,0.9943416370662818
cascade_76_40,Cascade,40,340,0.2125,3.0,0.05,0.05,0.9,4,0.05,0.875,1.0,8.5,0.6449299959466328,0.6051856469611036,4.201583875492663,5.629859494871132,0.6467030149403354,10.051993760835352,1.4856687898089171,0.3060911226296427,0.71,0.49,0.629375,0.673125,4.481974745089297,0.0,288,0.37605463170970743,0.42040702567985855,1.0259338791387775,1.3164676018309935
random_76_40,Random,40,344,0.215,1.0,0.0,0.0,1.0,3,0.0,1.0,1.0,8.6,0.2821338446848423,0.3276194834547804,3.663482935432696e16,NaN,NaN,0.0,1.9188963210702341,0.447024402443874,0.63,0.1675,0.335625,0.3275,4.140735735354229,1.0,639,0.27765804467408306,0.39883877796609996,6.814826517609695,188.71794871794873
maxent_76_40,MaxEnt,40,238,0.14875,2.0,0.1,0.1,0.8,7,0.0,0.8,1.0,5.95,0.9046294772544803,0.8019231644717911,6.405111179341939,5.70940253703883,0.5957526903234696,9.242517103671403,1.9723684210526315,1.1441998779068974,0.26125,0.186875,0.288125,0.345625,12.976926851028942,0.8,228,0.3259020066090758,0.47663768835890563,2.222557859299546,4.178666027676414
ltm_77_40,LTM,40,482,0.30125,3.0,0.1,0.0,0.9,4,0.025,0.875,1.1111111111111112,12.05,0.5414041894162595,0.32978868548219337,5.692989608780934,NaN,NaN,0.0,1.7282986111111112,0.5640399120009149,0.795,0.534375,0.345625,0.53,19.88850187900133,0.875,106,0.6971081377963898,0.6216917758419573,1.8354832925032905,3.276070338496383
atn_77_40,ATN,40,237,0.148125,3.0,0.175,0.075,0.75,5,0.1,0.725,1.121212121212121,5.925,0.5826405696733921,0.4463562538721087,3.3740407074166874,5.882749984729094,0.36226567371065804,11.089561116974233,1.7125,0.7011632365971631,0.620625,0.236875,0.213125,0.273125,4.757855612541945,0.0,0,0.8345687423386726,0.4051941145832548,0.7785487503314672,2.424740370742119
adbm_77_40,ADBM,40,284,0.1775,2.0,0.175,0.125,0.7,6,0.075,0.475,1.0606060606060606,7.1,1.2982531605496894,0.8242283587373301,4.090807581474409,5.167846309403438,0.9468270996801473,8.688453800850768,1.1384615384615384,1.3085556797589217,0.058125,0.80125,0.1575,0.775625,2.50582501858492,0.0,0,0.7160948124017542,0.6052121893123696,1.5290566243457375,3.251218193910036
niche_77_40,Niche,40,328,0.205,3.0,0.15,0.2,0.65,3,0.1,0.725,0.9411764705882353,8.2,0.8377413579582802,0.8340918465608058,2.8632315964442356,5.300032157787544,0.8675121665282078,10.23949539562907,1.2251184834123223,0.887087794302807,0.481875,0.69875,0.609375,0.614375,5.721478207017407,0.0,0,0.7644156682184862,0.5273779458019389,0.7132465489103911,1.0662456045489805
cascade_77_40,Cascade,40,346,0.21625,3.0,0.05,0.125,0.825,4,0.05,0.9,0.9210526315789473,8.65,0.6748859982904211,0.661033869229704,3.6386075900969317,5.49428236328984,0.7555851503470896,10.21405572877461,1.4334470989761092,0.27730839376955824,0.620625,0.50625,0.719375,0.73625,7.097679750205392,0.0,275,0.3961214072520295,0.4212210505278213,0.8898326244361835,0.8906426813962617
random_77_40,Random,40,328,0.205,1.0,0.0,0.0,1.0,3,0.0,0.975,1.0,8.2,0.35922704126517463,0.3175298582476149,1.4710262090692413e17,NaN,NaN,0.0,1.879496402877698,0.45529572040266,0.6575,0.193125,0.31,0.3425,4.105109346164085,1.0,611,0.26306189206564035,0.39564011796596943,35.861862343326614,4647.384615384615
maxent_77_40,MaxEnt,40,254,0.15875,3.0,0.075,0.05,0.875,6,0.0,0.8,1.027027027027027,6.35,0.777690980331245,0.7339412750951595,19.734749859875745,5.769664012429598,0.5271976460046979,8.546557800046141,2.1204128440366974,0.9967588178202568,0.31125,0.176875,0.305625,0.344375,6.806532632353364,0.875,294,0.298701658907346,0.41740377012048835,4.6612255821402515,34.07943066803935
ltm_78_40,LTM,40,359,0.224375,3.0,0.25,0.075,0.675,3,0.025,0.725,1.2333333333333334,8.975,0.731063925359579,0.6021300962008362,3.7950992391442684,5.846771744831203,0.41577488508855887,11.190707156714778,1.6531986531986531,0.9683720354682627,0.45375,0.261875,0.413125,0.44625,21.22811877233978,0.7,8,0.7120039714196903,0.5382963155146845,1.6436194897655378,2.883035167252016
atn_78_40,ATN,40,213,0.133125,2.0,0.225,0.05,0.725,5,0.125,0.65,1.2258064516129032,5.325,0.6510739296164793,0.5284077146094965,3.049482970089393,5.840816035380555,0.4145164803720325,11.157606743802637,1.9291666666666667,0.7870912204819983,0.480625,0.199375,0.185,0.235,2.427784556220481,0.0,0,0.8598943417693418,0.4607579887587032,0.6771755909159709,2.3027618302617725
adbm_78_40,ADBM,40,324,0.2025,2.0,0.2,0.1,0.7,5,0.05,0.45,1.125,8.1,1.1877149323221454,0.8344259072905625,4.20455825812525,4.904205607476635,0.9993540769968106,8.138564737261632,1.1307901907356948,1.1898189462518225,0.060625,1.026875,0.24875,0.82,3.2741317353889663,0.0,0,0.7600947545870818,0.6482609291022599,1.7677872611084835,3.8604795861742818
niche_78_40,Niche,40,429,0.268125,3.0,0.125,0.175,0.7,2,0.075,0.775,0.9428571428571428,10.725,0.7012464711621373,0.7188276423699029,3.2165051041816533,5.539245555077502,0.7076701787391806,12.055214871466209,1.2486865148861646,0.6337759256991022,0.726875,1.298125,0.73,0.695,8.75631850076316,0.0,0,0.8078878660544175,0.6641220618733321,0.8170924693604928,1.2189331844888975
cascade_78_40,Cascade,40,478,0.29875,3.0,0.05,0.025,0.925,3,0.025,0.925,1.0263157894736843,11.95,0.6699788753555849,0.6055040129712943,3.603598450410928,5.698156652221719,0.575833509003107,11.255513915536694,1.2955223880597015,0.2671917097859564,0.8475,1.4275,0.84625,0.989375,8.104261671748226,0.0,204,0.5300645574637816,0.6160763256134669,0.8453270831820842,0.8662038028897342
random_78_40,Random,40,479,0.299375,1.0,0.0,0.0,1.0,3,0.0,1.0,1.0,11.975,0.25122574793137814,0.21352118676717816,1.837829955609684e17,NaN,NaN,0.0,1.7625899280575539,0.33239254291318954,0.76125,0.316875,0.35625,0.370625,3.6445839122020764,1.0,684,0.3060373086185854,0.5115225160471661,41.55553167682532,3045.74358974359
maxent_78_40,MaxEnt,40,305,0.190625,2.0,0.05,0.05,0.9,5,0.0,0.9,1.0,7.625,0.7193599646989911,0.7224188068781384,15.838304803981794,5.817798458630216,0.4594676449803402,9.529084969879781,1.9470134874759153,1.0574495480064354,0.345625,0.22375,0.334375,0.310625,15.914661102249436,0.9,342,0.31293671425566705,0.5256044798129352,3.6280604327006656,14.531148824791543
ltm_79_40,LTM,40,324,0.2025,4.0,0.125,0.0,0.875,4,0.0,0.85,1.1428571428571428,8.1,0.721389091518884,0.48649189676512,14.698979433638044,NaN,NaN,0.0,1.985790408525755,0.9436211437785935,0.42,0.1425,0.31625,0.431875,7.608204175360639,0.875,14,0.7193503154371241,0.38391337870673925,4.367668509838594,29.805274671014267
atn_79_40,ATN,40,219,0.136875,3.0,0.175,0.05,0.775,5,0.05,0.75,1.1515151515151516,5.475,0.6500339774507754,0.5376824500403562,3.60865386763352,5.826007591943413,0.4430416696364984,10.78330100460001,1.897196261682243,0.8125761916880592,0.550625,0.18,0.231875,0.280625,3.2886734009470673,0.0,0,0.8466674656612737,0.37897303978513797,0.7325966546934287,2.8439423065920018
adbm_79_40,ADBM,40,348,0.2175,3.0,0.175,0.075,0.75,5,0.075,0.575,1.121212121212121,8.7,1.1696424194883157,0.8006725020774696,3.8183081851814777,5.265184802274489,0.8675978125218595,8.953898535260459,1.1691919191919191,1.1428636761387003,0.05375,1.19,0.23875,0.909375,2.943695650108971,0.0,0,0.7670187983122887,0.6676947864932474,1.2930794625555622,2.644634509491006
niche_79_40,Niche,40,305,0.190625,3.0,0.1,0.075,0.825,3,0.125,0.7,1.0277777777777777,7.625,0.9295796970482781,0.708861176934833,3.3697005835614275,5.449989151659796,0.784266564262731,9.8220605538404,1.267639902676399,0.8733496120039107,0.488125,0.5375,0.45,0.70625,4.816655299190097,0.0,0,0.7137698752957976,0.5047381949107115,0.8328343259602796,1.3498709337094716
cascade_79_40,Cascade,40,256,0.16,3.0,0.05,0.075,0.875,4,0.1,0.8,0.9736842105263158,6.4,0.6617784532257348,0.6396519736824843,3.4595309382800346,5.4699194012665515,0.7833293609343672,8.846209127360996,1.5659655831739963,0.40529349922348923,0.4725,0.210625,0.425625,0.44,3.938313248716794,0.0,279,0.31123910530511356,0.3241176992512132,0.8167445513098078,0.9408846163315855
random_79_40,Random,40,257,0.160625,1.0,0.0,0.0,1.0,4,0.0,0.975,1.0,6.425,0.37448332997059725,0.3777860800985925,1.0088498460836859e17,NaN,NaN,0.0,2.0313765182186234,0.5601227969020455,0.47875,0.09,0.24125,0.255,7.043757750496804,1.0,525,0.24104237465923434,0.3087939429851195,21.823576299274883,216.6153846153846
maxent_79_40,MaxEnt,40,233,0.145625,3.0,0.125,0.05,0.825,6,0.0,0.825,1.0857142857142856,5.825,0.8463000981250347,0.8079269254058341,13.252526040942229,5.753220338983051,0.5422775070507869,8.68270762989381,1.9583333333333333,1.1808146188588546,0.233125,0.1325,0.256875,0.284375,6.785229771905861,0.825,279,0.2964092322765973,0.4165492787961811,3.655074233491928,24.110980942608975
ltm_80_40,LTM,40,206,0.12875,4.0,0.3,0.175,0.525,5,0.025,0.675,1.1785714285714286,5.15,0.8844261358789465,0.6440798681237854,2.8447818542054883,5.628376504520495,0.6308744595234391,10.89834914021031,1.6402714932126696,1.1047371543472841,0.379375,0.17125,0.165625,0.275,9.940112678347475,0.375,38,0.6219379002994732,0.43427474419476486,0.7046468306942151,2.3098203246451248
atn_80_40,ATN,40,193,0.120625,2.0,0.225,0.125,0.65,5,0.075,0.7,1.1290322580645162,4.825,0.7537034837707018,0.5707568209520515,3.3428027361733834,5.905341757610569,0.3066223716135326,10.681090764636389,2.110869565217391,0.6826402496831662,0.31875,0.141875,0.18125,0.25,5.292683842221159,0.0,2,0.881534058047216,0.31317713625405935,1.1449043892976085,3.271755633262384
adbm_80_40,ADBM,40,189,0.118125,2.0,0.225,0.275,0.5,6,0.05,0.375,0.9354838709677419,4.725,1.4370031099457687,1.0511090526832645,4.706029647256354,3.4651162790697674,2.0626939990644035,3.7612001156935624,1.1612903225806452,1.6650432580052275,0.035,0.415,0.105625,0.366875,2.9216445642563325,0.0,0,0.6992889619615962,0.5728456544138548,1.7535091780762235,7.1981068833171395
niche_80_40,Niche,40,211,0.131875,3.0,0.225,0.275,0.5,3,0.075,0.675,0.9354838709677419,5.275,1.014988866660064,0.9770569315849492,2.7346486303885906,4.5421597633136095,1.1526471947965296,7.902487437162855,1.3398058252427185,1.0791991371671863,0.219375,0.198125,0.4075,0.433125,2.342302508635715,0.0,0,0.667558232788883,0.3552565522848234,0.7844168831558319,1.187038414898163
cascade_80_40,Cascade,40,291,0.181875,3.0,0.075,0.05,0.875,4,0.075,0.825,1.027027027027027,7.275,0.6904412513918655,0.650705089744901,3.146782820496791,5.453108734740229,0.7926476559359164,9.265491216441031,1.4074844074844075,0.3507244551877988,0.51125,0.310625,0.533125,0.5675,5.315204094044395,0.0,279,0.34300377626865053,0.3655927259874629,0.8049904811382516,0.7984640567212848
random_80_40,Random,40,272,0.17,1.0,0.0,0.0,1.0,4,0.0,1.0,1.0,6.8,0.41084793439593836,0.2887903665072972,6.216776186743215e16,NaN,NaN,0.0,2.050724637681159,0.5669215582723622,0.501875,0.09375,0.233125,0.26125,8.104610724925319,1.0,578,0.23699295851442378,0.3184208647987421,10.868194286946823,147.69230769230768
maxent_80_40,MaxEnt,40,214,0.13375,4.0,0.15,0.125,0.725,8,0.05,0.675,1.0294117647058822,5.35,0.9083794601955079,0.8680359878812767,5.017997733924964,5.605620418137388,0.7172898486981145,8.904630097005011,1.6541019955654102,1.0768325298344144,0.233125,0.15625,0.315,0.331875,3.311039398068874,0.65,218,0.3037452183759598,0.35867856839516754,2.0243082355722555,4.327148266892902
ltm_81_40,LTM,40,497,0.310625,3.0,0.15,0.0,0.85,4,0.0,0.85,1.1764705882352942,12.425,0.5783313986689963,0.3433457280897245,7.068997608338006,NaN,NaN,0.0,1.6466367713004484,0.6117324699232969,0.68125,0.543125,0.345,0.565,5.915319200708813,0.85,100,0.73036373424691,0.6271982307459637,2.609598547739483,7.080357789591297
atn_81_40,ATN,40,232,0.145,4.0,0.2,0.075,0.725,5,0.05,0.75,1.15625,5.8,0.6200507567476403,0.49108643760944887,3.045045810198407,5.8598207008964955,0.40937905137848785,11.36082268676027,1.9698681732580037,0.6365495113060042,0.509375,0.24125,0.205625,0.264375,3.604417406159852,0.0,2,0.8933314928535516,0.4489884706796472,0.784613913865155,1.7934805841455432
adbm_81_40,ADBM,40,302,0.18875,2.0,0.175,0.125,0.7,7,0.05,0.425,1.0606060606060606,7.55,1.269692886577172,0.7826964333483599,4.3267561395507945,4.8453413806110905,1.0337795859988972,8.57583938684897,1.2307692307692308,1.2442307816799807,0.063125,0.891875,0.151875,0.84625,2.074328445115553,0.0,0,0.7667815287393192,0.6507602601943677,1.8981777071632626,3.6348564036616167
niche_81_40,Niche,40,252,0.1575,3.0,0.25,0.1,0.65,3,0.1,0.625,1.2,6.3,1.162651356665016,0.7643766711398292,2.31430481632192,4.621420164770498,1.0334166412848276,8.53660358493606,1.317548746518106,1.078239255804862,0.273125,0.345,0.355,0.72625,4.654451150044395,0.0,0,0.6727513457885649,0.4407622704954011,0.6757127664935972,0.8130777172467427
cascade_81_40,Cascade,40,242,0.15125,3.0,0.1,0.1,0.8,4,0.05,0.825,1.0,6.05,0.6482637733748992,0.7170191678533805,3.1420465652592693,5.190051020408164,0.9529458786247013,8.610319169405722,1.4222222222222223,0.39221887505172487,0.39,0.176875,0.434375,0.3925,6.212750718293747,0.0,250,0.3285705794475985,0.30409982861995244,0.8332393194770545,0.9462701991623669
random_81_40,Random,40,236,0.1475,1.0,0.0,0.0,1.0,4,0.0,0.95,1.0,5.9,0.37371011373865204,0.32295894039929146,2.878695081972671e16,NaN,NaN,0.0,2.2995555555555556,0.5498185154880494,0.46625,0.08375,0.21625,0.215625,12.86293719055851,1.0,529,0.2194069074683338,0.29789565826330544,5.881600151232916,21.743589743589745
maxent_81_40,MaxEnt,40,207,0.129375,3.0,0.2,0.225,0.575,5,0.0,0.75,0.96875,5.175,0.8404643752805443,0.8596124474258843,3.9165353864581673,5.728642819049124,0.568711285046883,10.832240309801332,1.877342419080068,1.3470180278862773,0.2425,0.085,0.220625,0.1925,4.778775581027108,0.6,211,0.2764758017983721,0.4185073399795577,1.5314421911891996,2.465448258871694
ltm_82_40,LTM,40,488,0.305,3.0,0.1,0.0,0.9,4,0.0,0.9,1.1111111111111112,12.2,0.5603117361405587,0.39646102925952903,8.199925233610733,NaN,NaN,0.0,1.6363636363636365,0.7008937201698895,0.680625,0.359375,0.38875,0.52125,13.398014649067068,0.9,24,0.7563869789864123,0.6028008392379411,2.471195196365782,6.598671994131196
atn_82_40,ATN,40,236,0.1475,3.0,0.15,0.1,0.75,4,0.05,0.8,1.0588235294117647,5.9,0.575478146454731,0.5546205150934204,3.7161345514776434,5.836140866764685,0.41616657436935023,11.176263210296728,1.6515151515151516,0.6964029400628765,0.555625,0.249375,0.2425,0.2525,8.410738639117035,0.0,0,0.8047538282580853,0.43021838798214124,0.798204569395195,2.703271697863996
adbm_82_40,ADBM,40,330,0.20625,3.0,0.15,0.125,0.725,6,0.075,0.575,1.0294117647058822,8.25,1.1199619229510276,0.893152169409445,4.517424781036402,5.272547076313181,0.8699613003575574,8.996156562033445,1.2026315789473685,1.2183213610753088,0.04625,1.184375,0.225,0.60375,2.6621257153781652,0.0,0,0.742866994262609,0.7108521938378823,1.4119543072847738,4.093627151789961
niche_82_40,Niche,40,203,0.126875,3.0,0.225,0.225,0.55,4,0.025,0.7,1.0,5.075,1.0496906293242878,0.8196173475178392,2.99626546712435,4.616559212758737,1.1603765907914023,7.988542982737695,1.559278350515464,1.0925953588860184,0.296875,0.165,0.304375,0.439375,6.603702495231065,0.0,0,0.6736935266530855,0.35429342230366284,0.9880486383983886,1.5908243687572008
cascade_82_40,Cascade,40,218,0.13625,3.0,0.1,0.075,0.825,4,0.05,0.8,1.0277777777777777,5.45,0.6763447978444359,0.6927388291352466,3.3876458081104546,5.195217701641685,0.9694026466465014,7.938088726896952,1.4793814432989691,0.4109184293412079,0.33875,0.125625,0.35125,0.343125,5.102315669040463,0.0,264,0.29786333034011053,0.26485611610611615,0.9479195111285749,1.1548561587778212
random_82_40,Random,40,185,0.115625,1.0,0.0,0.0,1.0,5,0.0,0.925,1.0,4.625,0.5033647158470893,0.4532415262346962,6.185655152323477e16,NaN,NaN,0.0,2.284900284900285,0.6188585432062887,0.35,0.046875,0.185,0.203125,2.658773113013492,1.0,369,0.22592264198649642,0.21119921744921744,10.891355362011728,188.71794871794873
maxent_82_40,MaxEnt,40,132,0.0825,4.0,0.2,0.175,0.625,9,0.025,0.625,1.03125,3.3,0.9134833022790579,0.9660966574440517,8.647750804793343,5.514131897711978,0.8002481788581225,7.709308333385869,2.136986301369863,1.437480837180186,0.15875,0.041875,0.12625,0.125625,5.968174166750876,0.625,162,0.23729704119410006,0.31569491911597175,3.4416820480919634,19.345456020212474
ltm_83_40,LTM,40,580,0.3625,3.0,0.225,0.0,0.775,3,0.0,0.775,1.2903225806451613,14.5,0.6028480025666533,0.31196160059393435,5.201384905620226,NaN,NaN,0.0,1.5325238508239376,0.722810454334264,0.451875,0.399375,0.3575,0.57375,2.431610493608413,0.775,84,0.809564386072549,0.623263273750364,2.166934082535396,5.38224357701824
atn_83_40,ATN,40,201,0.125625,5.0,0.225,0.1,0.675,5,0.05,0.725,1.1612903225806452,5.025,0.7118213728590689,0.48639185148497127,2.984138812390165,5.664074728603888,0.6177252191986137,10.586836890615963,1.84,0.7647247913475076,0.42375,0.15875,0.166875,0.25,8.550265586152985,0.0,2,0.8375129731379731,0.4195208549620313,0.90071578508899,1.7569210820122845
adbm_83_40,ADBM,40,279,0.174375,3.0,0.225,0.175,0.6,4,0.1,0.45,1.064516129032258,6.975,1.304535271325683,0.861737769392658,2.989799603174603,4.794132784354091,1.0730471445301777,8.265135629937385,1.1682242990654206,1.3127762774273126,0.036875,0.751875,0.209375,0.778125,2.9612745383644095,0.0,0,0.7617454085875138,0.6288917138602852,1.1491133217567417,1.5712785672161542
niche_83_40,Niche,40,215,0.134375,3.0,0.175,0.225,0.6,4,0.05,0.625,0.9393939393939394,5.375,1.0804732509189574,0.8231105997003529,3.229971744057547,4.974875415282392,0.9784765666773484,8.479698986988657,1.457765667574932,1.1176695772000722,0.30625,0.20625,0.32625,0.49875,5.765620128824695,0.0,0,0.7027039637260359,0.3683195321473319,0.8181037830986511,1.6091317964473948
cascade_83_40,Cascade,40,193,0.120625,4.0,0.075,0.15,0.775,5,0.05,0.75,0.918918918918919,4.825,0.656884082804656,0.7522407615463729,4.534290796205314,5.18863503222027,0.9962589811772059,7.442492722794441,1.6538461538461537,0.5583934476260565,0.29,0.0975,0.29375,0.255625,4.0135709561578246,0.0,242,0.2726388511850468,0.25207251082251086,1.4021759108493108,2.100462262729959
random_83_40,Random,40,193,0.120625,1.0,0.0,0.025,0.975,6,0.0,0.95,0.975,4.825,0.42471165864903226,0.5052469187873169,1.360504326724683e17,NaN,NaN,0.0,2.0762032085561497,0.5965390219224745,0.308125,0.0575,0.174375,0.163125,9.45255276916928,0.975,378,0.22454965995495507,0.2653610972360972,21.958156155780888,5303.794871794872
maxent_83_40,MaxEnt,40,173,0.108125,2.0,0.125,0.125,0.75,7,0.075,0.675,1.0,4.325,0.9179936644600853,0.8922479142937524,5.090550421220964,5.513975665899375,0.816695853125825,8.019941687677365,1.8026030368763557,1.1549423882946301,0.204375,0.093125,0.228125,0.23625,2.67371807207646,0.625,161,0.3067709245322737,0.3108738215819418,2.1150865455921775,4.432806256674097
ltm_84_40,LTM,40,380,0.2375,3.0,0.175,0.0,0.825,8,0.0,0.825,1.2121212121212122,9.5,0.5987889380601533,0.3511469947854762,3.6926841838088604,NaN,NaN,0.0,1.6539408866995073,0.5691103932244722,0.78125,0.4525,0.270625,0.439375,4.197603552890898,0.825,192,0.6621308243746857,0.5730826876418478,1.2391566811943233,1.9809860881526715
atn_84_40,ATN,40,212,0.1325,3.0,0.225,0.075,0.7,5,0.075,0.7,1.1935483870967742,5.3,0.6878984380190943,0.5059188156013569,3.078369366896798,5.8670024396002205,0.41527082509714996,10.14305548226448,1.5988857938718664,0.7018233242733065,0.414375,0.206875,0.165625,0.24,6.676554133066887,0.0,0,0.8155679736929737,0.4310026867719176,1.0555230681165093,1.934790491955739
adbm_84_40,ADBM,40,230,0.14375,2.0,0.225,0.125,0.65,5,0.1,0.375,1.1290322580645162,5.75,1.457590416445016,0.8499458963697941,3.499811345767921,5.043437204910293,1.0526983070305855,7.658227526161352,1.1735849056603773,1.5237922127297996,0.038125,0.576875,0.055625,0.620625,2.7559215324760857,0.0,0,0.7634551525959552,0.6750238026004327,1.678278678786018,2.974520297415612
niche_84_40,Niche,40,357,0.223125,2.0,0.125,0.125,0.75,2,0.05,0.825,1.0,8.925,0.9883772047586552,0.6913369907957583,2.9826026944548145,4.7789676002196595,1.0509561521637927,8.8934354408475,1.230603448275862,0.7285895996331003,0.426875,0.6675,0.680625,1.165,4.79672880426035,0.0,11,0.7631188053504231,0.45661914337905785,0.7792184264957784,0.9171126968544584
cascade_84_40,Cascade,40,325,0.203125,3.0,0.05,0.025,0.925,4,0.05,0.9,1.0263157894736843,8.125,0.6771023610528522,0.6252075971416157,3.984781649931609,5.577395870628953,0.6946371298524326,9.033483854613287,1.452296819787986,0.38088128170208635,0.633125,0.450625,0.5875,0.641875,5.9035827951554145,0.0,280,0.37477599202674167,0.4201927129962364,0.9930702768780532,1.0667106699601412
random_84_40,Random,40,331,0.206875,1.0,0.0,0.0,1.0,4,0.0,0.975,1.0,8.275,0.3202986895637117,0.3191274682008355,-4.757401399257412e17,NaN,NaN,0.0,1.8950874271440465,0.5023396078533643,0.723125,0.220625,0.3275,0.326875,3.8114238105040257,1.0,603,0.25997609421844814,0.407666545644571,93.90171309435404,17749.333333333332
maxent_84_40,MaxEnt,40,246,0.15375,3.0,0.075,0.075,0.85,7,0.0,0.825,1.0,6.15,0.8155474207648306,0.7595963618302345,13.512461355497114,5.7465753424657535,0.5493831710223268,9.390325868972589,1.9616908850726553,1.0736633508435236,0.254375,0.11625,0.3,0.30875,5.537251118902896,0.85,252,0.31245080451381946,0.3654845851195859,4.021959885311999,14.424381179668435
ltm_85_40,LTM,40,605,0.378125,3.0,0.125,0.0,0.875,3,0.0,0.875,1.1428571428571428,15.125,0.4772810980754597,0.24655972939755538,9.023703084761443,NaN,NaN,0.0,1.6071139854486662,0.47952148861133587,0.840625,0.640625,0.253125,0.4725,3.447291335032291,0.875,65,0.8317661580765782,0.748895429928647,3.0288266040582013,9.668060910107105
atn_85_40,ATN,40,277,0.173125,4.0,0.225,0.025,0.75,4,0.05,0.725,1.2580645161290323,6.925,0.6712800506904596,0.4571000877161181,2.9396790092182745,5.826083082748636,0.4155950204902555,10.712081708954909,1.785829307568438,0.7831565032755087,0.846875,0.325,0.31,0.45125,10.724028683369285,0.0,0,0.8618747624587912,0.4277755358676411,0.6298116468602886,2.0440606847877327
adbm_85_40,ADBM,40,256,0.16,3.0,0.175,0.15,0.675,4,0.175,0.45,1.0303030303030303,6.4,1.280575572965892,0.9420296554752785,3.016690698472926,5.395127353266888,0.8384180307977821,8.415160465851086,1.119718309859155,1.444329512398267,0.04625,0.7575,0.1175,0.493125,1.8786153352529857,0.0,0,0.7697685473080388,0.6732714073878648,0.860049711808744,1.5917402907789877
niche_85_40,Niche,40,319,0.199375,3.0,0.1,0.175,0.725,3,0.15,0.75,0.9166666666666666,7.975,0.9168270764032972,0.7493913326827497,3.0259285317682743,5.148592040958809,0.8911893029265033,10.15743185300305,1.2716894977168949,0.8603229645973828,0.48,0.596875,0.53375,0.75,4.741986356921664,0.0,0,0.7313713565519833,0.5078989518697868,0.5913723154697771,1.1100748581310063
cascade_85_40,Cascade,40,288,0.18,3.0,0.05,0.075,0.875,4,0.025,0.925,0.9736842105263158,7.2,0.6477919249015932,0.6204926103150011,3.852116734894696,5.501950585175552,0.7550822842984277,9.210040326967182,1.518716577540107,0.34711536817377037,0.574375,0.289375,0.511875,0.53375,7.242664850861418,0.0,293,0.33456096547308356,0.34569200901437747,0.8639369388048586,1.0393499490186866
random_85_40,Random,40,319,0.199375,1.0,0.0,0.0,1.0,3,0.0,1.0,1.0,7.975,0.29576164513502573,0.2774758970565026,5.4813056882887e16,NaN,NaN,0.0,1.9586846543001686,0.4296574301386245,0.66625,0.173125,0.30875,0.31875,4.800450164244159,1.0,662,0.24902234565038003,0.3771168893885612,14.845389181065752,539.8974358974359
maxent_85_40,MaxEnt,40,249,0.155625,2.0,0.125,0.1,0.775,6,0.0,0.725,1.0285714285714285,6.225,0.8907040038652232,0.7370438163479488,7.87438568404589,5.8007252946509515,0.4788461543862464,10.001521292807494,1.9178272980501392,1.3494123011393437,0.295,0.14,0.18875,0.25625,5.250453384879059,0.825,257,0.29720172180050697,0.4880457622024455,2.7107951656860707,8.095398630855236
ltm_86_40,LTM,40,681,0.425625,3.0,0.175,0.0,0.825,3,0.0,0.825,1.2121212121212122,17.025,0.5321348681758473,0.26217066669472644,5.803652305861193,NaN,NaN,0.0,1.4537190082644629,0.577644524531471,0.631875,0.55125,0.304375,0.605625,1.6542544941711055,0.825,57,0.8207169902917677,0.7448708705513625,2.2020216953596314,5.062511155498277
atn_86_40,ATN,40,257,0.160625,4.0,0.175,0.1,0.725,5,0.05,0.775,1.0909090909090908,6.425,0.7333260031450811,0.5493032198170781,3.3070409982829703,5.759254675953753,0.5103332594111093,10.250016196420983,1.4406779661016949,0.8411539533501895,0.663125,0.3025,0.285,0.40375,6.052229340293969,0.0,0,0.8226124607461681,0.45188313292028465,0.9759995730708904,1.7776009094652203
adbm_86_40,ADBM,40,218,0.13625,3.0,0.175,0.15,0.675,8,0.1,0.325,1.0303030303030303,5.45,1.4279136568367181,0.8833470996006993,5.080336194321783,4.688442211055277,1.1797320422776494,6.902742737158593,1.1626984126984128,1.5152327772737968,0.06,0.493125,0.0925,0.548125,1.7822636330897885,0.0,0,0.6438766233766233,0.5055050116385762,2.31860005009093,7.3117434025341845
niche_86_40,Niche,40,91,0.056875,2.0,0.325,0.35,0.325,4,0.125,0.475,0.9629629629629629,2.275,0.923036669411724,0.850404476152952,2.1885,3.838961038961039,1.3844519677772325,5.953243334287785,1.5549132947976878,1.0148773035291236,0.0925,0.0025,0.079375,0.0875,3.461476414948003,0.0,0,0.6371130952380952,0.04371693121693122,0.6860977763629312,0.9125190598290601
cascade_86_40,Cascade,40,122,0.07625,4.0,0.15,0.175,0.675,4,0.2,0.6,0.9705882352941176,3.05,0.7533486779228123,0.8365640693413893,2.604211187812316,4.119718309859155,1.189062276306228,6.054439346269371,1.616600790513834,0.8058523935537157,0.13625,0.02625,0.13125,0.11625,2.7543998033528854,0.0,169,0.2850113775113775,0.16339586339586337,0.6810308534815027,0.820454420586394
random_86_40,Random,40,106,0.06625,1.0,0.075,0.025,0.9,8,0.0,0.8,1.054054054054054,2.65,0.5892669464129026,0.5508360234954132,33.87294371613125,5.0,2.23606797749979,1.6094379124341003,2.297979797979798,0.8806413603593038,0.124375,0.01125,0.055625,0.0575,4.184780617432726,0.9,127,0.19530594405594406,0.1505639097744361,6.520363280971207,113.99079641606721
maxent_86_40,MaxEnt,40,65,0.040625,2.0,0.35,0.375,0.275,8,0.125,0.35,0.9615384615384616,1.625,1.2203702699641907,1.1881169591683003,2.5207136015325675,4.544871794871795,1.3263724418221092,5.049856007249537,1.4351851851851851,1.6474234260727192,0.04625,0.00625,0.04875,0.050625,2.285234389279382,0.15,40,0.18841269841269842,0.13732993197278912,1.0293487265800407,1.823034276842036
ltm_87_40,LTM,40,279,0.174375,5.0,0.225,0.05,0.725,6,0.025,0.75,1.2258064516129032,6.975,0.6837214013755246,0.4676645507144034,3.1066547222856586,5.755049719171891,0.5280621666619846,11.119571717344408,1.6043046357615893,0.774418168356539,0.479375,0.233125,0.196875,0.305,13.276870172005697,0.65,123,0.6230061143669302,0.5151414416953831,1.0383287664074512,1.784558428365824
atn_87_40,ATN,40,182,0.11375,2.0,0.225,0.1,0.675,6,0.1,0.675,1.1612903225806452,4.55,0.7514344400242532,0.6094590532824958,3.055801312337656,5.879854809437386,0.3870007519565346,9.019785010255125,1.6638176638176638,0.9737719542580862,0.384375,0.13625,0.159375,0.208125,4.790081255811793,0.0,0,0.8492281125737007,0.32413152458401323,0.9656125827633592,2.1701643679216978
adbm_87_40,ADBM,40,170,0.10625,2.0,0.225,0.25,0.525,7,0.075,0.3,0.967741935483871,4.25,1.6229653423682877,0.9163389369057194,4.823203297019291,2.8333333333333335,1.1436782764396638,4.836281906951478,1.3127962085308056,1.6697425259359586,0.0325,0.268125,0.089375,0.484375,1.9642364331440725,0.0,0,0.7299932947487295,0.4899472509335463,2.7425353712690046,8.033373808520802
niche_87_40,Niche,40,148,0.0925,3.0,0.275,0.325,0.4,3,0.175,0.55,0.9310344827586207,3.7,1.0709854320477215,0.930625364347153,2.2948323688271612,3.83125,1.1173514122261434,6.461468176353717,1.4100418410041842,1.1753749386349492,0.174375,0.0625,0.206875,0.25375,3.380791944696715,0.0,0,0.5470530858030858,0.2142186517186517,0.6194187816762963,0.9107767369421319
cascade_87_40,Cascade,40,129,0.080625,3.0,0.2,0.2,0.6,5,0.125,0.6,1.0,3.225,0.8440498824342637,0.84112397057876,2.648874939103245,4.0062893081761,1.3894458207887803,5.762051382780177,1.58,0.7020117392208084,0.1175,0.025,0.154375,0.155,3.398063196132036,0.0,167,0.28591384310134316,0.13880050505050504,0.9172501319069101,0.956615728457523
random_87_40,Random,40,138,0.08625,1.0,0.025,0.0,0.975,6,0.025,0.825,1.0256410256410255,3.45,0.5410760735220017,0.39356189823890486,19.265726491920443,NaN,NaN,0.0,2.2055888223552893,0.6687476609236997,0.193125,0.0225,0.07875,0.09875,3.2971000266564223,0.95,269,0.20916444666444667,0.18155122655122655,3.8586100245595243,22.92204919103216
maxent_87_40,MaxEnt,40,112,0.07,2.0,0.225,0.175,0.6,10,0.05,0.625,1.064516129032258,2.8,0.9157326005494469,1.0426539016163177,6.087784497932519,5.2845303867403315,0.9947210179943341,6.584791392385716,1.7906137184115523,1.4003625156725987,0.10625,0.02375,0.1125,0.093125,4.197756177312327,0.55,145,0.23675168581418574,0.28316647871269723,2.347673750192957,10.637078273047393
ltm_88_40,LTM,40,262,0.16375,3.0,0.225,0.1,0.675,3,0.05,0.725,1.1612903225806452,6.55,0.6476852662552542,0.5045221253029201,3.0069050928687417,5.7142527986779275,0.5325085432100829,11.742949292805115,1.6625441696113075,0.8172775946156177,0.7175,0.330625,0.2425,0.330625,3.7310482279561556,0.05,75,0.6376616506633164,0.4322658417323814,0.766745786200696,1.9025955072646628
atn_88_40,ATN,40,222,0.13875,3.0,0.225,0.075,0.7,4,0.025,0.75,1.1935483870967742,5.55,0.6092470704103667,0.6320480391624106,3.253789211790864,5.83788132604479,0.40568776587960564,10.722562289693863,1.7313432835820894,0.9391731935333829,0.57375,0.238125,0.2275,0.216875,6.2978826091469955,0.0,0,0.8356872335181158,0.4187301737876123,0.7770365316186869,2.3933712902010167
adbm_88_40,ADBM,40,264,0.165,3.0,0.225,0.125,0.65,6,0.05,0.5,1.1290322580645162,6.6,1.263387493916385,0.9776047031960085,4.4923436259811265,4.985308056872038,0.9536657359820934,8.347590407030058,1.1178451178451179,1.4201780357649845,0.03125,0.77375,0.195625,0.535625,3.007992441149762,0.0,0,0.706107910906298,0.5919377357718647,1.610018091878261,5.165843418558611
niche_88_40,Niche,40,437,0.273125,3.0,0.125,0.05,0.825,3,0.025,0.825,1.0857142857142856,10.925,0.8077046043096789,0.7151636423247615,3.311158593207762,5.457580962755038,0.7412393890200925,11.178948113533144,1.2390924956369982,0.6621835567335447,0.53875,1.39,0.709375,0.914375,8.553783965431201,0.0,0,0.7914063239608473,0.6527192400866803,0.8209009559162462,1.3422806488815955
cascade_88_40,Cascade,40,430,0.26875,3.0,0.05,0.075,0.875,3,0.05,0.9,0.9736842105263158,10.75,0.604972163771903,0.6677336111442453,3.6391036587265155,5.678306935510028,0.6054733605275658,11.21176631667128,1.3476923076923077,0.2492517682072869,0.82,1.013125,0.925,0.8125,8.10117776071488,0.0,240,0.46439992941006114,0.5440810284468078,0.87954932603937,0.8852458719286187
random_88_40,Random,40,424,0.265,1.0,0.0,0.0,1.0,3,0.0,1.0,1.0,10.6,0.23383269661668085,0.21555133553993835,3.8338229088085976e16,NaN,NaN,0.0,1.7672281776416539,0.3170191420986951,0.699375,0.25625,0.33625,0.349375,5.057921480907339,1.0,700,0.2900151949422822,0.47147639288815746,7.54983443527075,52.51282051282051
maxent_88_40,MaxEnt,40,315,0.196875,2.0,0.05,0.075,0.875,6,0.0,0.85,0.9736842105263158,7.875,0.8360045951014068,0.7371854910430298,14.709026806938004,5.80841414292108,0.4703675848178898,10.419748378792058,1.8072445019404917,1.0712423902513237,0.341875,0.29125,0.408125,0.451875,5.1058173466973225,0.9,276,0.36323395733042896,0.5499974391904391,3.5738916430247385,13.275489891189281
ltm_89_40,LTM,40,171,0.106875,5.0,0.225,0.05,0.725,5,0.1,0.675,1.2258064516129032,4.275,0.7067101466349159,0.6245028819227798,3.0846532693407998,5.673248407643312,0.5552841069235274,9.150590367570409,1.6158536585365855,0.9680266175759902,0.30875,0.11375,0.1175,0.14625,5.599307454626523,0.15,60,0.6321287647680837,0.48353142583911807,0.7935724840380913,2.3028788855344775
atn_89_40,ATN,40,205,0.128125,7.0,0.125,0.025,0.85,6,0.1,0.725,1.1142857142857143,5.125,0.5627266902894548,0.5696236363708691,3.836936543367346,5.802448200943246,0.43517363656916785,9.845381631129095,2.0041753653444676,0.857660591245524,0.546875,0.14,0.228125,0.225625,3.158615646533188,0.0,0,0.9018016644303408,0.3228600969893539,0.9668768847965353,2.7085712747703927
adbm_89_40,ADBM,40,356,0.2225,2.0,0.1,0.1,0.8,5,0.025,0.525,1.0,8.9,1.1372833788434111,0.8017215767274423,5.242653571327965,4.966019417475728,1.476254548614177,5.327876168789581,1.141057934508816,1.079575615055287,0.0675,1.16875,0.330625,0.95875,3.0815748261849336,0.0,0,0.8837457786849818,0.6644619617349208,1.505257559678102,4.303649165063224
niche_89_40,Niche,40,300,0.1875,3.0,0.1,0.025,0.875,4,0.025,0.775,1.0833333333333333,7.5,0.9088360171025937,0.7554549958218892,3.8888062208943213,5.684692942254812,0.5575184631065626,8.381144346952961,1.3807339449541285,0.8383948848281357,0.50375,0.426875,0.57375,0.74875,5.2007743259317945,0.0,21,0.6871479584859163,0.4297754568272489,0.8877908124177711,1.767128167288401
cascade_89_40,Cascade,40,233,0.145625,3.0,0.1,0.125,0.775,4,0.05,0.8,0.9722222222222222,5.825,0.6291354390105556,0.7188336116047683,3.243605696742544,5.259358711104091,0.9178012220270563,8.753213480544126,1.567391304347826,0.4817388538283527,0.405,0.161875,0.403125,0.353125,5.583402968170324,0.0,263,0.2926087840085013,0.2854614013437543,0.8753902989994057,0.9235003074182583
random_89_40,Random,40,255,0.159375,1.0,0.0,0.0,1.0,5,0.0,0.9,1.0,6.375,0.42283241532740995,0.34929122133038915,8.202860025659968e16,NaN,NaN,0.0,1.980728051391863,0.5647393990388687,0.42875,0.076875,0.214375,0.233125,9.01220491857191,1.0,553,0.22200173040150073,0.2866221360339008,16.562537458337218,774.5641025641025
maxent_89_40,MaxEnt,40,180,0.1125,4.0,0.075,0.15,0.775,6,0.05,0.725,0.918918918918919,4.5,0.900212770741037,0.8390591514165228,15.429689570320377,5.650445292620865,0.6680850959148072,8.053251153549096,1.9522058823529411,1.2046128497400255,0.206875,0.089375,0.2,0.209375,4.721478689444839,0.75,192,0.2860641600364308,0.3512394384624301,4.887191039777925,31.081513919379596
ltm_90_40,LTM,40,174,0.10875,3.0,0.3,0.25,0.45,6,0.025,0.65,1.0714285714285714,4.35,0.9663168765701483,0.8610171400320632,2.793232447265024,5.47637818438548,0.8194134054793346,9.740792136877351,1.7520325203252032,1.313077228271838,0.2375,0.063125,0.218125,0.2425,9.517106681342568,0.4,12,0.6438080774574583,0.28559799876935427,1.1583368221100379,1.5925205891318963
atn_90_40,ATN,40,217,0.135625,2.0,0.225,0.025,0.75,5,0.025,0.75,1.2580645161290323,5.425,0.743079886232336,0.4435125152186336,3.12273942232265,5.649703992946215,0.6348042357969639,8.979542601725113,1.75,0.766923433558002,0.48125,0.196875,0.17375,0.30125,7.437013761862473,0.0,0,0.7720995670995671,0.41832076549181807,1.14967163139757,1.6960885424990317
adbm_90_40,ADBM,40,281,0.175625,2.0,0.225,0.05,0.725,7,0.05,0.475,1.2258064516129032,7.025,1.3704841494704085,0.7685937094019144,4.054249646428312,4.975262368815592,1.0840852542689488,7.889084407035514,1.1157556270096463,1.3105881116496976,0.055,0.726875,0.1575,0.931875,2.4050385331429274,0.0,0,0.7641821161929858,0.6230309668428619,2.0398299328272955,3.840772582830952
niche_90_40,Niche,40,443,0.276875,2.0,0.1,0.125,0.775,3,0.05,0.85,0.9722222222222222,11.075,0.8714514797463628,0.7580425043582528,3.6156217487451756,5.489996183830344,0.7466216419506825,10.510150489874295,1.105050505050505,0.7253943964727014,0.353125,1.505625,0.748125,1.024375,5.397913906795756,0.0,3,0.77842565829395,0.668033948769935,0.9033680199398164,1.2908095903596466
cascade_90_40,Cascade,40,428,0.2675,2.0,0.05,0.025,0.925,4,0.05,0.9,1.0263157894736843,10.7,0.6374563290379123,0.6203632332723094,3.7433164478557166,5.677830895872819,0.5974442520576333,10.473081959467745,1.363499245852187,0.2607562954491136,0.858125,0.995,0.839375,0.869375,7.729262759165584,0.0,239,0.4726721900601313,0.5403695366368674,0.9092647618659451,0.9632084589607917
random_90_40,Random,40,389,0.243125,1.0,0.0,0.0,1.0,3,0.0,1.0,1.0,9.725,0.2603312927633226,0.2592877720073977,2.377519792576555e16,NaN,NaN,0.0,1.8355837966640192,0.37687930097421657,0.71625,0.235625,0.356875,0.34875,5.952333924768049,1.0,684,0.27702479527873913,0.44612576046618313,5.988206060682348,64.0
maxent_90_40,MaxEnt,40,266,0.16625,2.0,0.175,0.05,0.775,5,0.0,0.725,1.1515151515151516,6.65,0.7739577117980129,0.8261382512901904,15.088058227631725,5.805668725631927,0.4745307839835135,10.035699324844632,1.8315068493150686,1.2107903250214571,0.343125,0.204375,0.31125,0.30125,7.623420639131699,0.775,253,0.32064437053574985,0.5255731333157636,4.828950539780134,45.482506786491314
ltm_91_40,LTM,40,471,0.294375,3.0,0.2,0.0,0.8,3,0.0,0.8,1.25,11.775,0.6125550556896241,0.3133601868360709,4.080642990940072,NaN,NaN,0.0,1.5639246778989098,0.6470463630167655,0.648125,0.31625,0.478125,0.660625,6.567582724639492,0.8,11,0.8464354171108317,0.48669469268000354,1.6250853995428507,2.551782674630234
atn_91_40,ATN,40,170,0.10625,2.0,0.25,0.15,0.6,5,0.15,0.6,1.1333333333333333,4.25,0.8111546005537216,0.550525837306811,2.693884213363522,5.730363156457631,0.5734378042173965,9.997615215260826,1.6026058631921825,0.9089505541712013,0.30375,0.118125,0.12125,0.199375,4.201051992550873,0.0,0,0.7991248334998335,0.4385487731641578,0.9307762016685293,1.4510345935216746
adbm_91_40,ADBM,40,216,0.135,2.0,0.25,0.3,0.45,3,0.2,0.375,0.9333333333333333,5.4,1.3938972692672098,0.980625511459476,2.5820587728718225,4.888461538461539,1.1922030301958961,8.045588280803528,1.0897435897435896,1.5214226508857152,0.0225,0.496875,0.141875,0.490625,1.9794813398984556,0.0,0,0.7000217604677743,0.5779765488242293,1.0863841777256946,1.2599478125774057
niche_91_40,Niche,40,238,0.14875,2.0,0.15,0.15,0.7,3,0.125,0.625,1.0,5.95,0.9491688229997193,0.7079007884821223,2.945462660441601,4.956431054461182,0.9527982756078653,9.062999784077473,1.4468599033816425,1.0470231647522885,0.490625,0.2625,0.321875,0.494375,4.069555393191969,0.0,0,0.7352065794573702,0.3696899858664564,0.6375057859149925,1.288456828513525
cascade_91_40,Cascade,40,299,0.186875,3.0,0.05,0.025,0.925,4,0.075,0.825,1.0263157894736843,7.475,0.6726504717732124,0.6651037323403972,3.6863080497769625,5.548962336664104,0.7218109119325818,8.780326390946605,1.5234782608695652,0.3937772261395746,0.5325,0.360625,0.545625,0.5525,5.48501376907858,0.0,280,0.35629604805491943,0.4007470803620185,0.898400981139341,0.9329894182521767
random_91_40,Random,40,290,0.18125,1.0,0.0,0.0,1.0,4,0.0,0.9,1.0,7.25,0.2682413339025466,0.3460632149952208,1.5471603116726458e17,NaN,NaN,0.0,2.092060810810811,0.42941339723815514,0.55375,0.12125,0.275,0.261875,4.177086209254532,1.0,608,0.24418639483538285,0.3272448548183843,25.474395529358627,2021.7435897435898
maxent_91_40,MaxEnt,40,188,0.1175,2.0,0.125,0.125,0.75,8,0.075,0.625,1.0,4.7,0.9758490965811308,0.6662370497648124,6.00644002253439,5.559626436781609,0.779859194605737,8.337109129562474,2.267343485617597,0.9860255597948374,0.238125,0.10375,0.203125,0.3325,4.413046803661113,0.675,194,0.2785521886823038,0.3328649099130166,2.5572170952682622,7.326199289962092
ltm_92_40,LTM,40,62,0.03875,4.0,0.475,0.275,0.25,4,0.175,0.35,1.380952380952381,1.55,1.2648435625429926,0.9574863254909848,1.8657584635416669,4.055555555555555,1.496621324653668,4.68213122712422,1.6612903225806452,1.4885028581850093,0.04625,0.005,0.0325,0.0525,3.834005868753045,0.0,0,0.4423809523809523,0.10141093474426809,0.775452242364436,0.8433271250385166
atn_92_40,ATN,40,219,0.136875,2.0,0.2,0.075,0.725,5,0.025,0.75,1.15625,5.475,0.715196016263974,0.6078730363179314,3.3930536525161044,5.909727626459144,0.3032137816695717,10.29400821325847,1.906926406926407,0.8576449751011251,0.47375,0.2225,0.21875,0.270625,9.214604195464364,0.0,0,0.8020977633477633,0.44274495714124196,0.7197034141553585,3.307936014731783
adbm_92_40,ADBM,40,174,0.10875,3.0,0.2,0.175,0.625,6,0.15,0.325,1.03125,4.35,1.5020991485322248,0.9939670519970155,3.2120302789966075,4.856927710843373,1.0817441974476039,7.191429330036379,1.1951219512195121,1.6830349625492533,0.031875,0.34625,0.06375,0.35625,1.6741901099178083,0.0,0,0.5578507392366088,0.5407302723397235,1.1097674770699335,2.3176332761041643
niche_92_40,Niche,40,418,0.26125,2.0,0.15,0.075,0.775,3,0.05,0.775,1.088235294117647,10.45,0.8503930730378575,0.740908149087368,2.9133040760195934,5.2318595371109335,0.8907397608759046,10.35217177976427,1.222011385199241,0.6685582526784642,0.50875,1.123125,0.841875,1.07375,8.039920905071341,0.0,0,0.8238918152352077,0.5751105139808862,0.801200669392559,1.022952780220187
cascade_92_40,Cascade,40,431,0.269375,3.0,0.025,0.025,0.95,3,0.05,0.875,1.0,10.775,0.6438425306708941,0.6338168529501365,3.9460670773159476,5.714553144283436,0.5621576006492776,10.269726614143455,1.3782991202346042,0.32825838366309995,0.851875,1.048125,0.836875,0.855,5.952305141368357,0.0,225,0.4835228175871927,0.5543663235289777,0.8460684339205083,0.8452669260569879
random_92_40,Random,40,435,0.271875,1.0,0.0,0.0,1.0,3,0.0,1.0,1.0,10.875,0.267634452279129,0.29755551538207237,2.2246151935328776e16,NaN,NaN,0.0,1.8422597212032281,0.37927908488753176,0.7575,0.31125,0.38,0.38,4.80338697443996,1.0,646,0.2874832705671842,0.4788259218440432,4.213552300435554,16.0
maxent_92_40,MaxEnt,40,321,0.200625,2.0,0.025,0.05,0.925,6,0.0,0.875,0.9743589743589743,8.025,0.612084945536505,0.665081394206782,20.75872397122382,5.820613558471956,0.45173657533582434,9.389573832170905,1.87292817679558,0.7951228417699295,0.48875,0.303125,0.46125,0.410625,13.057317403578718,0.925,370,0.29971200852083213,0.4538475668620009,4.715012264821496,13.431682060036952
ltm_93_40,LTM,40,391,0.244375,3.0,0.125,0.0,0.875,4,0.0,0.875,1.1428571428571428,9.775,0.5538208426296422,0.3547527546680246,6.771901308709199,NaN,NaN,0.0,1.7605238540692236,0.639063463703807,0.619375,0.3225,0.264375,0.349375,3.4438220438458655,0.875,109,0.6749381198864722,0.5849407842093096,2.307563931626544,5.329918449413687
atn_93_40,ATN,40,228,0.1425,4.0,0.15,0.125,0.725,5,0.05,0.8,1.0294117647058822,5.7,0.6027823097362767,0.47707918518228065,3.6687322202337014,5.738791343957396,0.5169551327823891,11.21159061606466,1.9740484429065743,0.7783238234880304,0.58125,0.236875,0.188125,0.241875,7.4087635506220835,0.0,0,0.8444693889701631,0.41894449807643425,0.9754872499562987,2.574840763191228
adbm_93_40,ADBM,40,324,0.2025,2.0,0.15,0.275,0.575,3,0.125,0.525,0.8529411764705882,8.1,1.1227625877704792,0.8993440908410031,3.1248389342822636,5.426787429669274,0.8123608553156142,9.992459506338392,1.0878186968838528,1.239370210310814,0.043125,1.170625,0.195,0.55625,3.0719830440274647,0.0,0,0.762956847715689,0.719059958486836,0.9733717721904338,1.3373204598470398
niche_93_40,Niche,40,336,0.21,3.0,0.15,0.225,0.625,4,0.15,0.65,0.9117647058823529,8.4,1.0300305076438911,0.8541359549557843,2.7691266355642985,4.21922335444781,1.1254014539124215,8.197263371414335,1.2109004739336493,0.8191271222452676,0.198125,0.603125,0.80125,1.08625,4.673771508833927,0.0,0,0.7831574416336352,0.42954673843451713,0.7807307633105462,0.8629666331584789
cascade_93_40,Cascade,40,282,0.17625,3.0,0.05,0.075,0.875,4,0.05,0.85,0.9736842105263158,7.05,0.6310432126939183,0.6714434617086987,3.6975522504290965,5.496083550913838,0.7656437260830089,9.126088819528592,1.4306418219461698,0.43190953360041295,0.558125,0.283125,0.523125,0.49125,4.532079995455958,0.0,292,0.32565633609534206,0.35243087171686244,0.8955777600721079,0.9306884059148206
random_93_40,Random,40,280,0.175,1.0,0.0,0.0,1.0,4,0.0,0.95,1.0,7.0,0.3267267856553518,0.29649972666444047,1.5461241695173702e17,NaN,NaN,0.0,1.8719052744886975,0.4230412429652781,0.568125,0.116875,0.285625,0.270625,6.832536362188183,1.0,617,0.2277600928293937,0.3265011051040464,36.30151511989548,1076.5128205128206
maxent_93_40,MaxEnt,40,217,0.135625,2.0,0.05,0.225,0.725,6,0.025,0.75,0.8157894736842105,5.425,0.8654866241726255,0.8461442674517275,13.130333340696172,5.632693393562959,0.6959628822924241,8.17244681834278,1.7485148514851485,1.0523442037310116,0.26,0.17625,0.305625,0.31125,6.059748500067785,0.65,200,0.3164321256839046,0.35255327575761014,4.1817595746107505,15.169698966194733
ltm_94_40,LTM,40,169,0.105625,2.0,0.275,0.125,0.6,4,0.175,0.55,1.206896551724138,4.225,0.9474849184022768,0.6704954070634459,2.4097463233759693,5.276114100091362,0.7519159721759802,9.19532825185568,1.8535980148883375,0.917387318152321,0.256875,0.079375,0.18875,0.28625,5.240330674241375,0.0,24,0.6756023143523144,0.27858822089591323,0.6168897389542565,1.2795215403622657
atn_94_40,ATN,40,257,0.160625,5.0,0.15,0.125,0.725,4,0.075,0.775,1.0294117647058822,6.425,0.6751122991812342,0.7065807664999444,3.5177485624286597,5.792667706708269,0.49791558668314545,11.330563907376252,1.864864864864865,0.6757215597470342,0.465,0.31625,0.370625,0.34875,4.5767687714086325,0.0,0,0.883524116384991,0.4163715451215452,1.0486050172821508,2.030224326134021
adbm_94_40,ADBM,40,451,0.281875,2.0,0.15,0.225,0.625,5,0.075,0.6,0.9117647058823529,11.275,0.9454744493787902,0.8011236034726376,4.206482523433606,5.0255667038275735,1.0250034917068556,9.507106063161006,1.0585774058577406,0.8514009693509883,0.048125,1.87375,0.56875,0.959375,3.8255349191881947,0.0,0,0.8686765668961677,0.7332500227990422,1.4540178080061328,2.8849035597646138
niche_94_40,Niche,40,95,0.059375,3.0,0.325,0.325,0.35,3,0.225,0.35,1.0,2.375,1.435598073366932,0.9567684796836553,2.1194372294372292,2.2745098039215685,1.1445684278545976,4.624972813284271,1.246031746031746,1.313439196501481,0.050625,0.004375,0.099375,0.178125,1.6606414743083933,0.0,0,0.6128449675324675,0.08959183673469388,0.8064831856467426,0.8671742475898321
cascade_94_40,Cascade,40,130,0.08125,3.0,0.125,0.175,0.7,5,0.175,0.625,0.9428571428571428,3.25,0.7875529955700993,0.7719871719124156,2.968638326670367,4.918429003021148,1.1271899604325402,6.900730664045173,1.5495867768595042,0.7504613459941059,0.155625,0.024375,0.14375,0.146875,3.234140154509252,0.0,168,0.2534999722499723,0.13322150072150074,0.8477078288229233,1.0930242941813475
random_94_40,Random,40,123,0.076875,1.0,0.05,0.025,0.925,8,0.0,0.85,1.0263157894736843,3.075,0.5227559441465234,0.4621859958480698,35.51118967399679,5.548387096774194,0.809885163769916,3.4339872044851463,1.923728813559322,0.6650427401363618,0.160625,0.01125,0.07125,0.0775,4.309105861922848,0.925,209,0.21718219280719273,0.13259920634920633,7.053923115613307,84.37683341312196
maxent_94_40,MaxEnt,40,81,0.050625,3.0,0.25,0.325,0.425,11,0.125,0.475,0.9,2.025,1.1540031184067359,0.9907359332216732,3.571832084893882,4.210843373493976,1.5601485592194775,5.111987788356544,1.576158940397351,1.3039089692311445,0.055,0.009375,0.0625,0.081875,3.0100581778041438,0.3,54,0.25988275613275613,0.15123966942148756,1.8225084450647597,3.986973919438867
ltm_95_40,LTM,40,183,0.114375,3.0,0.375,0.225,0.4,4,0.0,0.6,1.24,4.575,0.9898297674224998,0.8586055054000212,2.8078144215422336,5.6587235961813125,0.6608112912715821,9.495744852683906,1.6726342710997442,1.3479128560882991,0.19,0.09625,0.184375,0.22625,4.691085853201706,0.5,8,0.5044380590991844,0.4550694859236936,1.4118726369898469,2.129686443293567
atn_95_40,ATN,40,196,0.1225,4.0,0.175,0.1,0.725,5,0.05,0.775,1.0909090909090908,4.9,0.641711953321904,0.5914847651505893,3.70903378397441,5.9048065650644785,0.3543047314928347,9.456809748593889,1.7726161369193154,0.9652269624795463,0.465625,0.184375,0.156875,0.175,6.809803326881745,0.0,0,0.7669608659314542,0.4612159937237337,0.9780444451483826,3.0304217149779555
adbm_95_40,ADBM,40,215,0.134375,2.0,0.175,0.175,0.65,7,0.05,0.4,1.0,5.375,1.442764254031077,0.9091834384929018,5.105936098419572,5.198544698544699,0.9452390280526332,7.562161631225652,1.1327800829875518,1.5666647045603264,0.0475,0.515,0.07,0.511875,2.016851891045118,0.0,0,0.6976034694579587,0.6602729296694317,1.7451410357720538,6.030926950958045
niche_95_40,Niche,40,367,0.229375,3.0,0.15,0.2,0.65,3,0.075,0.725,0.9411764705882353,9.175,0.9716877087804009,0.7618990575198861,2.6860452613891903,4.639630149812734,1.082288835234813,9.746131741759921,1.2510373443983402,0.7842247382902113,0.343125,0.828125,0.705,1.078125,4.693683881967171,0.0,0,0.8012579363067418,0.5331186389410323,0.706302661235041,0.7898605678656471
cascade_95_40,Cascade,40,403,0.251875,2.0,0.05,0.075,0.875,3,0.05,0.875,0.9736842105263158,10.075,0.671827188195263,0.6437943437949849,3.8851570739065067,5.578469843718103,0.6870834998610899,10.693920233396923,1.353322528363047,0.29780916327480106,0.73375,0.8425,0.813125,0.85875,6.190342543648943,0.0,242,0.4491059955653253,0.5162613703843009,1.0111242163642227,0.9937986556481888
random_95_40,Random,40,375,0.234375,1.0,0.0,0.0,1.0,3,0.0,1.0,1.0,9.375,0.2642626682578488,0.2631563832615163,3.202883513915888e16,NaN,NaN,0.0,1.92433234421365,0.4025672600453233,0.709375,0.185625,0.3325,0.341875,5.205493370014491,1.0,676,0.28281350672204364,0.40696082898869285,8.12682799949238,192.4102564102564
maxent_95_40,MaxEnt,40,293,0.183125,1.0,0.025,0.125,0.85,5,0.0,0.8,0.8974358974358975,7.325,0.592566715081179,0.7644222910787248,-5.2104529499898726e17,NaN,NaN,0.0,1.8400984009840098,1.0849284293964634,0.346875,0.125625,0.330625,0.240625,5.969075654087877,0.85,303,0.3168218230377307,0.4587420404127108,106.54751059340559,7.13972911086342e33
ltm_96_40,LTM,40,283,0.176875,4.0,0.275,0.025,0.7,4,0.0,0.675,1.3448275862068966,7.075,0.8379620294547449,0.37924552964879893,5.678957721800331,5.798334785555233,0.4851094042459105,11.439935329342854,1.7940340909090908,0.9101431207373653,0.438125,0.241875,0.143125,0.408125,13.201737696556306,0.7,124,0.6406216185059065,0.5730742795216479,3.0314324217105417,13.855056121160418
atn_96_40,ATN,40,188,0.1175,3.0,0.35,0.1,0.55,5,0.1,0.55,1.3846153846153846,4.7,0.8540591044845453,0.5805881193537418,2.169608202561327,5.787340020754065,0.511138100175565,9.578795654450447,1.5420560747663552,0.8230523896077623,0.32125,0.12625,0.181875,0.2875,3.8125439034901416,0.0,0,0.8717825495582849,0.36365457903919446,0.7056848429420765,0.8914091359242551
adbm_96_40,ADBM,40,193,0.120625,2.0,0.35,0.325,0.325,3,0.2,0.325,1.0384615384615385,4.825,1.7005880906515694,0.8652726431469909,2.1305451419698316,3.8095693779904307,1.3387477372687648,6.951772164398911,1.0769230769230769,1.667007718195757,0.01625,0.32125,0.121875,0.73,2.045584454277612,0.0,0,0.7368740981240982,0.5832072919029441,0.8783869764803224,0.872790744745092
niche_96_40,Niche,40,339,0.211875,2.0,0.075,0.175,0.75,3,0.025,0.8,0.8918918918918919,8.475,0.8906305207337362,0.6754437208436987,4.56908536082083,5.571365199068426,0.6582612924504779,10.205479252168017,1.4389799635701275,0.8682897308453927,0.6125,0.749375,0.441875,0.736875,5.323679761560682,0.0,0,0.7126903667753198,0.5717508787767729,0.8634033183592251,2.110952575311696
cascade_96_40,Cascade,40,377,0.235625,2.0,0.05,0.05,0.9,3,0.05,0.875,1.0,9.425,0.6283384962782735,0.6241903175997039,3.745015296257061,5.645128511655709,0.6332266568189625,10.418105974540815,1.416,0.3183477262592701,0.790625,0.690625,0.72375,0.729375,8.120067440283389,0.0,269,0.40797366994764117,0.48402006308516254,0.8677284937650344,0.9646595984705325
random_96_40,Random,40,366,0.22875,1.0,0.0,0.0,1.0,4,0.0,1.0,1.0,9.15,0.32321198922786976,0.23550808853196342,3.0536070938319706e17,NaN,NaN,0.0,1.8375304630381804,0.3431138839299855,0.718125,0.228125,0.341875,0.37375,10.757017097498728,1.0,656,0.2709048065968338,0.41275787754519755,63.44805542886967,24576.0
maxent_96_40,MaxEnt,40,259,0.161875,2.0,0.025,0.175,0.8,5,0.0,0.925,0.8461538461538461,6.475,0.6256182775751258,0.8971224880119282,20.24828559020771,5.783181310498883,0.5039445894029883,9.97524991876302,1.782420749279539,1.1251297443373438,0.375,0.21375,0.388125,0.235,8.216922429909422,0.725,272,0.3135055219282084,0.4741156942924909,3.7885681653702195,12.280638585116767
ltm_97_40,LTM,40,166,0.10375,2.0,0.325,0.3,0.375,4,0.075,0.55,1.037037037037037,4.15,0.9905930019804559,1.039007188620927,2.341359953727301,4.589375448671931,1.2442750383856755,7.239214973779806,1.3008474576271187,1.1065247964272666,0.1375,0.1175,0.2725,0.251875,5.940647052684304,0.0,3,0.6637963711125476,0.2980080656971413,0.9520799809407502,1.077773648433574
atn_97_40,ATN,40,208,0.13,2.0,0.225,0.075,0.7,5,0.075,0.7,1.1935483870967742,5.2,0.663606235829068,0.6929648426144586,3.057865331621941,5.865828731810001,0.4476334461046483,10.397543345426145,2.063917525773196,0.6910464074926161,0.326875,0.203125,0.228125,0.215,4.243543826954834,0.0,0,0.8198269031879711,0.4372809053691406,1.0997223841279262,1.7967867543099247
adbm_97_40,ADBM,40,249,0.155625,2.0,0.225,0.225,0.55,6,0.075,0.425,1.0,6.225,1.2838462744160979,0.9676152938797481,4.263398731412677,3.9500768049155144,1.0320591240830168,7.171656822768514,1.3193548387096774,1.4065548491422195,0.033125,0.649375,0.199375,0.535625,3.184825023627598,0.0,0,0.7221607077133392,0.5867899886827401,2.243846556896143,4.929942728186357
niche_97_40,Niche,40,136,0.085,3.0,0.4,0.175,0.425,3,0.325,0.275,1.375,3.4,1.3646616729719654,0.6979188806067457,1.7788263888888889,2.58,0.8038561680772397,5.521460917862246,1.3282051282051281,1.1248083660560007,0.12375,0.0125,0.158125,0.351875,3.9128178989957823,0.0,0,0.6964227786102785,0.12779020173637937,0.4398196840279548,0.49802916811115466
cascade_97_40,Cascade,40,103,0.064375,3.0,0.175,0.2,0.625,6,0.175,0.55,0.9696969696969697,2.575,0.8384121044898077,0.852136853912119,2.64644236845973,4.092050209205021,1.350342153026985,5.476463551931511,1.4127906976744187,0.8322202058832942,0.090625,0.015625,0.09375,0.091875,2.171204207690395,0.0,130,0.27554372710622715,0.13647648647648647,0.8168621104153142,0.9169701810432844
random_97_40,Random,40,119,0.074375,2.0,0.05,0.025,0.925,7,0.025,0.85,1.0263157894736843,2.975,0.5408634789980977,0.6206771051667929,23.23161985272253,5.6,0.6072478900745559,4.174387269895637,2.137837837837838,0.8440340957016788,0.146875,0.010625,0.080625,0.0725,4.4975144902951705,0.875,197,0.2128856213231213,0.1532090416705801,5.16853774667432,46.754720905861895
maxent_97_40,MaxEnt,40,99,0.061875,2.0,0.275,0.175,0.55,8,0.025,0.525,1.1379310344827587,2.475,1.10551674920525,0.9375108188667438,3.6038287979330206,5.046686746987952,1.1372963566196586,6.498282149476434,2.03,1.3692508665157,0.08125,0.010625,0.08375,0.1025,4.795423630689597,0.425,96,0.3034738504959093,0.154848660111818,1.787272071355102,3.462628591376542
ltm_98_40,LTM,40,203,0.126875,2.0,0.175,0.125,0.7,5,0.075,0.75,1.0606060606060606,5.075,0.6802256897172114,0.6684146772538201,3.138240673123396,5.571608656068352,0.6983125634538575,9.566545205430295,1.6545893719806763,0.8761672211204654,0.383125,0.180625,0.2025,0.201875,5.399994720342713,0.25,56,0.6338494878229785,0.4675681172972195,0.8439151825472991,1.738758897022613
atn_98_40,ATN,40,229,0.143125,4.0,0.15,0.05,0.8,5,0.1,0.75,1.1176470588235294,5.725,0.6178612971464799,0.5866866492673304,3.0999105745135216,5.858118513558755,0.40703850701595773,10.304609911210155,1.5915841584158417,0.7019852867713187,0.490625,0.235625,0.24,0.255,5.8178160713241835,0.0,0,0.8929085497835498,0.48288493627115914,0.7908989474338701,1.394141800677646
adbm_98_40,ADBM,40,253,0.158125,2.0,0.15,0.15,0.7,7,0.225,0.35,1.0,6.325,1.346975952576314,0.8655110629451002,3.694623667326462,4.876179245283019,1.0459359889150242,7.841492924460013,1.182456140350877,1.382741739551833,0.041875,0.640625,0.145625,0.665,1.4652644912246282,0.0,0,0.7062784923409924,0.5470800365809789,2.0089348537245946,3.5029737710547035
niche_98_40,Niche,40,227,0.141875,3.0,0.1,0.2,0.7,4,0.125,0.65,0.8888888888888888,5.675,1.158171264389142,0.8004589576043876,3.2507114229597205,4.851121076233184,0.9603206404931366,8.62604759632832,1.3240740740740742,1.1416669657283207,0.2425,0.29625,0.286875,0.561875,3.088155843561342,0.0,0,0.6128193748975482,0.4419804520423715,0.6365396016511946,1.3669256196754949
cascade_98_40,Cascade,40,285,0.178125,3.0,0.075,0.05,0.875,4,0.05,0.875,1.027027027027027,7.125,0.67735355488048,0.6840317193720985,3.5517660770726245,5.504552652414885,0.7488676712687331,9.220686664030326,1.5171171171171172,0.4525621793103861,0.515,0.3075,0.5275,0.521875,7.08357007744822,0.0,281,0.3456280065251726,0.37308731559118563,0.8775069876715127,1.0518066647539501
random_98_40,Random,40,283,0.176875,1.0,0.0,0.0,1.0,4,0.0,1.0,1.0,7.075,0.30092043105049776,0.290527276199215,1.105573690707237e17,NaN,NaN,0.0,2.038599640933573,0.4406747273734726,0.554375,0.115625,0.246875,0.248125,4.934638091019891,1.0,595,0.24877389815103673,0.331263724021077,28.629656718449393,1516.3076923076924
maxent_98_40,MaxEnt,40,265,0.165625,2.0,0.075,0.05,0.875,5,0.0,0.8,1.027027027027027,6.625,0.8028665860242994,0.832165478645094,12.27861783932251,5.782377049180328,0.5068459048612078,9.591512787515303,1.7991137370753323,1.1027321117508702,0.33625,0.2425,0.40375,0.349375,9.109627713081007,0.775,252,0.36047431722005074,0.47210335841489093,3.5039596035174085,12.088733767700726
ltm_99_40,LTM,40,140,0.0875,3.0,0.275,0.125,0.6,5,0.05,0.6,1.206896551724138,3.5,0.9855045697172301,0.7461746154731859,3.2185649005061707,5.300589390962672,0.9134644726891578,7.618742377670413,1.5916955017301038,1.1131674674416163,0.195,0.039375,0.135,0.206875,5.811102141551224,0.075,28,0.6517593170718172,0.2077049077049077,1.1394838342457918,2.4927832166438972
atn_99_40,ATN,40,238,0.14875,3.0,0.2,0.05,0.75,4,0.075,0.725,1.1875,5.95,0.7160390157520388,0.48284886969738605,3.1202957903392967,5.794084518793542,0.46748655164284086,10.777747225933355,1.8223062381852553,0.8668934315117062,0.62,0.2675,0.20125,0.321875,7.503051292200959,0.0,0,0.8053051188577504,0.46631423184173815,0.8306224254861077,2.1122912436679773
adbm_99_40,ADBM,40,247,0.154375,2.0,0.2,0.175,0.625,4,0.125,0.45,1.03125,6.175,1.3691769970207355,0.8685275782039654,3.1503503126655925,5.170157068062827,1.0270502200713043,8.142645185942795,1.186206896551724,1.4295627715939176,0.0475,0.63375,0.11625,0.636875,2.2215513432100016,0.0,0,0.7289893790849674,0.6123170667280398,1.1958729128548675,1.9583884134673089
niche_99_40,Niche,40,326,0.20375,2.0,0.125,0.125,0.75,4,0.05,0.8,1.0,8.15,0.976686642272124,0.7556294159867689,3.711193961587302,5.377217442895283,0.8052151236781456,9.732402627668161,1.3517382413087935,1.0175877213610962,0.4925,0.771875,0.41875,0.72875,5.249422292366514,0.0,22,0.7022036623568394,0.6012089455515486,0.8585841661419376,1.7002901951317695
cascade_99_40,Cascade,40,411,0.256875,3.0,0.025,0.025,0.95,3,0.025,0.95,1.0,10.275,0.596690533760502,0.6478203604350259,4.121268579837345,5.698533475026568,0.5778163767268606,10.06581896445358,1.3883792048929664,0.3178193434242725,0.87,0.90125,0.83,0.748125,6.73785330198699,0.0,251,0.4698111569611303,0.5237451362302117,0.8836458058176152,0.9022476263903257
random_99_40,Random,40,408,0.255,1.0,0.0,0.0,1.0,3,0.0,1.0,1.0,10.2,0.29802995407800187,0.24239332173626915,5.636605789613962e16,NaN,NaN,0.0,1.8474320241691844,0.3660220497354717,0.660625,0.215,0.33375,0.336875,4.5522044182305255,1.0,692,0.2808026075947246,0.4524749775078723,15.545631755148024,321.64102564102564
maxent_99_40,MaxEnt,40,302,0.18875,3.0,0.05,0.1,0.85,4,0.0,0.925,0.9473684210526315,7.55,0.6139271503478406,0.8435488892197124,32.90680842373594,5.828517200474496,0.4382892039871935,9.955842782870056,1.8440366972477065,1.0846919303542206,0.366875,0.241875,0.41875,0.26875,13.77970824466779,0.85,302,0.3314355064683701,0.5279669555657973,5.623855848726124,60.67641746873138
ltm_100_40,LTM,40,229,0.143125,3.0,0.25,0.025,0.725,9,0.025,0.725,1.3,5.725,0.8693109474873978,0.4828165180476359,3.171012643726907,5.712267568220237,0.5850203598831849,9.714986944665458,1.6797520661157024,0.9276172292884692,0.363125,0.13875,0.16125,0.33125,9.259403433729275,0.675,31,0.6669570300196057,0.46898595320228437,1.2364241719702662,2.0335586805297843
atn_100_40,ATN,40,188,0.1175,3.0,0.25,0.05,0.7,5,0.025,0.725,1.2666666666666666,4.7,0.7742174495374052,0.526045081214882,2.839113082135715,5.745383969785984,0.5273853711108314,9.855557018778578,1.935412026726058,0.8548741761869701,0.370625,0.1425,0.149375,0.23625,8.633843110028678,0.0,0,0.8397734602354168,0.4019952512272112,1.003919240759076,1.744529597558672
adbm_100_40,ADBM,40,219,0.136875,2.0,0.225,0.225,0.55,5,0.125,0.275,1.0,5.475,1.4861395410723937,0.9192984980829384,2.68828234522679,5.094623009912887,0.9947569511142388,8.110427237575024,1.0726495726495726,1.564626927648997,0.025625,0.5025,0.1125,0.610625,1.843916706683547,0.0,0,0.7925799663299662,0.623009005295744,0.9415024733888907,1.209981366596856
niche_100_40,Niche,40,530,0.33125,2.0,0.1,0.075,0.825,2,0.075,0.825,1.0277777777777777,13.25,0.7868811432031373,0.575727417070917,3.4754804914515356,5.670508404721953,0.6034626032946883,12.224963092210205,1.1679748822605966,0.5186765711278268,0.730625,2.2,0.538125,1.15375,6.285629691098036,0.0,0,0.8465514114309801,0.7541323488902767,0.9385743380190877,1.2759448967009017
cascade_100_40,Cascade,40,483,0.301875,2.0,0.025,0.05,0.925,3,0.025,0.925,0.9743589743589743,12.075,0.6380209636335732,0.6115631801767482,4.884627464572215,5.700426273977912,0.5788299348774976,10.851470731142772,1.2953216374269005,0.24989403708536395,0.913125,1.455,0.88125,0.94,7.067570104692625,0.0,206,0.5423814432435328,0.6163393832955233,1.0613281168440276,1.091264872474356
random_100_40,Random,40,480,0.3,1.0,0.0,0.0,1.0,3,0.0,1.0,1.0,12.0,0.23870495801314429,0.2715104946736842,9.53341248871433e16,NaN,NaN,0.0,1.7401129943502824,0.33440000272631853,0.8275,0.41125,0.44375,0.39375,4.483464492058485,1.0,667,0.30775274386261464,0.5395690050646473,19.01578291840754,715.4871794871794
maxent_100_40,MaxEnt,40,332,0.2075,1.0,0.025,0.05,0.925,5,0.0,0.875,0.9743589743589743,8.3,0.6761756201325673,0.7542374952887949,279.65261895693527,5.809609339919174,0.48205644767465977,7.708410667257367,1.895135135135135,0.8341880301202481,0.38125,0.3175,0.55375,0.459375,7.071712769451586,0.925,301,0.36410712206827933,0.47496897911436997,34.1196446800104,2214.8260492106065
