fw_ID,model,richness,links,connectance,distance,basal,top,intermediate,diameter,herbivory,omnivory,predpreyRatio,l_S,GenSD,VulSD,TL,ChLen,ChSD,ChNum,path,LinkSD,S1,S2,S4,S5,centrality,loops,intervals,MaxSim,Clust,trophicCoherence,trophicVar
adbm_100_10,ADBM,3,2,0.2222222222222222,3.0,0.3333333333333333,0.3333333333333333,0.3333333333333333,2,0.3333333333333333,0.0,1.0,0.6666666666666666,0.8660254037844388,0.8660254037844388,2.0,2.0,0.0,0.0,1.3333333333333333,0.8660254037844388,0.1111111111111111,0.0,0.0,0.0,1.25,0.0,0,0.0,0.0,0.0,1.0
adbm_100_20,ADBM,2,1,0.25,2.0,0.5,0.5,0.0,1,0.5,0.0,1.0,0.5,1.4142135623730951,1.4142135623730951,1.5,1.0,0.0,0.0,1.0,0.0,0.0,0.0,0.0,0.0,1.0,0.0,0,0.0,0.0,0.0,0.5
adbm_100_40,ADBM,4,2,0.125,2.0,0.5,0.5,0.0,1,0.5,0.0,1.0,0.5,1.1547005383792515,1.1547005383792515,1.5,1.0,0.0,0.6931471805599453,1.0,0.0,0.0,0.0,0.0,0.0,1.0,0.0,0,0.0,0.0,0.0,0.3333333333333333
adbm_10_10,ADBM,3,2,0.2222222222222222,3.0,0.3333333333333333,0.3333333333333333,0.3333333333333333,2,0.3333333333333333,0.0,1.0,0.6666666666666666,0.8660254037844388,0.8660254037844388,2.0,2.0,0.0,0.0,1.3333333333333333,0.8660254037844388,0.1111111111111111,0.0,0.0,0.0,1.25,0.0,0,0.0,0.0,0.0,1.0
adbm_10_20,ADBM,0,,,,,,,,,,,,,,,,,,,,,,,,,,,,,,
adbm_10_40,ADBM,0,,,,,,,,,,,,,,,,,,,,,,,,,,,,,,
adbm_11_10,ADBM,4,6,0.375,2.0,0.25,0.25,0.5,1,0.25,0.5,1.0,1.5,0.8606629658238704,0.8606629658238704,2.083333333333333,2.0,0.816496580927726,1.3862943611198906,1.0,0.0,0.0,0.25,0.0,0.0,1.1818181818181817,0.0,0,0.5,1.0,0.5270462766947299,0.6388888888888887
adbm_11_20,ADBM,3,2,0.2222222222222222,2.0,0.6666666666666666,0.3333333333333333,0.0,1,0.3333333333333333,0.0,2.0,0.6666666666666666,1.7320508075688776,0.8660254037844388,1.3333333333333333,1.0,0.0,0.6931471805599453,1.0,0.8660254037844386,0.0,0.0,0.0,0.1111111111111111,2.0,0.0,0,0.6666666666666666,0.0,0.0,0.3333333333333333
adbm_11_40,ADBM,10,7,0.07,2.0,0.3,0.3,0.4,4,0.3,0.0,1.0,0.7,0.6900655593423543,0.6900655593423543,2.4,2.3333333333333335,1.5275252316519465,1.0986122886681098,1.3,0.7377111135633174,0.04,0.0,0.0,0.0,1.0,0.0,0,0.0,0.0,0.0,1.8222222222222224
adbm_12_10,ADBM,3,3,0.3333333333333333,2.0,0.3333333333333333,0.3333333333333333,0.3333333333333333,1,0.3333333333333333,0.3333333333333333,1.0,1.0,1.0,1.0,1.8333333333333333,1.5,0.7071067811865476,0.6931471805599453,1.0,0.0,0.0,0.1111111111111111,0.0,0.0,1.0,0.0,0,0.3333333333333333,1.0,0.408248290463863,0.5833333333333333
adbm_12_20,ADBM,0,,,,,,,,,,,,,,,,,,,,,,,,,,,,,,
adbm_12_40,ADBM,8,4,0.0625,2.0,0.5,0.5,0.0,1,0.5,0.0,1.0,0.5,1.0690449676496976,1.0690449676496976,1.5,1.0,0.0,1.3862943611198906,1.0,0.0,0.0,0.0,0.0,0.0,1.0,0.0,0,0.0,0.0,0.0,0.2857142857142857
adbm_13_10,ADBM,2,1,0.25,2.0,0.5,0.5,0.0,1,0.5,0.0,1.0,0.5,1.4142135623730951,1.4142135623730951,1.5,1.0,0.0,0.0,1.0,0.0,0.0,0.0,0.0,0.0,1.0,0.0,0,0.0,0.0,0.0,0.5
adbm_13_20,ADBM,10,13,0.13,2.0,0.4,0.3,0.3,3,0.3,0.1,1.1666666666666667,1.3,1.1495647062287127,0.9628196592573635,1.925,1.5,0.7071067811865476,2.302585092994046,1.25,0.826898230594723,0.02,0.03,0.06,0.09,3.137931034482759,0.0,0,0.525,0.24999999999999997,0.24019223070763066,1.0006944444444446
adbm_13_40,ADBM,14,57,0.29081632653061223,2.0,0.35714285714285715,0.14285714285714285,0.5,1,0.14285714285714285,0.5,1.3333333333333333,4.071428571428571,1.1003790723204718,0.6977958526789945,1.9699341630591634,2.9051724137931036,1.0213243599737853,4.7535901911063645,1.0,0.7069979536705222,0.0,0.5255102040816326,0.18877551020408162,0.5867346938775511,3.61472602739726,0.0,0,0.8507086167800454,0.6307153164296021,0.6515136619905165,0.6265702788907572
adbm_14_10,ADBM,2,1,0.25,2.0,0.5,0.5,0.0,1,0.5,0.0,1.0,0.5,1.4142135623730951,1.4142135623730951,1.5,1.0,0.0,0.0,1.0,0.0,0.0,0.0,0.0,0.0,1.0,0.0,0,0.0,0.0,0.0,0.5
adbm_14_20,ADBM,0,,,,,,,,,,,,,,,,,,,,,,,,,,,,,,
adbm_14_40,ADBM,2,1,0.25,2.0,0.5,0.5,0.0,1,0.5,0.0,1.0,0.5,1.4142135623730951,1.4142135623730951,1.5,1.0,0.0,0.0,1.0,0.0,0.0,0.0,0.0,0.0,1.0,0.0,0,0.0,0.0,0.0,0.5
adbm_15_10,ADBM,2,1,0.25,2.0,0.5,0.5,0.0,1,0.5,0.0,1.0,0.5,1.4142135623730951,1.4142135623730951,1.5,1.0,0.0,0.0,1.0,0.0,0.0,0.0,0.0,0.0,1.0,0.0,0,0.0,0.0,0.0,0.5
adbm_15_20,ADBM,0,,,,,,,,,,,,,,,,,,,,,,,,,,,,,,
adbm_15_40,ADBM,13,9,0.05325443786982249,3.0,0.3076923076923077,0.3076923076923077,0.38461538461538464,4,0.3076923076923077,0.0,1.0,0.6923076923076923,0.6938886664887108,0.6938886664887108,2.3076923076923075,2.25,1.2583057392117916,1.3862943611198906,1.3076923076923077,0.7314228762270926,0.029585798816568046,0.0,0.0,0.0,1.0526315789473686,0.0,0,0.0,0.0,0.0,1.5641025641025645
adbm_16_10,ADBM,5,6,0.24,3.0,0.2,0.2,0.6,2,0.2,0.2,1.0,1.2,0.9128709291752768,0.9128709291752768,2.533333333333333,2.6666666666666665,0.5773502691896258,1.0986122886681098,1.3333333333333333,0.950146187582615,0.12,0.08,0.04,0.04,1.6785714285714286,0.0,0,0.49000000000000005,0.75,0.33333333333333337,1.088888888888889
adbm_16_20,ADBM,2,1,0.25,2.0,0.5,0.5,0.0,1,0.5,0.0,1.0,0.5,1.4142135623730951,1.4142135623730951,1.5,1.0,0.0,0.0,1.0,0.0,0.0,0.0,0.0,0.0,1.0,0.0,0,0.0,0.0,0.0,0.5
adbm_16_40,ADBM,6,5,0.1388888888888889,1.0,0.16666666666666666,0.3333333333333333,0.5,3,0.3333333333333333,0.0,0.8,0.8333333333333334,0.4898979485566356,0.9033271832508971,2.5,2.5,0.7071067811865476,0.6931471805599453,1.2857142857142858,0.6196773353931866,0.08333333333333333,0.0,0.027777777777777776,0.0,0.6363636363636365,0.0,0,0.1111111111111111,0.0,0.0,1.1
adbm_17_10,ADBM,0,,,,,,,,,,,,,,,,,,,,,,,,,,,,,,
adbm_17_20,ADBM,8,6,0.09375,2.0,0.25,0.5,0.25,2,0.5,0.0,0.6666666666666666,0.75,0.6172133998483676,1.1818736805705579,2.0,1.5,0.5773502691896257,1.3862943611198906,1.25,0.7126966450997984,0.03125,0.0,0.03125,0.0,0.7142857142857144,0.0,0,0.25,0.0,0.0,0.5714285714285714
adbm_17_40,ADBM,8,8,0.125,3.0,0.25,0.375,0.375,2,0.375,0.0,0.8333333333333334,1.0,0.7559289460184544,0.9258200997725514,2.125,2.0,0.0,1.6094379124341003,1.2,0.7559289460184545,0.078125,0.0,0.046875,0.03125,0.7777777777777777,0.0,0,0.5,0.0,0.0,0.6964285714285714
adbm_18_10,ADBM,4,2,0.125,2.0,0.5,0.5,0.0,1,0.5,0.0,1.0,0.5,1.1547005383792515,1.1547005383792515,1.5,1.0,0.0,0.6931471805599453,1.0,0.0,0.0,0.0,0.0,0.0,1.0,0.0,0,0.0,0.0,0.0,0.3333333333333333
adbm_18_20,ADBM,7,9,0.1836734693877551,2.0,0.42857142857142855,0.2857142857142857,0.2857142857142857,1,0.2857142857142857,0.2857142857142857,1.25,1.2857142857142858,1.247219128924647,0.865431218188735,1.7023809523809526,1.7142857142857142,0.7559289460184545,1.9459101490553132,1.0,0.9896584604361027,0.0,0.10204081632653061,0.0,0.08163265306122448,1.7096774193548385,0.0,0,0.45714285714285713,0.8666666666666666,0.4811252243246882,0.4718915343915344
adbm_18_40,ADBM,11,24,0.19834710743801653,2.0,0.36363636363636365,0.09090909090909091,0.5454545454545454,2,0.18181818181818182,0.36363636363636365,1.4285714285714286,2.1818181818181817,1.3095535710903758,0.6422616289332564,2.1262626262626263,2.8636363636363638,1.2069423999139135,3.091042453358316,1.1111111111111112,1.0506281190052191,0.0743801652892562,0.15702479338842976,0.04132231404958678,0.2975206611570248,2.0252100840336134,0.0,0,0.5883116883116883,0.5594444444444444,0.8200327455069729,0.9684203142536475
adbm_19_10,ADBM,7,4,0.08163265306122448,2.0,0.42857142857142855,0.42857142857142855,0.14285714285714285,2,0.42857142857142855,0.0,1.0,0.5714285714285714,0.9354143466934854,0.9354143466934854,1.7142857142857142,1.3333333333333333,0.5773502691896257,1.0986122886681098,1.0,0.6614378277661477,0.02040816326530612,0.0,0.0,0.0,0.75,0.0,0,0.0,0.0,0.0,0.5714285714285715
adbm_19_20,ADBM,3,2,0.2222222222222222,3.0,0.3333333333333333,0.3333333333333333,0.3333333333333333,2,0.3333333333333333,0.0,1.0,0.6666666666666666,0.8660254037844388,0.8660254037844388,2.0,2.0,0.0,0.0,1.3333333333333333,0.8660254037844388,0.1111111111111111,0.0,0.0,0.0,1.25,0.0,0,0.0,0.0,0.0,1.0
adbm_19_40,ADBM,11,18,0.1487603305785124,2.0,0.36363636363636365,0.36363636363636365,0.2727272727272727,2,0.18181818181818182,0.2727272727272727,1.0,1.6363636363636365,1.1682528899235878,0.957427107756338,1.9333333333333333,1.9,0.7181848464596079,2.995732273553991,1.0526315789473684,1.0616781498303338,0.01652892561983471,0.09917355371900827,0.049586776859504134,0.09917355371900827,2.084112149532711,0.0,0,0.712121212121212,0.5333333333333333,0.4740162001711453,0.6497777777777778
adbm_1_10,ADBM,5,10,0.4,2.0,0.2,0.2,0.6,1,0.2,0.6,1.0,2.0,0.7905694150420949,0.7905694150420949,2.2833333333333337,2.5,0.9258200997725514,2.0794415416798357,1.0,0.0,0.0,0.4,0.0,0.0,1.4000000000000004,0.0,0,0.6,1.0,0.5986094998689324,0.6791666666666665
adbm_1_20,ADBM,5,3,0.12,3.0,0.4,0.4,0.2,2,0.4,0.0,1.0,0.6,0.912870929175277,0.912870929175277,1.8,1.5,0.7071067811865476,0.6931471805599453,1.25,0.7453559924999299,0.04,0.0,0.0,0.0,1.1428571428571428,0.0,0,0.0,0.0,0.0,0.7000000000000001
adbm_1_40,ADBM,4,2,0.125,2.0,0.5,0.5,0.0,1,0.5,0.0,1.0,0.5,1.1547005383792515,1.1547005383792515,1.5,1.0,0.0,0.6931471805599453,1.0,0.0,0.0,0.0,0.0,0.0,1.0,0.0,0,0.0,0.0,0.0,0.3333333333333333
adbm_20_10,ADBM,5,3,0.12,3.0,0.4,0.4,0.2,2,0.4,0.0,1.0,0.6,0.912870929175277,0.912870929175277,1.8,1.5,0.7071067811865476,0.6931471805599453,1.25,0.7453559924999299,0.04,0.0,0.0,0.0,1.1428571428571428,0.0,0,0.0,0.0,0.0,0.7000000000000001
adbm_20_20,ADBM,2,1,0.25,2.0,0.5,0.5,0.0,1,0.5,0.0,1.0,0.5,1.4142135623730951,1.4142135623730951,1.5,1.0,0.0,0.0,1.0,0.0,0.0,0.0,0.0,0.0,1.0,0.0,0,0.0,0.0,0.0,0.5
adbm_20_40,ADBM,2,1,0.25,2.0,0.5,0.5,0.0,1,0.5,0.0,1.0,0.5,1.4142135623730951,1.4142135623730951,1.5,1.0,0.0,0.0,1.0,0.0,0.0,0.0,0.0,0.0,1.0,0.0,0,0.0,0.0,0.0,0.5
adbm_21_10,ADBM,4,3,0.1875,2.0,0.25,0.25,0.5,3,0.25,0.0,1.0,0.75,0.6666666666666666,0.6666666666666666,2.5,3.0,0.0,0.0,1.0,0.7698003589195009,0.125,0.0,0.0,0.0,0.3333333333333333,0.0,0,0.0,0.0,0.0,1.6666666666666667
adbm_21_20,ADBM,2,1,0.25,2.0,0.5,0.5,0.0,1,0.5,0.0,1.0,0.5,1.4142135623730951,1.4142135623730951,1.5,1.0,0.0,0.0,1.0,0.0,0.0,0.0,0.0,0.0,1.0,0.0,0,0.0,0.0,0.0,0.5
adbm_21_40,ADBM,11,8,0.06611570247933884,1.0,0.2727272727272727,0.45454545454545453,0.2727272727272727,2,0.45454545454545453,0.0,0.75,0.7272727272727273,0.6422616289332563,1.2437342963832747,2.0,1.6,0.5477225575051661,1.6094379124341003,1.0,0.945383520059452,0.024793388429752067,0.0,0.024793388429752067,0.0,0.375,0.0,0,0.13636363636363635,0.0,0.0,0.6
adbm_22_10,ADBM,4,5,0.3125,2.0,0.5,0.25,0.25,1,0.25,0.25,1.5,1.25,1.2,0.7659416862050705,1.5833333333333333,1.5,0.5773502691896257,1.3862943611198906,1.0,0.4618802153517006,0.0,0.125,0.0,0.125,1.4,0.0,0,0.75,0.8333333333333333,0.36514837167011077,0.47222222222222204
adbm_22_20,ADBM,3,2,0.2222222222222222,3.0,0.3333333333333333,0.3333333333333333,0.3333333333333333,2,0.3333333333333333,0.0,1.0,0.6666666666666666,0.8660254037844388,0.8660254037844388,2.0,2.0,0.0,0.0,1.3333333333333333,0.8660254037844386,0.1111111111111111,0.0,0.0,0.0,1.25,0.0,0,0.0,0.0,0.0,1.0
adbm_22_40,ADBM,6,3,0.08333333333333333,2.0,0.5,0.5,0.0,1,0.5,0.0,1.0,0.5,1.0954451150103321,1.0954451150103321,1.5,1.0,0.0,1.0986122886681098,1.0,0.0,0.0,0.0,0.0,0.0,1.0,0.0,0,0.0,0.0,0.0,0.3
adbm_23_10,ADBM,2,1,0.25,2.0,0.5,0.5,0.0,1,0.5,0.0,1.0,0.5,1.4142135623730951,1.4142135623730951,1.5,1.0,0.0,0.0,1.0,0.0,0.0,0.0,0.0,0.0,1.0,0.0,0,0.0,0.0,0.0,0.5
adbm_23_20,ADBM,4,3,0.1875,2.0,0.25,0.5,0.25,2,0.5,0.0,0.6666666666666666,0.75,0.6666666666666666,1.2765694770084508,2.0,1.5,0.7071067811865476,0.6931471805599453,1.0,0.7698003589195009,0.0625,0.0,0.0625,0.0,0.3333333333333333,0.0,0,0.25,0.0,0.0,0.6666666666666666
adbm_23_40,ADBM,6,4,0.1111111111111111,3.0,0.3333333333333333,0.5,0.16666666666666666,2,0.3333333333333333,0.0,0.75,0.6666666666666666,0.7745966692414835,1.2247448713915892,2.0,1.6666666666666667,0.5773502691896257,1.0986122886681098,1.3333333333333333,1.2247448713915892,0.05555555555555555,0.0,0.027777777777777776,0.0,1.2500000000000002,0.0,0,0.3333333333333333,0.0,0.0,0.8
adbm_24_10,ADBM,2,1,0.25,2.0,0.5,0.5,0.0,1,0.5,0.0,1.0,0.5,1.4142135623730951,1.4142135623730951,1.5,1.0,0.0,0.0,1.0,0.0,0.0,0.0,0.0,0.0,1.0,0.0,0,0.0,0.0,0.0,0.5
adbm_24_20,ADBM,2,1,0.25,2.0,0.5,0.5,0.0,1,0.5,0.0,1.0,0.5,1.4142135623730951,1.4142135623730951,1.5,1.0,0.0,0.0,1.0,0.0,0.0,0.0,0.0,0.0,1.0,0.0,0,0.0,0.0,0.0,0.5
adbm_24_40,ADBM,11,8,0.06611570247933884,2.0,0.36363636363636365,0.45454545454545453,0.18181818181818182,2,0.45454545454545453,0.0,0.8571428571428571,0.7272727272727273,0.8891709621889369,1.243734296383275,1.8181818181818181,1.3333333333333333,0.5163977794943222,1.791759469228055,1.0,0.945383520059452,0.01652892561983471,0.0,0.024793388429752067,0.008264462809917356,0.6923076923076923,0.0,0,0.28787878787878785,0.0,0.0,0.5636363636363636
adbm_25_10,ADBM,4,3,0.1875,2.0,0.25,0.25,0.5,3,0.25,0.0,1.0,0.75,0.6666666666666666,0.6666666666666666,2.5,3.0,0.0,0.0,1.25,0.7698003589195009,0.125,0.0,0.0,0.0,0.7142857142857142,0.0,0,0.0,0.0,0.0,1.6666666666666667
adbm_25_20,ADBM,11,17,0.14049586776859505,2.0,0.36363636363636365,0.2727272727272727,0.36363636363636365,2,0.36363636363636365,0.2727272727272727,1.1428571428571428,1.5454545454545454,1.1342421215558074,0.836866787942529,1.8499999999999999,1.9285714285714286,0.615727926214882,2.6390573296152584,1.0555555555555556,0.9356455129756981,0.08264462809917356,0.024793388429752067,0.08264462809917356,0.14049586776859505,1.619047619047619,0.0,0,0.4681818181818182,0.19166666666666668,0.40864833788024585,0.5630555555555555
adbm_25_40,ADBM,3,2,0.2222222222222222,3.0,0.3333333333333333,0.3333333333333333,0.3333333333333333,2,0.3333333333333333,0.0,1.0,0.6666666666666666,0.8660254037844388,0.8660254037844388,2.0,2.0,0.0,0.0,1.3333333333333333,0.8660254037844386,0.1111111111111111,0.0,0.0,0.0,1.25,0.0,0,0.0,0.0,0.0,1.0
adbm_26_10,ADBM,3,2,0.2222222222222222,2.0,0.3333333333333333,0.3333333333333333,0.3333333333333333,2,0.3333333333333333,0.0,1.0,0.6666666666666666,0.8660254037844388,0.8660254037844388,2.0,2.0,0.0,0.0,1.0,0.8660254037844386,0.1111111111111111,0.0,0.0,0.0,0.5,0.0,0,0.0,0.0,0.0,1.0
adbm_26_20,ADBM,8,19,0.296875,2.0,0.375,0.125,0.5,1,0.125,0.5,1.4,2.375,1.1239029738980328,0.7094812698998766,1.9749999999999999,2.7142857142857144,1.1019463300386794,3.044522437723423,1.0,0.8036324340383391,0.0,0.359375,0.0,0.234375,2.8225255972696246,0.0,0,0.6233630952380953,0.8816326530612244,0.6820537870439931,0.7198214285714285
adbm_26_40,ADBM,0,,,,,,,,,,,,,,,,,,,,,,,,,,,,,,
adbm_27_10,ADBM,0,,,,,,,,,,,,,,,,,,,,,,,,,,,,,,
adbm_27_20,ADBM,7,5,0.10204081632653061,1.0,0.2857142857142857,0.42857142857142855,0.2857142857142857,2,0.42857142857142855,0.0,0.8,0.7142857142857143,0.6831300510639733,1.058300524425836,2.0,1.6666666666666667,0.5773502691896257,1.0986122886681098,1.0,0.7483314773547883,0.04081632653061224,0.0,0.02040816326530612,0.0,0.4,0.0,0,0.09523809523809523,0.0,0.0,0.6666666666666666
adbm_27_40,ADBM,8,5,0.078125,2.0,0.375,0.375,0.25,2,0.375,0.0,1.0,0.625,0.828078671210825,0.828078671210825,1.875,1.6666666666666667,0.5773502691896257,1.0986122886681098,1.1666666666666667,0.7406560798180412,0.03125,0.0,0.0,0.0,0.8461538461538461,0.0,0,0.0,0.0,0.0,0.6964285714285714
adbm_28_10,ADBM,2,1,0.25,2.0,0.5,0.5,0.0,1,0.5,0.0,1.0,0.5,1.4142135623730951,1.4142135623730951,1.5,1.0,0.0,0.0,1.0,0.0,0.0,0.0,0.0,0.0,1.0,0.0,0,0.0,0.0,0.0,0.5
adbm_28_20,ADBM,4,3,0.1875,2.0,0.25,0.5,0.25,2,0.5,0.0,0.6666666666666666,0.75,0.6666666666666666,1.2765694770084508,2.0,1.5,0.7071067811865476,0.6931471805599453,1.0,0.7698003589195009,0.0625,0.0,0.0625,0.0,0.3333333333333333,0.0,0,0.25,0.0,0.0,0.6666666666666666
adbm_28_40,ADBM,11,9,0.0743801652892562,2.0,0.2727272727272727,0.2727272727272727,0.45454545454545453,4,0.2727272727272727,0.09090909090909091,1.0,0.8181818181818182,0.7370277311900888,0.7370277311900888,2.409090909090909,2.25,1.2583057392117916,1.3862943611198906,1.1818181818181819,0.6166416411338492,0.03305785123966942,0.008264462809917356,0.0,0.0,0.7837837837837839,0.0,0,0.09090909090909091,0.42857142857142855,0.23570226039551584,1.6409090909090907
adbm_29_10,ADBM,3,3,0.3333333333333333,2.0,0.3333333333333333,0.3333333333333333,0.3333333333333333,1,0.3333333333333333,0.3333333333333333,1.0,1.0,1.0,1.0,1.8333333333333333,1.5,0.7071067811865476,0.6931471805599453,1.0,0.0,0.0,0.1111111111111111,0.0,0.0,1.0,0.0,0,0.3333333333333333,1.0,0.408248290463863,0.5833333333333333
adbm_29_20,ADBM,8,7,0.109375,3.0,0.25,0.25,0.5,3,0.375,0.0,1.0,0.875,0.7324227936704636,0.7324227936704636,2.25,2.3333333333333335,0.5773502691896258,1.0986122886681098,1.125,0.5290400570128865,0.0625,0.0,0.015625,0.015625,0.5238095238095237,0.0,0,0.25,0.0,0.0,1.0714285714285714
adbm_29_40,ADBM,0,,,,,,,,,,,,,,,,,,,,,,,,,,,,,,
adbm_2_10,ADBM,2,1,0.25,2.0,0.5,0.5,0.0,1,0.5,0.0,1.0,0.5,1.4142135623730951,1.4142135623730951,1.5,1.0,0.0,0.0,1.0,0.0,0.0,0.0,0.0,0.0,1.0,0.0,0,0.0,0.0,0.0,0.5
adbm_2_20,ADBM,8,8,0.125,2.0,0.375,0.25,0.375,2,0.25,0.125,1.2,1.0,1.3093073414159542,0.9258200997725514,2.03125,2.0,1.0,1.6094379124341003,1.1111111111111112,1.3093073414159542,0.046875,0.03125,0.015625,0.0625,1.2325581395348837,0.0,0,0.36875,0.6666666666666666,0.5863019699779287,0.9363839285714286
adbm_2_40,ADBM,4,2,0.125,2.0,0.5,0.5,0.0,1,0.5,0.0,1.0,0.5,1.1547005383792515,1.1547005383792515,1.5,1.0,0.0,0.6931471805599453,1.0,0.0,0.0,0.0,0.0,0.0,1.0,0.0,0,0.0,0.0,0.0,0.3333333333333333
adbm_30_10,ADBM,3,2,0.2222222222222222,3.0,0.3333333333333333,0.3333333333333333,0.3333333333333333,2,0.3333333333333333,0.0,1.0,0.6666666666666666,0.8660254037844388,0.8660254037844388,2.0,2.0,0.0,0.0,1.3333333333333333,0.8660254037844386,0.1111111111111111,0.0,0.0,0.0,1.25,0.0,0,0.0,0.0,0.0,1.0
adbm_30_20,ADBM,7,12,0.24489795918367346,2.0,0.5714285714285714,0.14285714285714285,0.2857142857142857,1,0.14285714285714285,0.2857142857142857,2.0,1.7142857142857142,1.4174834246858972,0.6490734136415514,1.5178571428571428,1.8181818181818181,0.7507571935295484,2.3978952727983707,1.0,1.0023121418149288,0.0,0.16326530612244897,0.0,0.2857142857142857,2.818181818181818,0.0,0,0.6870748299319728,0.8055555555555555,0.45357377202244253,0.4293154761904761
adbm_30_40,ADBM,8,6,0.09375,3.0,0.375,0.375,0.25,2,0.375,0.125,1.0,0.75,0.9428090415820635,0.9428090415820635,1.8125,1.5,0.5773502691896257,1.3862943611198906,1.25,0.7126966450997984,0.03125,0.0,0.015625,0.015625,1.2325581395348837,0.0,0,0.25,0.0,0.28867513459481287,0.5669642857142857
adbm_31_10,ADBM,2,1,0.25,2.0,0.5,0.5,0.0,1,0.5,0.0,1.0,0.5,1.4142135623730951,1.4142135623730951,1.5,1.0,0.0,0.0,1.0,0.0,0.0,0.0,0.0,0.0,1.0,0.0,0,0.0,0.0,0.0,0.5
adbm_31_20,ADBM,6,4,0.1111111111111111,2.0,0.3333333333333333,0.3333333333333333,0.3333333333333333,3,0.3333333333333333,0.0,1.0,0.6666666666666666,0.7745966692414835,0.7745966692414835,2.1666666666666665,2.0,1.4142135623730951,0.6931471805599453,1.2,0.7745966692414835,0.05555555555555555,0.0,0.0,0.0,0.8000000000000002,0.0,0,0.0,0.0,0.0,1.3666666666666667
adbm_31_40,ADBM,0,,,,,,,,,,,,,,,,,,,,,,,,,,,,,,
adbm_32_10,ADBM,5,3,0.12,2.0,0.4,0.4,0.2,2,0.4,0.0,1.0,0.6,0.912870929175277,0.912870929175277,1.8,1.5,0.7071067811865476,0.6931471805599453,1.0,0.7453559924999299,0.04,0.0,0.0,0.0,0.6666666666666666,0.0,0,0.0,0.0,0.0,0.7000000000000001
adbm_32_20,ADBM,2,1,0.25,2.0,0.5,0.5,0.0,1,0.5,0.0,1.0,0.5,1.4142135623730951,1.4142135623730951,1.5,1.0,0.0,0.0,1.0,0.0,0.0,0.0,0.0,0.0,1.0,0.0,0,0.0,0.0,0.0,0.5
adbm_32_40,ADBM,0,,,,,,,,,,,,,,,,,,,,,,,,,,,,,,
adbm_33_10,ADBM,4,4,0.25,1.0,0.25,0.25,0.5,2,0.25,0.25,1.0,1.0,0.816496580927726,0.816496580927726,2.375,2.5,0.7071067811865476,0.6931471805599453,1.0,0.816496580927726,0.125,0.0625,0.0,0.0,0.6000000000000001,0.0,0,0.22916666666666663,0.7777777777777777,0.3535533905932738,1.2291666666666667
adbm_33_20,ADBM,4,2,0.125,2.0,0.5,0.5,0.0,1,0.5,0.0,1.0,0.5,1.1547005383792515,1.1547005383792515,1.5,1.0,0.0,0.6931471805599453,1.0,0.0,0.0,0.0,0.0,0.0,1.0,0.0,0,0.0,0.0,0.0,0.3333333333333333
adbm_33_40,ADBM,15,36,0.16,2.0,0.5333333333333333,0.13333333333333333,0.3333333333333333,1,0.13333333333333333,0.3333333333333333,1.8571428571428572,2.4,1.6044951735373845,0.768295371441074,1.6098471487360375,2.3076923076923075,0.9220642218141845,3.6635616461296463,1.0,1.410350063490374,0.0,0.17333333333333334,0.044444444444444446,0.4,3.9933949801849415,0.0,0,0.7528205128205129,0.7225589225589225,0.5835870082518874,0.4772569108859384
adbm_34_10,ADBM,4,3,0.1875,4.0,0.25,0.25,0.5,3,0.25,0.0,1.0,0.75,0.6666666666666666,0.6666666666666666,2.5,3.0,0.0,0.0,1.6666666666666667,0.7698003589195009,0.125,0.0,0.0,0.0,1.6666666666666667,0.0,0,0.0,0.0,0.0,1.6666666666666667
adbm_34_20,ADBM,6,4,0.1111111111111111,2.0,0.3333333333333333,0.3333333333333333,0.3333333333333333,2,0.3333333333333333,0.0,1.0,0.6666666666666666,0.7745966692414835,0.7745966692414835,2.0,2.0,0.0,0.6931471805599453,1.3333333333333333,0.7745966692414835,0.05555555555555555,0.0,0.0,0.0,1.2500000000000002,0.0,0,0.0,0.0,0.0,0.8
adbm_34_40,ADBM,5,3,0.12,2.0,0.4,0.4,0.2,2,0.4,0.0,1.0,0.6,0.912870929175277,0.912870929175277,1.8,1.5,0.7071067811865476,0.6931471805599453,1.25,0.7453559924999299,0.04,0.0,0.0,0.0,1.1428571428571428,0.0,0,0.0,0.0,0.0,0.7000000000000001
adbm_35_10,ADBM,5,4,0.16,2.0,0.2,0.2,0.6,4,0.2,0.0,1.0,0.8,0.5590169943749476,0.5590169943749473,3.0,4.0,0.0,0.0,1.2,0.6846531968814575,0.12,0.0,0.0,0.0,0.5000000000000001,0.0,0,0.0,0.0,0.0,2.5
adbm_35_20,ADBM,0,,,,,,,,,,,,,,,,,,,,,,,,,,,,,,
adbm_35_40,ADBM,0,,,,,,,,,,,,,,,,,,,,,,,,,,,,,,
adbm_36_10,ADBM,4,5,0.3125,2.0,0.25,0.25,0.5,1,0.5,0.25,1.0,1.25,1.0066445913694333,1.0066445913694333,1.9166666666666665,1.6666666666666667,0.5773502691896257,1.0986122886681098,1.0,0.4618802153517006,0.0,0.125,0.0625,0.0625,0.7142857142857142,0.0,0,0.625,0.8333333333333333,0.36514837167011077,0.4722222222222221
adbm_36_20,ADBM,0,,,,,,,,,,,,,,,,,,,,,,,,,,,,,,
adbm_36_40,ADBM,16,17,0.06640625,2.0,0.3125,0.25,0.4375,6,0.25,0.1875,1.0909090909090908,1.0625,1.0575155319644345,0.8036824130164391,2.546875,2.6,1.577621275493231,2.302585092994046,1.3333333333333333,1.1842877545522745,0.0390625,0.01953125,0.00390625,0.01953125,1.4705882352941175,0.0,0,0.24375,0.37037037037037035,1.0361126443416786,1.98515625
adbm_37_10,ADBM,2,1,0.25,2.0,0.5,0.5,0.0,1,0.5,0.0,1.0,0.5,1.4142135623730951,1.4142135623730951,1.5,1.0,0.0,0.0,1.0,0.0,0.0,0.0,0.0,0.0,1.0,0.0,0,0.0,0.0,0.0,0.5
adbm_37_20,ADBM,0,,,,,,,,,,,,,,,,,,,,,,,,,,,,,,
adbm_37_40,ADBM,6,6,0.16666666666666666,1.0,0.16666666666666666,0.3333333333333333,0.5,3,0.16666666666666666,0.0,0.8,1.0,0.6324555320336759,0.8944271909999159,2.8333333333333335,3.0,0.0,1.0986122886681098,1.1428571428571428,0.8944271909999159,0.1388888888888889,0.0,0.05555555555555555,0.027777777777777776,0.4117647058823529,0.0,0,0.38888888888888884,0.0,0.0,1.3666666666666667
adbm_38_10,ADBM,0,,,,,,,,,,,,,,,,,,,,,,,,,,,,,,
adbm_38_20,ADBM,0,,,,,,,,,,,,,,,,,,,,,,,,,,,,,,
adbm_38_40,ADBM,3,2,0.2222222222222222,2.0,0.3333333333333333,0.3333333333333333,0.3333333333333333,2,0.3333333333333333,0.0,1.0,0.6666666666666666,0.8660254037844388,0.8660254037844388,2.0,2.0,0.0,0.0,1.0,0.8660254037844386,0.1111111111111111,0.0,0.0,0.0,0.5,0.0,0,0.0,0.0,0.0,1.0
adbm_39_10,ADBM,5,4,0.16,3.0,0.2,0.4,0.4,3,0.2,0.0,0.75,0.8,0.5590169943749473,1.0458250331675945,2.6,2.5,0.7071067811865476,0.6931471805599453,1.2,1.118033988749895,0.12,0.0,0.04,0.0,0.5000000000000001,0.0,0,0.2,0.0,0.0,1.3
adbm_39_20,ADBM,4,3,0.1875,2.0,0.5,0.25,0.25,2,0.25,0.0,1.5,0.75,1.2765694770084508,0.6666666666666666,1.75,2.0,0.0,0.6931471805599453,1.0,1.3333333333333333,0.125,0.0,0.0,0.0625,1.6666666666666665,0.0,0,0.5,0.0,0.0,0.9166666666666666
adbm_39_40,ADBM,10,7,0.07,2.0,0.3,0.4,0.3,3,0.4,0.0,0.8571428571428571,0.7,0.6900655593423543,0.9642122253007899,2.1,1.75,0.9574271077563381,1.3862943611198906,1.2222222222222223,0.7377111135633174,0.03,0.0,0.01,0.0,0.7647058823529412,0.0,0,0.1,0.0,0.0,0.9888888888888889
adbm_3_10,ADBM,0,,,,,,,,,,,,,,,,,,,,,,,,,,,,,,
adbm_3_20,ADBM,5,4,0.16,2.0,0.4,0.4,0.2,1,0.4,0.2,1.0,0.8,1.0458250331675945,1.0458250331675945,1.7,1.3333333333333333,0.5773502691896257,1.0986122886681098,1.0,0.6846531968814575,0.0,0.04,0.0,0.0,1.0,0.0,0,0.2,1.0,0.3535533905932738,0.45000000000000007
adbm_3_40,ADBM,6,4,0.1111111111111111,2.0,0.3333333333333333,0.5,0.16666666666666666,2,0.5,0.0,0.75,0.6666666666666666,0.7745966692414835,1.2247448713915892,1.8333333333333333,1.3333333333333333,0.5773502691896257,1.0986122886681098,1.2,0.7745966692414835,0.027777777777777776,0.0,0.027777777777777776,0.0,0.8000000000000002,0.0,0,0.16666666666666666,0.0,0.0,0.5666666666666667
adbm_40_10,ADBM,3,2,0.2222222222222222,3.0,0.3333333333333333,0.3333333333333333,0.3333333333333333,2,0.3333333333333333,0.0,1.0,0.6666666666666666,0.8660254037844388,0.8660254037844388,2.0,2.0,0.0,0.0,1.3333333333333333,0.8660254037844386,0.1111111111111111,0.0,0.0,0.0,1.25,0.0,0,0.0,0.0,0.0,1.0
adbm_40_20,ADBM,4,4,0.25,1.0,0.25,0.25,0.5,2,0.5,0.0,1.0,1.0,0.816496580927726,0.816496580927726,2.0,2.0,0.0,0.6931471805599453,1.0,0.0,0.125,0.0,0.0625,0.0625,0.6000000000000001,0.0,0,0.5,0.0,0.0,0.6666666666666666
adbm_40_40,ADBM,7,5,0.10204081632653061,2.0,0.2857142857142857,0.42857142857142855,0.2857142857142857,2,0.42857142857142855,0.0,0.8,0.7142857142857143,0.6831300510639732,1.058300524425836,2.0,1.6666666666666667,0.5773502691896257,1.0986122886681098,1.1666666666666667,0.7483314773547883,0.04081632653061224,0.0,0.02040816326530612,0.0,0.6153846153846154,0.0,0,0.09523809523809523,0.0,0.0,0.6666666666666666
adbm_41_10,ADBM,5,8,0.32,2.0,0.2,0.4,0.4,1,0.2,0.6,0.75,1.6,0.7126096406869612,1.1353688827865593,2.166666666666667,1.8333333333333333,0.752772652709081,1.791759469228055,1.0,0.5229125165837972,0.0,0.2,0.16,0.0,1.1428571428571428,0.0,0,0.6399999999999999,0.8666666666666666,0.5204164998665332,0.513888888888889
adbm_41_20,ADBM,6,4,0.1111111111111111,1.0,0.3333333333333333,0.5,0.16666666666666666,2,0.5,0.0,0.75,0.6666666666666666,0.7745966692414835,1.2247448713915892,1.8333333333333333,1.3333333333333333,0.5773502691896257,1.0986122886681098,1.0,0.7745966692414833,0.027777777777777776,0.0,0.027777777777777776,0.0,0.5,0.0,0,0.16666666666666666,0.0,0.0,0.5666666666666667
adbm_41_40,ADBM,0,,,,,,,,,,,,,,,,,,,,,,,,,,,,,,
adbm_42_10,ADBM,0,,,,,,,,,,,,,,,,,,,,,,,,,,,,,,
adbm_42_20,ADBM,9,16,0.19753086419753085,2.0,0.3333333333333333,0.1111111111111111,0.5555555555555556,3,0.1111111111111111,0.3333333333333333,1.3333333333333333,1.7777777777777777,1.1858541225631425,0.6147598616533126,2.216049382716049,2.5454545454545454,1.1281521496355325,2.3978952727983707,1.1111111111111112,0.8010003511235185,0.08641975308641975,0.08641975308641975,0.04938271604938271,0.20987654320987653,1.5174825174825173,0.0,0,0.6301587301587301,0.42083333333333334,0.853234586300426,0.957133058984911
adbm_42_40,ADBM,15,12,0.05333333333333334,1.0,0.2,0.3333333333333333,0.4666666666666667,4,0.26666666666666666,0.0,0.8333333333333334,0.8,0.5175491695067657,0.8451542547285166,2.6,2.6,0.8944271909999159,1.6094379124341003,1.2941176470588236,0.7905694150420948,0.035555555555555556,0.0,0.008888888888888889,0.0,0.7307692307692308,0.0,0,0.1111111111111111,0.0,0.0,1.4000000000000001
adbm_43_10,ADBM,3,2,0.2222222222222222,3.0,0.3333333333333333,0.3333333333333333,0.3333333333333333,2,0.3333333333333333,0.0,1.0,0.6666666666666666,0.8660254037844388,0.8660254037844388,2.0,2.0,0.0,0.0,1.3333333333333333,0.8660254037844388,0.1111111111111111,0.0,0.0,0.0,1.25,0.0,0,0.0,0.0,0.0,1.0
adbm_43_20,ADBM,10,14,0.14,1.0,0.2,0.3,0.5,3,0.2,0.3,0.875,1.4,0.6900655593423543,0.838419850555191,2.4833333333333334,2.769230769230769,0.7250110520819842,2.5649493574615367,1.1764705882352942,0.9404008408634048,0.15,0.02,0.07,0.05,1.3076923076923077,0.0,0,0.5583333333333333,0.17037037037037037,0.3450327796711771,1.0027777777777775
adbm_43_40,ADBM,11,7,0.05785123966942149,2.0,0.36363636363636365,0.36363636363636365,0.2727272727272727,2,0.36363636363636365,0.0,1.0,0.6363636363636364,0.7928249671720918,0.7928249671720918,1.9090909090909092,1.75,0.5,1.3862943611198906,1.0,0.734013290209436,0.024793388429752067,0.0,0.0,0.0,0.5714285714285714,0.0,0,0.0,0.0,0.0,0.6909090909090908
adbm_44_10,ADBM,2,1,0.25,2.0,0.5,0.5,0.0,1,0.5,0.0,1.0,0.5,1.4142135623730951,1.4142135623730951,1.5,1.0,0.0,0.0,1.0,0.0,0.0,0.0,0.0,0.0,1.0,0.0,0,0.0,0.0,0.0,0.5
adbm_44_20,ADBM,7,5,0.10204081632653061,2.0,0.42857142857142855,0.42857142857142855,0.14285714285714285,1,0.42857142857142855,0.14285714285714285,1.0,0.7142857142857143,1.058300524425836,1.058300524425836,1.6428571428571428,1.25,0.5,1.3862943611198906,1.0,0.7483314773547883,0.0,0.02040816326530612,0.0,0.0,0.9999999999999999,0.0,0,0.14285714285714285,1.0,0.31622776601683794,0.39285714285714285
adbm_44_40,ADBM,6,4,0.1111111111111111,2.0,0.3333333333333333,0.3333333333333333,0.3333333333333333,2,0.3333333333333333,0.0,1.0,0.6666666666666666,0.7745966692414835,0.7745966692414835,2.0,2.0,0.0,0.6931471805599453,1.2,0.7745966692414835,0.05555555555555555,0.0,0.0,0.0,0.8000000000000002,0.0,0,0.0,0.0,0.0,0.8
adbm_45_10,ADBM,2,1,0.25,2.0,0.5,0.5,0.0,1,0.5,0.0,1.0,0.5,1.4142135623730951,1.4142135623730951,1.5,1.0,0.0,0.0,1.0,0.0,0.0,0.0,0.0,0.0,1.0,0.0,0,0.0,0.0,0.0,0.5
adbm_45_20,ADBM,8,10,0.15625,2.0,0.25,0.125,0.625,4,0.25,0.25,1.1666666666666667,1.25,1.0253919111386491,0.7091242083423347,2.515625,2.8,1.6431676725154984,1.6094379124341003,1.0909090909090908,0.7406560798180412,0.0625,0.046875,0.015625,0.0625,0.7142857142857144,0.0,0,0.3416666666666666,0.4523809523809524,1.0093314619093174,1.3948102678571428
adbm_45_40,ADBM,12,9,0.0625,2.0,0.4166666666666667,0.25,0.3333333333333333,5,0.25,0.08333333333333333,1.2857142857142858,0.75,1.1547005383792515,0.6030226891555273,2.194444444444444,1.8,1.7888543819998322,1.6094379124341003,1.6666666666666667,0.8989331499509894,0.027777777777777776,0.0,0.0,0.020833333333333332,1.6181818181818184,0.0,0,0.20833333333333334,0.0,1.0886621079036347,1.847643097643097
adbm_46_10,ADBM,5,6,0.24,2.0,0.6,0.2,0.2,1,0.2,0.2,2.0,1.2,1.4907119849998598,0.6972166887783964,1.45,1.4,0.5477225575051661,1.6094379124341003,1.0,0.950146187582615,0.0,0.08,0.0,0.2,2.3333333333333335,0.0,0,0.6599999999999999,0.75,0.3535533905932738,0.3875
adbm_46_20,ADBM,5,4,0.16,4.0,0.2,0.4,0.4,3,0.2,0.0,0.75,0.8,0.5590169943749473,1.0458250331675945,2.6,2.5,0.7071067811865476,0.6931471805599453,1.625,1.1180339887498947,0.12,0.0,0.04,0.0,1.7272727272727275,0.0,0,0.2,0.0,0.0,1.3
adbm_46_40,ADBM,10,7,0.07,2.0,0.3,0.5,0.2,2,0.5,0.0,0.7142857142857143,0.7,0.6900655593423543,1.355261854357877,1.9,1.4,0.5477225575051661,1.6094379124341003,1.0,0.9988655696858587,0.02,0.0,0.03,0.0,0.42857142857142855,0.0,0,0.15,0.0,0.0,0.5444444444444444
adbm_47_10,ADBM,2,1,0.25,2.0,0.5,0.5,0.0,1,0.5,0.0,1.0,0.5,1.4142135623730951,1.4142135623730951,1.5,1.0,0.0,0.0,1.0,0.0,0.0,0.0,0.0,0.0,1.0,0.0,0,0.0,0.0,0.0,0.5
adbm_47_20,ADBM,3,2,0.2222222222222222,2.0,0.3333333333333333,0.3333333333333333,0.3333333333333333,2,0.3333333333333333,0.0,1.0,0.6666666666666666,0.8660254037844388,0.8660254037844388,2.0,2.0,0.0,0.0,1.0,0.8660254037844386,0.1111111111111111,0.0,0.0,0.0,0.5,0.0,0,0.0,0.0,0.0,1.0
adbm_47_40,ADBM,17,19,0.0657439446366782,2.0,0.23529411764705882,0.35294117647058826,0.4117647058823529,3,0.17647058823529413,0.17647058823529413,0.8461538461538461,1.1176470588235294,0.8881335279308528,0.9427886377722555,2.594771241830065,2.5833333333333335,1.0836246694508316,2.4849066497880004,1.3703703703703705,1.026484466570636,0.04498269896193772,0.006920415224913495,0.02768166089965398,0.02422145328719723,1.1982758620689657,0.0,0,0.39705882352941174,0.15,0.669584259016016,1.2267610748002906
adbm_48_10,ADBM,4,2,0.125,2.0,0.5,0.5,0.0,1,0.5,0.0,1.0,0.5,1.1547005383792515,1.1547005383792515,1.5,1.0,0.0,0.6931471805599453,1.0,0.0,0.0,0.0,0.0,0.0,1.0,0.0,0,0.0,0.0,0.0,0.3333333333333333
adbm_48_20,ADBM,13,27,0.15976331360946747,4.0,0.38461538461538464,0.07692307692307693,0.5384615384615384,3,0.23076923076923078,0.3076923076923077,1.5,2.076923076923077,1.4900216807326994,0.6357725031893201,2.0765567765567763,2.9583333333333335,1.2328534123049195,3.1780538303479458,1.2121212121212122,1.30157654746708,0.0650887573964497,0.1242603550295858,0.023668639053254437,0.30177514792899407,2.323863636363636,0.0,0,0.6748251748251749,0.5967532467532467,0.8050451898009,1.0167817896389324
adbm_48_40,ADBM,9,8,0.09876543209876543,4.0,0.2222222222222222,0.3333333333333333,0.4444444444444444,3,0.3333333333333333,0.0,0.8571428571428571,0.8888888888888888,0.676040864149498,0.8794529549668931,2.3333333333333335,2.25,0.9574271077563381,1.3862943611198906,1.4615384615384615,0.75,0.06172839506172839,0.0,0.024691358024691357,0.012345679012345678,1.1724137931034484,0.0,0,0.3333333333333333,0.0,0.0,1.0
adbm_49_10,ADBM,3,3,0.3333333333333333,2.0,0.3333333333333333,0.3333333333333333,0.3333333333333333,1,0.3333333333333333,0.3333333333333333,1.0,1.0,1.0,1.0,1.8333333333333333,1.5,0.7071067811865476,0.6931471805599453,1.0,0.0,0.0,0.1111111111111111,0.0,0.0,1.0,0.0,0,0.3333333333333333,1.0,0.408248290463863,0.5833333333333333
adbm_49_20,ADBM,7,7,0.14285714285714285,1.0,0.2857142857142857,0.42857142857142855,0.2857142857142857,2,0.42857142857142855,0.0,0.8,1.0,0.816496580927726,1.0,2.0,1.8,0.4472135954999579,1.6094379124341003,1.0,0.816496580927726,0.08163265306122448,0.0,0.061224489795918366,0.04081632653061224,0.75,0.0,0,0.5714285714285714,0.0,0.0,0.6666666666666666
adbm_49_40,ADBM,10,7,0.07,2.0,0.3,0.4,0.3,2,0.4,0.0,0.8571428571428571,0.7,0.6900655593423543,0.96421222530079,2.0,1.75,0.5,1.3862943611198906,1.125,0.7377111135633174,0.03,0.0,0.01,0.0,0.5789473684210527,0.0,0,0.06666666666666667,0.0,0.0,0.6666666666666666
adbm_4_10,ADBM,4,3,0.1875,4.0,0.25,0.25,0.5,3,0.25,0.0,1.0,0.75,0.6666666666666666,0.6666666666666666,2.5,3.0,0.0,0.0,1.6666666666666667,0.7698003589195009,0.125,0.0,0.0,0.0,1.6666666666666665,0.0,0,0.0,0.0,0.0,1.6666666666666667
adbm_4_20,ADBM,6,5,0.1388888888888889,1.0,0.16666666666666666,0.3333333333333333,0.5,3,0.3333333333333333,0.0,0.8,0.8333333333333334,0.4898979485566356,0.9033271832508971,2.5,2.5,0.7071067811865476,0.6931471805599453,1.1666666666666667,0.6196773353931867,0.08333333333333333,0.0,0.027777777777777776,0.0,0.38461538461538464,0.0,0,0.1111111111111111,0.0,0.0,1.1
adbm_4_40,ADBM,2,1,0.25,2.0,0.5,0.5,0.0,1,0.5,0.0,1.0,0.5,1.4142135623730951,1.4142135623730951,1.5,1.0,0.0,0.0,1.0,0.0,0.0,0.0,0.0,0.0,1.0,0.0,0,0.0,0.0,0.0,0.5
adbm_50_10,ADBM,3,2,0.2222222222222222,2.0,0.3333333333333333,0.3333333333333333,0.3333333333333333,2,0.3333333333333333,0.0,1.0,0.6666666666666666,0.8660254037844388,0.8660254037844388,2.0,2.0,0.0,0.0,1.0,0.8660254037844386,0.1111111111111111,0.0,0.0,0.0,0.5,0.0,0,0.0,0.0,0.0,1.0
adbm_50_20,ADBM,8,5,0.078125,2.0,0.375,0.375,0.25,2,0.375,0.0,1.0,0.625,0.828078671210825,0.828078671210825,1.875,1.6666666666666667,0.5773502691896257,1.0986122886681098,1.1666666666666667,0.7406560798180412,0.03125,0.0,0.0,0.0,0.8461538461538463,0.0,0,0.0,0.0,0.0,0.6964285714285714
adbm_50_40,ADBM,8,9,0.140625,2.0,0.375,0.25,0.375,2,0.375,0.125,1.2,1.125,1.2055134949871444,0.8809166301912132,1.8125,1.6666666666666667,0.5163977794943223,1.791759469228055,1.1,0.9200874124564723,0.015625,0.046875,0.015625,0.0625,1.5945945945945947,0.0,0,0.3833333333333333,0.6388888888888888,0.3333333333333333,0.5669642857142857
adbm_51_10,ADBM,6,13,0.3611111111111111,2.0,0.3333333333333333,0.16666666666666666,0.5,1,0.16666666666666666,0.5,1.25,2.1666666666666665,0.9862966415276682,0.6793662204867574,1.95,2.3333333333333335,0.8876253645985945,2.4849066497880004,1.0,0.3768445758127967,0.0,0.3611111111111111,0.0,0.16666666666666666,2.3644859813084116,0.0,0,0.7083333333333334,0.9,0.5751254043851921,0.6099999999999999
adbm_51_20,ADBM,0,,,,,,,,,,,,,,,,,,,,,,,,,,,,,,
adbm_51_40,ADBM,0,,,,,,,,,,,,,,,,,,,,,,,,,,,,,,
adbm_52_10,ADBM,0,,,,,,,,,,,,,,,,,,,,,,,,,,,,,,
adbm_52_20,ADBM,2,1,0.25,2.0,0.5,0.5,0.0,1,0.5,0.0,1.0,0.5,1.4142135623730951,1.4142135623730951,1.5,1.0,0.0,0.0,1.0,0.0,0.0,0.0,0.0,0.0,1.0,0.0,0,0.0,0.0,0.0,0.5
adbm_52_40,ADBM,10,7,0.07,2.0,0.3,0.5,0.2,2,0.5,0.0,0.7142857142857143,0.7,0.6900655593423543,1.355261854357877,1.9,1.4,0.5477225575051661,1.6094379124341003,1.2222222222222223,0.9988655696858587,0.02,0.0,0.03,0.0,0.7647058823529412,0.0,0,0.15,0.0,0.0,0.5444444444444444
adbm_53_10,ADBM,7,8,0.16326530612244897,1.0,0.2857142857142857,0.2857142857142857,0.42857142857142855,2,0.2857142857142857,0.2857142857142857,1.0,1.1428571428571428,0.9354143466934854,0.9354143466934852,2.333333333333333,2.6,1.140175425099138,1.6094379124341003,1.0,1.0968705484240153,0.061224489795918366,0.08163265306122448,0.0,0.0,0.8260869565217391,0.0,0,0.2714285714285714,0.875,0.45643546458763845,1.3055555555555554
adbm_53_20,ADBM,8,7,0.109375,2.0,0.25,0.375,0.375,2,0.375,0.125,0.8333333333333334,0.875,0.7324227936704636,0.9537405261671773,2.0625,1.75,0.5,1.3862943611198906,1.125,0.5290400570128865,0.03125,0.015625,0.015625,0.0,0.6551724137931034,0.0,0,0.20833333333333331,0.5,0.2672612419124244,0.6026785714285714
adbm_53_40,ADBM,8,7,0.109375,3.0,0.25,0.375,0.375,2,0.5,0.0,0.8333333333333334,0.875,0.7324227936704636,0.9537405261671773,2.0,1.75,0.5,1.3862943611198906,1.2222222222222223,0.5290400570128865,0.046875,0.0,0.03125,0.015625,0.7454545454545457,0.0,0,0.375,0.0,0.0,0.5714285714285714
adbm_54_10,ADBM,3,3,0.3333333333333333,2.0,0.3333333333333333,0.3333333333333333,0.3333333333333333,1,0.3333333333333333,0.3333333333333333,1.0,1.0,1.0,1.0,1.8333333333333333,1.5,0.7071067811865476,0.6931471805599453,1.0,0.0,0.0,0.1111111111111111,0.0,0.0,1.0,0.0,0,0.3333333333333333,1.0,0.408248290463863,0.5833333333333333
adbm_54_20,ADBM,6,5,0.1388888888888889,1.0,0.16666666666666666,0.3333333333333333,0.5,4,0.16666666666666666,0.0,0.8,0.8333333333333334,0.4898979485566356,0.9033271832508971,3.1666666666666665,3.5,0.7071067811865476,0.6931471805599453,1.1666666666666667,0.9797958971132712,0.1111111111111111,0.0,0.027777777777777776,0.0,0.38461538461538464,0.0,0,0.16666666666666666,0.0,0.0,2.166666666666667
adbm_54_40,ADBM,8,5,0.078125,2.0,0.375,0.375,0.25,2,0.375,0.0,1.0,0.625,0.828078671210825,0.828078671210825,1.875,1.6666666666666667,0.5773502691896257,1.0986122886681098,1.1666666666666667,0.7406560798180412,0.03125,0.0,0.0,0.0,0.8461538461538463,0.0,0,0.0,0.0,0.0,0.6964285714285714
adbm_55_10,ADBM,0,,,,,,,,,,,,,,,,,,,,,,,,,,,,,,
adbm_55_20,ADBM,7,15,0.30612244897959184,2.0,0.42857142857142855,0.14285714285714285,0.42857142857142855,1,0.2857142857142857,0.2857142857142857,1.5,2.142857142857143,1.1875901525233235,0.627753195192246,1.7095238095238094,2.0714285714285716,0.7300459115473716,2.6390573296152584,1.0,0.6440611887195307,0.0,0.2653061224489796,0.02040816326530612,0.30612244897959184,3.11764705882353,0.0,0,0.7683673469387756,0.819047619047619,0.4642796092394706,0.48174603174603164
adbm_55_40,ADBM,9,9,0.1111111111111111,3.0,0.2222222222222222,0.3333333333333333,0.4444444444444444,2,0.5555555555555556,0.0,0.8571428571428571,1.0,0.8660254037844386,1.224744871391589,2.0,1.8,0.44721359549995804,1.6094379124341003,1.1818181818181819,1.0,0.04938271604938271,0.0,0.07407407407407407,0.037037037037037035,0.6265060240963856,0.0,0,0.3703703703703704,0.0,2.5639502485114184e-16,0.4999999999999999
adbm_56_10,ADBM,0,,,,,,,,,,,,,,,,,,,,,,,,,,,,,,
adbm_56_20,ADBM,4,3,0.1875,2.0,0.25,0.25,0.5,3,0.25,0.0,1.0,0.75,0.6666666666666666,0.6666666666666666,2.5,3.0,0.0,0.0,1.0,0.7698003589195009,0.125,0.0,0.0,0.0,0.3333333333333333,0.0,0,0.0,0.0,0.0,1.6666666666666667
adbm_56_40,ADBM,7,4,0.08163265306122448,2.0,0.42857142857142855,0.5714285714285714,0.0,1,0.5714285714285714,0.0,0.75,0.5714285714285714,0.9354143466934854,1.3768926368215257,1.5714285714285714,1.0,0.0,1.3862943611198906,1.0,0.6614378277661477,0.0,0.0,0.02040816326530612,0.0,0.75,0.0,0,0.2857142857142857,0.0,0.0,0.2857142857142857
adbm_57_10,ADBM,2,1,0.25,2.0,0.5,0.5,0.0,1,0.5,0.0,1.0,0.5,1.4142135623730951,1.4142135623730951,1.5,1.0,0.0,0.0,1.0,0.0,0.0,0.0,0.0,0.0,1.0,0.0,0,0.0,0.0,0.0,0.5
adbm_57_20,ADBM,3,2,0.2222222222222222,3.0,0.3333333333333333,0.3333333333333333,0.3333333333333333,2,0.3333333333333333,0.0,1.0,0.6666666666666666,0.8660254037844388,0.8660254037844388,2.0,2.0,0.0,0.0,1.3333333333333333,0.8660254037844388,0.1111111111111111,0.0,0.0,0.0,1.25,0.0,0,0.0,0.0,0.0,1.0
adbm_57_40,ADBM,8,5,0.078125,2.0,0.375,0.375,0.25,2,0.375,0.0,1.0,0.625,0.828078671210825,0.828078671210825,1.875,1.6666666666666667,0.5773502691896257,1.0986122886681098,1.1666666666666667,0.7406560798180412,0.03125,0.0,0.0,0.0,0.8461538461538461,0.0,0,0.0,0.0,0.0,0.6964285714285714
adbm_58_10,ADBM,8,9,0.140625,2.0,0.375,0.125,0.5,4,0.125,0.25,1.4,1.125,1.2055134949871444,0.569662172854805,2.359375,2.6,1.8165902124584952,1.6094379124341003,1.1818181818181819,0.9200874124564723,0.0625,0.03125,0.0,0.078125,1.3414634146341464,0.0,0,0.32916666666666666,0.38888888888888884,1.1636866703140785,1.5867745535714286
adbm_58_20,ADBM,2,1,0.25,2.0,0.5,0.5,0.0,1,0.5,0.0,1.0,0.5,1.4142135623730951,1.4142135623730951,1.5,1.0,0.0,0.0,1.0,0.0,0.0,0.0,0.0,0.0,1.0,0.0,0,0.0,0.0,0.0,0.5
adbm_58_40,ADBM,7,4,0.08163265306122448,1.0,0.42857142857142855,0.42857142857142855,0.14285714285714285,2,0.42857142857142855,0.0,1.0,0.5714285714285714,0.9354143466934854,0.9354143466934854,1.7142857142857142,1.3333333333333333,0.5773502691896257,1.0986122886681098,1.0,0.6614378277661477,0.02040816326530612,0.0,0.0,0.0,0.75,0.0,0,0.0,0.0,0.0,0.5714285714285715
adbm_59_10,ADBM,3,2,0.2222222222222222,3.0,0.3333333333333333,0.3333333333333333,0.3333333333333333,2,0.3333333333333333,0.0,1.0,0.6666666666666666,0.8660254037844388,0.8660254037844388,2.0,2.0,0.0,0.0,1.3333333333333333,0.8660254037844388,0.1111111111111111,0.0,0.0,0.0,1.25,0.0,0,0.0,0.0,0.0,1.0
adbm_59_20,ADBM,4,2,0.125,2.0,0.5,0.5,0.0,1,0.5,0.0,1.0,0.5,1.1547005383792515,1.1547005383792515,1.5,1.0,0.0,0.6931471805599453,1.0,0.0,0.0,0.0,0.0,0.0,1.0,0.0,0,0.0,0.0,0.0,0.3333333333333333
adbm_59_40,ADBM,8,7,0.109375,3.0,0.25,0.375,0.375,2,0.375,0.0,0.8333333333333334,0.875,0.7324227936704636,0.9537405261671773,2.125,2.0,0.0,1.3862943611198906,1.2222222222222223,0.8081220356417687,0.0625,0.0,0.03125,0.015625,0.7454545454545457,0.0,0,0.5,0.0,0.0,0.6964285714285714
adbm_5_10,ADBM,3,2,0.2222222222222222,2.0,0.3333333333333333,0.3333333333333333,0.3333333333333333,2,0.3333333333333333,0.0,1.0,0.6666666666666666,0.8660254037844388,0.8660254037844388,2.0,2.0,0.0,0.0,1.0,0.8660254037844386,0.1111111111111111,0.0,0.0,0.0,0.5,0.0,0,0.0,0.0,0.0,1.0
adbm_5_20,ADBM,5,3,0.12,2.0,0.4,0.4,0.2,2,0.4,0.0,1.0,0.6,0.912870929175277,0.912870929175277,1.8,1.5,0.7071067811865476,0.6931471805599453,1.0,0.7453559924999299,0.04,0.0,0.0,0.0,0.6666666666666666,0.0,0,0.0,0.0,0.0,0.7000000000000001
adbm_5_40,ADBM,14,18,0.09183673469387756,3.0,0.2857142857142857,0.14285714285714285,0.5714285714285714,4,0.42857142857142855,0.21428571428571427,1.2,1.2857142857142858,1.1982893790305562,0.7107905260270695,2.0952380952380953,2.727272727272727,1.1908743922772957,2.3978952727983707,1.1818181818181819,1.0877894327269944,0.0663265306122449,0.01020408163265306,0.030612244897959183,0.08163265306122448,0.971830985915493,0.0,0,0.5327380952380952,0.10303030303030303,0.5692750425533111,0.8577533577533578
adbm_60_10,ADBM,2,1,0.25,2.0,0.5,0.5,0.0,1,0.5,0.0,1.0,0.5,1.4142135623730951,1.4142135623730951,1.5,1.0,0.0,0.0,1.0,0.0,0.0,0.0,0.0,0.0,1.0,0.0,0,0.0,0.0,0.0,0.5
adbm_60_20,ADBM,5,4,0.16,3.0,0.2,0.4,0.4,3,0.2,0.0,0.75,0.8,0.5590169943749476,1.0458250331675945,2.6,2.5,0.7071067811865476,0.6931471805599453,1.3333333333333333,1.1180339887498947,0.12,0.0,0.04,0.0,0.875,0.0,0,0.2,0.0,0.0,1.3000000000000003
adbm_60_40,ADBM,0,,,,,,,,,,,,,,,,,,,,,,,,,,,,,,
adbm_61_10,ADBM,3,3,0.3333333333333333,2.0,0.3333333333333333,0.3333333333333333,0.3333333333333333,1,0.3333333333333333,0.3333333333333333,1.0,1.0,1.0,1.0,1.8333333333333333,1.5,0.7071067811865476,0.6931471805599453,1.0,0.0,0.0,0.1111111111111111,0.0,0.0,1.0,0.0,0,0.3333333333333333,1.0,0.408248290463863,0.5833333333333333
adbm_61_20,ADBM,2,1,0.25,2.0,0.5,0.5,0.0,1,0.5,0.0,1.0,0.5,1.4142135623730951,1.4142135623730951,1.5,1.0,0.0,0.0,1.0,0.0,0.0,0.0,0.0,0.0,1.0,0.0,0,0.0,0.0,0.0,0.5
adbm_61_40,ADBM,8,6,0.09375,2.0,0.25,0.375,0.375,4,0.375,0.0,0.8333333333333334,0.75,0.6172133998483676,0.9428090415820635,2.5,2.0,1.7320508075688772,1.0986122886681098,1.8333333333333333,0.7126966450997984,0.046875,0.0,0.015625,0.0,1.2222222222222223,0.0,0,0.25,0.0,0.0,2.0
adbm_62_10,ADBM,6,5,0.1388888888888889,2.0,0.3333333333333333,0.3333333333333333,0.3333333333333333,2,0.3333333333333333,0.16666666666666666,1.0,0.8333333333333334,0.9033271832508971,0.9033271832508971,1.9166666666666667,1.6666666666666667,0.5773502691896257,1.0986122886681098,1.0,0.6196773353931866,0.027777777777777776,0.027777777777777776,0.0,0.0,0.7142857142857142,0.0,0,0.16666666666666666,0.75,0.31622776601683794,0.6416666666666666
adbm_62_20,ADBM,4,3,0.1875,1.0,0.25,0.25,0.5,3,0.25,0.0,1.0,0.75,0.6666666666666666,0.6666666666666666,2.5,3.0,0.0,0.0,1.25,0.7698003589195009,0.125,0.0,0.0,0.0,0.7142857142857142,0.0,0,0.0,0.0,0.0,1.6666666666666667
adbm_62_40,ADBM,0,,,,,,,,,,,,,,,,,,,,,,,,,,,,,,
adbm_63_10,ADBM,0,,,,,,,,,,,,,,,,,,,,,,,,,,,,,,
adbm_63_20,ADBM,9,6,0.07407407407407407,1.0,0.3333333333333333,0.4444444444444444,0.2222222222222222,3,0.3333333333333333,0.0,0.8333333333333334,0.6666666666666666,0.75,1.0606601717798214,2.111111111111111,1.75,0.9574271077563381,1.3862943611198906,1.0,1.0606601717798214,0.037037037037037035,0.0,0.012345679012345678,0.0,0.5,0.0,0,0.1111111111111111,0.0,0.0,1.1111111111111112
adbm_63_40,ADBM,7,4,0.08163265306122448,1.0,0.42857142857142855,0.42857142857142855,0.14285714285714285,2,0.42857142857142855,0.0,1.0,0.5714285714285714,0.9354143466934854,0.9354143466934854,1.7142857142857142,1.3333333333333333,0.5773502691896257,1.0986122886681098,1.0,0.6614378277661477,0.02040816326530612,0.0,0.0,0.0,0.75,0.0,0,0.0,0.0,0.0,0.5714285714285715
adbm_64_10,ADBM,9,9,0.1111111111111111,2.0,0.3333333333333333,0.3333333333333333,0.3333333333333333,2,0.3333333333333333,0.2222222222222222,1.0,1.0,1.0,0.8660254037844386,1.9259259259259258,1.8333333333333333,0.752772652709081,1.791759469228055,1.0,0.8660254037844386,0.037037037037037035,0.024691358024691357,0.012345679012345678,0.024691358024691357,0.8620689655172413,0.0,0,0.37037037037037035,0.4444444444444444,0.43033148291193524,0.6118827160493827
adbm_64_20,ADBM,2,1,0.25,2.0,0.5,0.5,0.0,1,0.5,0.0,1.0,0.5,1.4142135623730951,1.4142135623730951,1.5,1.0,0.0,0.0,1.0,0.0,0.0,0.0,0.0,0.0,1.0,0.0,0,0.0,0.0,0.0,0.5
adbm_64_40,ADBM,3,2,0.2222222222222222,2.0,0.3333333333333333,0.3333333333333333,0.3333333333333333,2,0.3333333333333333,0.0,1.0,0.6666666666666666,0.8660254037844388,0.8660254037844388,2.0,2.0,0.0,0.0,1.0,0.8660254037844386,0.1111111111111111,0.0,0.0,0.0,0.5,0.0,0,0.0,0.0,0.0,1.0
adbm_65_10,ADBM,7,7,0.14285714285714285,3.0,0.2857142857142857,0.2857142857142857,0.42857142857142855,2,0.42857142857142855,0.14285714285714285,1.0,1.0,1.0,0.816496580927726,2.0476190476190474,2.0,0.816496580927726,1.3862943611198906,1.125,0.816496580927726,0.061224489795918366,0.02040816326530612,0.02040816326530612,0.04081632653061224,0.6666666666666667,0.0,0,0.2738095238095238,0.3333333333333333,0.3086066999241838,0.7936507936507935
adbm_65_20,ADBM,6,10,0.2777777777777778,2.0,0.3333333333333333,0.16666666666666666,0.5,1,0.3333333333333333,0.3333333333333333,1.25,1.6666666666666667,1.1798304963002098,0.8197560612767678,1.9000000000000001,2.0,0.816496580927726,1.9459101490553132,1.0,0.8197560612767678,0.0,0.19444444444444445,0.027777777777777776,0.16666666666666666,1.3684210526315788,0.0,0,0.6222222222222221,0.8333333333333334,0.524933858267454,0.5844444444444445
adbm_65_40,ADBM,3,2,0.2222222222222222,3.0,0.3333333333333333,0.3333333333333333,0.3333333333333333,2,0.3333333333333333,0.0,1.0,0.6666666666666666,0.8660254037844388,0.8660254037844388,2.0,2.0,0.0,0.0,1.3333333333333333,0.8660254037844388,0.1111111111111111,0.0,0.0,0.0,1.25,0.0,0,0.0,0.0,0.0,1.0
adbm_66_10,ADBM,5,8,0.32,2.0,0.4,0.2,0.4,1,0.2,0.4,1.3333333333333333,1.6,1.1353688827865593,0.7126096406869612,1.7833333333333332,1.8333333333333333,0.752772652709081,1.791759469228055,1.0,0.5229125165837972,0.0,0.2,0.0,0.16,2.1578947368421058,0.0,0,0.6399999999999999,0.8666666666666666,0.5103103630798287,0.5541666666666665
adbm_66_20,ADBM,2,1,0.25,2.0,0.5,0.5,0.0,1,0.5,0.0,1.0,0.5,1.4142135623730951,1.4142135623730951,1.5,1.0,0.0,0.0,1.0,0.0,0.0,0.0,0.0,0.0,1.0,0.0,0,0.0,0.0,0.0,0.5
adbm_66_40,ADBM,12,10,0.06944444444444445,1.0,0.25,0.3333333333333333,0.4166666666666667,4,0.25,0.08333333333333333,0.8888888888888888,0.8333333333333334,0.6928203230275508,1.001816531924066,2.5416666666666665,2.4,1.140175425099138,1.6094379124341003,1.1666666666666667,1.0651504375183134,0.041666666666666664,0.006944444444444444,0.013888888888888888,0.0,0.6744186046511629,0.0,0,0.14166666666666666,0.36111111111111116,0.22360679774997896,1.611742424242424
adbm_67_10,ADBM,6,9,0.25,2.0,0.5,0.16666666666666666,0.3333333333333333,1,0.16666666666666666,0.3333333333333333,1.6666666666666667,1.5,1.3824294235551813,0.6992058987801011,1.6333333333333335,1.7142857142857142,0.7559289460184545,1.9459101490553132,1.0,0.9428090415820635,0.0,0.1388888888888889,0.0,0.2222222222222222,2.9130434782608696,0.0,0,0.5833333333333334,0.8133333333333332,0.5115939748098373,0.5044444444444445
adbm_67_20,ADBM,14,19,0.09693877551020408,4.0,0.42857142857142855,0.21428571428571427,0.35714285714285715,3,0.2857142857142857,0.21428571428571427,1.375,1.3571428571428572,1.4907913943478983,0.895807884794885,1.7687074829931972,2.125,0.9574271077563381,2.772588722239781,1.1818181818181819,1.4573999072545116,0.01020408163265306,0.0663265306122449,0.0,0.08673469387755102,1.8,0.0,0,0.3630952380952381,0.6226190476190476,0.5788856578336061,0.5705283945079864
adbm_67_40,ADBM,12,9,0.0625,3.0,0.3333333333333333,0.4166666666666667,0.25,2,0.4166666666666667,0.08333333333333333,0.875,0.75,0.8287754140107481,1.005037815259212,1.875,1.5,0.5477225575051661,1.791759469228055,1.25,0.6963106238227913,0.020833333333333332,0.0,0.013888888888888888,0.006944444444444444,1.0281690140845072,0.0,0,0.19444444444444442,0.0,0.23570226039551584,0.5511363636363636
adbm_68_10,ADBM,2,1,0.25,2.0,0.5,0.5,0.0,1,0.5,0.0,1.0,0.5,1.4142135623730951,1.4142135623730951,1.5,1.0,0.0,0.0,1.0,0.0,0.0,0.0,0.0,0.0,1.0,0.0,0,0.0,0.0,0.0,0.5
adbm_68_20,ADBM,9,12,0.14814814814814814,2.0,0.3333333333333333,0.2222222222222222,0.4444444444444444,2,0.3333333333333333,0.2222222222222222,1.1666666666666667,1.3333333333333333,1.2437342963832752,0.649519052838329,2.022222222222222,2.25,1.0350983390135313,2.0794415416798357,1.0769230769230769,0.9921567416492215,0.06172839506172839,0.04938271604938271,0.012345679012345678,0.1111111111111111,1.3275862068965514,0.0,0,0.3888888888888889,0.46190476190476193,0.6324555320336758,0.8044444444444442
adbm_68_40,ADBM,7,5,0.10204081632653061,1.0,0.2857142857142857,0.42857142857142855,0.2857142857142857,2,0.2857142857142857,0.0,0.8,0.7142857142857143,0.6831300510639733,1.058300524425836,2.142857142857143,2.0,0.0,1.0986122886681098,1.2857142857142858,1.1015141094572205,0.061224489795918366,0.0,0.02040816326530612,0.0,0.909090909090909,0.0,0,0.2857142857142857,0.0,0.0,0.8095238095238094
adbm_69_10,ADBM,2,1,0.25,2.0,0.5,0.5,0.0,1,0.5,0.0,1.0,0.5,1.4142135623730951,1.4142135623730951,1.5,1.0,0.0,0.0,1.0,0.0,0.0,0.0,0.0,0.0,1.0,0.0,0,0.0,0.0,0.0,0.5
adbm_69_20,ADBM,0,,,,,,,,,,,,,,,,,,,,,,,,,,,,,,
adbm_69_40,ADBM,4,2,0.125,2.0,0.5,0.5,0.0,1,0.5,0.0,1.0,0.5,1.1547005383792515,1.1547005383792515,1.5,1.0,0.0,0.6931471805599453,1.0,0.0,0.0,0.0,0.0,0.0,1.0,0.0,0,0.0,0.0,0.0,0.3333333333333333
adbm_6_10,ADBM,6,4,0.1111111111111111,2.0,0.3333333333333333,0.3333333333333333,0.3333333333333333,2,0.3333333333333333,0.0,1.0,0.6666666666666666,0.7745966692414835,0.7745966692414835,2.0,2.0,0.0,0.6931471805599453,1.2,0.7745966692414835,0.05555555555555555,0.0,0.0,0.0,0.8000000000000002,0.0,0,0.0,0.0,0.0,0.8
adbm_6_20,ADBM,4,2,0.125,2.0,0.5,0.5,0.0,1,0.5,0.0,1.0,0.5,1.1547005383792515,1.1547005383792515,1.5,1.0,0.0,0.6931471805599453,1.0,0.0,0.0,0.0,0.0,0.0,1.0,0.0,0,0.0,0.0,0.0,0.3333333333333333
adbm_6_40,ADBM,10,6,0.06,2.0,0.4,0.4,0.2,2,0.4,0.0,1.0,0.6,0.8606629658238706,0.8606629658238706,1.8,1.5,0.5773502691896257,1.3862943611198906,1.25,0.7027283689263064,0.02,0.0,0.0,0.0,1.1428571428571428,0.0,0,0.0,0.0,0.0,0.6222222222222223
adbm_70_10,ADBM,0,,,,,,,,,,,,,,,,,,,,,,,,,,,,,,
adbm_70_20,ADBM,8,5,0.078125,3.0,0.375,0.5,0.125,2,0.375,0.0,0.8,0.625,0.828078671210825,1.190438094628552,1.875,1.5,0.5773502691896257,1.3862943611198906,1.2857142857142858,1.131370849898476,0.03125,0.0,0.015625,0.0,1.1818181818181819,0.0,0,0.25,0.0,0.0,0.6964285714285714
adbm_70_40,ADBM,0,,,,,,,,,,,,,,,,,,,,,,,,,,,,,,
adbm_71_10,ADBM,2,1,0.25,2.0,0.5,0.5,0.0,1,0.5,0.0,1.0,0.5,1.4142135623730951,1.4142135623730951,1.5,1.0,0.0,0.0,1.0,0.0,0.0,0.0,0.0,0.0,1.0,0.0,0,0.0,0.0,0.0,0.5
adbm_71_20,ADBM,2,1,0.25,2.0,0.5,0.5,0.0,1,0.5,0.0,1.0,0.5,1.4142135623730951,1.4142135623730951,1.5,1.0,0.0,0.0,1.0,0.0,0.0,0.0,0.0,0.0,1.0,0.0,0,0.0,0.0,0.0,0.5
adbm_71_40,ADBM,12,10,0.06944444444444445,1.0,0.25,0.3333333333333333,0.4166666666666667,2,0.4166666666666667,0.08333333333333333,0.8888888888888888,0.8333333333333334,0.6928203230275508,1.0018165319240662,2.125,2.0,0.7071067811865476,1.6094379124341003,1.0909090909090908,0.7816067367347155,0.034722222222222224,0.0,0.020833333333333332,0.006944444444444444,0.5319148936170214,0.0,0,0.1111111111111111,0.0,0.22360679774997896,0.7329545454545454
adbm_72_10,ADBM,2,1,0.25,2.0,0.5,0.5,0.0,1,0.5,0.0,1.0,0.5,1.4142135623730951,1.4142135623730951,1.5,1.0,0.0,0.0,1.0,0.0,0.0,0.0,0.0,0.0,1.0,0.0,0,0.0,0.0,0.0,0.5
adbm_72_20,ADBM,2,1,0.25,2.0,0.5,0.5,0.0,1,0.5,0.0,1.0,0.5,1.4142135623730951,1.4142135623730951,1.5,1.0,0.0,0.0,1.0,0.0,0.0,0.0,0.0,0.0,1.0,0.0,0,0.0,0.0,0.0,0.5
adbm_72_40,ADBM,8,7,0.109375,2.0,0.25,0.375,0.375,2,0.375,0.125,0.8333333333333334,0.875,0.7324227936704636,0.9537405261671773,2.0625,1.75,0.5,1.3862943611198906,1.125,0.5290400570128866,0.03125,0.015625,0.015625,0.0,0.6551724137931036,0.0,0,0.20833333333333331,0.5,0.2672612419124244,0.6026785714285714
adbm_73_10,ADBM,2,1,0.25,2.0,0.5,0.5,0.0,1,0.5,0.0,1.0,0.5,1.4142135623730951,1.4142135623730951,1.5,1.0,0.0,0.0,1.0,0.0,0.0,0.0,0.0,0.0,1.0,0.0,0,0.0,0.0,0.0,0.5
adbm_73_20,ADBM,4,4,0.25,1.0,0.25,0.25,0.5,2,0.5,0.0,1.0,1.0,0.816496580927726,0.816496580927726,2.0,2.0,0.0,0.6931471805599453,1.0,0.0,0.125,0.0,0.0625,0.0625,0.6000000000000001,0.0,0,0.5,0.0,0.0,0.6666666666666666
adbm_73_40,ADBM,0,,,,,,,,,,,,,,,,,,,,,,,,,,,,,,
adbm_74_10,ADBM,6,5,0.1388888888888889,2.0,0.3333333333333333,0.3333333333333333,0.3333333333333333,2,0.3333333333333333,0.16666666666666666,1.0,0.8333333333333334,0.9033271832508971,0.9033271832508971,1.9166666666666667,1.6666666666666667,0.5773502691896257,1.0986122886681098,1.1666666666666667,0.6196773353931867,0.027777777777777776,0.027777777777777776,0.0,0.0,1.1176470588235294,0.0,0,0.16666666666666666,0.75,0.31622776601683794,0.6416666666666668
adbm_74_20,ADBM,8,9,0.140625,1.0,0.25,0.25,0.5,3,0.25,0.125,1.0,1.125,0.8809166301912132,0.7417981870189156,2.5416666666666665,3.0,1.224744871391589,1.6094379124341003,1.1818181818181819,0.9200874124564723,0.09375,0.03125,0.015625,0.03125,0.9834710743801655,0.0,0,0.375,0.4,0.2721655269759087,1.5853174603174602
adbm_74_40,ADBM,4,2,0.125,2.0,0.5,0.5,0.0,1,0.5,0.0,1.0,0.5,1.1547005383792515,1.1547005383792515,1.5,1.0,0.0,0.6931471805599453,1.0,0.0,0.0,0.0,0.0,0.0,1.0,0.0,0,0.0,0.0,0.0,0.3333333333333333
adbm_75_10,ADBM,6,13,0.3611111111111111,2.0,0.16666666666666666,0.3333333333333333,0.5,1,0.16666666666666666,0.6666666666666666,0.8,2.1666666666666665,0.6793662204867574,0.9862966415276682,2.3749999999999996,2.3333333333333335,0.8876253645985945,2.4849066497880004,1.0,0.3768445758127967,0.0,0.3611111111111111,0.16666666666666666,0.0,1.4827586206896555,0.0,0,0.7083333333333334,0.9,0.6044705248269888,0.5937499999999998
adbm_75_20,ADBM,10,12,0.12,3.0,0.4,0.3,0.3,2,0.3,0.3,1.1666666666666667,1.2,1.097134314340639,1.097134314340639,1.8,2.090909090909091,0.8312094145936334,2.3978952727983707,1.2,1.3146843962443593,0.03,0.07,0.02,0.02,2.1578947368421053,0.0,0,0.365,0.8333333333333334,0.45643546458763845,0.5666666666666667
adbm_75_40,ADBM,2,1,0.25,2.0,0.5,0.5,0.0,1,0.5,0.0,1.0,0.5,1.4142135623730951,1.4142135623730951,1.5,1.0,0.0,0.0,1.0,0.0,0.0,0.0,0.0,0.0,1.0,0.0,0,0.0,0.0,0.0,0.5
adbm_76_10,ADBM,4,4,0.25,3.0,0.25,0.25,0.5,2,0.25,0.25,1.0,1.0,0.816496580927726,0.816496580927726,2.375,2.5,0.7071067811865476,0.6931471805599453,1.2,0.816496580927726,0.125,0.0625,0.0,0.0,0.7777777777777777,0.0,0,0.22916666666666663,0.7777777777777777,0.3535533905932738,1.2291666666666667
adbm_76_20,ADBM,2,1,0.25,2.0,0.5,0.5,0.0,1,0.5,0.0,1.0,0.5,1.4142135623730951,1.4142135623730951,1.5,1.0,0.0,0.0,1.0,0.0,0.0,0.0,0.0,0.0,1.0,0.0,0,0.0,0.0,0.0,0.5
adbm_76_40,ADBM,7,5,0.10204081632653061,1.0,0.2857142857142857,0.42857142857142855,0.2857142857142857,3,0.2857142857142857,0.0,0.8,0.7142857142857143,0.6831300510639733,1.058300524425836,2.2857142857142856,2.0,1.0,1.0986122886681098,1.0,1.1015141094572205,0.061224489795918366,0.0,0.02040816326530612,0.0,0.4,0.0,0,0.14285714285714285,0.0,0.0,1.2380952380952381
adbm_77_10,ADBM,7,5,0.10204081632653061,1.0,0.2857142857142857,0.2857142857142857,0.42857142857142855,4,0.2857142857142857,0.0,1.0,0.7142857142857143,0.6831300510639732,0.6831300510639732,2.5714285714285716,2.5,2.1213203435596424,0.6931471805599453,1.2857142857142858,0.7483314773547883,0.061224489795918366,0.0,0.0,0.0,0.909090909090909,0.0,0,0.0,0.0,0.0,2.285714285714286
adbm_77_20,ADBM,6,10,0.2777777777777778,2.0,0.5,0.16666666666666666,0.3333333333333333,1,0.16666666666666666,0.3333333333333333,1.6666666666666667,1.6666666666666667,1.2393546707863732,0.726636084983398,1.6333333333333335,1.8888888888888888,0.7817359599705717,2.1972245773362196,1.0,0.8197560612767678,0.0,0.19444444444444445,0.0,0.19444444444444445,1.9032258064516132,0.0,0,0.6722222222222222,0.8333333333333334,0.48534065928536785,0.5044444444444445
adbm_77_40,ADBM,10,29,0.29,3.0,0.2,0.2,0.6,2,0.1,0.7,1.0,2.9,0.8037762637722801,0.9540922284803279,2.485714285714285,2.9,0.9001424388708767,3.6888794541139363,1.1944444444444444,0.7048142398508456,0.07,0.37,0.25,0.15,3.4389642416769424,0.0,0,0.7630952380952382,0.7365079365079366,0.6360476792240543,0.777834467120181
adbm_78_10,ADBM,0,,,,,,,,,,,,,,,,,,,,,,,,,,,,,,
adbm_78_20,ADBM,13,47,0.2781065088757396,2.0,0.46153846153846156,0.07692307692307693,0.46153846153846156,1,0.07692307692307693,0.46153846153846156,1.7142857142857142,3.6153846153846154,1.270226427573039,0.570646601131672,1.800732600732601,3.130952380952381,1.1901175592915272,4.430816798843313,1.0,0.8684830821847046,0.0,0.4556213017751479,0.05917159763313609,0.6568047337278107,5.114221724524076,0.0,0,0.8672135556750942,0.7484515484515485,0.6838077175965963,0.6212541426827143
adbm_78_40,ADBM,5,3,0.12,2.0,0.4,0.4,0.2,2,0.4,0.0,1.0,0.6,0.912870929175277,0.912870929175277,1.8,1.5,0.7071067811865476,0.6931471805599453,1.25,0.7453559924999299,0.04,0.0,0.0,0.0,1.1428571428571428,0.0,0,0.0,0.0,0.0,0.7000000000000001
adbm_79_10,ADBM,6,5,0.1388888888888889,2.0,0.3333333333333333,0.5,0.16666666666666666,1,0.5,0.16666666666666666,0.75,0.8333333333333334,0.9033271832508971,1.4028542333400147,1.75,1.25,0.5,1.3862943611198906,1.0,0.9797958971132712,0.0,0.027777777777777776,0.05555555555555555,0.0,0.7142857142857142,0.0,0,0.2916666666666667,0.7777777777777777,0.31622776601683794,0.375
adbm_79_20,ADBM,0,,,,,,,,,,,,,,,,,,,,,,,,,,,,,,
adbm_79_40,ADBM,10,7,0.07,2.0,0.3,0.5,0.2,2,0.5,0.0,0.7142857142857143,0.7,0.6900655593423543,1.1761037176408067,1.9,1.4,0.5477225575051661,1.6094379124341003,1.0,0.7377111135633174,0.02,0.0,0.02,0.0,0.42857142857142855,0.0,0,0.26666666666666666,0.0,0.0,0.5444444444444444
adbm_7_10,ADBM,4,4,0.25,2.0,0.5,0.25,0.25,1,0.25,0.25,1.5,1.0,1.4142135623730951,0.816496580927726,1.5833333333333335,1.3333333333333333,0.5773502691896257,1.0986122886681098,1.0,0.816496580927726,0.0,0.0625,0.0,0.125,2.0,0.0,0,0.4375,0.7777777777777777,0.408248290463863,0.47222222222222227
adbm_7_20,ADBM,10,27,0.27,2.0,0.3,0.1,0.6,2,0.1,0.5,1.2857142857142858,2.7,1.1049210289019478,0.6307180135528296,2.421071428571428,3.6578947368421053,1.2579759759978593,3.6375861597263857,1.0689655172413792,0.8588902286877078,0.09,0.35,0.01,0.28,2.1886625332152345,0.0,0,0.6597222222222223,0.8357142857142857,0.8355367694612208,1.1827620464852608
adbm_7_40,ADBM,14,35,0.17857142857142858,5.0,0.21428571428571427,0.07142857142857142,0.7142857142857143,4,0.07142857142857142,0.5,1.1818181818181819,2.5,0.9639661660197255,0.6421119001448987,2.8441964285714287,3.6470588235294117,1.323044078176753,3.5263605246161616,1.4509803921568627,0.665640235470275,0.17857142857142858,0.08163265306122448,0.1377551020408163,0.24489795918367346,2.702770780856423,0.0,0,0.5941043083900226,0.2408424908424909,0.9975480853270596,1.3025121384691698
adbm_80_10,ADBM,2,1,0.25,2.0,0.5,0.5,0.0,1,0.5,0.0,1.0,0.5,1.4142135623730951,1.4142135623730951,1.5,1.0,0.0,0.0,1.0,0.0,0.0,0.0,0.0,0.0,1.0,0.0,0,0.0,0.0,0.0,0.5
adbm_80_20,ADBM,0,,,,,,,,,,,,,,,,,,,,,,,,,,,,,,
adbm_80_40,ADBM,5,4,0.16,3.0,0.2,0.4,0.4,2,0.4,0.0,0.75,0.8,0.5590169943749476,1.0458250331675945,2.2,2.0,0.0,0.6931471805599453,1.3333333333333333,0.6846531968814575,0.08,0.0,0.04,0.0,0.875,0.0,0,0.13333333333333333,0.0,0.0,0.7
adbm_81_10,ADBM,5,4,0.16,3.0,0.2,0.2,0.6,4,0.2,0.0,1.0,0.8,0.5590169943749473,0.5590169943749476,3.0,4.0,0.0,0.0,1.3333333333333333,0.6846531968814576,0.12,0.0,0.0,0.0,0.875,0.0,0,0.0,0.0,0.0,2.5
adbm_81_20,ADBM,5,3,0.12,2.0,0.4,0.4,0.2,2,0.4,0.0,1.0,0.6,0.912870929175277,0.912870929175277,1.8,1.5,0.7071067811865476,0.6931471805599453,1.0,0.7453559924999299,0.04,0.0,0.0,0.0,0.6666666666666666,0.0,0,0.0,0.0,0.0,0.7000000000000001
adbm_81_40,ADBM,8,6,0.09375,1.0,0.25,0.25,0.5,3,0.25,0.0,1.0,0.75,0.6172133998483676,0.6172133998483676,2.5,3.0,0.0,0.6931471805599453,1.0,0.7126966450997984,0.0625,0.0,0.0,0.0,0.3333333333333333,0.0,0,0.0,0.0,0.0,1.4285714285714286
adbm_82_10,ADBM,4,3,0.1875,2.0,0.25,0.25,0.5,3,0.25,0.0,1.0,0.75,0.6666666666666666,0.6666666666666666,2.5,3.0,0.0,0.0,1.0,0.7698003589195009,0.125,0.0,0.0,0.0,0.3333333333333333,0.0,0,0.0,0.0,0.0,1.6666666666666667
adbm_82_20,ADBM,2,1,0.25,2.0,0.5,0.5,0.0,1,0.5,0.0,1.0,0.5,1.4142135623730951,1.4142135623730951,1.5,1.0,0.0,0.0,1.0,0.0,0.0,0.0,0.0,0.0,1.0,0.0,0,0.0,0.0,0.0,0.5
adbm_82_40,ADBM,6,4,0.1111111111111111,2.0,0.3333333333333333,0.3333333333333333,0.3333333333333333,3,0.3333333333333333,0.0,1.0,0.6666666666666666,0.7745966692414835,0.7745966692414835,2.1666666666666665,2.0,1.4142135623730951,0.6931471805599453,1.2,0.7745966692414835,0.05555555555555555,0.0,0.0,0.0,0.8000000000000002,0.0,0,0.0,0.0,0.0,1.3666666666666667
adbm_83_10,ADBM,0,,,,,,,,,,,,,,,,,,,,,,,,,,,,,,
adbm_83_20,ADBM,7,5,0.10204081632653061,1.0,0.2857142857142857,0.42857142857142855,0.2857142857142857,2,0.42857142857142855,0.0,0.8,0.7142857142857143,0.6831300510639732,1.058300524425836,2.0,1.6666666666666667,0.5773502691896257,1.0986122886681098,1.0,0.7483314773547883,0.04081632653061224,0.0,0.02040816326530612,0.0,0.4,0.0,0,0.14285714285714285,0.0,0.0,0.6666666666666666
adbm_83_40,ADBM,0,,,,,,,,,,,,,,,,,,,,,,,,,,,,,,
adbm_84_10,ADBM,2,1,0.25,2.0,0.5,0.5,0.0,1,0.5,0.0,1.0,0.5,1.4142135623730951,1.4142135623730951,1.5,1.0,0.0,0.0,1.0,0.0,0.0,0.0,0.0,0.0,1.0,0.0,0,0.0,0.0,0.0,0.5
adbm_84_20,ADBM,2,1,0.25,2.0,0.5,0.5,0.0,1,0.5,0.0,1.0,0.5,1.4142135623730951,1.4142135623730951,1.5,1.0,0.0,0.0,1.0,0.0,0.0,0.0,0.0,0.0,1.0,0.0,0,0.0,0.0,0.0,0.5
adbm_84_40,ADBM,10,18,0.18,2.0,0.4,0.1,0.5,3,0.1,0.4,1.5,1.8,1.2776435785674327,0.7768954430890012,2.219047619047619,3.2222222222222223,1.516790557318723,2.8903717578961645,1.3043478260869565,1.2058385626740524,0.05,0.16,0.0,0.15,4.014925373134329,0.0,0,0.6100000000000001,0.6755102040816326,0.9673346533489147,1.26972159234064
adbm_85_10,ADBM,0,,,,,,,,,,,,,,,,,,,,,,,,,,,,,,
adbm_85_20,ADBM,8,7,0.109375,2.0,0.375,0.375,0.25,2,0.375,0.125,1.0,0.875,1.1326070959601313,0.9537405261671773,1.7916666666666665,1.4,0.5477225575051661,1.6094379124341003,1.0,0.8081220356417687,0.015625,0.015625,0.015625,0.03125,0.8461538461538461,0.0,0,0.34375,0.4666666666666666,0.3086066999241838,0.5376984126984127
adbm_85_40,ADBM,14,14,0.07142857142857142,4.0,0.2857142857142857,0.2857142857142857,0.42857142857142855,3,0.2857142857142857,0.07142857142857142,1.0,1.0,1.0377490433255416,0.8770580193070292,2.1785714285714284,2.125,0.8345229603962802,2.0794415416798357,1.2777777777777777,1.0377490433255416,0.04591836734693878,0.0,0.025510204081632654,0.03571428571428571,0.9236641221374047,0.0,0,0.41666666666666663,0.0,0.4629100498862757,0.8310439560439562
adbm_86_10,ADBM,7,6,0.12244897959183673,3.0,0.2857142857142857,0.2857142857142857,0.42857142857142855,2,0.42857142857142855,0.0,1.0,0.8571428571428571,0.805076485899413,0.805076485899413,2.0,2.0,0.0,1.0986122886681098,1.1428571428571428,0.569275042553311,0.061224489795918366,0.0,0.02040816326530612,0.02040816326530612,0.6470588235294117,0.0,0,0.2857142857142857,0.0,0.0,0.6666666666666666
adbm_86_20,ADBM,7,6,0.12244897959183673,2.0,0.2857142857142857,0.14285714285714285,0.5714285714285714,5,0.14285714285714285,0.14285714285714285,1.2,0.8571428571428571,0.8050764858994132,0.4409585518440985,2.857142857142857,3.0,2.8284271247461903,0.6931471805599453,1.4444444444444444,0.5692750425533112,0.08163265306122448,0.0,0.0,0.02040816326530612,1.3333333333333333,0.0,0,0.14285714285714285,0.0,1.1547005383792515,2.4761904761904763
adbm_86_40,ADBM,10,7,0.07,2.0,0.3,0.4,0.3,3,0.3,0.0,0.8571428571428571,0.7,0.6900655593423543,0.9642122253007899,2.2,2.0,0.816496580927726,1.3862943611198906,1.125,0.9988655696858587,0.04,0.0,0.01,0.0,0.5789473684210527,0.0,0,0.1,0.0,0.0,1.0666666666666669
adbm_87_10,ADBM,4,5,0.3125,2.0,0.25,0.25,0.5,1,0.5,0.25,1.0,1.25,1.0066445913694333,1.0066445913694333,1.9166666666666665,1.6666666666666667,0.5773502691896257,1.0986122886681098,1.0,0.4618802153517006,0.0,0.125,0.0625,0.0625,0.7142857142857142,0.0,0,0.625,0.8333333333333333,0.36514837167011077,0.4722222222222221
adbm_87_20,ADBM,5,4,0.16,2.0,0.2,0.4,0.4,3,0.2,0.0,0.75,0.8,0.5590169943749476,1.0458250331675945,2.6,2.5,0.7071067811865476,0.6931471805599453,1.2,1.1180339887498947,0.12,0.0,0.04,0.0,0.5,0.0,0,0.2,0.0,0.0,1.3000000000000003
adbm_87_40,ADBM,2,1,0.25,2.0,0.5,0.5,0.0,1,0.5,0.0,1.0,0.5,1.4142135623730951,1.4142135623730951,1.5,1.0,0.0,0.0,1.0,0.0,0.0,0.0,0.0,0.0,1.0,0.0,0,0.0,0.0,0.0,0.5
adbm_88_10,ADBM,2,1,0.25,2.0,0.5,0.5,0.0,1,0.5,0.0,1.0,0.5,1.4142135623730951,1.4142135623730951,1.5,1.0,0.0,0.0,1.0,0.0,0.0,0.0,0.0,0.0,1.0,0.0,0,0.0,0.0,0.0,0.5
adbm_88_20,ADBM,12,34,0.2361111111111111,2.0,0.25,0.16666666666666666,0.5833333333333334,2,0.16666666666666666,0.3333333333333333,1.1111111111111112,2.8333333333333335,1.1834020407535923,0.5988349809270338,2.4309964726631397,2.972972972972973,1.1422805280686548,3.6109179126442243,1.105263157894737,0.7722784256058052,0.09722222222222222,0.2152777777777778,0.1111111111111111,0.4305555555555556,1.5008269930532583,0.0,0,0.7453703703703702,0.48611111111111116,0.8215407664575386,0.9530355944597567
adbm_88_40,ADBM,10,7,0.07,2.0,0.3,0.4,0.3,3,0.3,0.0,0.8571428571428571,0.7,0.6900655593423543,0.9642122253007899,2.3,2.0,1.1547005383792515,1.3862943611198906,1.4545454545454546,0.9988655696858587,0.04,0.0,0.01,0.0,1.0689655172413792,0.0,0,0.06666666666666667,0.0,0.0,1.3444444444444443
adbm_89_10,ADBM,0,,,,,,,,,,,,,,,,,,,,,,,,,,,,,,
adbm_89_20,ADBM,6,5,0.1388888888888889,1.0,0.16666666666666666,0.3333333333333333,0.5,4,0.16666666666666666,0.0,0.8,0.8333333333333334,0.4898979485566356,0.9033271832508971,3.1666666666666665,3.5,0.7071067811865476,0.6931471805599453,1.2857142857142858,0.9797958971132712,0.1111111111111111,0.0,0.027777777777777776,0.0,0.6363636363636365,0.0,0,0.16666666666666666,0.0,0.0,2.1666666666666665
adbm_89_40,ADBM,3,2,0.2222222222222222,2.0,0.3333333333333333,0.3333333333333333,0.3333333333333333,2,0.3333333333333333,0.0,1.0,0.6666666666666666,0.8660254037844388,0.8660254037844388,2.0,2.0,0.0,0.0,1.0,0.8660254037844386,0.1111111111111111,0.0,0.0,0.0,0.5,0.0,0,0.0,0.0,0.0,1.0
adbm_8_10,ADBM,7,15,0.30612244897959184,2.0,0.2857142857142857,0.14285714285714285,0.5714285714285714,2,0.14285714285714285,0.5714285714285714,1.2,2.142857142857143,0.9873271062899137,0.734342739638147,2.1706349206349205,2.5384615384615383,0.9674179220468453,2.5649493574615367,1.0,0.5849976258261415,0.061224489795918366,0.2653061224489796,0.061224489795918366,0.1836734693877551,2.0,0.0,0,0.6755102040816325,0.7857142857142857,0.6566375252041058,0.7485670194003525
adbm_8_20,ADBM,10,12,0.12,3.0,0.3,0.2,0.5,3,0.2,0.2,1.1428571428571428,1.2,1.097134314340639,0.7657804862272346,2.325,2.5714285714285716,0.9759000729485333,1.9459101490553132,1.2,1.0540925533894598,0.05,0.05,0.0,0.04,1.127659574468085,0.0,0,0.30333333333333334,0.5476190476190476,0.6291528696058958,1.1673611111111108
adbm_8_40,ADBM,10,9,0.09,2.0,0.3,0.2,0.5,5,0.2,0.1,1.1428571428571428,0.9,0.9728833730787924,0.6307180135528297,2.8666666666666667,3.0,2.309401076758503,1.3862943611198906,1.1818181818181819,0.8764562641629061,0.06,0.0,0.01,0.03,0.8072289156626506,0.0,0,0.25,0.0,1.0886621079036347,2.844444444444445
adbm_90_10,ADBM,3,2,0.2222222222222222,3.0,0.3333333333333333,0.3333333333333333,0.3333333333333333,2,0.3333333333333333,0.0,1.0,0.6666666666666666,0.8660254037844388,0.8660254037844388,2.0,2.0,0.0,0.0,1.3333333333333333,0.8660254037844388,0.1111111111111111,0.0,0.0,0.0,1.25,0.0,0,0.0,0.0,0.0,1.0
adbm_90_20,ADBM,6,8,0.2222222222222222,2.0,0.3333333333333333,0.3333333333333333,0.3333333333333333,2,0.16666666666666666,0.5,1.0,1.3333333333333333,0.9082951062292475,1.02469507659596,1.972222222222222,1.8333333333333333,0.752772652709081,1.791759469228055,1.2,0.7745966692414835,0.08333333333333333,0.05555555555555555,0.1111111111111111,0.08333333333333333,2.272727272727273,0.0,0,0.5833333333333333,0.3666666666666667,0.5204164998665332,0.637962962962963
adbm_90_40,ADBM,7,5,0.10204081632653061,2.0,0.2857142857142857,0.42857142857142855,0.2857142857142857,2,0.2857142857142857,0.0,0.8,0.7142857142857143,0.6831300510639732,1.058300524425836,2.142857142857143,2.0,0.0,1.0986122886681098,1.2857142857142858,1.1015141094572205,0.061224489795918366,0.0,0.02040816326530612,0.0,0.909090909090909,0.0,0,0.2857142857142857,0.0,0.0,0.8095238095238094
adbm_91_10,ADBM,5,3,0.12,2.0,0.4,0.4,0.2,2,0.4,0.0,1.0,0.6,0.912870929175277,0.912870929175277,1.8,1.5,0.7071067811865476,0.6931471805599453,1.25,0.7453559924999299,0.04,0.0,0.0,0.0,1.1428571428571428,0.0,0,0.0,0.0,0.0,0.7000000000000001
adbm_91_20,ADBM,7,5,0.10204081632653061,1.0,0.2857142857142857,0.2857142857142857,0.42857142857142855,4,0.2857142857142857,0.0,1.0,0.7142857142857143,0.6831300510639733,0.6831300510639732,2.5714285714285716,2.5,2.1213203435596424,0.6931471805599453,1.5,0.7483314773547883,0.061224489795918366,0.0,0.0,0.0,1.0,0.0,0,0.0,0.0,0.0,2.285714285714286
adbm_91_40,ADBM,13,29,0.17159763313609466,3.0,0.38461538461538464,0.07692307692307693,0.5384615384615384,3,0.15384615384615385,0.3076923076923077,1.5,2.230769230769231,1.465821469436709,0.5536961882533115,2.2054195804195804,3.4705882352941178,1.4404396239205681,3.5263605246161616,1.3,1.2760173872531417,0.08875739644970414,0.14792899408284024,0.011834319526627219,0.33727810650887574,3.268575036834351,0.0,0,0.6252136752136751,0.5861865407319953,0.8859437778825423,1.2187107613687869
adbm_92_10,ADBM,4,3,0.1875,3.0,0.25,0.25,0.5,3,0.25,0.0,1.0,0.75,0.6666666666666666,0.6666666666666666,2.5,3.0,0.0,0.0,1.25,0.7698003589195009,0.125,0.0,0.0,0.0,0.7142857142857142,0.0,0,0.0,0.0,0.0,1.6666666666666667
adbm_92_20,ADBM,3,2,0.2222222222222222,2.0,0.3333333333333333,0.3333333333333333,0.3333333333333333,2,0.3333333333333333,0.0,1.0,0.6666666666666666,0.8660254037844388,0.8660254037844388,2.0,2.0,0.0,0.0,1.0,0.8660254037844386,0.1111111111111111,0.0,0.0,0.0,0.5,0.0,0,0.0,0.0,0.0,1.0
adbm_92_40,ADBM,0,,,,,,,,,,,,,,,,,,,,,,,,,,,,,,
adbm_93_10,ADBM,0,,,,,,,,,,,,,,,,,,,,,,,,,,,,,,
adbm_93_20,ADBM,4,2,0.125,2.0,0.5,0.5,0.0,1,0.5,0.0,1.0,0.5,1.1547005383792515,1.1547005383792515,1.5,1.0,0.0,0.6931471805599453,1.0,0.0,0.0,0.0,0.0,0.0,1.0,0.0,0,0.0,0.0,0.0,0.3333333333333333
adbm_93_40,ADBM,8,10,0.15625,3.0,0.25,0.125,0.625,2,0.375,0.125,1.1666666666666667,1.25,1.0253919111386491,0.7091242083423347,2.15625,2.4,0.8944271909999159,1.6094379124341003,1.3333333333333333,0.7406560798180412,0.109375,0.0,0.0625,0.109375,1.1719457013574663,0.0,0,0.45833333333333326,0.0,0.5244044240850758,0.7667410714285714
adbm_94_10,ADBM,8,6,0.09375,2.0,0.375,0.25,0.375,3,0.25,0.125,1.2,0.75,0.9428090415820635,0.6172133998483676,2.0,2.0,1.0,1.0986122886681098,1.25,0.7126966450997984,0.046875,0.0,0.0,0.015625,1.5263157894736845,0.0,0,0.125,0.0,0.5773502691896257,0.8571428571428571
adbm_94_20,ADBM,6,5,0.1388888888888889,4.0,0.16666666666666666,0.3333333333333333,0.5,3,0.16666666666666666,0.0,0.8,0.8333333333333334,0.4898979485566356,0.9033271832508971,2.8333333333333335,3.0,0.0,0.6931471805599453,1.5555555555555556,0.9797958971132712,0.1111111111111111,0.0,0.027777777777777776,0.0,1.1176470588235294,0.0,0,0.1111111111111111,0.0,0.0,1.3666666666666667
adbm_94_40,ADBM,2,1,0.25,2.0,0.5,0.5,0.0,1,0.5,0.0,1.0,0.5,1.4142135623730951,1.4142135623730951,1.5,1.0,0.0,0.0,1.0,0.0,0.0,0.0,0.0,0.0,1.0,0.0,0,0.0,0.0,0.0,0.5
adbm_95_10,ADBM,3,3,0.3333333333333333,2.0,0.3333333333333333,0.3333333333333333,0.3333333333333333,1,0.3333333333333333,0.3333333333333333,1.0,1.0,1.0,1.0,1.8333333333333333,1.5,0.7071067811865476,0.6931471805599453,1.0,0.0,0.0,0.1111111111111111,0.0,0.0,1.0,0.0,0,0.3333333333333333,1.0,0.408248290463863,0.5833333333333333
adbm_95_20,ADBM,6,5,0.1388888888888889,1.0,0.3333333333333333,0.3333333333333333,0.3333333333333333,2,0.5,0.0,1.0,0.8333333333333334,0.9033271832508971,0.9033271832508971,1.8333333333333333,1.6666666666666667,0.5773502691896257,1.0986122886681098,1.0,0.6196773353931867,0.05555555555555555,0.0,0.027777777777777776,0.027777777777777776,0.7142857142857142,0.0,0,0.3333333333333333,0.0,0.0,0.5666666666666667
adbm_95_40,ADBM,5,3,0.12,3.0,0.4,0.4,0.2,2,0.4,0.0,1.0,0.6,0.912870929175277,0.912870929175277,1.8,1.5,0.7071067811865476,0.6931471805599453,1.25,0.7453559924999299,0.04,0.0,0.0,0.0,1.1428571428571428,0.0,0,0.0,0.0,0.0,0.7000000000000001
adbm_96_10,ADBM,5,4,0.16,1.0,0.2,0.2,0.6,4,0.2,0.0,1.0,0.8,0.5590169943749473,0.5590169943749476,3.0,4.0,0.0,0.0,1.5714285714285714,0.6846531968814575,0.12,0.0,0.0,0.0,1.0,0.0,0,0.0,0.0,0.0,2.5
adbm_96_20,ADBM,3,2,0.2222222222222222,2.0,0.3333333333333333,0.3333333333333333,0.3333333333333333,2,0.3333333333333333,0.0,1.0,0.6666666666666666,0.8660254037844388,0.8660254037844388,2.0,2.0,0.0,0.0,1.0,0.8660254037844386,0.1111111111111111,0.0,0.0,0.0,0.5,0.0,0,0.0,0.0,0.0,1.0
adbm_96_40,ADBM,17,15,0.05190311418685121,2.0,0.35294117647058826,0.4117647058823529,0.23529411764705882,3,0.4117647058823529,0.11764705882352941,0.9090909090909091,0.8823529411764706,1.1249691353790803,1.0511898020814319,1.8823529411764706,1.6363636363636365,1.026910636104941,2.3978952727983707,1.0625,1.0994948334980428,0.01384083044982699,0.006920415224913495,0.01384083044982699,0.01730103806228374,0.8715596330275232,0.0,0,0.39019607843137255,0.29166666666666663,0.6324555320336759,0.6102941176470589
adbm_97_10,ADBM,5,4,0.16,5.0,0.2,0.2,0.6,4,0.2,0.0,1.0,0.8,0.5590169943749476,0.5590169943749476,3.0,4.0,0.0,0.0,2.0,0.6846531968814575,0.12,0.0,0.0,0.0,2.125,0.0,0,0.0,0.0,0.0,2.5
adbm_97_20,ADBM,9,14,0.1728395061728395,2.0,0.3333333333333333,0.1111111111111111,0.5555555555555556,3,0.1111111111111111,0.2222222222222222,1.3333333333333333,1.5555555555555556,1.3296078906418773,0.5669467095138409,2.486111111111111,3.0,1.4142135623730951,2.1972245773362196,1.2777777777777777,1.0873812391170234,0.08641975308641975,0.07407407407407407,0.012345679012345678,0.18518518518518517,2.0566037735849054,0.0,0,0.4973544973544974,0.5238095238095238,0.9808432960613899,1.572048611111111
adbm_97_40,ADBM,4,2,0.125,2.0,0.5,0.5,0.0,1,0.5,0.0,1.0,0.5,1.1547005383792515,1.1547005383792515,1.5,1.0,0.0,0.6931471805599453,1.0,0.0,0.0,0.0,0.0,0.0,1.0,0.0,0,0.0,0.0,0.0,0.3333333333333333
adbm_98_10,ADBM,3,3,0.3333333333333333,2.0,0.3333333333333333,0.3333333333333333,0.3333333333333333,1,0.3333333333333333,0.3333333333333333,1.0,1.0,1.0,1.0,1.8333333333333333,1.5,0.7071067811865476,0.6931471805599453,1.0,0.0,0.0,0.1111111111111111,0.0,0.0,1.0,0.0,0,0.3333333333333333,1.0,0.408248290463863,0.5833333333333333
adbm_98_20,ADBM,6,4,0.1111111111111111,2.0,0.3333333333333333,0.5,0.16666666666666666,2,0.5,0.0,0.75,0.6666666666666666,0.7745966692414835,1.2247448713915892,1.8333333333333333,1.3333333333333333,0.5773502691896257,1.0986122886681098,1.2,0.7745966692414833,0.027777777777777776,0.0,0.027777777777777776,0.0,0.8000000000000002,0.0,0,0.16666666666666666,0.0,0.0,0.5666666666666667
adbm_98_40,ADBM,10,7,0.07,1.0,0.3,0.5,0.2,2,0.5,0.0,0.7142857142857143,0.7,0.6900655593423543,1.1761037176408067,1.9,1.4,0.5477225575051661,1.6094379124341003,1.125,0.7377111135633174,0.02,0.0,0.02,0.0,0.5789473684210527,0.0,0,0.2666666666666667,0.0,0.0,0.5444444444444445
adbm_99_10,ADBM,4,3,0.1875,2.0,0.25,0.25,0.5,3,0.25,0.0,1.0,0.75,0.6666666666666666,0.6666666666666666,2.5,3.0,0.0,0.0,1.0,0.7698003589195009,0.125,0.0,0.0,0.0,0.3333333333333333,0.0,0,0.0,0.0,0.0,1.6666666666666667
adbm_99_20,ADBM,9,11,0.13580246913580246,2.0,0.2222222222222222,0.4444444444444444,0.3333333333333333,2,0.3333333333333333,0.3333333333333333,0.7142857142857143,1.2222222222222223,0.7951298038425408,1.2120265114521258,2.0925925925925926,1.75,0.7071067811865476,2.0794415416798357,1.0833333333333333,0.9248631795170819,0.012345679012345678,0.06172839506172839,0.06172839506172839,0.0,0.9285714285714285,0.0,0,0.46666666666666656,0.619047619047619,0.44381268229929727,0.5146604938271604
adbm_99_40,ADBM,17,18,0.06228373702422145,2.0,0.29411764705882354,0.23529411764705882,0.47058823529411764,4,0.29411764705882354,0.23529411764705882,1.0833333333333333,1.0588235294117647,0.9126595919970368,0.7060147237299353,2.212418300653595,3.0833333333333335,1.4433756729740643,2.4849066497880004,1.4444444444444444,0.9374742794825669,0.04152249134948097,0.010380622837370242,0.006920415224913495,0.01730103806228374,0.9127988748241913,0.0,0,0.25,0.23611111111111113,0.7234675872450946,1.0133045116194623
adbm_9_10,ADBM,4,3,0.1875,2.0,0.25,0.25,0.5,3,0.25,0.0,1.0,0.75,0.6666666666666666,0.6666666666666666,2.5,3.0,0.0,0.0,1.0,0.7698003589195009,0.125,0.0,0.0,0.0,0.3333333333333333,0.0,0,0.0,0.0,0.0,1.6666666666666667
adbm_9_20,ADBM,0,,,,,,,,,,,,,,,,,,,,,,,,,,,,,,
adbm_9_40,ADBM,13,17,0.10059171597633136,2.0,0.3076923076923077,0.38461538461538464,0.3076923076923077,2,0.23076923076923078,0.3076923076923077,0.8888888888888888,1.3076923076923077,1.006037139793357,1.2636794740553432,2.125,2.0,0.816496580927726,2.5649493574615367,1.0555555555555556,1.230616728197114,0.03550295857988166,0.029585798816568046,0.08284023668639054,0.047337278106508875,1.2608695652173911,0.0,0,0.39871794871794874,0.3458333333333333,0.6272020032981213,0.7760416666666666
atn_100_10,ATN,5,5,0.2,2.0,0.2,0.2,0.6,3,0.2,0.2,1.0,1.0,0.7071067811865476,0.7071067811865476,2.7,3.5,0.7071067811865476,0.6931471805599453,1.1666666666666667,0.7071067811865476,0.12,0.04,0.0,0.0,0.7647058823529411,0.0,0,0.1833333333333333,0.5833333333333333,0.31622776601683794,1.825
atn_100_20,ATN,0,,,,,,,,,,,,,,,,,,,,,,,,,,,,,,
atn_100_40,ATN,21,89,0.2018140589569161,3.0,0.2857142857142857,0.047619047619047616,0.6666666666666666,3,0.047619047619047616,0.6666666666666666,1.3333333333333333,4.238095238095238,0.9523491046189689,0.5055430656116068,2.272514767223762,4.767475035663338,0.9673959381564544,6.55250788703459,1.2975206611570247,0.7595372646931274,0.37188208616780044,0.24489795918367346,0.18594104308390022,0.4512471655328798,4.844437097306083,0.0,0,0.8090441304727017,0.4828499542785256,0.7294731819448854,0.8537334683717616
atn_10_10,ATN,7,8,0.16326530612244897,3.0,0.2857142857142857,0.14285714285714285,0.5714285714285714,4,0.14285714285714285,0.2857142857142857,1.2,1.1428571428571428,0.9354143466934854,0.60380736442456,2.5714285714285716,4.0,0.816496580927726,1.3862943611198906,1.5,0.973610120462327,0.12244897959183673,0.04081632653061224,0.0,0.04081632653061224,1.7450980392156863,0.0,0,0.30476190476190473,0.4666666666666667,0.4564354645876384,2.0079365079365084
atn_10_20,ATN,12,16,0.1111111111111111,2.0,0.5833333333333334,0.25,0.16666666666666666,1,0.3333333333333333,0.08333333333333333,1.8,1.3333333333333333,1.3693063937629155,0.8048150549829898,1.45,1.3571428571428572,0.4972451580988468,2.6390573296152584,1.0,0.9231861823449954,0.0,0.034722222222222224,0.027777777777777776,0.1111111111111111,2.364485981308411,0.0,0,0.8055555555555555,0.39999999999999997,0.27386127875258304,0.32090909090909087
atn_10_40,ATN,23,116,0.21928166351606806,3.0,0.2608695652173913,0.13043478260869565,0.6086956521739131,2,0.043478260869565216,0.6956521739130435,1.1764705882352942,5.043478260869565,0.883644582596153,0.8031301925283886,2.254963909259976,3.2997275204359675,0.7870541423952424,6.598509028614515,1.2839506172839505,0.8494849552657109,0.4007561436672968,0.332703213610586,0.45179584120982985,0.5236294896030246,7.426585145447039,0.0,0,0.8353776658124482,0.4463798850526539,0.5332251093460264,0.7279849450308624
atn_11_10,ATN,3,2,0.2222222222222222,2.0,0.3333333333333333,0.3333333333333333,0.3333333333333333,2,0.3333333333333333,0.0,1.0,0.6666666666666666,0.8660254037844388,0.8660254037844388,2.0,2.0,0.0,0.0,1.0,0.8660254037844386,0.1111111111111111,0.0,0.0,0.0,0.5,0.0,0,0.0,0.0,0.0,1.0
atn_11_20,ATN,3,2,0.2222222222222222,2.0,0.6666666666666666,0.3333333333333333,0.0,1,0.3333333333333333,0.0,2.0,0.6666666666666666,1.7320508075688776,0.8660254037844388,1.3333333333333333,1.0,0.0,0.6931471805599453,1.0,0.8660254037844386,0.0,0.0,0.0,0.1111111111111111,2.0,0.0,0,0.6666666666666666,0.0,0.0,0.3333333333333333
atn_11_40,ATN,34,175,0.1513840830449827,4.0,0.23529411764705882,0.029411764705882353,0.7352941176470589,4,0.08823529411764706,0.6764705882352942,1.2692307692307692,5.147058823529412,0.7064134153736842,0.473810850788892,2.8603622961494555,5.583478160120496,0.6166306485842566,9.756262832779603,1.397810218978102,0.8082101896011578,0.6072664359861591,0.1453287197231834,0.25346020761245674,0.35726643598615915,6.367398227346494,0.0,0,0.8931246357178514,0.34283958544339166,0.7320455577648125,1.7268073442088312
atn_12_10,ATN,6,7,0.19444444444444445,2.0,0.5,0.16666666666666666,0.3333333333333333,2,0.16666666666666666,0.16666666666666666,1.6666666666666667,1.1666666666666667,1.3732131246511903,0.6452337023220693,1.75,2.4,0.5477225575051661,1.6094379124341003,1.3636363636363635,1.2904674046441387,0.1111111111111111,0.05555555555555555,0.0,0.1388888888888889,2.4838709677419355,0.0,0,0.5277777777777778,0.7166666666666667,0.32732683535398854,0.85
atn_12_20,ATN,0,,,,,,,,,,,,,,,,,,,,,,,,,,,,,,
atn_12_40,ATN,17,63,0.2179930795847751,3.0,0.23529411764705882,0.058823529411764705,0.7058823529411765,3,0.17647058823529413,0.5882352941176471,1.2307692307692308,3.7058823529411766,0.8193843899743488,0.5291633560582306,2.48828431372549,4.401345291479821,0.8704373081802979,6.100318952020064,1.3877551020408163,0.7928170223574814,0.4532871972318339,0.23183391003460208,0.1695501730103806,0.31833910034602075,4.377907818882354,0.0,0,0.7650560224089635,0.4685317950023832,0.48407190068857864,1.26027175911742
atn_13_10,ATN,2,1,0.25,2.0,0.5,0.5,0.0,1,0.5,0.0,1.0,0.5,1.4142135623730951,1.4142135623730951,1.5,1.0,0.0,0.0,1.0,0.0,0.0,0.0,0.0,0.0,1.0,0.0,0,0.0,0.0,0.0,0.5
atn_13_20,ATN,10,14,0.14,2.0,0.5,0.3,0.2,2,0.3,0.1,1.4,1.4,1.355261854357877,0.9035079029052513,1.6199999999999999,1.3333333333333333,0.49236596391733095,2.4849066497880004,1.0666666666666667,0.9404008408634048,0.01,0.03,0.07,0.16,3.7244094488188972,0.0,0,0.5866666666666667,0.22499999999999998,0.23904572186687867,0.5106666666666667
atn_13_40,ATN,23,114,0.21550094517958412,3.0,0.2608695652173913,0.043478260869565216,0.6956521739130435,3,0.13043478260869565,0.6086956521739131,1.2941176470588236,4.956521739130435,0.830693375664459,0.552454339821916,2.3945931559382645,4.686292548298068,0.9489869363235436,6.99117688712121,1.3121019108280254,0.7221081383054219,0.5198487712665406,0.30623818525519847,0.27599243856332706,0.4725897920604915,4.151246244993896,0.0,0,0.8126716846665695,0.4251119653293567,0.743290324648692,0.96582727745141
atn_14_10,ATN,2,1,0.25,2.0,0.5,0.5,0.0,1,0.5,0.0,1.0,0.5,1.4142135623730951,1.4142135623730951,1.5,1.0,0.0,0.0,1.0,0.0,0.0,0.0,0.0,0.0,1.0,0.0,0,0.0,0.0,0.0,0.5
atn_14_20,ATN,0,,,,,,,,,,,,,,,,,,,,,,,,,,,,,,
atn_14_40,ATN,4,5,0.3125,2.0,0.25,0.25,0.5,1,0.5,0.25,1.0,1.25,1.0066445913694333,1.0066445913694333,1.9166666666666665,1.6666666666666667,0.5773502691896257,1.0986122886681098,1.0,0.4618802153517006,0.0,0.125,0.0625,0.0625,0.7142857142857142,0.0,0,0.625,0.8333333333333333,0.36514837167011077,0.4722222222222221
atn_15_10,ATN,4,4,0.25,3.0,0.25,0.25,0.5,2,0.5,0.0,1.0,1.0,0.816496580927726,0.816496580927726,2.0,2.0,0.0,0.6931471805599453,1.2,0.0,0.125,0.0,0.0625,0.0625,0.7777777777777777,0.0,0,0.5,0.0,0.0,0.6666666666666666
atn_15_20,ATN,11,20,0.1652892561983471,3.0,0.18181818181818182,0.09090909090909091,0.7272727272727273,4,0.2727272727272727,0.36363636363636365,1.1111111111111112,1.8181818181818181,0.7707139547199078,0.48062459362791665,2.7424242424242427,4.035714285714286,0.6372477195601849,3.332204510175204,1.6842105263157894,0.8258329128825033,0.2644628099173554,0.01652892561983471,0.08264462809917356,0.1322314049586777,1.842000662471017,0.0,0,0.6891774891774891,0.1255411255411255,0.32914029430219166,1.6756313131313132
atn_15_40,ATN,32,138,0.134765625,2.0,0.25,0.03125,0.71875,4,0.0625,0.6875,1.2916666666666667,4.3125,0.7621341258053043,0.5961211468367236,2.991259654903628,5.713017512710839,0.4910408206928854,9.424725681616493,1.9261363636363635,0.7808232017453229,0.35546875,0.1337890625,0.189453125,0.2529296875,10.76048470073625,0.0,0,0.8583860583860584,0.363105728693964,0.596280494448096,2.6314198157761597
atn_16_10,ATN,4,5,0.3125,2.0,0.5,0.25,0.25,1,0.25,0.25,1.5,1.25,1.2,0.7659416862050705,1.5833333333333333,1.5,0.5773502691896257,1.3862943611198906,1.0,0.4618802153517006,0.0,0.125,0.0,0.125,1.4,0.0,0,0.75,0.8333333333333333,0.36514837167011077,0.47222222222222204
atn_16_20,ATN,9,14,0.1728395061728395,2.0,0.2222222222222222,0.1111111111111111,0.6666666666666666,4,0.2222222222222222,0.4444444444444444,1.1428571428571428,1.5555555555555556,0.7266782124777073,0.6517245568176664,2.851851851851852,4.15,0.670820393249937,2.995732273553991,1.2222222222222223,0.81597568991399,0.1728395061728395,0.06172839506172839,0.037037037037037035,0.04938271604938271,1.460136674259681,0.0,0,0.538888888888889,0.46666666666666656,0.36187343222787294,2.13503086419753
atn_16_40,ATN,10,29,0.29,3.0,0.2,0.1,0.7,2,0.2,0.6,1.125,2.9,0.8969937018449043,0.5500453385749609,2.3796296296296293,3.4285714285714284,0.9407536455431823,3.7376696182833684,1.121212121212121,0.5088722671535323,0.22,0.3,0.09,0.28,1.8346456692913384,0.0,0,0.758611111111111,0.6409523809523809,0.5887123275543821,0.7796021014715898
atn_17_10,ATN,6,5,0.1388888888888889,2.0,0.3333333333333333,0.3333333333333333,0.3333333333333333,3,0.16666666666666666,0.0,1.0,0.8333333333333334,0.9033271832508971,0.9033271832508971,2.5,3.0,0.0,1.3862943611198906,1.2857142857142858,1.2393546707863734,0.1111111111111111,0.0,0.027777777777777776,0.027777777777777776,1.2222222222222223,0.0,0,0.6666666666666666,0.0,0.0,1.9
atn_17_20,ATN,12,29,0.2013888888888889,3.0,0.25,0.08333333333333333,0.6666666666666666,3,0.25,0.5,1.2222222222222223,2.4166666666666665,0.9075762974561689,0.5706018078217031,2.2823765432098764,4.150943396226415,1.0075909276604411,3.970291913552122,1.1470588235294117,0.7239139823880155,0.20833333333333334,0.1388888888888889,0.0763888888888889,0.1875,1.8965517241379313,0.0,0,0.6196428571428572,0.528968253968254,0.6483156999268765,0.8651550744066174
atn_17_40,ATN,8,12,0.1875,2.0,0.375,0.125,0.5,3,0.125,0.5,1.4,1.5,1.0079052613579391,0.7126966450997984,1.9583333333333333,2.625,1.1877349391654208,2.0794415416798357,1.0,0.7968190728895959,0.09375,0.078125,0.03125,0.09375,2.0967741935483875,0.0,0,0.5178571428571429,0.6142857142857142,0.6561673228343176,0.7043650793650793
atn_18_10,ATN,10,15,0.15,2.0,0.3,0.1,0.6,4,0.2,0.4,1.2857142857142858,1.5,0.7200822998230957,0.47140452079103173,2.6,4.0,0.0,2.995732273553991,1.25,0.8314794192830982,0.22,0.0,0.06,0.09,0.9047619047619047,0.0,0,0.8099999999999999,0.0,2.8665835232995054e-16,2.0444444444444443
atn_18_20,ATN,20,53,0.1325,3.0,0.3,0.05,0.65,5,0.1,0.6,1.3571428571428572,2.65,0.7373879460167525,0.4111029551911719,2.808611111111111,5.688888888888889,0.6160543632471549,6.639875833826536,1.5376344086021505,0.7557093773281957,0.2225,0.105,0.0325,0.095,1.8048742044742088,0.0,0,0.701388888888889,0.5525062656641603,0.8366618499221697,2.3261142640310264
atn_18_40,ATN,23,117,0.22117202268431002,3.0,0.30434782608695654,0.08695652173913043,0.6086956521739131,3,0.08695652173913043,0.6086956521739131,1.3125,5.086956521739131,0.8967696494617801,0.6157190665015649,2.345380563813535,4.3203181489515545,0.9582829026824052,7.232010331664759,1.2040816326530612,0.7370953072889833,0.4102079395085066,0.3705103969754253,0.28544423440453687,0.5141776937618148,3.278029930539074,0.0,0,0.8339305621914318,0.45419363245450206,0.7917147030062789,0.9917576842888702
atn_19_10,ATN,6,4,0.1111111111111111,2.0,0.6666666666666666,0.3333333333333333,0.0,1,0.3333333333333333,0.0,2.0,0.6666666666666666,1.8165902124584952,0.7745966692414835,1.3333333333333333,1.0,0.0,1.3862943611198906,1.0,1.2247448713915892,0.0,0.0,0.0,0.08333333333333333,3.5000000000000004,0.0,0,0.5,0.0,1.9229626863835638e-16,0.26666666666666666
atn_19_20,ATN,5,7,0.28,3.0,0.2,0.2,0.6,2,0.2,0.4,1.0,1.4,0.8144110179279558,0.8144110179279558,2.4,2.5,0.5773502691896257,1.3862943611198906,1.125,0.5976143046671969,0.12,0.12,0.04,0.04,0.8518518518518519,0.0,0,0.43666666666666665,0.7666666666666666,0.3779644730092272,0.925
atn_19_40,ATN,28,140,0.17857142857142858,3.0,0.25,0.07142857142857142,0.6785714285714286,3,0.03571428571428571,0.7142857142857143,1.2380952380952381,5.0,0.7755523718495622,0.5760658398584765,2.474705555213574,5.216929403701165,0.7699772835111939,8.671800909642677,1.4345794392523366,0.6970838729492499,0.45535714285714285,0.24489795918367346,0.25510204081632654,0.3711734693877551,6.523868802847325,0.0,0,0.8484922815279958,0.41919284030628573,0.7372593016743967,1.056244899751927
atn_1_10,ATN,4,4,0.25,1.0,0.25,0.25,0.5,2,0.25,0.25,1.0,1.0,0.816496580927726,0.816496580927726,2.375,2.5,0.7071067811865476,0.6931471805599453,1.0,0.816496580927726,0.125,0.0625,0.0,0.0,0.6000000000000001,0.0,0,0.22916666666666663,0.7777777777777777,0.3535533905932738,1.2291666666666667
atn_1_20,ATN,19,45,0.12465373961218837,2.0,0.2631578947368421,0.05263157894736842,0.6842105263157895,5,0.05263157894736842,0.6842105263157895,1.2857142857142858,2.3684210526315788,0.7205393498848695,0.47122989417982,2.874447693307342,5.490196078431373,0.7476094979514333,5.723585101952381,1.6736842105263159,0.8994435103206248,0.24653739612188366,0.05817174515235457,0.05817174515235457,0.0997229916897507,6.1673821962447635,0.0,0,0.5829573934837092,0.2496031746031746,0.8041635058096742,2.0564385736998867
atn_1_40,ATN,17,76,0.2629757785467128,3.0,0.23529411764705882,0.058823529411764705,0.7058823529411765,2,0.29411764705882354,0.47058823529411764,1.2307692307692308,4.470588235294118,0.9327847719318334,0.63325572372806,2.188284165824273,3.741007194244604,0.8440758045619914,5.627621113690637,1.1555555555555554,0.6870355394082406,0.31833910034602075,0.41522491349480967,0.2629757785467128,0.5224913494809689,1.4444670735218725,0.0,0,0.8311337355455003,0.5496756715506715,0.4959482571390498,0.693587637832025
atn_20_10,ATN,6,4,0.1111111111111111,2.0,0.5,0.5,0.0,1,0.5,0.0,1.0,0.6666666666666666,1.2247448713915892,1.2247448713915892,1.5,1.0,0.0,1.3862943611198906,1.0,0.7745966692414833,0.0,0.0,0.027777777777777776,0.027777777777777776,1.4000000000000001,0.0,0,0.3333333333333333,0.0,0.0,0.3
atn_20_20,ATN,13,22,0.1301775147928994,5.0,0.38461538461538464,0.07692307692307693,0.5384615384615384,4,0.15384615384615385,0.3076923076923077,1.5,1.6923076923076923,1.115567280860604,0.6095543239361042,2.4131054131054133,4.451612903225806,1.0507985933399433,4.127134385045092,1.65,1.1195729213279495,0.11834319526627218,0.0650887573964497,0.01775147928994083,0.10650887573964497,4.0719925685090566,0.0,0,0.7081807081807081,0.4723809523809524,0.8198687767403391,1.9635565052231723
atn_20_40,ATN,14,48,0.24489795918367346,3.0,0.21428571428571427,0.14285714285714285,0.6428571428571429,3,0.14285714285714285,0.6428571428571429,1.0909090909090908,3.4285714285714284,0.8384458557303822,0.5687273992879671,2.497767857142857,3.5968992248062017,0.8884623290143026,4.859812404361672,1.3235294117647058,0.6557601448101033,0.37755102040816324,0.22959183673469388,0.19387755102040816,0.34183673469387754,2.95842683358923,0.0,0,0.8282051282051283,0.48435374149659854,0.650541474519069,0.9529944339514652
atn_21_10,ATN,5,8,0.32,2.0,0.4,0.2,0.4,2,0.2,0.4,1.3333333333333333,1.6,0.9478594305064438,0.7126096406869612,1.8222222222222222,2.142857142857143,0.6900655593423543,1.9459101490553132,1.0,0.5229125165837972,0.08,0.2,0.0,0.08,1.1428571428571428,0.0,0,0.5866666666666667,0.8666666666666666,0.45133546692422,0.6395061728395061
atn_21_20,ATN,18,41,0.12654320987654322,2.0,0.3333333333333333,0.1111111111111111,0.5555555555555556,5,0.1111111111111111,0.5555555555555556,1.3333333333333333,2.2777777777777777,0.7649548317388113,0.4715364698565013,2.4601508916323733,5.4774774774774775,0.9099088024835034,6.095824562432225,1.5151515151515151,0.7711057334826523,0.1882716049382716,0.07098765432098765,0.040123456790123455,0.08950617283950617,1.7676639930775115,0.0,0,0.8179673721340388,0.4574074074074075,0.819008329603815,1.480682922358599
atn_21_40,ATN,32,169,0.1650390625,4.0,0.28125,0.0625,0.65625,4,0.03125,0.6875,1.3043478260869565,5.28125,0.7329269253049879,0.5613591119214514,2.5326081696991913,5.212605913885526,0.7956975778172162,9.355825038718164,1.6492307692307693,0.8217550221265216,0.611328125,0.185546875,0.30078125,0.39453125,5.913626405834981,0.0,0,0.8115194088999237,0.33458556863887745,0.6484644259425888,1.381299313581018
atn_22_10,ATN,4,5,0.3125,2.0,0.5,0.25,0.25,1,0.25,0.25,1.5,1.25,1.2,0.7659416862050705,1.5833333333333333,1.5,0.5773502691896257,1.3862943611198906,1.0,0.4618802153517006,0.0,0.125,0.0,0.125,1.4,0.0,0,0.75,0.8333333333333333,0.36514837167011077,0.47222222222222204
atn_22_20,ATN,2,1,0.25,2.0,0.5,0.5,0.0,1,0.5,0.0,1.0,0.5,1.4142135623730951,1.4142135623730951,1.5,1.0,0.0,0.0,1.0,0.0,0.0,0.0,0.0,0.0,1.0,0.0,0,0.0,0.0,0.0,0.5
atn_22_40,ATN,19,60,0.16620498614958448,2.0,0.3157894736842105,0.05263157894736842,0.631578947368421,3,0.21052631578947367,0.3684210526315789,1.3846153846153846,3.1578947368421053,0.9338127075808649,0.6614144962143399,2.2867353569107953,3.9949367088607595,0.6721242056054182,5.978885764901122,1.4954128440366972,1.1565567244152462,0.3961218836565097,0.13573407202216067,0.1523545706371191,0.26038781163434904,2.2597255929067446,0.0,0,0.8052631578947369,0.41446208112874783,0.4488034194116501,1.1959444375026045
atn_23_10,ATN,4,5,0.3125,2.0,0.25,0.25,0.5,1,0.5,0.25,1.0,1.25,1.0066445913694333,1.0066445913694333,1.9166666666666665,1.6666666666666667,0.5773502691896257,1.0986122886681098,1.0,0.4618802153517006,0.0,0.125,0.0625,0.0625,0.7142857142857142,0.0,0,0.625,0.8333333333333333,0.36514837167011077,0.4722222222222221
atn_23_20,ATN,4,4,0.25,2.0,0.25,0.5,0.25,1,0.5,0.25,0.6666666666666666,1.0,0.816496580927726,1.4142135623730951,1.875,1.3333333333333333,0.5773502691896257,1.0986122886681098,1.0,0.816496580927726,0.0,0.0625,0.125,0.0,0.6000000000000001,0.0,0,0.4375,0.7777777777777777,0.3535533905932738,0.3958333333333333
atn_23_40,ATN,32,191,0.1865234375,4.0,0.25,0.0625,0.6875,4,0.03125,0.71875,1.25,5.96875,0.7227896246943379,0.5826842800883062,2.7133574423270073,5.530665858340911,0.6312035461216464,9.893134140456636,1.5803571428571428,0.8478359488688808,0.689453125,0.3466796875,0.2998046875,0.3984375,5.790310061140492,0.0,0,0.8209879697991638,0.4207210477431066,0.6432955256470025,1.4505638279936555
atn_24_10,ATN,4,2,0.125,2.0,0.5,0.5,0.0,1,0.5,0.0,1.0,0.5,1.1547005383792515,1.1547005383792515,1.5,1.0,0.0,0.6931471805599453,1.0,0.0,0.0,0.0,0.0,0.0,1.0,0.0,0,0.0,0.0,0.0,0.3333333333333333
atn_24_20,ATN,11,17,0.14049586776859505,2.0,0.45454545454545453,0.09090909090909091,0.45454545454545453,4,0.18181818181818182,0.2727272727272727,1.6666666666666667,1.5454545454545454,1.0174940381383368,0.5307173444065864,1.871212121212121,3.2941176470588234,1.1599949289950011,2.833213344056216,1.375,0.6107457577608193,0.09917355371900827,0.024793388429752067,0.04132231404958678,0.11570247933884298,2.5267175572519087,0.0,0,0.7787878787878789,0.25757575757575757,0.6895579715139485,0.8102272727272727
atn_24_40,ATN,19,53,0.14681440443213298,4.0,0.3684210526315789,0.05263157894736842,0.5789473684210527,3,0.05263157894736842,0.5789473684210527,1.5,2.789473684210526,0.9676954461421818,0.5802547217444426,2.2037037037037037,4.366533864541832,1.0124798950342695,5.5254529391317835,1.3461538461538463,0.9804262902496613,0.2548476454293629,0.09418282548476455,0.10249307479224377,0.2188365650969529,5.453844944173612,0.0,0,0.7746183640920483,0.4158984806043629,0.8285382658923999,1.0615500685871055
atn_25_10,ATN,5,5,0.2,2.0,0.4,0.2,0.4,2,0.2,0.2,1.3333333333333333,1.0,1.224744871391589,0.7071067811865476,1.9333333333333336,2.3333333333333335,0.5773502691896258,1.0986122886681098,1.375,1.224744871391589,0.12,0.04,0.0,0.08,2.3870967741935485,0.0,0,0.33999999999999997,0.7222222222222222,0.36514837167011077,0.9666666666666668
atn_25_20,ATN,18,65,0.2006172839506173,2.0,0.2777777777777778,0.1111111111111111,0.6111111111111112,3,0.1111111111111111,0.5,1.2307692307692308,3.611111111111111,0.9313206548766065,0.645183498938458,2.4162780064014635,3.9383561643835616,0.996368683331317,5.676753802268282,1.1216216216216217,0.7631615775550533,0.25925925925925924,0.22530864197530864,0.17901234567901234,0.3333333333333333,2.139969541741659,0.0,0,0.8142055475388809,0.38163780663780655,0.7617960385602739,1.049197829165254
atn_25_40,ATN,22,72,0.1487603305785124,3.0,0.2727272727272727,0.18181818181818182,0.5454545454545454,3,0.045454545454545456,0.6818181818181818,1.125,3.272727272727273,0.8854928512716209,0.6746109554484363,2.554204526665464,4.412797992471769,0.993186246479969,6.680854678790215,1.2197802197802199,0.9463876678570152,0.29545454545454547,0.1115702479338843,0.16322314049586778,0.2396694214876033,3.8534818941504176,0.0,0,0.7765963203463204,0.357543118257404,0.9269695078749979,1.2559303447946357
atn_26_10,ATN,0,,,,,,,,,,,,,,,,,,,,,,,,,,,,,,
atn_26_20,ATN,13,34,0.20118343195266272,2.0,0.38461538461538464,0.07692307692307693,0.5384615384615384,3,0.07692307692307693,0.5384615384615384,1.5,2.6153846153846154,0.8904044413659178,0.4285782940077332,2.1185897435897436,4.25,0.9467093024795735,4.997212273764115,1.4230769230769231,0.8282428141369838,0.2958579881656805,0.15976331360946747,0.047337278106508875,0.1952662721893491,2.1864276445427016,0.0,0,0.7057387057387057,0.6219169719169719,0.5794689928939168,1.0977564102564104
atn_26_40,ATN,23,133,0.2514177693761815,3.0,0.21739130434782608,0.08695652173913043,0.6956521739130435,3,0.13043478260869565,0.6521739130434783,1.1666666666666667,5.782608695652174,0.697515105995863,0.5316254000379352,2.471025427018634,4.276020408163265,0.9276185867933039,7.580699752224563,1.3401015228426396,0.4996465481454482,0.7051039697542533,0.387523629489603,0.4102079395085066,0.5519848771266541,6.254546856016532,0.0,0,0.8303845912541565,0.4331194168150691,0.5341056729457052,0.962821585697318
atn_27_10,ATN,2,1,0.25,2.0,0.5,0.5,0.0,1,0.5,0.0,1.0,0.5,1.4142135623730951,1.4142135623730951,1.5,1.0,0.0,0.0,1.0,0.0,0.0,0.0,0.0,0.0,1.0,0.0,0,0.0,0.0,0.0,0.5
atn_27_20,ATN,9,19,0.2345679012345679,2.0,0.2222222222222222,0.1111111111111111,0.6666666666666666,3,0.2222222222222222,0.5555555555555556,1.1428571428571428,2.111111111111111,0.835500414020397,0.6012452451997822,2.2888888888888883,3.125,0.8850612031567836,2.772588722239781,1.24,0.46033830748778687,0.19753086419753085,0.1111111111111111,0.09876543209876543,0.1728395061728395,1.7698764280718118,0.0,0,0.5936507936507937,0.47777777777777775,0.6203010493404517,0.7426562499999999
atn_27_40,ATN,21,102,0.23129251700680273,3.0,0.19047619047619047,0.047619047619047616,0.7619047619047619,3,0.047619047619047616,0.7619047619047619,1.1764705882352942,4.857142857142857,0.7954781374293247,0.6012530168834239,2.5672961955311493,4.777986829727187,0.8655386465099498,6.968850378341948,1.3691275167785235,0.6707559129889864,0.4988662131519274,0.3333333333333333,0.30612244897959184,0.4512471655328798,4.74264285445978,0.0,0,0.8061318972033258,0.48298725084439365,0.5987375042620422,1.0214435421774766
atn_28_10,ATN,4,3,0.1875,3.0,0.5,0.25,0.25,2,0.25,0.25,1.5,0.75,1.2765694770084508,0.6666666666666666,1.625,1.5,0.7071067811865476,0.6931471805599453,1.25,0.7698003589195009,0.0625,0.0,0.0,0.0625,2.2,0.0,0,0.25,0.0,0.408248290463863,0.5625
atn_28_20,ATN,9,13,0.16049382716049382,3.0,0.3333333333333333,0.1111111111111111,0.5555555555555556,4,0.2222222222222222,0.3333333333333333,1.3333333333333333,1.4444444444444444,0.8557152100494995,0.7018572150344099,2.2345679012345676,3.888888888888889,1.1666666666666663,2.1972245773362196,1.1875,0.72975638311578,0.12345679012345678,0.037037037037037035,0.04938271604938271,0.07407407407407407,2.301310043668122,0.0,0,0.5992063492063492,0.22916666666666666,0.6551715520251896,1.3408779149519887
atn_28_40,ATN,27,166,0.22770919067215364,2.0,0.2222222222222222,0.1111111111111111,0.6666666666666666,3,0.07407407407407407,0.7037037037037037,1.1428571428571428,6.148148148148148,0.6130865689049725,0.5274413089003912,2.6919608577968805,5.030256012412723,0.8415504516937186,9.646528652727188,1.3522267206477734,0.5930270249244295,0.7407407407407407,0.4554183813443073,0.31824417009602196,0.3840877914951989,2.1926618684239427,0.0,0,0.8607072907726503,0.49562273238743826,0.6623807830987704,1.304805854976513
atn_29_10,ATN,3,2,0.2222222222222222,2.0,0.3333333333333333,0.3333333333333333,0.3333333333333333,2,0.3333333333333333,0.0,1.0,0.6666666666666666,0.8660254037844388,0.8660254037844388,2.0,2.0,0.0,0.0,1.0,0.8660254037844386,0.1111111111111111,0.0,0.0,0.0,0.5,0.0,0,0.0,0.0,0.0,1.0
atn_29_20,ATN,3,2,0.2222222222222222,2.0,0.3333333333333333,0.3333333333333333,0.3333333333333333,2,0.3333333333333333,0.0,1.0,0.6666666666666666,0.8660254037844388,0.8660254037844388,2.0,2.0,0.0,0.0,1.0,0.8660254037844386,0.1111111111111111,0.0,0.0,0.0,0.5,0.0,0,0.0,0.0,0.0,1.0
atn_29_40,ATN,27,136,0.18655692729766804,3.0,0.2962962962962963,0.1111111111111111,0.5925925925925926,3,0.1111111111111111,0.5925925925925926,1.263157894736842,5.037037037037037,0.7458462296946652,0.5408479169391209,2.526023515579072,4.9606822262118495,0.8392034287027537,9.318297513481275,1.5301204819277108,0.8015769575311049,0.5569272976680384,0.289437585733882,0.2194787379972565,0.3388203017832647,3.1048422104948328,0.0,0,0.8442908491068105,0.4738415723709842,0.6868433315519863,1.4252094523009167
atn_2_10,ATN,4,2,0.125,2.0,0.5,0.5,0.0,1,0.5,0.0,1.0,0.5,1.1547005383792515,1.1547005383792515,1.5,1.0,0.0,0.6931471805599453,1.0,0.0,0.0,0.0,0.0,0.0,1.0,0.0,0,0.0,0.0,0.0,0.3333333333333333
atn_2_20,ATN,11,20,0.1652892561983471,2.0,0.2727272727272727,0.18181818181818182,0.5454545454545454,3,0.18181818181818182,0.45454545454545453,1.125,1.8181818181818181,0.9143303560529967,0.5932958789676531,2.329545454545454,3.125,0.8706690049203728,3.4657359027997265,1.2592592592592593,0.78835271294009,0.18181818181818182,0.04132231404958678,0.0743801652892562,0.14049586776859505,2.3138075313807533,0.0,0,0.6681818181818181,0.3277056277056277,0.7118783838081708,1.0188210227272725
atn_2_40,ATN,39,179,0.11768573307034845,6.0,0.3333333333333333,0.05128205128205128,0.6153846153846154,5,0.05128205128205128,0.6153846153846154,1.4230769230769231,4.589743589743589,0.8101765111063308,0.5016354403159432,2.868702946055621,5.8356201975850714,0.41133386667824445,10.839894587995108,2.251732101616628,0.8670128096601234,0.36028928336620647,0.13872452333990795,0.13872452333990795,0.24523339907955294,5.172993887864688,0.0,0,0.8462452831231113,0.394969844969845,0.9669451029190347,2.533494680630409
atn_30_10,ATN,3,2,0.2222222222222222,2.0,0.6666666666666666,0.3333333333333333,0.0,1,0.3333333333333333,0.0,2.0,0.6666666666666666,1.7320508075688776,0.8660254037844388,1.3333333333333333,1.0,0.0,0.6931471805599453,1.0,0.8660254037844386,0.0,0.0,0.0,0.1111111111111111,2.0,0.0,0,0.6666666666666666,0.0,0.0,0.3333333333333333
atn_30_20,ATN,7,10,0.20408163265306123,3.0,0.5714285714285714,0.14285714285714285,0.2857142857142857,2,0.2857142857142857,0.14285714285714285,2.0,1.4285714285714286,1.3916417163432069,0.6831300510639732,1.4857142857142855,1.625,0.5175491695067657,2.0794415416798357,1.0909090909090908,0.941629792788369,0.04081632653061224,0.061224489795918366,0.04081632653061224,0.22448979591836735,2.5853658536585367,0.0,0,0.6122448979591836,0.4388888888888889,0.3464101615137754,0.38476190476190464
atn_30_40,ATN,18,63,0.19444444444444445,4.0,0.2777777777777778,0.1111111111111111,0.6111111111111112,3,0.2222222222222222,0.5,1.2307692307692308,3.5,0.8501112136833935,0.5900332666064524,2.2804104203409756,3.6254180602006687,0.7374152726725431,5.700443573390687,1.3440860215053763,0.7961491954505553,0.3888888888888889,0.15123456790123457,0.2037037037037037,0.32407407407407407,1.9988082018685867,0.0,0,0.8265852974186307,0.3009209744503862,0.5935499005174422,0.951936758646217
atn_31_10,ATN,0,,,,,,,,,,,,,,,,,,,,,,,,,,,,,,
atn_31_20,ATN,6,9,0.25,2.0,0.5,0.3333333333333333,0.16666666666666666,1,0.3333333333333333,0.16666666666666666,1.3333333333333333,1.5,1.1737877907772674,0.9189365834726814,1.5416666666666667,1.25,0.4629100498862757,2.0794415416798357,1.0,0.4216370213557839,0.0,0.05555555555555555,0.1388888888888889,0.2222222222222222,1.7692307692307692,0.0,0,0.7777777777777777,0.27777777777777773,0.28867513459481287,0.36041666666666666
atn_31_40,ATN,34,173,0.14965397923875431,4.0,0.29411764705882354,0.029411764705882353,0.6764705882352942,4,0.058823529411764705,0.6470588235294118,1.375,5.088235294117647,0.735939573532271,0.46750800222656785,2.807399013080031,5.711790870643139,0.5221846500118409,10.219319668404255,1.5830815709969788,0.8302555812566117,0.509515570934256,0.22577854671280276,0.16089965397923875,0.28027681660899656,4.958237369119671,0.0,0,0.8431805122981594,0.4790137471955654,0.711545826069844,2.153749838894847
atn_32_10,ATN,8,9,0.140625,2.0,0.375,0.125,0.5,4,0.125,0.375,1.4,1.125,0.8809166301912132,0.569662172854805,2.09375,3.0,0.8944271909999159,1.791759469228055,1.25,0.9200874124564723,0.140625,0.0,0.03125,0.0625,2.3103448275862073,0.0,0,0.5,0.0,0.5527707983925667,1.0524553571428572
atn_32_20,ATN,2,1,0.25,2.0,0.5,0.5,0.0,1,0.5,0.0,1.0,0.5,1.4142135623730951,1.4142135623730951,1.5,1.0,0.0,0.0,1.0,0.0,0.0,0.0,0.0,0.0,1.0,0.0,0,0.0,0.0,0.0,0.5
atn_32_40,ATN,13,33,0.1952662721893491,3.0,0.3076923076923077,0.07692307692307693,0.6153846153846154,3,0.15384615384615385,0.5384615384615384,1.3333333333333333,2.5384615384615383,0.9324441520674704,0.41364838847360147,2.285958485958486,4.180952380952381,0.9685531674075708,4.653960350157523,1.6101694915254237,0.8876253645985945,0.3076923076923077,0.1301775147928994,0.05917159763313609,0.21893491124260356,3.5641410352588143,0.0,0,0.7974358974358974,0.5328449328449328,0.5908418703517738,1.1896367036843227
atn_33_10,ATN,9,12,0.14814814814814814,2.0,0.3333333333333333,0.1111111111111111,0.5555555555555556,4,0.1111111111111111,0.3333333333333333,1.3333333333333333,1.3333333333333333,0.9185586535436917,0.5303300858899107,2.703703703703704,4.384615384615385,1.325296290046213,2.5649493574615367,1.0769230769230769,0.9921567416492215,0.13580246913580246,0.04938271604938271,0.0,0.04938271604938271,1.5471698113207546,0.0,0,0.5314814814814814,0.5571428571428572,0.9173678575185804,2.200617283950616
atn_33_20,ATN,2,1,0.25,2.0,0.5,0.5,0.0,1,0.5,0.0,1.0,0.5,1.4142135623730951,1.4142135623730951,1.5,1.0,0.0,0.0,1.0,0.0,0.0,0.0,0.0,0.0,1.0,0.0,0,0.0,0.0,0.0,0.5
atn_33_40,ATN,18,56,0.1728395061728395,2.0,0.4444444444444444,0.2222222222222222,0.3333333333333333,3,0.05555555555555555,0.5,1.4,3.111111111111111,1.0625684075146689,0.778712114341885,1.84072940287226,2.736842105263158,0.9747598930384515,5.0238805208462765,1.2857142857142858,0.9956387490487918,0.2222222222222222,0.12654320987654322,0.20987654320987653,0.3425925925925926,7.884940126579076,0.0,0,0.7667548500881834,0.37080892963245904,0.6119301034472765,0.6538381782947494
atn_34_10,ATN,7,5,0.10204081632653061,2.0,0.5714285714285714,0.2857142857142857,0.14285714285714285,2,0.2857142857142857,0.14285714285714285,1.6666666666666667,0.7142857142857143,1.3316656236958784,0.6831300510639733,1.5,1.25,0.5,1.3862943611198906,1.0,0.7483314773547883,0.02040816326530612,0.0,0.0,0.04081632653061224,2.5,0.0,0,0.42857142857142855,0.0,0.31622776601683794,0.4166666666666667
atn_34_20,ATN,9,14,0.1728395061728395,3.0,0.2222222222222222,0.1111111111111111,0.6666666666666666,4,0.1111111111111111,0.5555555555555556,1.1428571428571428,1.5555555555555556,0.794592695045964,0.9154289727125928,2.4722222222222223,4.125,0.9910312089651149,2.0794415416798357,1.0666666666666667,0.9340497736158586,0.12345679012345678,0.07407407407407407,0.07407407407407407,0.04938271604938271,1.1600000000000004,0.0,0,0.48888888888888893,0.4857142857142857,0.5674386373369874,1.1036241319444444
atn_34_40,ATN,40,230,0.14375,2.0,0.25,0.075,0.675,5,0.05,0.7,1.2333333333333334,5.75,0.7216437593970516,0.4398809221043026,2.985751571407483,5.90633374318232,0.32608627886733144,11.463283438068746,2.186379928315412,0.6101273177788029,0.443125,0.245625,0.17375,0.305625,4.309316434981659,0.0,0,0.9078338328338328,0.47550565855712923,0.8580300113674045,2.3389858187601553
atn_35_10,ATN,4,5,0.3125,1.0,0.25,0.25,0.5,2,0.25,0.5,1.0,1.25,0.7659416862050705,0.7659416862050705,2.1875,2.3333333333333335,0.5773502691896258,1.0986122886681098,1.0,0.4618802153517006,0.125,0.125,0.0,0.0,1.0,0.0,0,0.375,0.8333333333333333,0.3535533905932738,0.890625
atn_35_20,ATN,5,5,0.2,3.0,0.4,0.2,0.4,2,0.2,0.4,1.3333333333333333,1.0,1.0,0.7071067811865476,1.85,2.0,1.0,1.0986122886681098,1.2857142857142858,0.7071067811865476,0.08,0.04,0.0,0.04,2.0,0.0,0,0.26666666666666666,0.5833333333333333,0.570087712549569,0.675
atn_35_40,ATN,21,108,0.24489795918367346,2.0,0.23809523809523808,0.047619047619047616,0.7142857142857143,3,0.14285714285714285,0.6190476190476191,1.25,5.142857142857143,0.7587961550629204,0.5335213788859777,2.3867382389745666,4.341532639545885,0.7214953938432734,6.963189985870238,1.3726708074534162,0.5739993977714396,0.6054421768707483,0.3356009070294785,0.3424036281179138,0.5170068027210885,6.4385656666403985,0.0,0,0.8362531648245934,0.43223337509051796,0.42259406070720074,1.1030487056720244
atn_36_10,ATN,4,4,0.25,3.0,0.25,0.25,0.5,2,0.5,0.0,1.0,1.0,0.816496580927726,0.816496580927726,2.0,2.0,0.0,0.6931471805599453,1.2,0.0,0.125,0.0,0.0625,0.0625,0.7777777777777777,0.0,0,0.5,0.0,0.0,0.6666666666666666
atn_36_20,ATN,9,15,0.18518518518518517,3.0,0.3333333333333333,0.1111111111111111,0.5555555555555556,3,0.1111111111111111,0.5555555555555556,1.3333333333333333,1.6666666666666667,0.848528137423857,0.7348469228349533,2.1712962962962963,3.0588235294117645,0.658652814016432,2.833213344056216,1.1666666666666667,0.9486832980505138,0.20987654320987653,0.04938271604938271,0.08641975308641975,0.1111111111111111,0.9354838709677419,0.0,0,0.7203703703703703,0.2571428571428571,0.38188130791298663,1.0227623456790125
atn_36_40,ATN,39,142,0.09335963182117028,3.0,0.4358974358974359,0.07692307692307693,0.48717948717948717,5,0.10256410256410256,0.46153846153846156,1.6363636363636365,3.641025641025641,1.0130222073720123,0.5137696162852178,2.081323680416721,5.7945652173913045,0.5189490749019546,9.463430999658344,1.614814814814815,0.94291762241276,0.19000657462195925,0.08349769888231427,0.08349769888231427,0.20973044049967127,3.425504500013666,0.0,0,0.8002933968997318,0.44553072200131016,0.7637234888049474,1.1109513410508511
atn_37_10,ATN,2,1,0.25,2.0,0.5,0.5,0.0,1,0.5,0.0,1.0,0.5,1.4142135623730951,1.4142135623730951,1.5,1.0,0.0,0.0,1.0,0.0,0.0,0.0,0.0,0.0,1.0,0.0,0,0.0,0.0,0.0,0.5
atn_37_20,ATN,17,50,0.17301038062283736,3.0,0.29411764705882354,0.11764705882352941,0.5882352941176471,4,0.11764705882352941,0.5294117647058824,1.25,2.9411764705882355,0.911290294033685,0.6525718351262181,2.553874883286648,4.996309963099631,0.8043235983608963,6.295266001439646,1.6071428571428572,0.8404463100043928,0.2041522491349481,0.17301038062283736,0.09688581314878893,0.19377162629757785,1.9583906592793665,0.0,0,0.7407114127702363,0.5139122315592903,0.49109869573168025,1.948042476249759
atn_37_40,ATN,15,48,0.21333333333333335,3.0,0.3333333333333333,0.06666666666666667,0.6,2,0.06666666666666667,0.6,1.4,3.2,0.9610146237924047,0.6272281710601242,2.1875,3.65,0.8701911884192554,5.075173815233827,1.25,0.8901745414724656,0.3022222222222222,0.21333333333333335,0.14666666666666667,0.31555555555555553,2.591728141250453,0.0,0,0.8522655122655123,0.49206349206349215,0.5968940878274246,0.9280133928571429
atn_38_10,ATN,0,,,,,,,,,,,,,,,,,,,,,,,,,,,,,,
atn_38_20,ATN,0,,,,,,,,,,,,,,,,,,,,,,,,,,,,,,
atn_38_40,ATN,36,180,0.1388888888888889,4.0,0.2222222222222222,0.1111111111111111,0.6666666666666666,5,0.027777777777777776,0.75,1.1428571428571428,5.0,0.687853805065333,0.5323801005189539,2.9970496003772893,5.566171650086937,0.5968470001196987,10.465471961643733,1.9260143198090691,0.7855844048495726,0.5146604938271605,0.13271604938271606,0.24074074074074073,0.30478395061728397,9.846141698230968,0.0,0,0.8391334881530961,0.330659772326439,0.8545164952177461,1.8719234252485961
atn_39_10,ATN,5,8,0.32,2.0,0.2,0.4,0.4,1,0.2,0.6,0.75,1.6,0.7126096406869612,1.1353688827865593,2.1666666666666665,1.8333333333333333,0.752772652709081,1.791759469228055,1.0,0.5229125165837972,0.0,0.2,0.16,0.0,1.1428571428571428,0.0,0,0.6399999999999999,0.8666666666666666,0.5204164998665333,0.5138888888888888
atn_39_20,ATN,11,16,0.1322314049586777,2.0,0.45454545454545453,0.18181818181818182,0.36363636363636365,4,0.09090909090909091,0.36363636363636365,1.5,1.4545454545454546,1.1239578506331989,0.7756046028744286,2.0037878787878785,2.6470588235294117,1.4552137502179976,2.833213344056216,1.1578947368421053,1.0405827694133705,0.05785123966942149,0.06611570247933884,0.01652892561983471,0.0743801652892562,3.551724137931035,0.0,0,0.7030303030303031,0.5458333333333334,0.777002341623813,1.2133522727272723
atn_39_40,ATN,15,53,0.23555555555555555,3.0,0.26666666666666666,0.06666666666666667,0.6666666666666666,2,0.26666666666666666,0.4666666666666667,1.2727272727272727,3.533333333333333,0.9678764509426161,0.5747310863298213,2.1232048374905514,3.159090909090909,0.7563731311195712,4.477336814478207,1.2205882352941178,0.6459730551796299,0.28444444444444444,0.21777777777777776,0.2088888888888889,0.4444444444444444,2.151969981238274,0.0,0,0.7768350168350169,0.4658874458874458,0.5812405102808406,0.6606331134746665
atn_3_10,ATN,0,,,,,,,,,,,,,,,,,,,,,,,,,,,,,,
atn_3_20,ATN,7,8,0.16326530612244897,2.0,0.2857142857142857,0.2857142857142857,0.42857142857142855,1,0.5714285714285714,0.14285714285714285,1.0,1.1428571428571428,1.1770372409854613,1.1770372409854615,1.8214285714285714,1.6,0.5477225575051661,1.6094379124341003,1.0,1.0968705484240153,0.0,0.061224489795918366,0.061224489795918366,0.061224489795918366,0.6470588235294117,0.0,0,0.4857142857142857,0.8,0.30618621784789724,0.3898809523809524
atn_3_40,ATN,12,32,0.2222222222222222,3.0,0.25,0.08333333333333333,0.6666666666666666,3,0.25,0.5,1.2222222222222223,2.6666666666666665,0.8950622121597827,0.5383054219239551,2.262673611111111,3.711864406779661,0.8719942948569125,4.07753744390572,1.2439024390243902,0.7030776499208191,0.2638888888888889,0.16666666666666666,0.09722222222222222,0.2361111111111111,1.9980276134122286,0.0,0,0.7196428571428571,0.5422619047619047,0.6056281712163275,0.8569179753261783
atn_40_10,ATN,10,13,0.13,2.0,0.3,0.1,0.6,4,0.1,0.3,1.2857142857142858,1.3,0.9628196592573635,0.5191911982388868,2.9375,4.866666666666666,0.6399404734221844,2.70805020110221,1.5454545454545454,0.9730085108210398,0.12,0.03,0.01,0.06,2.128491620111732,0.0,0,0.5125,0.4625,0.3139389945637405,3.052951388888889
atn_40_20,ATN,4,4,0.25,1.0,0.25,0.25,0.5,2,0.5,0.0,1.0,1.0,0.816496580927726,0.816496580927726,2.0,2.0,0.0,0.6931471805599453,1.0,0.0,0.125,0.0,0.0625,0.0625,0.6000000000000001,0.0,0,0.5,0.0,0.0,0.6666666666666666
atn_40_40,ATN,25,110,0.176,4.0,0.28,0.08,0.64,4,0.08,0.64,1.2777777777777777,4.4,0.7096588634543635,0.41494133144330764,2.563512419015225,5.469356486210419,0.6898432710141237,8.965973184210347,1.467032967032967,0.6394675384899292,0.4448,0.2304,0.1328,0.256,2.6821316273892224,0.0,0,0.8671681651681651,0.5041420801420801,0.8824942691977592,1.3208897056332265
atn_41_10,ATN,8,9,0.140625,2.0,0.375,0.375,0.25,1,0.375,0.25,1.0,1.125,1.0008814457418695,1.2055134949871444,1.7708333333333333,1.4285714285714286,0.5345224838248488,1.9459101490553132,1.0,0.9200874124564723,0.0,0.046875,0.0625,0.03125,1.4,0.0,0,0.6333333333333334,0.6388888888888888,0.3600411499115478,0.46775793650793646
atn_41_20,ATN,12,25,0.1736111111111111,3.0,0.16666666666666666,0.16666666666666666,0.6666666666666666,3,0.16666666666666666,0.5833333333333334,1.0,2.0833333333333335,0.6294586418647231,0.5589600733830312,2.8854166666666665,3.912280701754386,0.7625310708982377,4.04305126783455,1.45,0.7040661125981641,0.2847222222222222,0.041666666666666664,0.10416666666666667,0.11805555555555555,2.042950740111624,0.0,0,0.7456349206349207,0.3007936507936508,0.4476792006187765,1.649660669191919
atn_41_40,ATN,35,175,0.14285714285714285,3.0,0.3142857142857143,0.02857142857142857,0.6571428571428571,4,0.08571428571428572,0.6,1.4166666666666667,5.0,0.7970533969860858,0.3788527573671675,2.4976982283342637,5.737355336476639,0.5203111283954313,9.834351813701266,1.813299232736573,0.8415671655415549,0.48081632653061224,0.2089795918367347,0.12653061224489795,0.29714285714285715,9.015035511090028,0.0,0,0.7509660227727455,0.4856979621685504,0.8305087534576224,1.4708740176181438
atn_42_10,ATN,0,,,,,,,,,,,,,,,,,,,,,,,,,,,,,,
atn_42_20,ATN,14,33,0.1683673469387755,3.0,0.35714285714285715,0.07142857142857142,0.5714285714285714,3,0.14285714285714285,0.5,1.4444444444444444,2.357142857142857,0.9929468009816604,0.42772463661396287,2.1094494047619046,4.3544303797468356,1.2093436944776828,4.3694478524670215,1.4423076923076923,0.8391090375101734,0.1989795918367347,0.11224489795918367,0.03571428571428571,0.1836734693877551,3.2983664632946272,0.0,0,0.7171768707482993,0.5921768707482994,0.8005783729723429,0.8649256651117979
atn_42_40,ATN,21,129,0.2925170068027211,2.0,0.19047619047619047,0.09523809523809523,0.7142857142857143,2,0.14285714285714285,0.6666666666666666,1.1176470588235294,6.142857142857143,0.8447656412535429,0.6435602703128501,2.4358969358563516,3.5575396825396823,0.871838337019722,6.222576268071369,1.0785714285714285,0.34968888281547894,0.36507936507936506,0.5714285714285714,0.5351473922902494,0.7913832199546486,3.3343555263929825,0.0,0,0.8944424040012274,0.49922313136598845,0.612898952813865,0.7060523840105966
atn_43_10,ATN,7,11,0.22448979591836735,4.0,0.14285714285714285,0.14285714285714285,0.7142857142857143,3,0.14285714285714285,0.5714285714285714,1.0,1.5714285714285714,0.6210273191490666,0.6210273191490666,3.095238095238095,3.909090909090909,0.7006490497453707,2.3978952727983707,1.3333333333333333,0.6803013430498074,0.20408163265306123,0.10204081632653061,0.02040816326530612,0.02040816326530612,1.08955223880597,0.0,0,0.42380952380952375,0.7000000000000001,0.3588702812826367,1.797867063492063
atn_43_20,ATN,10,32,0.32,3.0,0.2,0.1,0.7,2,0.2,0.6,1.125,3.2,0.8175590362645243,0.6387379048648287,2.284567901234568,3.130434782608696,0.8057762482965359,3.828641396489095,1.1111111111111112,0.3019036822122799,0.2,0.37,0.17,0.29,2.116883116883117,0.0,0,0.7896825396825398,0.6354761904761904,0.4922597617804342,0.6862813087435858
atn_43_40,ATN,22,121,0.25,3.0,0.22727272727272727,0.045454545454545456,0.7272727272727273,3,0.13636363636363635,0.6363636363636364,1.2352941176470589,5.5,0.7585275406400775,0.5315692983323579,2.48969580477393,4.970988213961922,0.8529376329818719,7.698936199813447,1.31875,0.5776909893545378,0.5971074380165289,0.43388429752066116,0.3140495867768595,0.506198347107438,5.690596821155264,0.0,0,0.8161807889080617,0.5225895316804409,0.5892619524102074,1.0756842630183645
atn_44_10,ATN,5,8,0.32,2.0,0.4,0.2,0.4,1,0.4,0.2,1.3333333333333333,1.6,1.0458250331675945,0.8385254915624211,1.7,1.6666666666666667,0.5163977794943223,1.791759469228055,1.0,0.2795084971874737,0.0,0.16,0.08,0.16,1.0,0.0,0,0.8800000000000001,0.6666666666666666,0.3535533905932738,0.45000000000000007
atn_44_20,ATN,7,6,0.12244897959183673,3.0,0.2857142857142857,0.2857142857142857,0.42857142857142855,2,0.42857142857142855,0.0,1.0,0.8571428571428571,0.8050764858994132,0.8050764858994132,2.0,2.0,0.0,1.0986122886681098,1.1428571428571428,0.5692750425533112,0.061224489795918366,0.0,0.02040816326530612,0.02040816326530612,0.6470588235294117,0.0,0,0.2857142857142857,0.0,0.0,0.6666666666666666
atn_44_40,ATN,39,198,0.1301775147928994,4.0,0.3076923076923077,0.10256410256410256,0.5897435897435898,5,0.02564102564102564,0.6666666666666666,1.2962962962962963,5.076923076923077,0.7593519846970072,0.5199258078627155,2.5368840750115553,5.786233363272638,0.4844623978118065,10.799330649141178,2.0066964285714284,0.8128035173267552,0.3990795529257068,0.20184089414858647,0.15055884286653518,0.24917817225509534,7.346547619409286,0.0,2,0.860422341191572,0.43596332442486296,0.9157464945684515,1.3007998505546998
atn_45_10,ATN,2,1,0.25,2.0,0.5,0.5,0.0,1,0.5,0.0,1.0,0.5,1.4142135623730951,1.4142135623730951,1.5,1.0,0.0,0.0,1.0,0.0,0.0,0.0,0.0,0.0,1.0,0.0,0,0.0,0.0,0.0,0.5
atn_45_20,ATN,9,11,0.13580246913580246,2.0,0.4444444444444444,0.1111111111111111,0.4444444444444444,3,0.1111111111111111,0.3333333333333333,1.6,1.2222222222222223,1.2120265114521256,0.5454545454545454,1.935185185185185,2.9,0.8755950357709131,2.302585092994046,1.0833333333333333,1.2348252461096476,0.12345679012345678,0.024691358024691357,0.012345679012345678,0.09876543209876543,2.0508474576271185,0.0,0,0.5566137566137567,0.5333333333333334,0.6200562046860728,0.9557773919753085
atn_45_40,ATN,27,134,0.18381344307270234,3.0,0.25925925925925924,0.07407407407407407,0.6666666666666666,4,0.07407407407407407,0.6666666666666666,1.25,4.962962962962963,0.8809156052538124,0.6108542349125852,2.4513549813915976,5.195116904614111,0.7575509456220967,8.483222671845084,1.5517241379310345,0.743332340397914,0.3717421124828532,0.2784636488340192,0.2496570644718793,0.42661179698216734,5.936971245021959,0.0,0,0.8909309825976492,0.45316130696247653,0.7274403161265812,1.1921763210459964
atn_46_10,ATN,6,7,0.19444444444444445,2.0,0.5,0.16666666666666666,0.3333333333333333,2,0.16666666666666666,0.3333333333333333,1.6666666666666667,1.1666666666666667,1.1392801164215363,0.6452337023220693,1.7222222222222223,2.1666666666666665,0.752772652709081,1.791759469228055,1.0,1.0380515499762828,0.1111111111111111,0.05555555555555555,0.0,0.08333333333333333,1.2500000000000002,0.0,0,0.6666666666666666,0.625,0.4879500364742666,0.6962962962962964
atn_46_20,ATN,6,7,0.19444444444444445,1.0,0.3333333333333333,0.16666666666666666,0.5,3,0.16666666666666666,0.3333333333333333,1.25,1.1666666666666667,0.8427360687858644,0.6452337023220693,2.2083333333333335,2.8,0.44721359549995787,1.6094379124341003,1.3,0.8852533362759808,0.16666666666666666,0.027777777777777776,0.027777777777777776,0.05555555555555555,1.0689655172413794,0.0,0,0.4222222222222222,0.3,0.2988071523335984,1.2104166666666667
atn_46_40,ATN,22,116,0.2396694214876033,3.0,0.22727272727272727,0.13636363636363635,0.6363636363636364,3,0.045454545454545456,0.7272727272727273,1.1176470588235294,5.2727272727272725,0.8071505361431347,0.5680068552002684,2.5306999893111004,4.027972027972028,0.97703503444578,7.042286171939743,1.1714285714285715,0.5059523393186034,0.4896694214876033,0.3409090909090909,0.365702479338843,0.5640495867768595,5.261024589272902,0.0,0,0.8053932178932179,0.4377238922693468,0.7174704331184344,0.9140671751752194
atn_47_10,ATN,5,5,0.2,3.0,0.2,0.2,0.6,3,0.4,0.0,1.0,1.0,0.7071067811865476,0.7071067811865476,2.4,3.0,0.0,0.6931471805599453,1.1666666666666667,0.7071067811865476,0.16,0.0,0.04,0.04,0.5384615384615385,0.0,0,0.4,0.0,0.0,1.3000000000000003
atn_47_20,ATN,6,11,0.3055555555555556,3.0,0.16666666666666666,0.16666666666666666,0.6666666666666666,2,0.16666666666666666,0.6666666666666666,1.0,1.8333333333333333,0.6376610151545521,0.6376610151545521,2.5185185185185186,3.0,0.7071067811865476,2.1972245773362196,1.2142857142857142,0.28167151608781216,0.2222222222222222,0.16666666666666666,0.05555555555555555,0.05555555555555555,1.5609756097560976,0.0,0,0.6,0.611111111111111,0.38490017945975047,0.965020576131687
atn_47_40,ATN,27,158,0.2167352537722908,3.0,0.2222222222222222,0.07407407407407407,0.7037037037037037,3,0.07407407407407407,0.7037037037037037,1.1904761904761905,5.851851851851852,0.6747856573639314,0.46123099344027024,2.702100359511387,5.24278640942462,0.784982164891129,9.368539986649727,1.4576923076923076,0.6495310611404146,0.7283950617283951,0.3895747599451303,0.2661179698216735,0.41426611796982166,7.842384531866463,0.0,0,0.8738103006893858,0.5024480421539246,0.6616471563480973,1.350203745044298
atn_48_10,ATN,4,2,0.125,2.0,0.5,0.5,0.0,1,0.5,0.0,1.0,0.5,1.1547005383792515,1.1547005383792515,1.5,1.0,0.0,0.6931471805599453,1.0,0.0,0.0,0.0,0.0,0.0,1.0,0.0,0,0.0,0.0,0.0,0.3333333333333333
atn_48_20,ATN,7,7,0.14285714285714285,2.0,0.42857142857142855,0.14285714285714285,0.42857142857142855,3,0.14285714285714285,0.14285714285714285,1.5,1.0,1.1547005383792515,0.5773502691896257,2.0476190476190474,2.6,0.8944271909999161,1.6094379124341003,1.3,1.1547005383792515,0.12244897959183673,0.0,0.02040816326530612,0.08163265306122448,2.6842105263157894,0.0,0,0.6428571428571429,0.0,0.6172133998483676,1.1269841269841268
atn_48_40,ATN,16,72,0.28125,3.0,0.1875,0.1875,0.625,2,0.125,0.6875,1.0,4.5,0.7302967433402215,0.7166451331820933,2.4854600694444446,3.3909774436090228,0.871646340487652,5.583496308781699,1.2087912087912087,0.5132002392796673,0.3671875,0.43359375,0.36328125,0.375,3.47398948886849,0.0,0,0.8066499472749473,0.5638437950937951,0.6197254715316758,0.7698820388856736
atn_49_10,ATN,4,5,0.3125,2.0,0.5,0.25,0.25,1,0.25,0.25,1.5,1.25,1.2,0.7659416862050705,1.5833333333333333,1.5,0.5773502691896257,1.3862943611198906,1.0,0.4618802153517006,0.0,0.125,0.0,0.125,1.4,0.0,0,0.75,0.8333333333333333,0.36514837167011077,0.47222222222222204
atn_49_20,ATN,4,3,0.1875,2.0,0.75,0.25,0.0,1,0.25,0.0,3.0,0.75,2.0,0.6666666666666666,1.25,1.0,0.0,1.0986122886681098,1.0,1.3333333333333333,0.0,0.0,0.0,0.1875,3.0,0.0,0,0.75,0.0,2.220446049250313e-16,0.2499999999999999
atn_49_40,ATN,36,171,0.13194444444444445,4.0,0.3055555555555556,0.027777777777777776,0.6666666666666666,5,0.027777777777777776,0.6666666666666666,1.4,4.75,0.7769940964257649,0.48368719676399863,2.525042640007767,5.698324905183313,0.5728069675255554,9.445886690007436,1.719887955182073,0.8413530474980346,0.4390432098765432,0.14814814814814814,0.1705246913580247,0.283179012345679,11.197480443194356,0.0,0,0.8262195751779086,0.3490367475661594,0.8826281864560809,1.3516457368541388
atn_4_10,ATN,5,4,0.16,2.0,0.4,0.2,0.4,3,0.2,0.0,1.3333333333333333,0.8,1.0458250331675945,0.5590169943749473,2.2,3.0,0.0,0.6931471805599453,1.3333333333333333,1.1180339887498947,0.12,0.0,0.0,0.04,1.9411764705882355,0.0,0,0.4,0.0,0.0,1.7
atn_4_20,ATN,20,50,0.125,2.0,0.3,0.1,0.6,5,0.1,0.6,1.2857142857142858,2.5,0.751139485259422,0.6155870112510924,2.4659687499999996,5.684426229508197,0.7098625244240236,6.1903154058531475,1.2753623188405796,0.8104579602071645,0.1825,0.0875,0.0625,0.09,2.0940780551509364,0.0,1,0.7267748917748919,0.4247619047619048,0.817995141447852,1.3276099847519185
atn_4_40,ATN,11,37,0.30578512396694213,2.0,0.18181818181818182,0.18181818181818182,0.6363636363636364,2,0.36363636363636365,0.45454545454545453,1.0,3.3636363636363638,0.9520267872556427,0.7669201685464411,2.1818181818181817,2.5,0.7622867446578624,3.6375861597263857,1.0,0.35404373824460145,0.05785123966942149,0.3305785123966942,0.30578512396694213,0.45454545454545453,1.3025168203339148,0.0,0,0.8244949494949495,0.5435064935064935,0.493075169850524,0.5005252525252526
atn_50_10,ATN,0,,,,,,,,,,,,,,,,,,,,,,,,,,,,,,
atn_50_20,ATN,20,55,0.1375,5.0,0.25,0.1,0.65,5,0.05,0.7,1.2,2.75,0.6866653856807746,0.5390372097801975,3.0325555555555552,5.577708006279435,0.6309676027915031,7.149916836132109,2.1493506493506493,0.9475134005348566,0.2775,0.125,0.0475,0.08,7.906478087110291,0.0,0,0.6956349206349206,0.46087301587301593,0.8157924638704038,2.357027656920078
atn_50_40,ATN,27,122,0.1673525377229081,2.0,0.25925925925925924,0.07407407407407407,0.6666666666666666,4,0.14814814814814814,0.5925925925925926,1.25,4.518518518518518,0.7141576059548035,0.4441964465422356,2.561311662438073,5.416133162612036,0.7046637916254294,8.963160242833732,1.668141592920354,0.6930360214934176,0.4924554183813443,0.18106995884773663,0.18518518518518517,0.299039780521262,3.8490535068419995,0.0,0,0.8269058102391438,0.3612371167926724,0.7726164501153707,1.2947205523730339
atn_51_10,ATN,4,5,0.3125,3.0,0.25,0.25,0.5,2,0.25,0.5,1.0,1.25,0.7659416862050705,0.7659416862050705,2.1875,2.3333333333333335,0.5773502691896258,1.0986122886681098,1.1666666666666667,0.4618802153517006,0.125,0.125,0.0,0.0,1.2857142857142856,0.0,0,0.375,0.8333333333333333,0.3535533905932738,0.890625
atn_51_20,ATN,15,44,0.19555555555555557,2.0,0.26666666666666666,0.06666666666666667,0.6666666666666666,4,0.06666666666666667,0.6666666666666666,1.2727272727272727,2.933333333333333,0.7887004539996888,0.5537118495017337,2.7431788359788367,5.2309582309582305,0.7231055191651556,6.008813185442595,1.4929577464788732,0.6025330238785479,0.2577777777777778,0.16444444444444445,0.10666666666666667,0.19111111111111112,2.7157734194409358,0.0,0,0.7213059163059163,0.5493650793650794,0.42484964555585497,2.4686401032093976
atn_51_40,ATN,20,72,0.18,3.0,0.25,0.15,0.6,4,0.1,0.65,1.1333333333333333,3.6,0.6945906278887423,0.5798769782820494,2.551111111111111,4.0532467532467535,0.8675757917198141,6.646390514847729,1.407079646017699,0.84830603670128,0.5025,0.115,0.2225,0.2675,5.791738188610394,0.0,0,0.8054166666666667,0.25605680868838765,0.4699427554667035,1.3391474983755685
atn_52_10,ATN,7,12,0.24489795918367346,3.0,0.42857142857142855,0.14285714285714285,0.42857142857142855,2,0.42857142857142855,0.14285714285714285,1.5,1.7142857142857142,0.9941961204540711,0.7312470322826768,1.6785714285714286,1.8888888888888888,0.33333333333333337,2.1972245773362196,1.1428571428571428,0.3118047822311618,0.12244897959183673,0.04081632653061224,0.14285714285714285,0.22448979591836735,1.7096774193548385,0.0,0,0.770408163265306,0.19047619047619047,0.24999999999999994,0.47321428571428564
atn_52_20,ATN,3,2,0.2222222222222222,2.0,0.3333333333333333,0.3333333333333333,0.3333333333333333,2,0.3333333333333333,0.0,1.0,0.6666666666666666,0.8660254037844388,0.8660254037844388,2.0,2.0,0.0,0.0,1.0,0.8660254037844386,0.1111111111111111,0.0,0.0,0.0,0.5,0.0,0,0.0,0.0,0.0,1.0
atn_52_40,ATN,12,38,0.2638888888888889,3.0,0.25,0.08333333333333333,0.6666666666666666,2,0.16666666666666666,0.5833333333333334,1.2222222222222223,3.1666666666666665,0.8604462014416834,0.6291820546709191,2.1875,3.0,0.8241633836921342,3.9889840465642745,1.1914893617021276,0.4328491053741107,0.25,0.2222222222222222,0.2152777777777778,0.3472222222222222,2.7058823529411766,0.0,0,0.8472222222222222,0.4603174603174603,0.6177207681213422,0.6491477272727271
atn_53_10,ATN,7,7,0.14285714285714285,2.0,0.2857142857142857,0.14285714285714285,0.5714285714285714,4,0.14285714285714285,0.14285714285714285,1.2,1.0,1.0,0.5773502691896257,2.7619047619047623,4.333333333333333,0.5773502691896258,1.0986122886681098,1.125,1.0,0.10204081632653061,0.02040816326530612,0.0,0.04081632653061224,0.909090909090909,0.0,0,0.24285714285714285,0.4333333333333334,0.3086066999241838,2.730158730158731
atn_53_20,ATN,19,53,0.14681440443213298,2.0,0.3157894736842105,0.10526315789473684,0.5789473684210527,4,0.15789473684210525,0.5263157894736842,1.3076923076923077,2.789473684210526,0.7705365104800894,0.4238172475177722,2.35495126705653,5.0430379746835445,0.889693634956482,6.672032945461067,1.6666666666666667,0.7492728170439539,0.2880886426592798,0.08033240997229917,0.08587257617728532,0.16620498614958448,1.832747077102977,0.0,0,0.7650907571960204,0.3593984962406015,0.6551760059149063,1.3075119635806483
atn_53_40,ATN,40,222,0.13875,3.0,0.35,0.025,0.625,5,0.075,0.575,1.5,5.55,0.9393061361617694,0.6679079177862225,2.4262452483102703,5.700962090752441,0.6320414137333726,9.541656481448024,1.7010309278350515,0.9320554464267894,0.353125,0.244375,0.23875,0.4025,3.6457208380865156,0.0,26,0.8417836800712187,0.4038639140786973,0.9889970339922202,1.3770182071805694
atn_54_10,ATN,5,4,0.16,2.0,0.4,0.2,0.4,3,0.2,0.0,1.3333333333333333,0.8,1.0458250331675945,0.5590169943749473,2.2,3.0,0.0,0.6931471805599453,1.2,1.1180339887498947,0.12,0.0,0.0,0.04,1.7272727272727275,0.0,0,0.4,0.0,0.0,1.7
atn_54_20,ATN,10,24,0.24,2.0,0.4,0.2,0.4,2,0.1,0.5,1.3333333333333333,2.4,0.8827915878928169,0.7401618108041239,1.9024999999999999,2.4444444444444446,0.502518907629606,3.8066624897703196,1.2727272727272727,0.8516505398197718,0.27,0.15,0.16,0.22,1.4017467248908295,0.0,0,0.8147619047619047,0.5102380952380952,0.3147419578003543,0.7525625000000001
atn_54_40,ATN,23,97,0.1833648393194707,4.0,0.30434782608695654,0.08695652173913043,0.6086956521739131,3,0.13043478260869565,0.5652173913043478,1.3125,4.217391304347826,0.9456378070561338,0.7564573689195996,2.2936117272996155,4.029411764705882,0.9090891193991938,6.617402977974478,1.4026845637583893,0.9371396414318773,0.34215500945179583,0.21361058601134217,0.29300567107750475,0.4120982986767486,6.442928375401028,0.0,0,0.8533289746104392,0.4072234528756269,0.7999988967802591,0.9248700895398556
atn_55_10,ATN,3,2,0.2222222222222222,3.0,0.3333333333333333,0.3333333333333333,0.3333333333333333,2,0.3333333333333333,0.0,1.0,0.6666666666666666,0.8660254037844388,0.8660254037844388,2.0,2.0,0.0,0.0,1.3333333333333333,0.8660254037844388,0.1111111111111111,0.0,0.0,0.0,1.25,0.0,0,0.0,0.0,0.0,1.0
atn_55_20,ATN,6,7,0.19444444444444445,2.0,0.5,0.16666666666666666,0.3333333333333333,1,0.3333333333333333,0.16666666666666666,1.6666666666666667,1.1666666666666667,1.6635344717725298,0.8427360687858643,1.5666666666666667,1.4,0.5477225575051661,1.6094379124341003,1.0,1.2904674046441387,0.0,0.05555555555555555,0.027777777777777776,0.2222222222222222,1.727272727272727,0.0,0,0.75,0.7166666666666666,0.4140393356054125,0.4066666666666666
atn_55_40,ATN,15,52,0.2311111111111111,3.0,0.2,0.13333333333333333,0.6666666666666666,3,0.3333333333333333,0.4666666666666667,1.0833333333333333,3.466666666666667,0.7927383338366234,0.6969851147702704,2.2243386243386243,2.864864864864865,0.6264560972345231,4.30406509320417,1.295774647887324,0.2772548379009389,0.3688888888888889,0.044444444444444446,0.4222222222222222,0.47555555555555556,1.256466157962541,0.0,0,0.8733333333333333,0.10571428571428569,0.41129893268030115,0.6244777981739433
atn_56_10,ATN,2,1,0.25,2.0,0.5,0.5,0.0,1,0.5,0.0,1.0,0.5,1.4142135623730951,1.4142135623730951,1.5,1.0,0.0,0.0,1.0,0.0,0.0,0.0,0.0,0.0,1.0,0.0,0,0.0,0.0,0.0,0.5
atn_56_20,ATN,12,24,0.16666666666666666,3.0,0.25,0.16666666666666666,0.5833333333333334,4,0.08333333333333333,0.6666666666666666,1.1111111111111112,2.0,0.7385489458759964,0.5222329678670935,2.8234953703703702,4.914893617021277,1.1515260979032858,4.543294782270004,1.2,0.7071067811865475,0.18055555555555555,0.10416666666666667,0.020833333333333332,0.0625,2.460350154479918,0.0,0,0.569047619047619,0.6555555555555556,1.039229643453535,1.6601765722181303
atn_56_40,ATN,22,111,0.22933884297520662,3.0,0.2727272727272727,0.09090909090909091,0.6363636363636364,3,0.09090909090909091,0.6363636363636364,1.25,5.045454545454546,0.8873759545611892,0.5654970985209535,2.3483409594520706,4.076260762607626,0.9708001833325597,6.70073110954781,1.2751677852348993,0.678105170300879,0.4462809917355372,0.35330578512396693,0.2871900826446281,0.5454545454545454,4.901805383544467,0.0,0,0.8270958839140657,0.46941442395987865,0.7008165591583972,0.8985316215628197
atn_57_10,ATN,2,1,0.25,2.0,0.5,0.5,0.0,1,0.5,0.0,1.0,0.5,1.4142135623730951,1.4142135623730951,1.5,1.0,0.0,0.0,1.0,0.0,0.0,0.0,0.0,0.0,1.0,0.0,0,0.0,0.0,0.0,0.5
atn_57_20,ATN,0,,,,,,,,,,,,,,,,,,,,,,,,,,,,,,
atn_57_40,ATN,19,81,0.22437673130193905,4.0,0.2631578947368421,0.10526315789473684,0.631578947368421,3,0.05263157894736842,0.6842105263157895,1.2142857142857142,4.2631578947368425,0.7614614477339191,0.5575182522894918,2.5669857679914068,4.659715639810426,0.964668988214857,6.961296045910167,1.358974358974359,0.6174896776520299,0.42382271468144045,0.30193905817174516,0.20498614958448755,0.3268698060941828,3.131551346006709,0.0,0,0.853698932646301,0.5101541733120681,0.8296881427090377,1.16895936997087
atn_58_10,ATN,10,14,0.14,2.0,0.4,0.1,0.5,4,0.1,0.5,1.5,1.4,0.9035079029052513,0.49943278484292936,2.0791666666666666,4.3076923076923075,1.4935759876113537,2.5649493574615367,1.2222222222222223,0.8780518530755131,0.12,0.05,0.0,0.05,1.2784810126582278,0.0,0,0.4616666666666666,0.6740740740740742,0.738167239191684,1.0032600308641972
atn_58_20,ATN,4,3,0.1875,2.0,0.75,0.25,0.0,1,0.25,0.0,3.0,0.75,2.0,0.6666666666666666,1.25,1.0,0.0,1.0986122886681098,1.0,1.3333333333333333,0.0,0.0,0.0,0.1875,3.0,0.0,0,0.75,0.0,2.220446049250313e-16,0.2499999999999999
atn_58_40,ATN,40,203,0.126875,3.0,0.3,0.05,0.65,5,0.05,0.65,1.3571428571428572,5.075,0.783601089004518,0.5095239784533513,2.567831823790274,5.86659907773817,0.4012530102332994,10.328003371335093,1.7455919395465995,0.6804634765124958,0.335625,0.179375,0.160625,0.271875,11.22471680442192,0.0,4,0.8042881505749154,0.45219037906537907,0.8836085487814829,1.5804968058622972
atn_59_10,ATN,6,4,0.1111111111111111,2.0,0.6666666666666666,0.3333333333333333,0.0,1,0.3333333333333333,0.0,2.0,0.6666666666666666,1.8165902124584952,0.7745966692414835,1.3333333333333333,1.0,0.0,1.3862943611198906,1.0,1.2247448713915892,0.0,0.0,0.0,0.08333333333333333,3.5000000000000004,0.0,0,0.5,0.0,1.9229626863835638e-16,0.2666666666666666
atn_59_20,ATN,8,12,0.1875,2.0,0.25,0.25,0.5,3,0.25,0.375,1.0,1.5,0.8728715609439694,0.7126966450997984,2.484375,3.210526315789474,0.6306035352846115,2.9444389791664403,1.368421052631579,1.0690449676496976,0.1875,0.078125,0.03125,0.0625,1.689075630252101,0.0,0,0.5014880952380952,0.6904761904761905,0.3423265984407288,1.501953125
atn_59_40,ATN,40,219,0.136875,2.0,0.225,0.075,0.7,5,0.025,0.75,1.1935483870967742,5.475,0.6783668549166042,0.5231685116024052,3.41574682443519,5.859797782860285,0.3870628779034045,11.289944400454324,1.4390934844192635,0.6858441408408616,0.44375,0.209375,0.196875,0.265,8.256062627342322,0.0,1,0.898665837838632,0.4589665399959517,0.8954639754609589,2.9562300195614704
atn_5_10,ATN,2,1,0.25,2.0,0.5,0.5,0.0,1,0.5,0.0,1.0,0.5,1.4142135623730951,1.4142135623730951,1.5,1.0,0.0,0.0,1.0,0.0,0.0,0.0,0.0,0.0,1.0,0.0,0,0.0,0.0,0.0,0.5
atn_5_20,ATN,7,10,0.20408163265306123,3.0,0.2857142857142857,0.14285714285714285,0.5714285714285714,2,0.42857142857142855,0.2857142857142857,1.2,1.4285714285714286,1.058300524425836,0.6831300510639732,1.9523809523809523,2.3333333333333335,0.816496580927726,1.791759469228055,1.0909090909090908,0.7483314773547883,0.12244897959183673,0.04081632653061224,0.061224489795918366,0.14285714285714285,0.9999999999999999,0.0,0,0.5714285714285714,0.3142857142857142,0.47871355387816905,0.5644841269841268
atn_5_40,ATN,37,186,0.1358655953250548,3.0,0.32432432432432434,0.05405405405405406,0.6216216216216216,4,0.05405405405405406,0.6216216216216216,1.4,5.027027027027027,0.9193757988765378,0.5016832959324627,2.5256489366911543,5.551774076755974,0.6320485524929478,10.063776497465508,1.8333333333333333,0.888315118610409,0.40686632578524473,0.17384952520087654,0.183345507669832,0.3805697589481373,9.467710439624298,0.0,0,0.8456783647186125,0.37937814727030417,0.8080274902006952,1.722050139090552
atn_60_10,ATN,10,10,0.1,2.0,0.3,0.1,0.6,6,0.1,0.1,1.2857142857142858,1.0,1.1547005383792515,0.4714045207910317,3.35,6.0,0.0,1.0986122886681098,1.3571428571428572,1.1547005383792515,0.08,0.01,0.0,0.05,1.4489795918367347,0.0,0,0.31666666666666665,0.3,0.27386127875258304,5.294444444444444
atn_60_20,ATN,13,35,0.20710059171597633,3.0,0.15384615384615385,0.07692307692307693,0.7692307692307693,3,0.07692307692307693,0.7692307692307693,1.0909090909090908,2.6923076923076925,0.6501700457844657,0.6322403745067714,2.9219551282051275,4.273972602739726,0.5592721950247964,4.290459441148391,1.4285714285714286,0.7037315505489968,0.3727810650887574,0.10059171597633136,0.17751479289940827,0.1834319526627219,3.0753080470847394,0.0,0,0.751953601953602,0.28809523809523807,0.33188628533474845,1.4677602188192462
atn_60_40,ATN,19,67,0.18559556786703602,4.0,0.2631578947368421,0.10526315789473684,0.631578947368421,3,0.21052631578947367,0.5263157894736842,1.2142857142857142,3.526315789473684,0.7097011001772383,0.5209171425849559,2.430989974937343,4.46509009009009,0.8787339673278425,6.78897174299217,1.6,0.6303896839926196,0.38227146814404434,0.15512465373961218,0.1634349030470914,0.23545706371191136,2.1207270342810243,0.0,0,0.7996737180947706,0.37942203994835577,0.6423575831491636,1.1821693768150532
atn_61_10,ATN,8,11,0.171875,4.0,0.375,0.125,0.5,3,0.125,0.25,1.4,1.375,1.0952295398601566,0.54110822483116,2.2395833333333335,3.1,0.9944289260117533,2.302585092994046,1.6666666666666667,0.9321744646714992,0.125,0.046875,0.015625,0.109375,2.7235543018335684,0.0,0,0.7333333333333334,0.4444444444444444,0.7436600722307896,1.2607886904761905
atn_61_20,ATN,11,21,0.17355371900826447,1.0,0.2727272727272727,0.09090909090909091,0.6363636363636364,4,0.18181818181818182,0.36363636363636365,1.25,1.9090909090909092,0.7202922057595823,0.4944132324730442,2.632996632996633,4.510204081632653,0.8196149751456432,3.8918202981106265,1.40625,0.805311167870846,0.24793388429752067,0.06611570247933884,0.049586776859504134,0.09090909090909091,1.3559408465068843,0.0,0,0.7341991341991342,0.26999999999999996,0.6391093094194727,1.7056288190547453
atn_61_40,ATN,39,189,0.1242603550295858,5.0,0.2564102564102564,0.1282051282051282,0.6153846153846154,5,0.07692307692307693,0.6666666666666666,1.1724137931034482,4.846153846153846,0.6534574738377699,0.5110467640083259,2.9605308187112818,5.792216368106779,0.47413334200126717,11.17289691214624,1.970401691331924,0.8228867430755946,0.45627876397107164,0.14266929651545035,0.17291255752794216,0.2215647600262985,4.408693977919467,0.0,0,0.8402431383766226,0.36890843075053603,0.9381374151867242,1.989681624969468
atn_62_10,ATN,7,7,0.14285714285714285,3.0,0.2857142857142857,0.14285714285714285,0.5714285714285714,4,0.2857142857142857,0.2857142857142857,1.2,1.0,0.816496580927726,0.5773502691896257,2.2142857142857144,2.6666666666666665,1.1547005383792515,1.0986122886681098,1.4545454545454546,0.5773502691896258,0.10204081632653061,0.0,0.02040816326530612,0.04081632653061224,1.0826446280991737,0.0,0,0.2857142857142857,0.0,0.5976143046671968,0.9880952380952381
atn_62_20,ATN,6,7,0.19444444444444445,2.0,0.5,0.16666666666666666,0.3333333333333333,2,0.16666666666666666,0.16666666666666666,1.6666666666666667,1.1666666666666667,1.3732131246511905,0.6452337023220693,1.75,2.4,0.5477225575051661,1.6094379124341003,1.3636363636363635,1.2904674046441387,0.1111111111111111,0.05555555555555555,0.0,0.1388888888888889,2.4838709677419355,0.0,0,0.5277777777777778,0.7166666666666666,0.32732683535398854,0.85
atn_62_40,ATN,0,,,,,,,,,,,,,,,,,,,,,,,,,,,,,,
atn_63_10,ATN,0,,,,,,,,,,,,,,,,,,,,,,,,,,,,,,
atn_63_20,ATN,11,24,0.19834710743801653,3.0,0.2727272727272727,0.09090909090909091,0.6363636363636364,3,0.09090909090909091,0.6363636363636364,1.25,2.1818181818181817,0.9352287301926614,0.7046472718869902,2.272727272727273,3.5517241379310347,1.020721274972882,3.367295829986474,1.1111111111111112,0.8518770125108698,0.19008264462809918,0.11570247933884298,0.09917355371900827,0.17355371900826447,2.149284253578732,0.0,0,0.6796536796536796,0.49809523809523804,0.6757711644237765,0.8541818181818183
atn_63_40,ATN,23,118,0.22306238185255198,3.0,0.2608695652173913,0.13043478260869565,0.6086956521739131,3,0.043478260869565216,0.6956521739130435,1.1764705882352942,5.130434782608695,0.8255013995469298,0.5459662838471401,2.501551416669994,4.2413314840499305,1.0236674090230968,7.273786317844895,1.3043478260869565,0.6654615303233847,0.5255198487712666,0.32514177693761814,0.29867674858223064,0.5085066162570888,5.780831626013117,0.0,0,0.8055111555111555,0.41556921339530034,0.7619216148540335,1.0261988268036777
atn_64_10,ATN,8,7,0.109375,2.0,0.375,0.375,0.25,2,0.375,0.125,1.0,0.875,0.9537405261671773,1.1326070959601313,1.8125,1.6,0.5477225575051661,1.6094379124341003,1.0,1.0130345833461922,0.03125,0.015625,0.03125,0.015625,1.0,0.0,0,0.46875,0.5833333333333334,0.2672612419124244,0.5669642857142857
atn_64_20,ATN,17,37,0.12802768166089964,3.0,0.29411764705882354,0.058823529411764705,0.6470588235294118,5,0.17647058823529413,0.47058823529411764,1.3333333333333333,2.176470588235294,1.0431259561572885,0.5196995817034976,2.6384453781512605,5.536082474226804,0.7646057762841894,4.574710978503383,1.8472222222222223,1.0136936776805243,0.15916955017301038,0.07612456747404844,0.03460207612456748,0.14186851211072665,2.6801795153617385,0.0,0,0.5964943553178848,0.5071428571428571,0.7310337456013616,2.173265106968714
atn_64_40,ATN,7,13,0.2653061224489796,3.0,0.2857142857142857,0.14285714285714285,0.5714285714285714,2,0.14285714285714285,0.5714285714285714,1.2,1.8571428571428572,0.8473185457363234,0.6542231190857986,2.2083333333333335,2.727272727272727,0.9045340337332909,2.3978952727983707,1.2352941176470589,0.5121790860368763,0.16326530612244897,0.14285714285714285,0.061224489795918366,0.12244897959183673,2.4567901234567904,0.0,0,0.6047619047619047,0.619047619047619,0.6283032367137362,0.8339120370370372
atn_65_10,ATN,7,8,0.16326530612244897,3.0,0.2857142857142857,0.2857142857142857,0.42857142857142855,2,0.42857142857142855,0.2857142857142857,1.0,1.1428571428571428,0.9354143466934854,0.9354143466934854,1.9523809523809523,2.0,0.7071067811865476,1.6094379124341003,1.1111111111111112,0.8322910148099242,0.061224489795918366,0.04081632653061224,0.04081632653061224,0.04081632653061224,0.891891891891892,0.0,0,0.34285714285714286,0.4,0.2886751345948129,0.5992063492063492
atn_65_20,ATN,14,29,0.14795918367346939,4.0,0.42857142857142855,0.07142857142857142,0.5,3,0.14285714285714285,0.42857142857142855,1.625,2.0714285714285716,1.027830067373876,0.5825286379334688,1.9950396825396823,4.138888888888889,1.025114978855935,4.276666119016055,1.2820512820512822,1.0687515829391503,0.17857142857142858,0.09183673469387756,0.03571428571428571,0.1377551020408163,2.3934593187733393,0.0,0,0.6901154401154402,0.49090909090909096,0.7180538417907915,0.9672580467372133
atn_65_40,ATN,13,46,0.27218934911242604,3.0,0.15384615384615385,0.07692307692307693,0.7692307692307693,2,0.15384615384615385,0.6923076923076923,1.0909090909090908,3.5384615384615383,0.6062970338519883,0.9129572077945496,2.479086538461539,3.2444444444444445,0.64147146697754,4.499809670330265,1.1785714285714286,0.5821732095113239,0.28994082840236685,0.28994082840236685,0.4260355029585799,0.21893491124260356,1.5326633165829147,0.0,0,0.7979631479631478,0.5216727716727717,0.44083164673247943,0.6670269931891025
atn_66_10,ATN,5,8,0.32,2.0,0.4,0.2,0.4,1,0.2,0.4,1.3333333333333333,1.6,1.1353688827865593,0.7126096406869612,1.7833333333333332,1.8333333333333333,0.752772652709081,1.791759469228055,1.0,0.5229125165837972,0.0,0.2,0.0,0.16,2.1578947368421058,0.0,0,0.6399999999999999,0.8666666666666666,0.5103103630798287,0.5541666666666665
atn_66_20,ATN,4,2,0.125,2.0,0.5,0.5,0.0,1,0.5,0.0,1.0,0.5,1.1547005383792515,1.1547005383792515,1.5,1.0,0.0,0.6931471805599453,1.0,0.0,0.0,0.0,0.0,0.0,1.0,0.0,0,0.0,0.0,0.0,0.3333333333333333
atn_66_40,ATN,25,98,0.1568,4.0,0.32,0.08,0.6,3,0.08,0.6,1.3529411764705883,3.92,0.8772939031652334,0.545743503051702,2.369351675485009,4.992773261065944,0.9610311274436042,7.7025561132685825,1.7106598984771573,0.8640895214598805,0.3504,0.1696,0.1472,0.2864,8.315963223145163,0.0,0,0.7856623376623376,0.43773448773448775,0.8277626353086631,1.1555198919527574
atn_67_10,ATN,2,1,0.25,2.0,0.5,0.5,0.0,1,0.5,0.0,1.0,0.5,1.4142135623730951,1.4142135623730951,1.5,1.0,0.0,0.0,1.0,0.0,0.0,0.0,0.0,0.0,1.0,0.0,0,0.0,0.0,0.0,0.5
atn_67_20,ATN,15,34,0.1511111111111111,3.0,0.4666666666666667,0.06666666666666667,0.4666666666666667,3,0.2,0.3333333333333333,1.75,2.2666666666666666,1.2640705850130383,0.4240368109073184,1.8247619047619044,4.076923076923077,0.9521799994260253,4.6443908991413725,1.5483870967741935,1.2463490924722798,0.2,0.10666666666666667,0.017777777777777778,0.24444444444444444,5.836988469364686,0.0,0,0.622059422059422,0.683068783068783,0.5438374944363513,0.8257485928895367
atn_67_40,ATN,22,137,0.2830578512396694,3.0,0.22727272727272727,0.045454545454545456,0.7272727272727273,2,0.09090909090909091,0.6818181818181818,1.2352941176470589,6.2272727272727275,0.8081511877592285,0.6883501203452668,2.374135597876917,4.060367454068241,0.9721638875863573,6.635946555686647,1.1161290322580646,0.4694287646952855,0.3884297520661157,0.6115702479338843,0.5268595041322314,0.6776859504132231,4.60319277187088,0.0,0,0.827545560500106,0.5308522165665023,0.6230985515175295,0.7569651323932334
atn_68_10,ATN,5,3,0.12,2.0,0.6,0.4,0.0,1,0.4,0.0,1.5,0.6,1.4907119849998598,0.912870929175277,1.4,1.0,0.0,1.0986122886681098,1.0,0.7453559924999299,0.0,0.0,0.0,0.04,2.333333333333333,0.0,0,0.4,0.0,0.0,0.3
atn_68_20,ATN,11,17,0.14049586776859505,3.0,0.36363636363636365,0.2727272727272727,0.36363636363636365,2,0.36363636363636365,0.18181818181818182,1.1428571428571428,1.5454545454545454,1.1342421215558074,0.836866787942529,1.8863636363636365,1.9230769230769231,0.7595545253127499,2.5649493574615367,1.105263157894737,0.8897727247618372,0.0743801652892562,0.024793388429752067,0.08264462809917356,0.14049586776859505,1.6551724137931036,0.0,0,0.7,0.14444444444444443,0.4021998332699218,0.6420454545454545
atn_68_40,ATN,8,16,0.25,4.0,0.25,0.25,0.5,2,0.25,0.375,1.0,2.0,0.8864052604279183,0.7071067811865476,2.3125,2.7777777777777777,0.9428090415820634,2.8903717578961645,1.3181818181818181,0.6546536707079771,0.15625,0.15625,0.078125,0.140625,2.0157068062827226,0.0,0,0.6214285714285714,0.49583333333333335,0.6846531968814576,0.90625
atn_69_10,ATN,6,9,0.25,3.0,0.3333333333333333,0.16666666666666666,0.5,2,0.5,0.0,1.25,1.5,0.8164965809277259,0.8164965809277259,1.8333333333333333,2.0,0.0,1.791759469228055,1.1818181818181819,0.0,0.16666666666666666,0.0,0.16666666666666666,0.16666666666666666,0.826086956521739,0.0,0,0.8333333333333334,0.0,2.5639502485114184e-16,0.5666666666666664
atn_69_20,ATN,3,2,0.2222222222222222,2.0,0.3333333333333333,0.3333333333333333,0.3333333333333333,2,0.3333333333333333,0.0,1.0,0.6666666666666666,0.8660254037844388,0.8660254037844388,2.0,2.0,0.0,0.0,1.0,0.8660254037844386,0.1111111111111111,0.0,0.0,0.0,0.5,0.0,0,0.0,0.0,0.0,1.0
atn_69_40,ATN,30,150,0.16666666666666666,5.0,0.26666666666666666,0.06666666666666667,0.6666666666666666,4,0.03333333333333333,0.7,1.2727272727272727,5.0,0.6928203230275509,0.47561212826390803,2.733852767078598,5.392402584687684,0.6989770435190898,9.636979715315753,1.6214285714285714,0.7843292763840347,0.5844444444444444,0.21222222222222223,0.21222222222222223,0.31444444444444447,9.775231574848663,0.0,0,0.8438743006506165,0.4266397491397491,0.7548879800160866,1.6712317072377354
atn_6_10,ATN,8,7,0.109375,2.0,0.25,0.125,0.625,6,0.125,0.125,1.1666666666666667,0.875,0.7324227936704636,0.4040610178208843,3.125,5.0,1.4142135623730951,0.6931471805599453,1.2222222222222223,0.8081220356417687,0.09375,0.0,0.0,0.015625,0.7021276595744681,0.0,0,0.125,0.0,0.5345224838248488,3.267857142857143
atn_6_20,ATN,8,16,0.25,2.0,0.5,0.125,0.375,2,0.125,0.375,1.75,2.0,1.1019463300386794,0.5976143046671968,1.6640625,2.2941176470588234,0.5878675320972555,2.833213344056216,1.1578947368421053,0.7559289460184545,0.140625,0.140625,0.0625,0.25,2.018867924528301,0.0,0,0.7276785714285714,0.5958333333333333,0.4013161939169661,0.5633677455357142
atn_6_40,ATN,39,228,0.14990138067061143,3.0,0.20512820512820512,0.05128205128205128,0.7435897435897436,5,0.05128205128205128,0.7435897435897436,1.1935483870967742,5.846153846153846,0.704764004532618,0.5018372717571733,3.3684527635615553,5.88666085440279,0.3337556091328096,11.264412822305477,2.0522243713733075,0.7162677133835845,0.5226824457593688,0.25312294543063774,0.2176199868507561,0.32215647600262987,9.401538327565621,0.0,1,0.8874483953461092,0.4587838015142135,0.5202700721439059,3.533099780620661
atn_70_10,ATN,0,,,,,,,,,,,,,,,,,,,,,,,,,,,,,,
atn_70_20,ATN,15,42,0.18666666666666668,3.0,0.2,0.13333333333333333,0.6666666666666666,4,0.06666666666666667,0.6666666666666666,1.0833333333333333,2.8,0.777789346945286,1.0209182398596541,2.9534391534391538,4.2956521739130435,1.1992242598130594,4.74493212836325,1.2407407407407407,0.9035079029052513,0.13333333333333333,0.18666666666666668,0.23555555555555555,0.1288888888888889,2.90818858560794,0.0,0,0.7670370370370371,0.5946145124716552,0.7775752894825086,1.4435164189132443
atn_70_40,ATN,22,66,0.13636363636363635,2.0,0.4090909090909091,0.13636363636363635,0.45454545454545453,3,0.045454545454545456,0.5454545454545454,1.4615384615384615,3.0,0.9649958192743279,0.6506000486323554,2.3046736900252527,4.621285418106427,0.8571820122700207,7.277247726631484,1.3195876288659794,1.064084175371071,0.25206611570247933,0.11363636363636363,0.10537190082644628,0.20454545454545456,2.3198828146592234,0.0,0,0.7865243342516071,0.5248642891500035,0.8300092832594748,1.4870934112004077
atn_71_10,ATN,2,1,0.25,2.0,0.5,0.5,0.0,1,0.5,0.0,1.0,0.5,1.4142135623730951,1.4142135623730951,1.5,1.0,0.0,0.0,1.0,0.0,0.0,0.0,0.0,0.0,1.0,0.0,0,0.0,0.0,0.0,0.5
atn_71_20,ATN,10,19,0.19,4.0,0.3,0.1,0.6,3,0.2,0.4,1.2857142857142858,1.9,0.9431354425063587,0.5233836452693439,2.38,3.619047619047619,1.1608699529314417,3.044522437723423,1.4137931034482758,0.8153649149910353,0.19,0.09,0.04,0.14,2.55576079427384,0.0,0,0.6285714285714287,0.42962962962962964,0.8064070917723993,1.2267160493827158
atn_71_40,ATN,39,186,0.1222879684418146,4.0,0.20512820512820512,0.10256410256410256,0.6923076923076923,5,0.05128205128205128,0.7435897435897436,1.1290322580645162,4.769230769230769,0.644407454328595,0.568070305563574,3.2330609660401324,5.86393366223665,0.37509416249212496,11.038544268141527,1.808252427184466,0.8061374600333551,0.4358974358974359,0.1222879684418146,0.19986850756081526,0.22616699539776464,5.329073200577018,0.0,14,0.8555958722903233,0.33623009301742335,0.7532901157970392,2.101008536507108
atn_72_10,ATN,2,1,0.25,2.0,0.5,0.5,0.0,1,0.5,0.0,1.0,0.5,1.4142135623730951,1.4142135623730951,1.5,1.0,0.0,0.0,1.0,0.0,0.0,0.0,0.0,0.0,1.0,0.0,0,0.0,0.0,0.0,0.5
atn_72_20,ATN,13,35,0.20710059171597633,4.0,0.23076923076923078,0.07692307692307693,0.6923076923076923,3,0.15384615384615385,0.6153846153846154,1.2,2.6923076923076925,0.7174216873994125,0.5547567953985028,2.5447115384615384,4.377049180327869,0.9734310865212464,4.804021044733257,1.5,0.670262411806206,0.3076923076923077,0.15384615384615385,0.10059171597633136,0.15384615384615385,3.202389318341531,0.0,0,0.727991452991453,0.5188644688644689,0.7602297144613593,1.1188596754807694
atn_72_40,ATN,5,5,0.2,3.0,0.4,0.2,0.4,2,0.4,0.2,1.3333333333333333,1.0,1.224744871391589,0.7071067811865476,1.7333333333333332,1.6666666666666667,0.5773502691896257,1.0986122886681098,1.1666666666666667,0.7071067811865476,0.08,0.0,0.04,0.12,1.2727272727272727,0.0,0,0.5,0.0,0.36514837167011077,0.5222222222222221
atn_73_10,ATN,6,6,0.16666666666666666,2.0,0.3333333333333333,0.16666666666666666,0.5,3,0.16666666666666666,0.16666666666666666,1.25,1.0,1.0954451150103321,0.6324555320336759,2.3333333333333335,3.3333333333333335,0.5773502691896258,1.0986122886681098,1.1428571428571428,1.0954451150103321,0.1111111111111111,0.027777777777777776,0.0,0.05555555555555555,1.2500000000000002,0.0,0,0.2833333333333333,0.5416666666666667,0.33333333333333337,1.7333333333333338
atn_73_20,ATN,6,6,0.16666666666666666,1.0,0.3333333333333333,0.16666666666666666,0.5,3,0.3333333333333333,0.16666666666666666,1.25,1.0,0.8944271909999159,0.6324555320336759,2.0,2.3333333333333335,1.1547005383792515,1.0986122886681098,1.25,0.6324555320336759,0.1111111111111111,0.0,0.027777777777777776,0.05555555555555555,1.2500000000000002,0.0,0,0.4444444444444444,0.0,0.5773502691896257,0.8
atn_73_40,ATN,15,48,0.21333333333333335,4.0,0.3333333333333333,0.06666666666666667,0.6,3,0.06666666666666667,0.6,1.4,3.2,0.8368600966879538,0.6490893345955657,2.2370619047619047,4.324626865671642,1.0542538456703578,5.5909869805108565,1.4342105263157894,0.8500919067959651,0.29777777777777775,0.2577777777777778,0.1111111111111111,0.2,6.4648557651774965,0.0,0,0.712950752950753,0.6724098124098123,0.7360623730121557,0.9775344554421771
atn_74_10,ATN,6,7,0.19444444444444445,2.0,0.3333333333333333,0.16666666666666666,0.5,3,0.16666666666666666,0.3333333333333333,1.25,1.1666666666666667,1.0020387381000104,0.6452337023220694,2.222222222222222,2.5,1.2909944487358056,1.3862943611198906,1.125,0.6998542122237651,0.08333333333333333,0.05555555555555555,0.0,0.05555555555555555,1.7692307692307694,0.0,0,0.38888888888888884,0.5333333333333333,0.816496580927726,1.096296296296296
atn_74_20,ATN,8,14,0.21875,3.0,0.25,0.125,0.625,3,0.25,0.375,1.1666666666666667,1.75,0.7324227936704636,0.5065172916730962,2.375,3.25,0.6831300510639732,2.772588722239781,1.2222222222222223,0.61088283865697,0.25,0.0625,0.0625,0.109375,2.025210084033614,0.0,0,0.65625,0.3416666666666667,0.37796447300922714,1.2202380952380951
atn_74_40,ATN,13,46,0.27218934911242604,3.0,0.23076923076923078,0.07692307692307693,0.6923076923076923,2,0.38461538461538464,0.38461538461538464,1.2,3.5384615384615383,0.9129572077945495,0.6278683393385855,2.170538984824699,3.6615384615384614,0.821738053604554,4.867534450455582,1.1785714285714286,0.696670450389655,0.27218934911242604,0.3609467455621302,0.15976331360946747,0.35502958579881655,1.160528669648221,0.0,0,0.8053224553224554,0.6318681318681318,0.49283412022980305,0.7067319442433827
atn_75_10,ATN,7,12,0.24489795918367346,3.0,0.2857142857142857,0.14285714285714285,0.5714285714285714,2,0.2857142857142857,0.42857142857142855,1.2,1.7142857142857142,0.9354143466934854,0.8050764858994132,2.0595238095238093,2.375,0.7440238091428449,2.0794415416798357,1.1428571428571428,0.6614378277661477,0.10204081632653061,0.12244897959183673,0.08163265306122448,0.12244897959183673,1.507462686567164,0.0,0,0.613265306122449,0.5555555555555555,0.5159493228057419,0.6729497354497354
atn_75_20,ATN,19,46,0.12742382271468145,4.0,0.3157894736842105,0.10526315789473684,0.5789473684210527,5,0.10526315789473684,0.5263157894736842,1.3076923076923077,2.4210526315789473,0.7704708228121769,0.5209333552351139,2.511330409356725,5.347490347490347,0.8767927061834593,6.249975242259483,1.5696202531645569,0.829100782498987,0.22160664819944598,0.060941828254847646,0.06925207756232687,0.11634349030470914,1.7328289031798396,0.0,0,0.8958855472013366,0.31503759398496245,0.8572118599894674,1.4689855566610714
atn_75_40,ATN,36,136,0.10493827160493827,4.0,0.3333333333333333,0.1111111111111111,0.5555555555555556,5,0.05555555555555555,0.5833333333333334,1.3333333333333333,3.7777777777777777,0.8325437023438513,0.5556522132645414,2.5582269163377287,5.740403383214053,0.5953699914169346,9.129347212766652,1.8655737704918032,0.91575435060258,0.27469135802469136,0.09027777777777778,0.11496913580246913,0.18904320987654322,4.058311216361276,0.0,1,0.8376866960200293,0.3464493839493839,1.0582491137086016,1.5010696761655271
atn_76_10,ATN,4,4,0.25,2.0,0.5,0.25,0.25,2,0.25,0.25,1.5,1.0,1.1547005383792515,0.816496580927726,1.625,1.6666666666666667,0.5773502691896257,1.0986122886681098,1.0,0.816496580927726,0.0625,0.0625,0.0,0.0625,1.0,0.0,0,0.375,0.7777777777777777,0.3535533905932738,0.5625
atn_76_20,ATN,9,18,0.2222222222222222,2.0,0.2222222222222222,0.1111111111111111,0.6666666666666666,3,0.2222222222222222,0.2222222222222222,1.1428571428571428,2.0,0.7071067811865476,0.6614378277661477,2.5,3.6666666666666665,0.4815434123430769,3.1780538303479458,1.3076923076923077,0.6614378277661477,0.24691358024691357,0.09876543209876543,0.09876543209876543,0.1111111111111111,1.0454545454545454,0.0,0,0.8888888888888888,0.3555555555555555,0.3333333333333333,1.375
atn_76_40,ATN,28,190,0.2423469387755102,2.0,0.21428571428571427,0.07142857142857142,0.7142857142857143,3,0.10714285714285714,0.6785714285714286,1.1818181818181819,6.785714285714286,0.6751567726777414,0.5504635836923054,2.5793898804706097,4.907154070419376,0.8525419688874593,9.095826985187422,1.4067796610169492,0.6061955696279079,0.8201530612244898,0.514030612244898,0.4272959183673469,0.548469387755102,6.98787038111362,0.0,0,0.8947218222953517,0.46323669818804714,0.5340430107080568,1.1494429848154972
atn_77_10,ATN,10,18,0.18,2.0,0.2,0.1,0.7,5,0.1,0.5,1.125,1.8,0.7314228762270926,0.5737753105492469,3.075,5.214285714285714,0.686221153054517,3.332204510175204,1.3928571428571428,0.9147473359428495,0.22,0.1,0.02,0.05,2.704743193937693,0.0,0,0.5678571428571428,0.5407407407407407,0.4349388585762239,2.568338477366256
atn_77_20,ATN,6,7,0.19444444444444445,2.0,0.5,0.16666666666666666,0.3333333333333333,2,0.16666666666666666,0.3333333333333333,1.6666666666666667,1.1666666666666667,1.2616801237611208,0.6452337023220693,1.6851851851851851,2.0,0.7071067811865476,1.6094379124341003,1.0,1.0380515499762828,0.08333333333333333,0.05555555555555555,0.0,0.1111111111111111,2.6000000000000005,0.0,0,0.3833333333333333,0.5833333333333334,0.4824979096371639,0.6242798353909464
atn_77_40,ATN,10,31,0.31,3.0,0.2,0.2,0.6,2,0.2,0.6,1.0,3.1,0.7967154216276431,0.825229413090318,2.23,2.4705882352941178,0.7064762801416988,3.5263605246161616,1.0606060606060606,0.2040179135592503,0.1,0.31,0.31,0.29,2.0889924000980633,0.0,0,0.7839285714285713,0.5642857142857143,0.5139627477679584,0.557395061728395
atn_78_10,ATN,0,,,,,,,,,,,,,,,,,,,,,,,,,,,,,,
atn_78_20,ATN,13,27,0.15976331360946747,2.0,0.46153846153846156,0.07692307692307693,0.46153846153846156,3,0.15384615384615385,0.38461538461538464,1.7142857142857142,2.076923076923077,1.1869200265897824,0.49965694678637185,1.790769230769231,3.2093023255813953,1.0364348125708382,3.7612001156935624,1.3571428571428572,1.0917029229887523,0.17159763313609466,0.08875739644970414,0.03550295857988166,0.21301775147928995,3.9635751101385015,0.0,0,0.7077505827505828,0.5708333333333332,0.6670431035979708,0.6424780626780627
atn_78_40,ATN,35,183,0.1493877551020408,4.0,0.22857142857142856,0.11428571428571428,0.6571428571428571,4,0.14285714285714285,0.6285714285714286,1.1481481481481481,5.228571428571429,0.6577836933684879,0.4686784444860307,2.853518842561099,5.725230202578269,0.515283217785948,11.164643770389517,1.840506329113924,0.7498904301208409,0.5371428571428571,0.20979591836734693,0.1893877551020408,0.2702040816326531,2.3197969082275574,0.0,6,0.8958925302423755,0.44774173538879425,0.6592101749006516,1.890090887476502
atn_79_10,ATN,4,4,0.25,2.0,0.25,0.5,0.25,1,0.5,0.25,0.6666666666666666,1.0,0.816496580927726,1.4142135623730951,1.875,1.3333333333333333,0.5773502691896257,1.0986122886681098,1.0,0.816496580927726,0.0,0.0625,0.125,0.0,0.6000000000000001,0.0,0,0.4375,0.7777777777777777,0.3535533905932738,0.3958333333333333
atn_79_20,ATN,6,10,0.2777777777777778,2.0,0.5,0.16666666666666666,0.3333333333333333,1,0.3333333333333333,0.16666666666666666,1.6666666666666667,1.6666666666666667,1.2393546707863732,0.7266360849833979,1.5666666666666667,1.625,0.5175491695067657,2.0794415416798357,1.0,0.6196773353931867,0.0,0.1388888888888889,0.05555555555555555,0.25,1.9032258064516132,0.0,0,0.7777777777777777,0.6666666666666666,0.3464101615137754,0.40666666666666657
atn_79_40,ATN,7,9,0.1836734693877551,2.0,0.5714285714285714,0.14285714285714285,0.2857142857142857,2,0.2857142857142857,0.14285714285714285,2.0,1.2857142857142858,1.247219128924647,0.5879447357921312,1.523809523809524,1.8571428571428572,0.37796447300922725,1.9459101490553132,1.0,0.8819171036881969,0.12244897959183673,0.0,0.061224489795918366,0.1836734693877551,1.3333333333333333,0.0,0,0.75,0.0,0.2721655269759086,0.4761904761904762
atn_7_10,ATN,4,3,0.1875,2.0,0.5,0.25,0.25,2,0.25,0.25,1.5,0.75,1.2765694770084508,0.6666666666666666,1.625,1.5,0.7071067811865476,0.6931471805599453,1.0,0.7698003589195009,0.0625,0.0,0.0,0.0625,1.6666666666666665,0.0,0,0.25,0.0,0.408248290463863,0.5625
atn_7_20,ATN,11,20,0.1652892561983471,2.0,0.36363636363636365,0.09090909090909091,0.5454545454545454,3,0.18181818181818182,0.45454545454545453,1.4285714285714286,1.8181818181818181,1.0087120500916007,0.5399073994677236,2.105050505050505,3.5454545454545454,1.143398140351517,3.091042453358316,1.2307692307692308,0.9292470069900683,0.17355371900826447,0.06611570247933884,0.04132231404958678,0.14049586776859505,2.5944700460829493,0.0,0,0.6099567099567099,0.32666666666666666,0.7561211118613665,0.9451756453423119
atn_7_40,ATN,13,29,0.17159763313609466,4.0,0.46153846153846156,0.15384615384615385,0.38461538461538464,3,0.07692307692307693,0.46153846153846156,1.5714285714285714,2.230769230769231,1.1304175497144133,0.5536961882533115,1.8123076923076924,2.8333333333333335,1.0585685503955449,3.871201010907891,1.325,0.9079732256612183,0.16568047337278108,0.08284023668639054,0.07692307692307693,0.2485207100591716,5.928934010152284,0.0,0,0.8147130647130646,0.3787698412698413,0.6815803137840258,0.6548581196581198
atn_80_10,ATN,2,1,0.25,2.0,0.5,0.5,0.0,1,0.5,0.0,1.0,0.5,1.4142135623730951,1.4142135623730951,1.5,1.0,0.0,0.0,1.0,0.0,0.0,0.0,0.0,0.0,1.0,0.0,0,0.0,0.0,0.0,0.5
atn_80_20,ATN,8,7,0.109375,2.0,0.75,0.125,0.125,2,0.125,0.125,3.5,0.875,2.0659674669132673,0.4040610178208843,1.3125,1.8333333333333333,0.408248290463863,1.791759469228055,1.4166666666666667,2.0029133300220896,0.078125,0.0,0.0,0.171875,4.647058823529412,0.0,0,0.6666666666666666,0.0,0.26726124191242434,0.35267857142857134
atn_80_40,ATN,24,121,0.21006944444444445,3.0,0.16666666666666666,0.041666666666666664,0.7916666666666666,4,0.125,0.7083333333333334,1.15,5.041666666666667,0.6681093327046903,0.6339534648786798,2.86844555723524,5.575568712994702,0.5720867289186647,8.073714641109857,1.6333333333333333,0.6843922924369119,0.5746527777777778,0.2916666666666667,0.3368055555555556,0.359375,3.2548209399215122,0.0,12,0.854342359029859,0.37493432493432494,0.38450138432128794,1.824819996531876
atn_81_10,ATN,5,7,0.28,2.0,0.2,0.2,0.6,2,0.2,0.6,1.0,1.4,0.6388765649999399,0.6388765649999399,2.525,3.0,0.7071067811865476,1.6094379124341003,1.4,0.5976143046671969,0.2,0.12,0.0,0.0,1.641509433962264,0.0,0,0.34,0.7666666666666666,0.3598114585644622,1.2374999999999998
atn_81_20,ATN,16,42,0.1640625,3.0,0.1875,0.0625,0.75,5,0.125,0.5625,1.1538461538461537,2.625,0.7211312185143205,0.5714285714285714,3.1029947916666663,5.491408934707904,0.6009432882094894,5.673323267171493,1.2758620689655173,0.9687482475053029,0.33203125,0.1171875,0.08203125,0.12109375,2.5500770416024654,0.0,0,0.6798611111111111,0.41438492063492055,0.38023381356237956,2.4475266022858793
atn_81_40,ATN,25,129,0.2064,4.0,0.28,0.04,0.68,3,0.08,0.64,1.3333333333333333,5.16,0.788563645014305,0.7415165298336819,2.3786898809523804,5.007981755986317,0.7942636091280086,7.469654172932128,1.2349397590361446,0.8751740006869929,0.4896,0.368,0.3424,0.3792,2.2779802083198253,0.0,0,0.8435008063831593,0.43987317030795287,0.5837586605154067,1.0166749622159628
atn_82_10,ATN,5,4,0.16,2.0,0.6,0.2,0.2,2,0.2,0.0,2.0,0.8,1.629800601300662,0.5590169943749476,1.6,2.0,0.0,1.0986122886681098,1.4285714285714286,1.6770509831248421,0.12,0.0,0.0,0.12,2.5,0.0,0,0.6,0.0,2.220446049250313e-16,0.8
atn_82_20,ATN,0,,,,,,,,,,,,,,,,,,,,,,,,,,,,,,
atn_82_40,ATN,0,,,,,,,,,,,,,,,,,,,,,,,,,,,,,,
atn_83_10,ATN,4,5,0.3125,2.0,0.25,0.25,0.5,1,0.5,0.25,1.0,1.25,1.0066445913694333,1.0066445913694333,1.9166666666666665,1.6666666666666667,0.5773502691896257,1.0986122886681098,1.0,0.4618802153517006,0.0,0.125,0.0625,0.0625,0.7142857142857142,0.0,0,0.625,0.8333333333333333,0.36514837167011077,0.4722222222222221
atn_83_20,ATN,8,12,0.1875,4.0,0.375,0.125,0.5,3,0.125,0.5,1.4,1.5,0.8728715609439694,0.7126966450997984,1.972222222222222,2.6,0.5163977794943223,2.302585092994046,1.3529411764705883,0.7968190728895957,0.1875,0.015625,0.09375,0.125,1.2429906542056075,0.0,0,0.61875,0.18095238095238095,0.37474271008977894,0.8130511463844796
atn_83_40,ATN,21,75,0.17006802721088435,2.0,0.3333333333333333,0.047619047619047616,0.6190476190476191,3,0.09523809523809523,0.5714285714285714,1.4285714285714286,3.5714285714285716,0.8967496863673832,0.6659729724245571,2.204060036713098,4.523943661971831,0.9486036107755346,5.872117789475416,1.2857142857142858,0.8733384223770302,0.31065759637188206,0.1564625850340136,0.19047619047619047,0.2947845804988662,5.690648192578704,0.0,0,0.8159760874046588,0.40263917369180535,0.7736851631020029,0.886151253360287
atn_84_10,ATN,7,9,0.1836734693877551,3.0,0.42857142857142855,0.14285714285714285,0.42857142857142855,2,0.2857142857142857,0.14285714285714285,1.5,1.2857142857142858,0.974996043043569,0.5879447357921312,1.8571428571428572,2.4285714285714284,0.7867957924694432,1.9459101490553132,1.25,0.7590333900710813,0.14285714285714285,0.02040816326530612,0.04081632653061224,0.10204081632653061,1.1724137931034484,0.0,0,0.6238095238095237,0.13888888888888887,0.4714045207910317,0.8095238095238094
atn_84_20,ATN,6,9,0.25,3.0,0.3333333333333333,0.16666666666666666,0.5,2,0.3333333333333333,0.3333333333333333,1.25,1.5,1.0954451150103324,0.6992058987801011,1.9305555555555554,2.1666666666666665,0.752772652709081,1.791759469228055,1.1,0.7302967433402214,0.08333333333333333,0.1111111111111111,0.027777777777777776,0.1388888888888889,1.4000000000000004,0.0,0,0.5444444444444444,0.5999999999999999,0.4811252243246881,0.6511574074074074
atn_84_40,ATN,9,14,0.1728395061728395,4.0,0.4444444444444444,0.1111111111111111,0.4444444444444444,3,0.1111111111111111,0.4444444444444444,1.6,1.5555555555555556,1.1186042688118447,0.4670248868079293,1.8460648148148147,2.769230769230769,1.2351684199496948,2.5649493574615367,1.2777777777777777,0.81597568991399,0.09876543209876543,0.07407407407407407,0.0,0.12345679012345678,3.4097995545657014,0.0,0,0.5537037037037037,0.7259259259259259,0.7054167897223754,0.7023051697530864
atn_85_10,ATN,9,15,0.18518518518518517,2.0,0.4444444444444444,0.1111111111111111,0.4444444444444444,2,0.1111111111111111,0.4444444444444444,1.6,1.6666666666666667,1.0392304845413263,0.5196152422706631,1.8796296296296293,2.9,0.7181848464596079,2.995732273553991,1.4230769230769231,1.0392304845413265,0.19753086419753085,0.07407407407407407,0.024691358024691357,0.13580246913580246,3.2778793418647174,0.0,0,0.5675925925925926,0.565079365079365,0.44036758635384493,0.8533830054012345
atn_85_20,ATN,10,24,0.24,3.0,0.3,0.1,0.6,2,0.2,0.4,1.2857142857142858,2.4,0.9254628471643156,0.7136240321480629,2.1333333333333333,2.878787878787879,0.7398300378117159,3.4965075614664802,1.0769230769230769,0.7807482956975109,0.2,0.18,0.12,0.21,1.0625,0.0,0,0.7414285714285713,0.5301587301587302,0.46006616875144124,0.8124228395061727
atn_85_40,ATN,33,222,0.20385674931129477,3.0,0.2727272727272727,0.030303030303030304,0.696969696969697,3,0.06060606060606061,0.6666666666666666,1.3333333333333333,6.7272727272727275,0.7369667415061513,0.5401603392614363,2.4842896189963937,5.219189887963229,0.7827703837474115,9.54136924893133,1.5174129353233832,0.7498021409330898,0.797979797979798,0.3921028466483012,0.3856749311294766,0.5528007346189164,9.236975496030771,0.0,0,0.8940391517728183,0.43857824035842613,0.6812109192833077,1.1709564443898965
atn_86_10,ATN,9,13,0.16049382716049382,2.0,0.2222222222222222,0.1111111111111111,0.6666666666666666,4,0.1111111111111111,0.3333333333333333,1.1428571428571428,1.4444444444444444,0.6105579948610594,0.5029498781008469,2.6944444444444446,4.0,0.8528028654224418,2.4849066497880004,1.903225806451613,0.6424343495573103,0.19753086419753085,0.012345679012345678,0.04938271604938271,0.06172839506172839,3.3902439024390247,0.0,0,0.6296296296296295,0.24074074074074073,0.45993310550389993,1.590277777777778
atn_86_20,ATN,7,10,0.20408163265306123,4.0,0.2857142857142857,0.14285714285714285,0.5714285714285714,3,0.14285714285714285,0.5714285714285714,1.2,1.4285714285714286,0.7937253933193772,0.5507570547286101,2.476190476190476,3.4444444444444446,1.130388330520878,2.1972245773362196,1.4375,0.7483314773547881,0.16326530612244897,0.08163265306122448,0.0,0.04081632653061224,2.4710743801652892,0.0,0,0.3404761904761905,0.611111111111111,0.7402139330400818,1.4432043650793647
atn_86_40,ATN,14,52,0.2653061224489796,3.0,0.21428571428571427,0.14285714285714285,0.6428571428571429,2,0.14285714285714285,0.6428571428571429,1.0909090909090908,3.7142857142857144,0.9171406755028432,0.6013563791676192,2.4686161501637693,3.267857142857143,0.8593119273098612,4.718498871295094,1.1475409836065573,0.5142485049142625,0.25510204081632654,0.3010204081632653,0.22448979591836735,0.44387755102040816,2.5269419174247725,0.0,0,0.8148809523809524,0.5164965986394557,0.6816054959087282,0.8595744857338615
atn_87_10,ATN,5,8,0.32,2.0,0.4,0.2,0.4,1,0.4,0.2,1.3333333333333333,1.6,1.0458250331675945,0.8385254915624211,1.7,1.6666666666666667,0.5163977794943223,1.791759469228055,1.0,0.2795084971874737,0.0,0.16,0.08,0.16,1.0,0.0,0,0.8800000000000001,0.6666666666666666,0.3535533905932738,0.45000000000000007
atn_87_20,ATN,8,16,0.25,2.0,0.25,0.125,0.625,3,0.25,0.375,1.1666666666666667,2.0,0.8017837257372732,0.7071067811865476,2.34375,3.533333333333333,0.5163977794943223,2.70805020110221,1.1578947368421053,0.7071067811865475,0.203125,0.15625,0.078125,0.109375,2.1067961165048548,0.0,0,0.6732142857142858,0.5714285714285714,0.3553900439423329,1.2384672619047614
atn_87_40,ATN,9,25,0.30864197530864196,2.0,0.2222222222222222,0.2222222222222222,0.5555555555555556,2,0.3333333333333333,0.4444444444444444,1.0,2.7777777777777777,0.9486832980505138,0.758946638440411,2.111111111111111,2.25,0.6756639246921762,3.1780538303479458,1.0,0.3174901573277509,0.06172839506172839,0.2716049382716049,0.2222222222222222,0.345679012345679,1.4107142857142856,0.0,0,0.8190476190476191,0.5634920634920635,0.4958494395143214,0.5330555555555554
atn_88_10,ATN,4,2,0.125,2.0,0.5,0.5,0.0,1,0.5,0.0,1.0,0.5,1.1547005383792515,1.1547005383792515,1.5,1.0,0.0,0.6931471805599453,1.0,0.0,0.0,0.0,0.0,0.0,1.0,0.0,0,0.0,0.0,0.0,0.3333333333333333
atn_88_20,ATN,11,24,0.19834710743801653,3.0,0.2727272727272727,0.09090909090909091,0.6363636363636364,4,0.09090909090909091,0.5454545454545454,1.25,2.1818181818181817,0.8405933750763339,0.8652231568278275,2.28989898989899,3.6956521739130435,0.7029019463944166,3.1354942159291497,1.4324324324324325,0.8518770125108698,0.19834710743801653,0.09090909090909091,0.17355371900826447,0.1652892561983471,3.5375000000000005,0.0,0,0.6317460317460317,0.31375661375661373,0.47497834042018455,1.1324248035914704
atn_88_40,ATN,23,122,0.23062381852551986,4.0,0.21739130434782608,0.08695652173913043,0.6956521739130435,3,0.043478260869565216,0.7391304347826086,1.1666666666666667,5.304347826086956,0.6238032445364974,0.5284646414211792,2.691620948368025,4.968044459881903,0.8732530073053332,8.65834547117212,1.4095744680851063,0.6271721434426472,0.6729678638941399,0.389413988657845,0.27032136105860116,0.33459357277882795,3.974239064932373,0.0,0,0.8710227964703668,0.5190106284735441,0.667987645063632,1.2359046684393178
atn_89_10,ATN,2,1,0.25,2.0,0.5,0.5,0.0,1,0.5,0.0,1.0,0.5,1.4142135623730951,1.4142135623730951,1.5,1.0,0.0,0.0,1.0,0.0,0.0,0.0,0.0,0.0,1.0,0.0,0,0.0,0.0,0.0,0.5
atn_89_20,ATN,12,43,0.2986111111111111,3.0,0.16666666666666666,0.08333333333333333,0.75,2,0.16666666666666666,0.6666666666666666,1.1,3.5833333333333335,0.60040794431113,0.6235460496161744,2.629047619047619,3.8674698795180724,0.7904135371394639,5.111987788356544,1.2181818181818183,0.4734974267795151,0.4375,0.375,0.2013888888888889,0.1875,1.5978569866608354,0.0,0,0.8564814814814815,0.6081349206349207,0.4221728323000261,1.0246706246134818
atn_89_40,ATN,18,65,0.2006172839506173,2.0,0.2222222222222222,0.05555555555555555,0.7222222222222222,4,0.2222222222222222,0.4444444444444444,1.2142857142857142,3.611111111111111,0.7666018425254748,0.49481825920381084,2.4681547619047617,4.177777777777778,0.6664187891096068,5.598421958998375,1.3111111111111111,0.5502143366179939,0.4567901234567901,0.08641975308641975,0.25925925925925924,0.3765432098765432,1.811454072145779,0.0,0,0.8841710758377425,0.19920634920634922,0.6146192871460088,1.0397907600540217
atn_8_10,ATN,8,15,0.234375,3.0,0.25,0.125,0.625,3,0.125,0.5,1.1666666666666667,1.875,0.828078671210825,0.7233080969922867,2.4166666666666665,3.7142857142857144,0.8254203058555569,2.6390573296152584,1.48,0.8432740427115679,0.1875,0.15625,0.046875,0.078125,3.1558441558441555,0.0,0,0.5142857142857142,0.6714285714285715,0.5607167664526093,1.1948853615520285
atn_8_20,ATN,19,44,0.12188365650969529,3.0,0.3157894736842105,0.10526315789473684,0.5789473684210527,5,0.05263157894736842,0.631578947368421,1.3076923076923077,2.3157894736842106,0.8021006625797833,0.660439233869799,2.5005847953216374,5.208144796380091,0.8944914296749725,6.091309882077698,1.6625,0.989006374506973,0.19667590027700832,0.07202216066481995,0.0664819944598338,0.09418282548476455,2.3215577873357742,0.0,0,0.7298245614035088,0.4384479717813051,0.7830485190363258,1.4725442206338892
atn_8_40,ATN,40,193,0.120625,4.0,0.35,0.05,0.6,4,0.025,0.625,1.4615384615384615,4.825,0.9571352484428284,0.534895637083753,2.5188907107577116,5.728540353617045,0.5461549073919332,10.487321973155373,1.763681592039801,1.1539885225443536,0.44875,0.17,0.141875,0.320625,6.971372415625834,0.0,27,0.8456428755712813,0.49325916043021306,0.9282100021527728,1.532051048734305
atn_90_10,ATN,3,2,0.2222222222222222,3.0,0.3333333333333333,0.3333333333333333,0.3333333333333333,2,0.3333333333333333,0.0,1.0,0.6666666666666666,0.8660254037844388,0.8660254037844388,2.0,2.0,0.0,0.0,1.3333333333333333,0.8660254037844388,0.1111111111111111,0.0,0.0,0.0,1.25,0.0,0,0.0,0.0,0.0,1.0
atn_90_20,ATN,4,3,0.1875,3.0,0.5,0.25,0.25,2,0.25,0.25,1.5,0.75,1.2765694770084508,0.6666666666666666,1.625,1.5,0.7071067811865476,0.6931471805599453,1.25,0.7698003589195009,0.0625,0.0,0.0,0.0625,2.2,0.0,0,0.25,0.0,0.408248290463863,0.5625
atn_90_40,ATN,6,11,0.3055555555555556,1.0,0.16666666666666666,0.16666666666666666,0.6666666666666666,2,0.16666666666666666,0.6666666666666666,1.0,1.8333333333333333,0.7249964377227959,0.9394916860191865,2.3125,2.4285714285714284,0.5345224838248487,1.9459101490553132,1.0,0.4453617714151233,0.1111111111111111,0.16666666666666666,0.16666666666666666,0.08333333333333333,1.1818181818181817,0.0,0,0.6944444444444445,0.6,0.39167472590032015,0.6109375
atn_91_10,ATN,5,3,0.12,2.0,0.4,0.4,0.2,2,0.4,0.0,1.0,0.6,0.912870929175277,0.912870929175277,1.8,1.5,0.7071067811865476,0.6931471805599453,1.0,0.7453559924999299,0.04,0.0,0.0,0.0,0.6666666666666666,0.0,0,0.0,0.0,0.0,0.7000000000000001
atn_91_20,ATN,11,22,0.18181818181818182,2.0,0.2727272727272727,0.18181818181818182,0.5454545454545454,2,0.18181818181818182,0.45454545454545453,1.125,2.0,0.8660254037844386,0.7071067811865476,2.461616161616161,3.2222222222222223,0.6075982449284587,4.143134726391533,1.5,1.1832159566199232,0.2892561983471074,0.09917355371900827,0.0743801652892562,0.11570247933884298,4.545178835220915,0.0,0,0.7019283746556474,0.6363636363636364,0.32711369125025475,1.3287250280583611
atn_91_40,ATN,21,71,0.16099773242630386,3.0,0.3333333333333333,0.09523809523809523,0.5714285714285714,3,0.19047619047619047,0.47619047619047616,1.3571428571428572,3.380952380952381,0.918694294369267,0.5247494938949322,2.1740689750326934,4.568681318681318,0.9028199243324073,6.590301048196686,1.2391304347826086,0.8819083562028025,0.30839002267573695,0.1473922902494331,0.11564625850340136,0.26303854875283444,2.3543613665739374,0.0,0,0.7581772724629866,0.4033670033670034,0.7035116489509882,0.9429412111738034
atn_92_10,ATN,2,1,0.25,2.0,0.5,0.5,0.0,1,0.5,0.0,1.0,0.5,1.4142135623730951,1.4142135623730951,1.5,1.0,0.0,0.0,1.0,0.0,0.0,0.0,0.0,0.0,1.0,0.0,0,0.0,0.0,0.0,0.5
atn_92_20,ATN,18,53,0.16358024691358025,1.0,0.2222222222222222,0.05555555555555555,0.7222222222222222,4,0.05555555555555555,0.7222222222222222,1.2142857142857142,2.9444444444444446,0.5879231890381809,0.42756957249701244,3.253542751736111,5.598253275109171,0.5907182028989838,7.0431599159883405,1.7115384615384615,0.7717283696773256,0.37037037037037035,0.12654320987654322,0.07407407407407407,0.1111111111111111,1.7177125555357173,0.0,0,0.7884259259259259,0.49942680776014114,0.4155258537232215,2.8947309788136697
atn_92_40,ATN,23,133,0.2514177693761815,3.0,0.2608695652173913,0.08695652173913043,0.6521739130434783,3,0.043478260869565216,0.6956521739130435,1.2352941176470589,5.782608695652174,0.7768082113227974,0.6101986062761385,2.3361185979155485,3.880701754385965,0.8166625431854608,7.261927092702751,1.2202380952380953,0.584877881531294,0.5519848771266541,0.4612476370510397,0.3988657844990548,0.5595463137996219,6.724330376771152,0.0,0,0.8205209964800758,0.4839637635092181,0.5852711194685096,0.8840108497705681
atn_93_10,ATN,4,5,0.3125,2.0,0.25,0.25,0.5,1,0.5,0.25,1.0,1.25,1.0066445913694333,1.0066445913694333,1.9166666666666665,1.6666666666666667,0.5773502691896257,1.0986122886681098,1.0,0.4618802153517006,0.0,0.125,0.0625,0.0625,0.7142857142857142,0.0,0,0.625,0.8333333333333333,0.36514837167011077,0.4722222222222221
atn_93_20,ATN,11,18,0.1487603305785124,2.0,0.2727272727272727,0.18181818181818182,0.5454545454545454,3,0.2727272727272727,0.36363636363636365,1.125,1.6363636363636365,0.9175921254250033,0.8322214804921779,2.312121212121212,3.7083333333333335,1.1220775245117836,3.1780538303479458,1.7714285714285714,0.6744911204789417,0.06611570247933884,0.05785123966942149,0.06611570247933884,0.08264462809917356,2.8015708970649027,0.0,0,0.722943722943723,0.5151515151515151,0.8167233540416466,1.0896161616161615
atn_93_40,ATN,14,59,0.3010204081632653,3.0,0.21428571428571427,0.07142857142857142,0.7142857142857143,2,0.21428571428571427,0.5714285714285714,1.1818181818181819,4.214285714285714,0.8739787534671216,0.6913605141200847,2.2790584415584414,3.3181818181818183,0.7747758288759463,4.882801922586371,1.0923076923076922,0.46269347738682065,0.18877551020408162,0.4744897959183674,0.29081632653061223,0.45918367346938777,1.5348138471587198,0.0,0,0.7752747252747253,0.5854875283446711,0.5459295655925628,0.6671570088686565
atn_94_10,ATN,10,11,0.11,2.0,0.3,0.1,0.6,6,0.1,0.3,1.2857142857142858,1.1,0.904026296374321,0.5160420110886789,2.7416666666666667,5.0,1.4142135623730951,1.3862943611198906,1.5263157894736843,0.9389050536260403,0.09,0.02,0.0,0.03,2.5876993166287017,0.0,0,0.275,0.3571428571428571,0.7186196082867079,2.3695216049382726
atn_94_20,ATN,13,31,0.1834319526627219,3.0,0.3076923076923077,0.07692307692307693,0.6153846153846154,3,0.07692307692307693,0.6153846153846154,1.3333333333333333,2.3846153846153846,0.794535621587577,0.6748543348177722,2.3223824786324783,3.849056603773585,0.8637179564376667,3.970291913552122,1.2439024390243902,0.823792066009029,0.24260355029585798,0.11242603550295859,0.10650887573964497,0.14201183431952663,3.904859126173949,0.0,0,0.7293040293040293,0.39913419913419906,0.6343968523631964,1.1102070596905669
atn_94_40,ATN,11,32,0.2644628099173554,2.0,0.2727272727272727,0.09090909090909091,0.6363636363636364,2,0.2727272727272727,0.45454545454545453,1.25,2.909090909090909,0.8200371561703774,0.7602168687289174,2.0681818181818183,2.7058823529411766,0.46249729006288026,3.5263605246161616,1.2,0.37080992435478316,0.23140495867768596,0.1487603305785124,0.30578512396694213,0.33884297520661155,1.5211459754433831,0.0,0,0.8268398268398268,0.3038961038961039,0.41117210508496316,0.6571363636363635
atn_95_10,ATN,2,1,0.25,2.0,0.5,0.5,0.0,1,0.5,0.0,1.0,0.5,1.4142135623730951,1.4142135623730951,1.5,1.0,0.0,0.0,1.0,0.0,0.0,0.0,0.0,0.0,1.0,0.0,0,0.0,0.0,0.0,0.5
atn_95_20,ATN,9,19,0.2345679012345679,2.0,0.3333333333333333,0.1111111111111111,0.5555555555555556,3,0.2222222222222222,0.4444444444444444,1.3333333333333333,2.111111111111111,0.801228281454649,0.6012452451997822,2.1597222222222223,3.392857142857143,0.5669467095138409,3.332204510175204,1.1363636363636365,0.7405919620773836,0.25925925925925924,0.13580246913580246,0.07407407407407407,0.13580246913580246,1.4324324324324325,0.0,0,0.6772486772486773,0.5111111111111111,0.34152489570449307,1.1312934027777777
atn_95_40,ATN,10,31,0.31,2.0,0.2,0.1,0.7,2,0.2,0.6,1.125,3.1,0.8391231404355558,0.6352281930211583,2.258796296296296,2.9473684210526314,0.6954434098279423,3.6375861597263857,1.1142857142857143,0.2964311559589295,0.2,0.32,0.18,0.31,2.0601092896174866,0.0,0,0.7861111111111111,0.59,0.4718605591898161,0.6580808412185174
atn_96_10,ATN,5,5,0.2,1.0,0.2,0.2,0.6,3,0.2,0.2,1.0,1.0,0.7071067811865476,0.7071067811865476,2.8,3.5,0.7071067811865476,0.6931471805599453,1.2857142857142858,1.0,0.16,0.04,0.0,0.0,0.8518518518518519,0.0,0,0.15,0.5555555555555555,0.31622776601683794,1.825
atn_96_20,ATN,11,22,0.18181818181818182,2.0,0.45454545454545453,0.09090909090909091,0.45454545454545453,3,0.18181818181818182,0.2727272727272727,1.6666666666666667,2.0,1.0488088481701516,0.4472135954999579,2.01010101010101,3.3653846153846154,0.5250152622934171,3.9512437185814275,1.5263157894736843,1.1401754250991378,0.2975206611570248,0.06611570247933884,0.05785123966942149,0.2066115702479339,3.955148205928237,0.0,0,0.8272727272727274,0.28614718614718615,0.2779040117210252,1.2562149270482599
atn_96_40,ATN,40,188,0.1175,3.0,0.35,0.1,0.55,5,0.1,0.55,1.3846153846153846,4.7,0.8540591044845453,0.5805881193537418,2.169608202561327,5.787340020754065,0.511138100175565,9.578795654450447,1.5420560747663552,0.8230523896077623,0.32125,0.12625,0.181875,0.2875,3.8125439034901416,0.0,0,0.8717825495582849,0.36365457903919446,0.7056848429420765,0.8914091359242551
atn_97_10,ATN,8,8,0.125,1.0,0.25,0.25,0.5,4,0.125,0.25,1.0,1.0,0.7559289460184544,0.7559289460184544,2.8125,3.2,1.0954451150103321,1.6094379124341003,1.8235294117647058,1.0690449676496976,0.125,0.0,0.03125,0.03125,2.5935828877005345,0.0,0,0.3333333333333333,0.0,0.5590169943749475,1.8526785714285714
atn_97_20,ATN,20,52,0.13,3.0,0.25,0.15,0.6,5,0.05,0.65,1.1333333333333333,2.6,0.7631337317237064,0.5496240327625976,2.877156597222222,5.228070175438597,1.0016581795114865,6.608000625296087,1.6274509803921569,0.987306544919363,0.275,0.0775,0.075,0.12,3.0956485689478495,0.0,0,0.6743939393939395,0.4041353383458647,0.8172252694760219,1.8297746897664624
atn_97_40,ATN,27,105,0.1440329218106996,4.0,0.2962962962962963,0.037037037037037035,0.6666666666666666,4,0.1111111111111111,0.5925925925925926,1.368421052631579,3.888888888888889,0.7659143579850564,0.6271712677236456,2.60806629610776,5.684504184630992,0.5446858733055492,8.279697133877628,1.7188940092165899,0.9735271449943327,0.3840877914951989,0.1673525377229081,0.1467764060356653,0.19890260631001372,3.258519634945266,0.0,0,0.7543002023394181,0.4423104673104673,0.7715588207265458,1.6273866438304847
atn_98_10,ATN,3,3,0.3333333333333333,2.0,0.3333333333333333,0.3333333333333333,0.3333333333333333,1,0.3333333333333333,0.3333333333333333,1.0,1.0,1.0,1.0,1.8333333333333333,1.5,0.7071067811865476,0.6931471805599453,1.0,0.0,0.0,0.1111111111111111,0.0,0.0,1.0,0.0,0,0.3333333333333333,1.0,0.408248290463863,0.5833333333333333
atn_98_20,ATN,14,41,0.20918367346938777,2.0,0.2857142857142857,0.07142857142857142,0.6428571428571429,3,0.14285714285714285,0.5714285714285714,1.3,2.9285714285714284,0.7631157666847967,0.6889974093573432,2.2261904761904763,3.5375,0.6353260898989819,4.382026634673881,1.3333333333333333,0.6541791771576498,0.3112244897959184,0.12244897959183673,0.21428571428571427,0.24489795918367346,1.9574260643483912,0.0,0,0.782312925170068,0.2842490842490842,0.5636216609515349,0.8549023199023201
atn_98_40,ATN,16,67,0.26171875,3.0,0.25,0.125,0.625,2,0.25,0.5,1.1666666666666667,4.1875,0.8944603984918429,0.6301265577054931,2.191581632653061,3.314516129032258,0.8184802296808867,5.5134287461649825,1.1829268292682926,0.6459543316590917,0.3359375,0.359375,0.26171875,0.46875,3.1269191402251786,0.0,0,0.8480025183150183,0.48719787157287153,0.5409104802211587,0.7156720836482741
atn_99_10,ATN,7,9,0.1836734693877551,2.0,0.42857142857142855,0.14285714285714285,0.42857142857142855,3,0.2857142857142857,0.0,1.5,1.2857142857142858,1.073435314532551,0.5879447357921312,2.0,3.0,0.0,1.791759469228055,1.25,0.8819171036881969,0.16326530612244897,0.0,0.061224489795918366,0.14285714285714285,2.9069767441860463,0.0,0,0.7142857142857143,0.0,2.0934566115783667e-16,1.3333333333333333
atn_99_20,ATN,14,29,0.14795918367346939,2.0,0.2857142857142857,0.21428571428571427,0.5,3,0.14285714285714285,0.5714285714285714,1.1,2.0714285714285716,0.7683247202175846,0.9555185192976395,2.3226190476190474,3.6483516483516483,0.8866118576246239,4.51085950651685,1.09375,0.8647703034176762,0.1377551020408163,0.061224489795918366,0.14795918367346939,0.10204081632653061,0.9656786271450859,0.0,0,0.8154761904761906,0.3908730158730159,0.7352964841070776,0.9773015873015871
atn_99_40,ATN,24,122,0.21180555555555555,3.0,0.25,0.08333333333333333,0.6666666666666666,3,0.125,0.625,1.2222222222222223,5.083333333333333,0.8057259765857622,0.58563240051324,2.4500962451226007,4.548956661316212,0.9861922711409906,7.533158807455563,1.3142857142857143,0.7330095286199159,0.515625,0.3263888888888889,0.2829861111111111,0.4409722222222222,4.955727295126698,0.0,0,0.8233878594172711,0.4840030204000792,0.7914869964708812,0.9536838561073094
atn_9_10,ATN,8,10,0.15625,1.0,0.25,0.125,0.625,4,0.125,0.25,1.1666666666666667,1.25,0.828078671210825,0.7091242083423347,3.083333333333333,4.25,0.4629100498862757,2.0794415416798357,1.1666666666666667,0.855235974119758,0.125,0.03125,0.03125,0.046875,1.2641509433962264,0.0,0,0.5458333333333333,0.3055555555555555,0.2581988897471611,2.555555555555555
atn_9_20,ATN,5,5,0.2,3.0,0.4,0.2,0.4,2,0.2,0.2,1.3333333333333333,1.0,1.224744871391589,0.7071067811865476,2.0,2.0,1.0,1.0986122886681098,1.1666666666666667,1.0,0.08,0.04,0.0,0.08,1.2727272727272727,0.0,0,0.31666666666666665,0.5555555555555555,0.6324555320336759,0.9999999999999998
atn_9_40,ATN,20,95,0.2375,2.0,0.25,0.15,0.6,3,0.15,0.6,1.1333333333333333,4.75,0.7159686919193593,0.5668594533825794,2.3831703514739226,4.085477178423236,0.9294891296003354,7.094234845924755,1.2357723577235773,0.4995989060430138,0.515,0.3,0.3175,0.42,3.130244000572274,0.0,0,0.8440934065934066,0.4252133977133978,0.6545945798319717,0.905586151230965
cascade_100_10,Cascade,6,6,0.16666666666666666,3.0,0.5,0.16666666666666666,0.3333333333333333,2,0.16666666666666666,0.3333333333333333,1.6666666666666667,1.0,1.2649110640673518,0.6324555320336759,1.75,2.25,0.5,1.3862943611198906,1.25,1.2649110640673518,0.1111111111111111,0.027777777777777776,0.0,0.08333333333333333,3.137931034482759,0.0,0,0.45555555555555555,0.5,0.3469443332443554,0.8194444444444441
cascade_100_20,Cascade,5,5,0.2,2.0,0.4,0.2,0.4,2,0.4,0.0,1.3333333333333333,1.0,1.0,0.7071067811865476,1.8,2.0,0.0,1.0986122886681098,1.2857142857142858,0.7071067811865476,0.12,0.0,0.04,0.08,2.0,0.0,0,0.4666666666666666,0.0,0.0,0.7000000000000001
cascade_100_40,Cascade,3,2,0.2222222222222222,2.0,0.3333333333333333,0.3333333333333333,0.3333333333333333,2,0.3333333333333333,0.0,1.0,0.6666666666666666,0.8660254037844388,0.8660254037844388,2.0,2.0,0.0,0.0,1.0,0.8660254037844386,0.1111111111111111,0.0,0.0,0.0,0.5,0.0,0,0.0,0.0,0.0,1.0
cascade_10_10,Cascade,7,14,0.2857142857142857,2.0,0.2857142857142857,0.2857142857142857,0.42857142857142855,2,0.2857142857142857,0.42857142857142855,1.0,2.0,0.7637626158259734,0.9574271077563381,1.952380952380952,2.0,0.816496580927726,2.5649493574615367,1.0666666666666667,0.28867513459481287,0.061224489795918366,0.16326530612244897,0.20408163265306123,0.12244897959183673,0.909090909090909,0.0,1,0.5714285714285714,0.5714285714285714,0.48795003647426655,0.4973544973544972
cascade_10_20,Cascade,4,4,0.25,2.0,0.5,0.25,0.25,1,0.25,0.25,1.5,1.0,1.4142135623730951,0.816496580927726,1.5833333333333333,1.3333333333333333,0.5773502691896257,1.0986122886681098,1.0,0.816496580927726,0.0,0.0625,0.0,0.125,2.0,0.0,0,0.4375,0.7777777777777778,0.408248290463863,0.47222222222222204
cascade_10_40,Cascade,7,8,0.16326530612244897,3.0,0.2857142857142857,0.2857142857142857,0.42857142857142855,2,0.42857142857142855,0.14285714285714285,1.0,1.1428571428571428,0.9354143466934854,0.9354143466934854,1.9523809523809523,1.8,0.44721359549995804,1.6094379124341003,1.2727272727272727,0.6614378277661477,0.061224489795918366,0.02040816326530612,0.061224489795918366,0.061224489795918366,1.0792079207920793,0.0,0,0.23809523809523808,0.27777777777777773,0.2886751345948129,0.5714285714285713
cascade_11_10,Cascade,7,13,0.2653061224489796,2.0,0.2857142857142857,0.14285714285714285,0.5714285714285714,2,0.2857142857142857,0.42857142857142855,1.2,1.8571428571428572,1.0509693093291896,0.6542231190857986,2.017857142857143,2.4444444444444446,0.8819171036881968,2.1972245773362196,1.0714285714285714,0.5991446895152781,0.061224489795918366,0.1836734693877551,0.02040816326530612,0.16326530612244897,1.4418604651162792,0.0,0,0.436734693877551,0.8285714285714286,0.5383378978928497,0.5988988095238095
cascade_11_20,Cascade,17,19,0.0657439446366782,3.0,0.47058823529411764,0.11764705882352941,0.4117647058823529,4,0.23529411764705882,0.29411764705882354,1.6666666666666667,1.1176470588235294,1.09043943974214,0.6233010148593164,1.722222222222222,2.5,0.9045340337332909,2.4849066497880004,1.6944444444444444,0.9238678779758928,0.04152249134948097,0.006920415224913495,0.010380622837370242,0.03806228373702422,3.2852466171977297,0.0,1,0.3411764705882353,0.20833333333333334,0.4906533814626582,0.5733024691358023
cascade_11_40,Cascade,13,16,0.09467455621301775,3.0,0.3076923076923077,0.23076923076923078,0.46153846153846156,3,0.3076923076923077,0.15384615384615385,1.1111111111111112,1.2307692307692308,1.2479149276559947,0.9471723268057755,2.0384615384615383,2.2,0.6324555320336759,2.302585092994046,1.4,1.2680981494611,0.05325443786982249,0.01775147928994083,0.04142011834319527,0.07692307692307693,1.4954296160877516,0.0,0,0.3230769230769231,0.32962962962962966,0.45552167895721496,0.6958974358974359
cascade_12_10,Cascade,6,10,0.2777777777777778,2.0,0.3333333333333333,0.3333333333333333,0.3333333333333333,1,0.16666666666666666,0.5,1.0,1.6666666666666667,0.9797958971132712,0.9797958971132712,1.9027777777777775,1.75,0.7071067811865476,2.0794415416798357,1.0,0.6196773353931866,0.0,0.16666666666666666,0.1111111111111111,0.1111111111111111,1.8800000000000001,0.0,0,0.5666666666666668,0.7777777777777777,0.5082650227325635,0.528935185185185
cascade_12_20,Cascade,4,3,0.1875,2.0,0.25,0.75,0.0,1,0.75,0.0,0.3333333333333333,0.75,0.6666666666666666,2.0,1.75,1.0,0.0,1.0986122886681098,1.0,1.3333333333333333,0.0,0.0,0.1875,0.0,0.3333333333333333,0.0,0,0.75,0.0,0.0,0.25
cascade_12_40,Cascade,9,7,0.08641975308641975,2.0,0.3333333333333333,0.3333333333333333,0.3333333333333333,3,0.2222222222222222,0.1111111111111111,1.0,0.7777777777777778,0.8571428571428573,0.8571428571428572,2.1666666666666665,2.4,0.5477225575051661,1.6094379124341003,1.3636363636363635,1.3034491136353326,0.07407407407407407,0.0,0.012345679012345678,0.012345679012345678,1.3076923076923077,0.0,0,0.3333333333333333,0.0,0.2672612419124244,1.0625
cascade_13_10,Cascade,8,7,0.109375,2.0,0.375,0.5,0.125,2,0.5,0.0,0.8,0.875,0.9537405261671773,1.2868475730966895,1.75,1.3333333333333333,0.5163977794943223,1.791759469228055,1.0,1.0130345833461925,0.03125,0.0,0.0625,0.03125,1.0,0.0,0,0.34375,0.0,0.0,0.5
cascade_13_20,Cascade,6,6,0.16666666666666666,1.0,0.16666666666666666,0.5,0.3333333333333333,2,0.3333333333333333,0.0,0.6,1.0,0.6324555320336759,1.0954451150103321,2.3333333333333335,2.0,0.0,1.3862943611198906,1.0,0.8944271909999159,0.1111111111111111,0.0,0.08333333333333333,0.027777777777777776,0.3333333333333333,0.0,0,0.4166666666666667,0.0,0.0,0.6666666666666666
cascade_13_40,Cascade,3,2,0.2222222222222222,3.0,0.3333333333333333,0.3333333333333333,0.3333333333333333,2,0.3333333333333333,0.0,1.0,0.6666666666666666,0.8660254037844388,0.8660254037844388,2.0,2.0,0.0,0.0,1.3333333333333333,0.8660254037844388,0.1111111111111111,0.0,0.0,0.0,1.25,0.0,0,0.0,0.0,0.0,1.0
cascade_14_10,Cascade,5,3,0.12,2.0,0.4,0.6,0.0,1,0.6,0.0,0.6666666666666666,0.6,0.912870929175277,1.4907119849998598,1.6,1.0,0.0,1.0986122886681098,1.0,0.7453559924999299,0.0,0.0,0.04,0.0,0.6666666666666666,0.0,0,0.4,0.0,0.0,0.3
cascade_14_20,Cascade,3,3,0.3333333333333333,2.0,0.3333333333333333,0.3333333333333333,0.3333333333333333,1,0.3333333333333333,0.3333333333333333,1.0,1.0,1.0,1.0,1.8333333333333333,1.5,0.7071067811865476,0.6931471805599453,1.0,0.0,0.0,0.1111111111111111,0.0,0.0,1.0,0.0,0,0.3333333333333333,1.0,0.408248290463863,0.5833333333333333
cascade_14_40,Cascade,9,15,0.18518518518518517,2.0,0.4444444444444444,0.2222222222222222,0.3333333333333333,2,0.2222222222222222,0.3333333333333333,1.4,1.6666666666666667,1.1618950038622249,0.9486832980505135,1.7037037037037037,1.8333333333333333,0.5773502691896257,2.4849066497880004,1.0,0.9486832980505138,0.06172839506172839,0.06172839506172839,0.12345679012345678,0.18518518518518517,2.9416058394160585,0.0,0,0.6333333333333333,0.3619047619047619,0.3955305859784354,0.5001234567901235
cascade_15_10,Cascade,10,14,0.14,2.0,0.3,0.3,0.4,2,0.3,0.3,1.0,1.4,0.8384198505551909,0.9642122253007899,2.0,2.0,0.4472135954999579,2.3978952727983707,1.263157894736842,0.8109231602822096,0.09,0.02,0.09,0.07,2.342618384401114,0.0,1,0.4933333333333333,0.2962962962962963,0.33333333333333337,0.6172839506172839
cascade_15_20,Cascade,7,9,0.1836734693877551,2.0,0.2857142857142857,0.42857142857142855,0.2857142857142857,2,0.2857142857142857,0.42857142857142855,0.8,1.2857142857142858,0.865431218188735,1.1635761535114821,1.9047619047619047,1.4285714285714286,0.5345224838248488,1.9459101490553132,1.0,0.6119522830317891,0.02040816326530612,0.04081632653061224,0.12244897959183673,0.061224489795918366,1.0999999999999999,0.0,0,0.43571428571428567,0.3333333333333333,0.43033148291193524,0.4246031746031746
cascade_15_40,Cascade,8,14,0.21875,2.0,0.25,0.25,0.5,2,0.375,0.375,1.0,1.75,0.7324227936704636,1.2121830534626528,1.9305555555555554,1.8,0.6324555320336759,2.302585092994046,1.125,0.6829877767625108,0.046875,0.078125,0.25,0.09375,1.8474576271186443,0.0,1,0.5416666666666666,0.5125000000000001,0.40499526419597054,0.39836860670193985
cascade_16_10,Cascade,4,3,0.1875,2.0,0.25,0.75,0.0,1,0.75,0.0,0.3333333333333333,0.75,0.6666666666666666,2.0,1.75,1.0,0.0,1.0986122886681098,1.0,1.3333333333333333,0.0,0.0,0.1875,0.0,0.3333333333333333,0.0,0,0.75,0.0,0.0,0.25
cascade_16_20,Cascade,8,8,0.125,2.0,0.25,0.5,0.25,2,0.375,0.125,0.6666666666666666,1.0,0.9258200997725514,1.1952286093343936,2.0416666666666665,1.5,0.5477225575051661,1.791759469228055,1.0,0.9258200997725514,0.03125,0.015625,0.0625,0.03125,0.5000000000000001,0.0,0,0.4791666666666667,0.3333333333333333,0.2886751345948129,0.5853174603174602
cascade_16_40,Cascade,8,6,0.09375,3.0,0.375,0.375,0.25,2,0.5,0.0,1.0,0.75,0.9428090415820635,0.9428090415820635,1.75,1.5,0.5773502691896257,1.3862943611198906,1.1428571428571428,0.7126966450997984,0.03125,0.0,0.015625,0.015625,0.8823529411764706,0.0,0,0.3333333333333333,0.0,0.0,0.5
cascade_17_10,Cascade,10,15,0.15,2.0,0.4,0.3,0.3,2,0.3,0.3,1.1666666666666667,1.5,1.0061539042374907,0.9558139185602919,1.7333333333333332,1.6153846153846154,0.5063696835418334,2.5649493574615367,1.1176470588235294,0.7027283689263065,0.04,0.04,0.09,0.1,2.8709677419354844,0.0,2,0.43666666666666665,0.4444444444444444,0.38005847503304596,0.4333333333333333
cascade_17_20,Cascade,4,3,0.1875,3.0,0.5,0.25,0.25,2,0.25,0.25,1.5,0.75,1.2765694770084508,0.6666666666666666,1.625,1.5,0.7071067811865476,0.6931471805599453,1.25,0.7698003589195009,0.0625,0.0,0.0,0.0625,2.2,0.0,0,0.25,0.0,0.408248290463863,0.5625
cascade_17_40,Cascade,5,4,0.16,2.0,0.4,0.2,0.4,3,0.2,0.2,1.3333333333333333,0.8,1.0458250331675945,0.5590169943749476,2.0,2.5,0.7071067811865476,0.6931471805599453,1.3333333333333333,1.1180339887498947,0.12,0.0,0.0,0.04,1.9411764705882353,0.0,0,0.2,0.0,0.3535533905932738,1.125
cascade_18_10,Cascade,6,7,0.19444444444444445,2.0,0.16666666666666666,0.5,0.3333333333333333,2,0.3333333333333333,0.16666666666666666,0.6,1.1666666666666667,0.8427360687858643,1.2616801237611208,2.2777777777777777,1.8,0.44721359549995804,1.6094379124341003,1.125,1.0380515499762828,0.05555555555555555,0.05555555555555555,0.1111111111111111,0.027777777777777776,0.6363636363636365,0.0,0,0.5972222222222222,0.6249999999999999,0.3086066999241838,0.5962962962962963
cascade_18_20,Cascade,6,8,0.2222222222222222,3.0,0.16666666666666666,0.3333333333333333,0.5,2,0.3333333333333333,0.5,0.8,1.3333333333333333,0.6123724356957946,1.1291589790636218,2.2083333333333335,2.0,0.7071067811865476,1.6094379124341003,1.1111111111111112,0.6123724356957946,0.05555555555555555,0.08333333333333333,0.1111111111111111,0.0,0.8461538461538463,0.0,0,0.3527777777777778,0.7777777777777777,0.375,0.5604166666666667
cascade_18_40,Cascade,16,17,0.06640625,3.0,0.1875,0.4375,0.375,3,0.5625,0.0625,0.6923076923076923,1.0625,0.8036824130164391,1.6290330132464559,2.145833333333333,1.9090909090909092,0.9438798074485389,2.3978952727983707,1.2272727272727273,1.5321242913976196,0.03125,0.0078125,0.08203125,0.015625,0.4217207334273625,0.0,0,0.47708333333333336,0.20833333333333331,0.19802950859533477,0.6958333333333331
cascade_19_10,Cascade,10,22,0.22,2.0,0.3,0.1,0.6,3,0.3,0.4,1.2857142857142858,2.2,0.9040262963743211,0.7959954870644664,1.975,2.92,0.9539392014169455,3.2188758248682006,1.12,0.6499275936220369,0.13,0.13,0.14,0.18,2.856749311294766,0.0,3,0.488095238095238,0.37952380952380954,0.5636730193359202,0.5522222222222224
cascade_19_20,Cascade,3,2,0.2222222222222222,3.0,0.3333333333333333,0.3333333333333333,0.3333333333333333,2,0.3333333333333333,0.0,1.0,0.6666666666666666,0.8660254037844388,0.8660254037844388,2.0,2.0,0.0,0.0,1.3333333333333333,0.8660254037844388,0.1111111111111111,0.0,0.0,0.0,1.25,0.0,0,0.0,0.0,0.0,1.0
cascade_19_40,Cascade,8,9,0.140625,2.0,0.375,0.375,0.25,2,0.5,0.125,1.0,1.125,1.1079319597850887,1.2055134949871444,1.7083333333333333,1.5714285714285714,0.5345224838248488,1.9459101490553132,1.1,1.13932434570961,0.046875,0.015625,0.09375,0.078125,1.2641509433962264,0.0,0,0.5729166666666667,0.13333333333333333,0.2721655269759086,0.3948412698412699
cascade_1_10,Cascade,5,5,0.2,3.0,0.4,0.2,0.4,2,0.4,0.2,1.3333333333333333,1.0,1.224744871391589,0.7071067811865476,1.7333333333333332,1.6666666666666667,0.5773502691896257,1.0986122886681098,1.1666666666666667,0.7071067811865476,0.04,0.04,0.0,0.08,1.2727272727272727,0.0,0,0.24999999999999994,0.5833333333333333,0.36514837167011077,0.5222222222222221
cascade_1_20,Cascade,5,5,0.2,3.0,0.4,0.2,0.4,2,0.2,0.4,1.3333333333333333,1.0,1.0,0.7071067811865476,1.95,2.3333333333333335,0.5773502691896258,1.0986122886681098,1.1666666666666667,1.0,0.12,0.04,0.0,0.04,1.857142857142857,0.0,0,0.2333333333333333,0.5555555555555555,0.3535533905932738,0.95
cascade_1_40,Cascade,5,6,0.24,2.0,0.2,0.4,0.4,2,0.4,0.2,0.75,1.2,0.9128709291752768,1.0865337342004415,2.1333333333333333,1.75,0.5,1.3862943611198906,1.1428571428571428,0.7453559924999299,0.04,0.08,0.08,0.04,0.875,0.0,0,0.45,0.6666666666666666,0.33333333333333337,0.5888888888888889
cascade_20_10,Cascade,8,12,0.1875,2.0,0.25,0.125,0.625,2,0.375,0.375,1.1666666666666667,1.5,0.9428090415820635,0.7126966450997984,2.083333333333333,2.5714285714285716,0.5345224838248487,1.9459101490553132,1.0769230769230769,0.7126966450997984,0.09375,0.078125,0.03125,0.078125,1.0253164556962027,0.0,1,0.4729166666666667,0.7250000000000001,0.35843021946010944,0.6805555555555555
cascade_20_20,Cascade,12,42,0.2916666666666667,3.0,0.16666666666666666,0.08333333333333333,0.75,2,0.25,0.5833333333333334,1.1,3.5,0.8396483052075123,0.7360325878080393,2.272743974132863,3.717948717948718,1.2263072632213772,4.356708826689592,1.125,0.36548694232390355,0.1388888888888889,0.3611111111111111,0.2569444444444444,0.3333333333333333,2.1114021139276025,0.0,3,0.6130140692640692,0.6221560846560846,0.5452202628185746,0.5358466495083435
cascade_20_40,Cascade,5,7,0.28,2.0,0.4,0.2,0.4,2,0.2,0.4,1.3333333333333333,1.4,1.083267920578793,0.6388765649999399,1.8222222222222222,2.0,0.7071067811865476,1.6094379124341003,1.0,0.5976143046671969,0.08,0.12,0.0,0.12,2.0000000000000004,0.0,0,0.49333333333333335,0.7666666666666666,0.4824979096371639,0.6395061728395058
cascade_21_10,Cascade,3,2,0.2222222222222222,3.0,0.3333333333333333,0.3333333333333333,0.3333333333333333,2,0.3333333333333333,0.0,1.0,0.6666666666666666,0.8660254037844388,0.8660254037844388,2.0,2.0,0.0,0.0,1.3333333333333333,0.8660254037844386,0.1111111111111111,0.0,0.0,0.0,1.25,0.0,0,0.0,0.0,0.0,1.0
cascade_21_20,Cascade,9,12,0.14814814814814814,3.0,0.3333333333333333,0.2222222222222222,0.4444444444444444,3,0.2222222222222222,0.4444444444444444,1.1666666666666667,1.3333333333333333,0.9921567416492215,0.75,2.111111111111111,2.3333333333333335,1.0,2.1972245773362196,1.1428571428571428,0.8385254915624212,0.09876543209876543,0.024691358024691357,0.04938271604938271,0.08641975308641975,1.6341463414634145,0.0,1,0.34074074074074073,0.2708333333333333,0.5077524002897476,0.9665798611111113
cascade_21_40,Cascade,8,12,0.1875,2.0,0.375,0.25,0.375,2,0.25,0.375,1.2,1.5,1.126872339638022,0.7968190728895957,1.828125,1.8888888888888888,0.7817359599705717,2.1972245773362196,1.0,0.7968190728895957,0.03125,0.09375,0.03125,0.109375,1.6666666666666665,0.0,0,0.42738095238095236,0.7476190476190476,0.5153882032022076,0.5220424107142857
cascade_22_10,Cascade,7,8,0.16326530612244897,2.0,0.2857142857142857,0.2857142857142857,0.42857142857142855,2,0.2857142857142857,0.2857142857142857,1.0,1.1428571428571428,0.9354143466934854,0.9354143466934852,2.0,2.0,0.7071067811865476,1.6094379124341003,1.0,0.8322910148099242,0.061224489795918366,0.04081632653061224,0.04081632653061224,0.04081632653061224,0.826086956521739,0.0,0,0.2357142857142857,0.5,0.4409585518440985,0.5925925925925927
cascade_22_20,Cascade,9,14,0.1728395061728395,2.0,0.3333333333333333,0.3333333333333333,0.3333333333333333,2,0.2222222222222222,0.3333333333333333,1.0,1.5555555555555556,0.9154289727125927,1.1638693383428802,1.912037037037037,1.9166666666666667,0.6685579234215215,2.4849066497880004,1.125,0.9878083347099522,0.06172839506172839,0.06172839506172839,0.14814814814814814,0.08641975308641975,0.9708029197080293,0.0,0,0.4666666666666667,0.4666666666666667,0.3962247438248243,0.5618248456790124
cascade_22_40,Cascade,3,2,0.2222222222222222,3.0,0.3333333333333333,0.3333333333333333,0.3333333333333333,2,0.3333333333333333,0.0,1.0,0.6666666666666666,0.8660254037844388,0.8660254037844388,2.0,2.0,0.0,0.0,1.3333333333333333,0.8660254037844386,0.1111111111111111,0.0,0.0,0.0,1.25,0.0,0,0.0,0.0,0.0,1.0
cascade_23_10,Cascade,6,4,0.1111111111111111,2.0,0.5,0.5,0.0,1,0.5,0.0,1.0,0.6666666666666666,1.2247448713915892,1.2247448713915892,1.5,1.0,0.0,1.3862943611198906,1.0,0.7745966692414835,0.0,0.0,0.027777777777777776,0.027777777777777776,1.4000000000000001,0.0,0,0.3333333333333333,0.0,0.0,0.3
cascade_23_20,Cascade,14,22,0.11224489795918367,2.0,0.2857142857142857,0.2857142857142857,0.42857142857142855,4,0.21428571428571427,0.5,1.0,1.5714285714285714,0.8542924785496758,0.9243475044396257,2.020833333333333,2.3125,1.25,2.772588722239781,1.1851851851851851,0.6536123885621216,0.05612244897959184,0.025510204081632654,0.07653061224489796,0.0663265306122449,1.635983263598326,0.0,5,0.41309523809523807,0.31904761904761897,0.5623947713020444,0.5330528846153845
cascade_23_40,Cascade,6,6,0.16666666666666666,2.0,0.3333333333333333,0.3333333333333333,0.3333333333333333,2,0.3333333333333333,0.16666666666666666,1.0,1.0,0.8944271909999159,0.8944271909999159,1.9166666666666667,1.75,0.5,1.3862943611198906,1.3333333333333333,0.6324555320336759,0.08333333333333333,0.0,0.05555555555555555,0.05555555555555555,2.0769230769230766,0.0,0,0.24999999999999997,0.0,0.28867513459481287,0.6416666666666668
cascade_24_10,Cascade,5,4,0.16,1.0,0.4,0.2,0.4,2,0.4,0.0,1.3333333333333333,0.8,1.0458250331675945,0.5590169943749473,1.8,2.0,0.0,0.6931471805599453,1.0,0.6846531968814575,0.08,0.0,0.0,0.04,1.0,0.0,0,0.13333333333333333,0.0,0.0,0.7000000000000001
cascade_24_20,Cascade,9,11,0.13580246913580246,2.0,0.2222222222222222,0.3333333333333333,0.4444444444444444,2,0.4444444444444444,0.1111111111111111,0.8571428571428571,1.2222222222222223,0.9833321660356333,0.8941961624048181,2.0833333333333335,1.8571428571428572,0.37796447300922725,1.9459101490553132,1.1538461538461537,0.7215685393812519,0.04938271604938271,0.024691358024691357,0.04938271604938271,0.06172839506172839,0.8620689655172413,0.0,0,0.37037037037037035,0.2916666666666667,0.26111648393354675,0.5625
cascade_24_40,Cascade,23,31,0.05860113421550094,4.0,0.391304347826087,0.21739130434782608,0.391304347826087,3,0.2608695652173913,0.21739130434782608,1.2857142857142858,1.3478260869565217,1.2376339415000568,0.6934290288072901,1.8505797101449275,2.217391304347826,0.795242772487544,3.1354942159291497,1.4081632653061225,1.0829296988125496,0.045368620037807186,0.001890359168241966,0.026465028355387523,0.0661625708884688,1.946269718894556,0.0,4,0.3640096618357487,0.02962962962962963,0.4541801073279995,0.591886517347387
cascade_25_10,Cascade,8,9,0.140625,2.0,0.375,0.25,0.375,2,0.375,0.125,1.2,1.125,0.8809166301912132,0.7417981870189156,1.8125,1.8333333333333333,0.408248290463863,1.791759469228055,1.1818181818181819,0.4114755998989117,0.078125,0.0,0.046875,0.0625,2.0000000000000004,0.0,0,0.32291666666666663,0.0,0.23570226039551584,0.5669642857142857
cascade_25_20,Cascade,15,18,0.08,2.0,0.26666666666666666,0.3333333333333333,0.4,3,0.3333333333333333,0.2,0.9090909090909091,1.2,0.90193794880361,1.1001442906807544,2.1,2.0,0.6030226891555273,2.4849066497880004,1.1428571428571428,1.0350983390135313,0.044444444444444446,0.008888888888888889,0.05333333333333334,0.035555555555555556,1.1327014218009477,0.0,0,0.29,0.15,0.3191423692521127,0.6976190476190476
cascade_25_40,Cascade,6,11,0.3055555555555556,2.0,0.16666666666666666,0.16666666666666666,0.6666666666666666,2,0.3333333333333333,0.5,1.0,1.8333333333333333,0.8028873514843499,0.8028873514843499,2.3055555555555554,2.75,0.7071067811865476,2.0794415416798357,1.0833333333333333,0.5633430321756242,0.1111111111111111,0.2222222222222222,0.05555555555555555,0.05555555555555555,1.0338983050847457,0.0,0,0.4777777777777778,0.8222222222222221,0.43410479114721795,0.7164351851851849
cascade_26_10,Cascade,6,4,0.1111111111111111,2.0,0.5,0.5,0.0,1,0.5,0.0,1.0,0.6666666666666666,1.2247448713915892,1.2247448713915892,1.5,1.0,0.0,1.3862943611198906,1.0,0.7745966692414835,0.0,0.0,0.027777777777777776,0.027777777777777776,1.4000000000000001,0.0,0,0.3333333333333333,0.0,0.0,0.3
cascade_26_20,Cascade,16,23,0.08984375,3.0,0.375,0.1875,0.4375,3,0.375,0.25,1.3,1.4375,1.1063202743619944,0.8020138483720005,1.7708333333333333,2.25,0.8563488385776752,2.772588722239781,1.2333333333333334,0.8753431229299421,0.05078125,0.01171875,0.046875,0.08203125,1.8857715430861721,0.0,6,0.34791666666666665,0.1476190476190476,0.41119596982930745,0.44675925925925913
cascade_26_40,Cascade,19,27,0.07479224376731301,2.0,0.42105263157894735,0.21052631578947367,0.3684210526315789,3,0.2631578947368421,0.21052631578947367,1.3636363636363635,1.4210526315789473,1.2033079438035759,0.7890617867296195,1.8026315789473684,2.1,0.6407232755171874,2.995732273553991,1.2285714285714286,1.029514159969846,0.04986149584487535,0.00554016620498615,0.04155124653739612,0.08310249307479224,2.2226148409893995,0.0,1,0.4792397660818713,0.09375,0.38888888888888895,0.6213044184535411
cascade_27_10,Cascade,7,8,0.16326530612244897,2.0,0.2857142857142857,0.2857142857142857,0.42857142857142855,2,0.2857142857142857,0.2857142857142857,1.0,1.1428571428571428,0.9354143466934854,0.7872684844871326,2.071428571428571,2.2,0.8366600265340756,1.6094379124341003,1.3333333333333333,0.8322910148099241,0.10204081632653061,0.02040816326530612,0.04081632653061224,0.061224489795918366,1.507462686567164,0.0,0,0.2785714285714285,0.25,0.5068968775248516,0.6838624338624336
cascade_27_20,Cascade,7,6,0.12244897959183673,2.0,0.14285714285714285,0.5714285714285714,0.2857142857142857,2,0.2857142857142857,0.0,0.5,0.8571428571428571,0.44095855184409843,1.4174834246858972,2.4285714285714284,2.0,0.0,1.3862943611198906,1.3333333333333333,1.2981468272831025,0.08163265306122448,0.0,0.08163265306122448,0.0,0.75,0.0,0,0.48571428571428577,0.0,0.0,0.6190476190476191
cascade_27_40,Cascade,3,2,0.2222222222222222,3.0,0.3333333333333333,0.3333333333333333,0.3333333333333333,2,0.3333333333333333,0.0,1.0,0.6666666666666666,0.8660254037844388,0.8660254037844388,2.0,2.0,0.0,0.0,1.3333333333333333,0.8660254037844386,0.1111111111111111,0.0,0.0,0.0,1.25,0.0,0,0.0,0.0,0.0,1.0
cascade_28_10,Cascade,5,6,0.24,2.0,0.2,0.4,0.4,2,0.4,0.2,0.75,1.2,0.912870929175277,1.0865337342004415,2.1333333333333333,1.75,0.5,1.3862943611198906,1.0,0.74535599249993,0.04,0.08,0.08,0.04,0.5,0.0,0,0.45,0.6666666666666666,0.33333333333333337,0.5888888888888888
cascade_28_20,Cascade,5,5,0.2,2.0,0.4,0.4,0.2,2,0.2,0.4,1.0,1.0,1.0,1.0,1.8,1.5,0.5773502691896257,1.3862943611198906,1.0,0.7071067811865476,0.08,0.0,0.08,0.08,1.5,0.0,0,0.6666666666666666,0.0,0.4472135954999579,0.575
cascade_28_40,Cascade,7,8,0.16326530612244897,2.0,0.2857142857142857,0.42857142857142855,0.2857142857142857,2,0.2857142857142857,0.2857142857142857,0.8,1.1428571428571428,0.7872684844871326,1.28086884574495,2.0,1.6666666666666667,0.5163977794943222,1.791759469228055,1.0,0.973610120462327,0.04081632653061224,0.04081632653061224,0.10204081632653061,0.02040816326530612,1.0,0.0,0,0.4714285714285714,0.6,0.3535533905932738,0.5833333333333334
cascade_29_10,Cascade,6,7,0.19444444444444445,2.0,0.3333333333333333,0.3333333333333333,0.3333333333333333,2,0.3333333333333333,0.3333333333333333,1.0,1.1666666666666667,0.8427360687858644,1.0020387381000104,1.8333333333333333,1.6,0.5477225575051661,1.6094379124341003,1.0,0.4426266681379905,0.05555555555555555,0.027777777777777776,0.08333333333333333,0.05555555555555555,1.4,0.0,1,0.27777777777777773,0.27777777777777773,0.3779644730092272,0.4666666666666667
cascade_29_20,Cascade,3,3,0.3333333333333333,2.0,0.3333333333333333,0.3333333333333333,0.3333333333333333,1,0.3333333333333333,0.3333333333333333,1.0,1.0,1.0,1.0,1.8333333333333333,1.5,0.7071067811865476,0.6931471805599453,1.0,0.0,0.0,0.1111111111111111,0.0,0.0,1.0,0.0,0,0.3333333333333333,1.0,0.408248290463863,0.5833333333333334
cascade_29_40,Cascade,15,19,0.08444444444444445,3.0,0.3333333333333333,0.26666666666666666,0.4,3,0.3333333333333333,0.13333333333333333,1.1,1.2666666666666666,0.9180940667888519,0.86825015406599,1.9833333333333334,2.066666666666667,0.5936168397046636,2.70805020110221,1.2083333333333333,0.8885233166386385,0.057777777777777775,0.008888888888888889,0.04,0.044444444444444446,1.8938906752411577,0.0,2,0.28111111111111114,0.08333333333333333,0.3804429551263411,0.6827380952380953
cascade_2_10,Cascade,4,4,0.25,3.0,0.5,0.25,0.25,2,0.25,0.25,1.5,1.0,1.1547005383792515,0.816496580927726,1.625,1.6666666666666667,0.5773502691896257,1.0986122886681098,1.2,0.816496580927726,0.0625,0.0625,0.0,0.0625,1.6666666666666665,0.0,0,0.375,0.7777777777777777,0.3535533905932738,0.5625
cascade_2_20,Cascade,4,5,0.3125,2.0,0.25,0.5,0.25,1,0.25,0.5,0.6666666666666666,1.25,0.7659416862050705,1.2,2.0,1.5,0.5773502691896257,1.3862943611198906,1.0,0.4618802153517006,0.0,0.125,0.125,0.0,1.0,0.0,0,0.75,0.8333333333333333,0.4472135954999579,0.5
cascade_2_40,Cascade,4,4,0.25,2.0,0.25,0.25,0.5,2,0.25,0.25,1.0,1.0,0.816496580927726,0.816496580927726,2.25,2.5,0.7071067811865476,0.6931471805599453,1.3333333333333333,0.816496580927726,0.125,0.0625,0.0,0.0,1.3529411764705883,0.0,0,0.22916666666666663,0.7777777777777777,0.3535533905932738,1.0833333333333333
cascade_30_10,Cascade,7,13,0.2653061224489796,2.0,0.2857142857142857,0.14285714285714285,0.5714285714285714,2,0.2857142857142857,0.42857142857142855,1.2,1.8571428571428572,1.0509693093291896,0.7882269819968922,1.9714285714285715,2.111111111111111,0.7817359599705717,2.1972245773362196,1.0714285714285714,0.5991446895152781,0.02040816326530612,0.1836734693877551,0.061224489795918366,0.16326530612244897,1.419753086419753,0.0,0,0.4969387755102041,0.7761904761904762,0.5406548735632486,0.5223809523809525
cascade_30_20,Cascade,4,3,0.1875,3.0,0.25,0.5,0.25,2,0.25,0.0,0.6666666666666666,0.75,0.6666666666666666,1.2765694770084508,2.25,2.0,0.0,0.6931471805599453,1.25,1.3333333333333333,0.125,0.0,0.0625,0.0,0.7142857142857142,0.0,0,0.5,0.0,0.0,0.9166666666666666
cascade_30_40,Cascade,8,12,0.1875,3.0,0.25,0.25,0.5,2,0.375,0.125,1.0,1.5,1.0690449676496976,0.7968190728895957,2.125,2.125,0.6408699444616557,2.0794415416798357,1.1428571428571428,0.7968190728895957,0.078125,0.0625,0.0625,0.125,1.0550458715596331,0.0,0,0.4041666666666667,0.3904761904761905,0.408248290463863,0.6964285714285714
cascade_31_10,Cascade,3,3,0.3333333333333333,2.0,0.3333333333333333,0.3333333333333333,0.3333333333333333,1,0.3333333333333333,0.3333333333333333,1.0,1.0,1.0,1.0,1.8333333333333333,1.5,0.7071067811865476,0.6931471805599453,1.0,0.0,0.0,0.1111111111111111,0.0,0.0,1.0,0.0,0,0.3333333333333333,1.0,0.408248290463863,0.5833333333333333
cascade_31_20,Cascade,8,12,0.1875,2.0,0.25,0.25,0.5,3,0.25,0.375,1.0,1.5,0.7968190728895957,0.7968190728895957,2.256944444444444,2.6666666666666665,0.8660254037844387,2.1972245773362196,1.1428571428571428,0.7126966450997984,0.140625,0.046875,0.078125,0.078125,1.3013698630136987,0.0,1,0.37500000000000006,0.42857142857142855,0.3215510250775062,1.0749007936507933
cascade_31_40,Cascade,5,7,0.28,2.0,0.2,0.2,0.6,2,0.4,0.4,1.0,1.4,0.8144110179279558,1.0832679205787932,2.0666666666666664,2.0,0.816496580927726,1.3862943611198906,1.125,0.5976143046671969,0.04,0.12,0.12,0.04,0.8518518518518519,0.0,0,0.42333333333333334,0.7666666666666666,0.4879500364742666,0.4805555555555555
cascade_32_10,Cascade,9,14,0.1728395061728395,3.0,0.3333333333333333,0.2222222222222222,0.4444444444444444,2,0.4444444444444444,0.2222222222222222,1.1666666666666667,1.5555555555555556,1.0714285714285714,1.0220777158038705,1.8074074074074074,1.7,0.48304589153964794,2.302585092994046,1.125,0.8159756899139903,0.024691358024691357,0.06172839506172839,0.1111111111111111,0.12345679012345678,1.6923076923076927,0.0,2,0.36481481481481487,0.39166666666666666,0.3651483716701107,0.4338271604938271
cascade_32_20,Cascade,12,14,0.09722222222222222,3.0,0.25,0.3333333333333333,0.4166666666666667,3,0.3333333333333333,0.3333333333333333,0.8888888888888888,1.1666666666666667,0.8035173141952217,0.955406449753222,2.0416666666666665,1.8888888888888888,0.7817359599705717,2.1972245773362196,1.380952380952381,0.6672848092813053,0.05555555555555555,0.0,0.05555555555555555,0.041666666666666664,1.2328728502960247,0.0,0,0.2916666666666667,0.0,0.4671765921511567,0.5107323232323231
cascade_32_40,Cascade,3,2,0.2222222222222222,2.0,0.3333333333333333,0.3333333333333333,0.3333333333333333,2,0.3333333333333333,0.0,1.0,0.6666666666666666,0.8660254037844388,0.8660254037844388,2.0,2.0,0.0,0.0,1.0,0.8660254037844386,0.1111111111111111,0.0,0.0,0.0,0.5,0.0,0,0.0,0.0,0.0,1.0
cascade_33_10,Cascade,5,7,0.28,2.0,0.2,0.2,0.6,1,0.6,0.2,1.0,1.4,1.0832679205787932,1.083267920578793,1.95,1.75,0.5,1.3862943611198906,1.0,0.7824607964359518,0.0,0.12,0.12,0.12,0.5384615384615385,0.0,0,0.68,0.8,0.32732683535398854,0.38750000000000007
cascade_33_20,Cascade,12,17,0.11805555555555555,3.0,0.4166666666666667,0.08333333333333333,0.5,4,0.25,0.25,1.5714285714285714,1.4166666666666667,1.2210794063616226,0.6355317440318964,1.8770833333333332,3.0,1.0,2.3978952727983707,1.15,0.9906768921419817,0.0763888888888889,0.020833333333333332,0.034722222222222224,0.11805555555555555,1.9259796806966616,0.0,3,0.39513888888888893,0.30666666666666664,0.526224063214409,0.7899384469696968
cascade_33_40,Cascade,4,4,0.25,2.0,0.25,0.25,0.5,2,0.25,0.25,1.0,1.0,0.816496580927726,0.816496580927726,2.25,2.5,0.7071067811865476,0.6931471805599453,1.0,0.816496580927726,0.125,0.0625,0.0,0.0,0.6000000000000001,0.0,0,0.22916666666666666,0.7777777777777778,0.3535533905932738,1.0833333333333333
cascade_34_10,Cascade,5,5,0.2,2.0,0.4,0.2,0.4,2,0.4,0.0,1.3333333333333333,1.0,1.0,0.7071067811865476,1.8,2.0,0.0,1.0986122886681098,1.0,0.7071067811865476,0.12,0.0,0.04,0.08,1.5,0.0,0,0.4666666666666666,0.0,0.0,0.7000000000000001
cascade_34_20,Cascade,13,22,0.1301775147928994,2.0,0.38461538461538464,0.3076923076923077,0.3076923076923077,2,0.38461538461538464,0.23076923076923078,1.125,1.6923076923076923,0.9764795935882198,1.0621201314134474,1.7384615384615385,1.65,0.48936048492959294,2.995732273553991,1.12,0.819443471696361,0.05917159763313609,0.01775147928994083,0.14201183431952663,0.1242603550295858,2.926174496644296,0.0,4,0.48717948717948717,0.11111111111111112,0.3393398225253192,0.41886039886039894
cascade_34_40,Cascade,5,5,0.2,3.0,0.4,0.2,0.4,2,0.2,0.4,1.3333333333333333,1.0,1.0,0.7071067811865476,1.95,2.3333333333333335,0.5773502691896258,1.0986122886681098,1.375,1.0,0.12,0.04,0.0,0.04,2.5294117647058827,0.0,0,0.2333333333333333,0.5555555555555555,0.3535533905932738,0.9500000000000001
cascade_35_10,Cascade,4,3,0.1875,3.0,0.5,0.25,0.25,2,0.25,0.25,1.5,0.75,1.2765694770084508,0.6666666666666666,1.625,1.5,0.7071067811865476,0.6931471805599453,1.25,0.7698003589195009,0.0625,0.0,0.0,0.0625,2.2,0.0,0,0.25,0.0,0.408248290463863,0.5625
cascade_35_20,Cascade,5,4,0.16,2.0,0.4,0.2,0.4,3,0.2,0.2,1.3333333333333333,0.8,1.0458250331675945,0.5590169943749476,2.0,2.5,0.7071067811865476,0.6931471805599453,1.3333333333333333,1.118033988749895,0.12,0.0,0.0,0.04,1.9411764705882355,0.0,0,0.2,0.0,0.3535533905932738,1.125
cascade_35_40,Cascade,10,8,0.08,2.0,0.4,0.4,0.2,2,0.4,0.0,1.0,0.8,0.9860132971832694,1.1486707293408518,1.8,1.6666666666666667,0.5163977794943223,1.791759469228055,1.2,1.2076147288491197,0.04,0.0,0.03,0.02,1.3809523809523812,0.0,0,0.5,0.0,0.0,0.6222222222222222
cascade_36_10,Cascade,3,2,0.2222222222222222,2.0,0.3333333333333333,0.3333333333333333,0.3333333333333333,2,0.3333333333333333,0.0,1.0,0.6666666666666666,0.8660254037844388,0.8660254037844388,2.0,2.0,0.0,0.0,1.0,0.8660254037844386,0.1111111111111111,0.0,0.0,0.0,0.5,0.0,0,0.0,0.0,0.0,1.0
cascade_36_20,Cascade,12,20,0.1388888888888889,3.0,0.3333333333333333,0.25,0.4166666666666667,2,0.3333333333333333,0.25,1.125,1.6666666666666667,1.0018165319240662,0.7385489458759963,1.9194444444444443,2.227272727272727,0.6853444168423419,3.091042453358316,1.2307692307692308,0.7816067367347155,0.09027777777777778,0.041666666666666664,0.0625,0.1111111111111111,2.2238805970149254,0.0,2,0.35509259259259257,0.3277777777777778,0.44534630719624624,0.5778703703703704
cascade_36_40,Cascade,5,4,0.16,3.0,0.2,0.4,0.4,2,0.4,0.0,0.75,0.8,0.5590169943749476,1.0458250331675945,2.2,2.0,0.0,0.6931471805599453,1.2,0.6846531968814575,0.08,0.0,0.04,0.0,0.5000000000000001,0.0,0,0.13333333333333333,0.0,0.0,0.7
cascade_37_10,Cascade,7,6,0.12244897959183673,2.0,0.42857142857142855,0.2857142857142857,0.2857142857142857,2,0.42857142857142855,0.14285714285714285,1.25,0.8571428571428571,1.247219128924647,0.8050764858994132,1.6666666666666665,1.5,0.5773502691896257,1.3862943611198906,1.0,0.881917103688197,0.04081632653061224,0.0,0.02040816326530612,0.061224489795918366,1.1,0.0,0,0.2857142857142857,0.0,0.33333333333333337,0.4444444444444444
cascade_37_20,Cascade,3,2,0.2222222222222222,3.0,0.3333333333333333,0.3333333333333333,0.3333333333333333,2,0.3333333333333333,0.0,1.0,0.6666666666666666,0.8660254037844388,0.8660254037844388,2.0,2.0,0.0,0.0,1.3333333333333333,0.8660254037844386,0.1111111111111111,0.0,0.0,0.0,1.25,0.0,0,0.0,0.0,0.0,1.0
cascade_37_40,Cascade,12,12,0.08333333333333333,2.0,0.25,0.4166666666666667,0.3333333333333333,2,0.3333333333333333,0.08333333333333333,0.7777777777777778,1.0,0.8528028654224418,0.9534625892455924,2.138888888888889,1.8888888888888888,0.3333333333333334,2.1972245773362196,1.25,0.9534625892455922,0.04861111111111111,0.006944444444444444,0.027777777777777776,0.020833333333333332,1.105263157894737,0.0,0,0.38055555555555554,0.2916666666666667,0.23570226039551584,0.6557239057239058
cascade_38_10,Cascade,8,10,0.15625,2.0,0.625,0.25,0.125,2,0.125,0.25,2.0,1.25,1.4658006101006469,0.7091242083423347,1.4375,1.4,0.5163977794943223,2.302585092994046,1.1666666666666667,1.0474458731327634,0.03125,0.03125,0.03125,0.171875,3.5714285714285707,0.0,0,0.7083333333333333,0.4444444444444445,0.3872983346207417,0.3705357142857143
cascade_38_20,Cascade,9,16,0.19753086419753085,2.0,0.2222222222222222,0.2222222222222222,0.5555555555555556,2,0.3333333333333333,0.4444444444444444,1.0,1.7777777777777777,0.8794529549668931,0.8332682266233365,2.143518518518518,2.272727272727273,0.9045340337332909,2.3978952727983707,1.2380952380952381,0.40864677595693816,0.09876543209876543,0.04938271604938271,0.13580246913580246,0.14814814814814814,1.3478260869565215,0.0,1,0.4425925925925926,0.2777777777777778,0.41405431071566223,0.6506558641975309
cascade_38_40,Cascade,11,14,0.11570247933884298,2.0,0.36363636363636365,0.2727272727272727,0.36363636363636365,3,0.36363636363636365,0.18181818181818182,1.1428571428571428,1.2727272727272727,1.2218253323847659,0.9994896656978174,1.8606060606060604,2.3,1.0593499054713802,2.302585092994046,1.3,1.184508853698357,0.05785123966942149,0.01652892561983471,0.06611570247933884,0.09917355371900827,1.7562642369020502,0.0,0,0.48809523809523814,0.38333333333333336,0.48007935851918326,0.6404040404040403
cascade_39_10,Cascade,5,5,0.2,2.0,0.4,0.2,0.4,2,0.4,0.2,1.3333333333333333,1.0,1.224744871391589,0.7071067811865476,1.7333333333333332,1.6666666666666667,0.5773502691896257,1.0986122886681098,1.0,0.7071067811865476,0.04,0.04,0.0,0.08,1.1428571428571428,0.0,0,0.25,0.5833333333333333,0.36514837167011077,0.5222222222222223
cascade_39_20,Cascade,16,18,0.0703125,2.0,0.375,0.375,0.25,2,0.5,0.0,1.0,1.125,1.019965302403467,1.1184939904104814,1.75,1.5714285714285714,0.5135525910130955,2.6390573296152584,1.1,1.0004114379931337,0.03125,0.0,0.05078125,0.04296875,1.4935064935064937,0.0,0,0.4645833333333334,0.0,0.0,0.4666666666666667
cascade_39_40,Cascade,8,9,0.140625,3.0,0.25,0.25,0.5,2,0.375,0.375,1.0,1.125,0.7417981870189156,0.8809166301912132,2.03125,2.0,0.7071067811865476,1.6094379124341003,1.25,0.4114755998989117,0.078125,0.0,0.0625,0.046875,0.9393939393939394,0.0,0,0.26041666666666663,0.0,0.3535533905932738,0.5792410714285714
cascade_3_10,Cascade,10,10,0.1,3.0,0.2,0.4,0.4,2,0.4,0.0,0.75,1.0,0.816496580927726,1.0540925533894598,2.2,2.0,0.0,1.791759469228055,1.1666666666666667,0.9428090415820632,0.06,0.0,0.05,0.03,0.5306122448979591,0.0,0,0.4,0.0,2.432376777795247e-16,0.6222222222222221
cascade_3_20,Cascade,3,2,0.2222222222222222,3.0,0.3333333333333333,0.3333333333333333,0.3333333333333333,2,0.3333333333333333,0.0,1.0,0.6666666666666666,0.8660254037844388,0.8660254037844388,2.0,2.0,0.0,0.0,1.3333333333333333,0.8660254037844388,0.1111111111111111,0.0,0.0,0.0,1.25,0.0,0,0.0,0.0,0.0,1.0
cascade_3_40,Cascade,3,2,0.2222222222222222,2.0,0.3333333333333333,0.3333333333333333,0.3333333333333333,2,0.3333333333333333,0.0,1.0,0.6666666666666666,0.8660254037844388,0.8660254037844388,2.0,2.0,0.0,0.0,1.0,0.8660254037844386,0.1111111111111111,0.0,0.0,0.0,0.5,0.0,0,0.0,0.0,0.0,1.0
cascade_40_10,Cascade,3,2,0.2222222222222222,2.0,0.3333333333333333,0.3333333333333333,0.3333333333333333,2,0.3333333333333333,0.0,1.0,0.6666666666666666,0.8660254037844388,0.8660254037844388,2.0,2.0,0.0,0.0,1.0,0.8660254037844386,0.1111111111111111,0.0,0.0,0.0,0.5,0.0,0,0.0,0.0,0.0,1.0
cascade_40_20,Cascade,7,14,0.2857142857142857,2.0,0.14285714285714285,0.14285714285714285,0.7142857142857143,2,0.2857142857142857,0.42857142857142855,1.0,2.0,0.816496580927726,0.7071067811865476,2.5625,3.111111111111111,1.0540925533894598,2.1972245773362196,1.2222222222222223,0.408248290463863,0.16326530612244897,0.16326530612244897,0.10204081632653061,0.14285714285714285,1.4418604651162792,0.0,0,0.5285714285714286,0.5619047619047619,0.5672747087946854,0.841579861111111
cascade_40_40,Cascade,16,18,0.0703125,2.0,0.3125,0.4375,0.25,3,0.4375,0.125,0.8181818181818182,1.125,0.9669433405677464,1.1646366818982843,1.9375,1.7142857142857142,0.7262730392025629,2.6390573296152584,1.25,1.1006918886522492,0.03515625,0.00390625,0.05078125,0.03515625,1.156149732620321,0.0,0,0.37395833333333334,0.06666666666666667,0.2721655269759087,0.6402777777777777
cascade_41_10,Cascade,6,10,0.2777777777777778,2.0,0.3333333333333333,0.3333333333333333,0.3333333333333333,1,0.3333333333333333,0.3333333333333333,1.0,1.6666666666666667,0.9797958971132712,0.9797958971132712,1.8055555555555554,1.5,0.5345224838248488,2.0794415416798357,1.0,0.3098386676965933,0.0,0.1111111111111111,0.16666666666666666,0.16666666666666666,1.8800000000000001,0.0,0,0.6666666666666666,0.5,0.408248290463863,0.4268518518518518
cascade_41_20,Cascade,9,6,0.07407407407407407,2.0,0.3333333333333333,0.5555555555555556,0.1111111111111111,2,0.5555555555555556,0.0,0.6666666666666666,0.6666666666666666,0.75,1.5,1.7777777777777777,1.2,0.4472135954999579,1.6094379124341003,1.1428571428571428,1.0606601717798214,0.012345679012345678,0.0,0.037037037037037035,0.0,0.6875,0.0,0,0.3333333333333333,0.0,0.0,0.44444444444444453
cascade_41_40,Cascade,5,8,0.32,2.0,0.2,0.4,0.4,1,0.4,0.4,0.75,1.6,0.8385254915624211,1.0458250331675945,2.0666666666666664,1.6666666666666667,0.5163977794943223,1.791759469228055,1.0,0.2795084971874737,0.0,0.16,0.16,0.08,0.875,0.0,0,0.8800000000000001,0.6666666666666666,0.408248290463863,0.4666666666666666
cascade_42_10,Cascade,3,2,0.2222222222222222,2.0,0.3333333333333333,0.3333333333333333,0.3333333333333333,2,0.3333333333333333,0.0,1.0,0.6666666666666666,0.8660254037844388,0.8660254037844388,2.0,2.0,0.0,0.0,1.0,0.8660254037844386,0.1111111111111111,0.0,0.0,0.0,0.5,0.0,0,0.0,0.0,0.0,1.0
cascade_42_20,Cascade,6,9,0.25,2.0,0.16666666666666666,0.16666666666666666,0.6666666666666666,2,0.3333333333333333,0.5,1.0,1.5,0.6992058987801011,0.9189365834726814,2.2916666666666665,2.8,0.8366600265340756,1.6094379124341003,1.25,0.5962847939999439,0.1388888888888889,0.08333333333333333,0.1111111111111111,0.05555555555555555,1.028169014084507,0.0,0,0.4305555555555555,0.47222222222222215,0.4730385101646222,0.6881944444444443
cascade_42_40,Cascade,11,22,0.18181818181818182,3.0,0.2727272727272727,0.09090909090909091,0.6363636363636364,3,0.2727272727272727,0.36363636363636365,1.25,2.0,0.8944271909999159,0.5477225575051661,2.2488636363636365,3.3846153846153846,1.0228166239135177,3.258096538021482,1.2142857142857142,0.5916079783099616,0.19008264462809918,0.049586776859504134,0.09090909090909091,0.17355371900826447,1.9060118543607114,0.0,4,0.38257575757575757,0.21212121212121213,0.6253976008036081,0.9988813920454545
cascade_43_10,Cascade,8,18,0.28125,2.0,0.25,0.25,0.5,3,0.25,0.5,1.0,2.25,0.7789107394530348,0.9123878008380897,2.09375,2.45,0.8870412083230169,2.995732273553991,1.2608695652173914,0.5312127152597305,0.09375,0.21875,0.1875,0.125,1.233502538071066,0.0,1,0.6583333333333333,0.6624999999999999,0.5218970618904426,0.5742807539682538
cascade_43_20,Cascade,7,14,0.2857142857142857,3.0,0.14285714285714285,0.14285714285714285,0.7142857142857143,2,0.2857142857142857,0.5714285714285714,1.0,2.0,0.816496580927726,0.7637626158259734,2.3714285714285714,2.7,0.6749485577105528,2.302585092994046,1.125,0.408248290463863,0.14285714285714285,0.16326530612244897,0.12244897959183673,0.14285714285714285,1.094017094017094,0.0,0,0.5908163265306123,0.5380952380952381,0.38627237696520467,0.6583068783068781
cascade_43_40,Cascade,8,8,0.125,2.0,0.375,0.375,0.25,2,0.25,0.25,1.0,1.0,0.9258200997725514,0.9258200997725514,1.875,1.7142857142857142,0.4879500364742666,1.9459101490553132,1.2727272727272727,0.9258200997725514,0.078125,0.0,0.046875,0.046875,2.2,0.0,0,0.525,0.0,0.3535533905932738,0.625
cascade_44_10,Cascade,8,15,0.234375,3.0,0.25,0.125,0.625,2,0.375,0.375,1.1666666666666667,1.875,0.8757762996245828,0.921007040284692,1.9749999999999999,2.272727272727273,0.6466697906828632,2.3978952727983707,1.0625,0.5520524474738834,0.078125,0.109375,0.15625,0.140625,1.6880000000000002,0.0,0,0.47916666666666663,0.4666666666666666,0.41005871304990965,0.47007936507936493
cascade_44_20,Cascade,8,11,0.171875,3.0,0.25,0.125,0.625,3,0.25,0.375,1.1666666666666667,1.375,0.77138921583987,0.6662730045912032,2.46875,3.142857142857143,0.6900655593423541,1.9459101490553132,1.3529411764705883,0.752798792009841,0.171875,0.015625,0.0625,0.078125,2.0755148741418767,0.0,0,0.39583333333333337,0.09523809523809523,0.48850421045919723,1.3649553571428565
cascade_44_40,Cascade,7,6,0.12244897959183673,3.0,0.42857142857142855,0.14285714285714285,0.42857142857142855,3,0.2857142857142857,0.14285714285714285,1.5,0.8571428571428571,1.2472191289246473,0.4409585518440985,1.8571428571428572,2.0,1.0,1.0986122886681098,1.25,0.8819171036881969,0.061224489795918366,0.0,0.0,0.061224489795918366,1.7631578947368425,0.0,0,0.21428571428571427,0.0,0.5773502691896257,0.8095238095238093
cascade_45_10,Cascade,3,2,0.2222222222222222,3.0,0.3333333333333333,0.3333333333333333,0.3333333333333333,2,0.3333333333333333,0.0,1.0,0.6666666666666666,0.8660254037844388,0.8660254037844388,2.0,2.0,0.0,0.0,1.3333333333333333,0.8660254037844388,0.1111111111111111,0.0,0.0,0.0,1.25,0.0,0,0.0,0.0,0.0,1.0
cascade_45_20,Cascade,5,5,0.2,2.0,0.4,0.2,0.4,3,0.2,0.2,1.3333333333333333,1.0,1.0,0.7071067811865476,2.0,2.6666666666666665,0.5773502691896258,1.0986122886681098,1.0,1.0,0.12,0.04,0.0,0.04,1.5,0.0,0,0.29,0.5555555555555555,0.31622776601683794,1.125
cascade_45_40,Cascade,3,2,0.2222222222222222,3.0,0.3333333333333333,0.3333333333333333,0.3333333333333333,2,0.3333333333333333,0.0,1.0,0.6666666666666666,0.8660254037844388,0.8660254037844388,2.0,2.0,0.0,0.0,1.3333333333333333,0.8660254037844388,0.1111111111111111,0.0,0.0,0.0,1.25,0.0,0,0.0,0.0,0.0,1.0
cascade_46_10,Cascade,4,3,0.1875,2.0,0.25,0.75,0.0,1,0.75,0.0,0.3333333333333333,0.75,0.6666666666666666,2.0,1.75,1.0,0.0,1.0986122886681098,1.0,1.3333333333333333,0.0,0.0,0.1875,0.0,0.3333333333333333,0.0,0,0.75,0.0,0.0,0.25
cascade_46_20,Cascade,3,2,0.2222222222222222,2.0,0.3333333333333333,0.3333333333333333,0.3333333333333333,2,0.3333333333333333,0.0,1.0,0.6666666666666666,0.8660254037844388,0.8660254037844388,2.0,2.0,0.0,0.0,1.0,0.8660254037844386,0.1111111111111111,0.0,0.0,0.0,0.5,0.0,0,0.0,0.0,0.0,1.0
cascade_46_40,Cascade,7,10,0.20408163265306123,3.0,0.2857142857142857,0.14285714285714285,0.5714285714285714,2,0.42857142857142855,0.14285714285714285,1.2,1.4285714285714286,0.7937253933193772,0.6831300510639732,2.0476190476190474,2.5,0.5477225575051661,1.791759469228055,1.2857142857142858,0.2645751311064591,0.14285714285714285,0.02040816326530612,0.08163265306122448,0.10204081632653061,2.0309278350515463,0.0,0,0.46190476190476193,0.14285714285714285,0.25819888974716115,0.7936507936507936
cascade_47_10,Cascade,3,3,0.3333333333333333,2.0,0.3333333333333333,0.3333333333333333,0.3333333333333333,1,0.3333333333333333,0.3333333333333333,1.0,1.0,1.0,1.0,1.8333333333333333,1.5,0.7071067811865476,0.6931471805599453,1.0,0.0,0.0,0.1111111111111111,0.0,0.0,1.0,0.0,0,0.3333333333333333,1.0,0.408248290463863,0.5833333333333333
cascade_47_20,Cascade,6,6,0.16666666666666666,3.0,0.3333333333333333,0.3333333333333333,0.3333333333333333,2,0.3333333333333333,0.16666666666666666,1.0,1.0,1.0954451150103321,0.8944271909999159,1.9444444444444444,1.75,0.5,1.3862943611198906,1.25,0.8944271909999159,0.05555555555555555,0.027777777777777776,0.027777777777777776,0.05555555555555555,1.3684210526315792,0.0,0,0.2638888888888889,0.41666666666666663,0.33333333333333337,0.6851851851851851
cascade_47_40,Cascade,7,7,0.14285714285714285,1.0,0.2857142857142857,0.2857142857142857,0.42857142857142855,3,0.2857142857142857,0.0,1.0,1.0,0.816496580927726,0.816496580927726,2.2857142857142856,2.75,0.5,1.3862943611198906,1.125,1.0,0.12244897959183673,0.0,0.04081632653061224,0.04081632653061224,1.0999999999999999,0.0,0,0.38095238095238093,0.0,0.0,1.2380952380952381
cascade_48_10,Cascade,6,7,0.19444444444444445,3.0,0.3333333333333333,0.16666666666666666,0.5,2,0.3333333333333333,0.16666666666666666,1.25,1.1666666666666667,1.0020387381000104,0.6452337023220693,2.0555555555555554,2.25,0.5,1.3862943611198906,1.125,0.6998542122237651,0.1111111111111111,0.027777777777777776,0.027777777777777776,0.08333333333333333,1.2222222222222223,0.0,0,0.4166666666666667,0.3333333333333333,0.3086066999241838,0.9518518518518514
cascade_48_20,Cascade,3,2,0.2222222222222222,3.0,0.3333333333333333,0.3333333333333333,0.3333333333333333,2,0.3333333333333333,0.0,1.0,0.6666666666666666,0.8660254037844388,0.8660254037844388,2.0,2.0,0.0,0.0,1.3333333333333333,0.8660254037844388,0.1111111111111111,0.0,0.0,0.0,1.25,0.0,0,0.0,0.0,0.0,1.0
cascade_48_40,Cascade,19,19,0.05263157894736842,2.0,0.3157894736842105,0.3684210526315789,0.3157894736842105,3,0.3684210526315789,0.15789473684210525,0.9230769230769231,1.0,0.8819171036881969,0.9428090415820634,1.9385964912280702,1.6923076923076923,0.6304251719561151,2.5649493574615367,1.173913043478261,0.7453559924999299,0.024930747922437674,0.0,0.0221606648199446,0.019390581717451522,1.103321033210332,0.0,1,0.293859649122807,0.0,0.2961744388795462,0.5994152046783625
cascade_49_10,Cascade,3,2,0.2222222222222222,3.0,0.3333333333333333,0.3333333333333333,0.3333333333333333,2,0.3333333333333333,0.0,1.0,0.6666666666666666,0.8660254037844388,0.8660254037844388,2.0,2.0,0.0,0.0,1.3333333333333333,0.8660254037844388,0.1111111111111111,0.0,0.0,0.0,1.25,0.0,0,0.0,0.0,0.0,1.0
cascade_49_20,Cascade,8,9,0.140625,3.0,0.125,0.5,0.375,2,0.375,0.0,0.5714285714285714,1.125,0.569662172854805,1.2055134949871444,2.375,2.0,0.0,1.791759469228055,1.25,0.9200874124564723,0.09375,0.0,0.109375,0.03125,0.6551724137931034,0.0,0,0.425,0.0,0.0,0.5535714285714286
cascade_49_40,Cascade,6,7,0.19444444444444445,2.0,0.16666666666666666,0.3333333333333333,0.5,2,0.3333333333333333,0.16666666666666666,0.8,1.1666666666666667,0.8427360687858643,1.0020387381000104,2.388888888888889,2.5,0.5773502691896257,1.3862943611198906,1.0,1.0380515499762828,0.1111111111111111,0.05555555555555555,0.05555555555555555,0.027777777777777776,0.38461538461538464,0.0,0,0.34722222222222215,0.5833333333333333,0.3086066999241838,0.8629629629629628
cascade_4_10,Cascade,5,4,0.16,2.0,0.4,0.4,0.2,2,0.4,0.0,1.0,0.8,1.0458250331675945,1.0458250331675945,1.8,1.6666666666666667,0.5773502691896257,1.0986122886681098,1.0,1.1180339887498947,0.08,0.0,0.04,0.04,1.0,0.0,0,0.3333333333333333,0.0,0.0,0.7000000000000001
cascade_4_20,Cascade,9,13,0.16049382716049382,2.0,0.2222222222222222,0.2222222222222222,0.5555555555555556,2,0.4444444444444444,0.2222222222222222,1.0,1.4444444444444444,1.044852131323548,1.0448521313235482,2.033333333333333,1.75,0.7071067811865476,2.0794415416798357,1.0714285714285714,0.8076923076923077,0.037037037037037035,0.037037037037037035,0.1111111111111111,0.1111111111111111,0.7500000000000002,0.0,0,0.40740740740740744,0.2740740740740741,0.5038314736557788,0.4850000000000001
cascade_4_40,Cascade,9,10,0.12345679012345678,2.0,0.2222222222222222,0.4444444444444444,0.3333333333333333,2,0.3333333333333333,0.0,0.7142857142857143,1.1111111111111112,0.7035623639735145,1.1423659658795862,2.2222222222222223,2.0,0.0,2.1972245773362196,1.375,1.171537451385998,0.1111111111111111,0.0,0.08641975308641975,0.037037037037037035,1.903225806451613,0.0,0,0.5518518518518518,0.0,0.0,0.6944444444444444
cascade_50_10,Cascade,4,3,0.1875,2.0,0.5,0.25,0.25,2,0.25,0.0,1.5,0.75,1.2765694770084508,0.6666666666666666,1.75,2.0,0.0,0.6931471805599453,1.4,1.3333333333333333,0.125,0.0,0.0,0.0625,1.8571428571428572,0.0,0,0.5,0.0,0.0,0.9166666666666666
cascade_50_20,Cascade,7,9,0.1836734693877551,2.0,0.2857142857142857,0.2857142857142857,0.42857142857142855,2,0.2857142857142857,0.2857142857142857,1.0,1.2857142857142858,0.8654312181887348,1.073435314532551,2.0,2.1666666666666665,0.752772652709081,1.791759469228055,1.0,0.8819171036881969,0.061224489795918366,0.061224489795918366,0.08163265306122448,0.04081632653061224,1.0999999999999999,0.0,0,0.3523809523809524,0.5833333333333334,0.41573970964154905,0.5925925925925926
cascade_50_40,Cascade,10,17,0.17,2.0,0.3,0.1,0.6,2,0.3,0.3,1.2857142857142858,1.7,1.2416580548225542,0.7867608881466227,1.980952380952381,2.1818181818181817,0.7507571935295483,2.3978952727983707,1.0555555555555556,0.9280125149960183,0.04,0.08,0.06,0.18,1.2500000000000002,0.0,0,0.355,0.5873015873015873,0.5158550596602023,0.5900478710002519
cascade_51_10,Cascade,6,7,0.19444444444444445,2.0,0.3333333333333333,0.3333333333333333,0.3333333333333333,2,0.3333333333333333,0.16666666666666666,1.0,1.1666666666666667,1.261680123761121,0.8427360687858643,1.9166666666666667,1.6,0.5477225575051661,1.6094379124341003,1.0,0.885253336275981,0.027777777777777776,0.05555555555555555,0.027777777777777776,0.1111111111111111,0.8461538461538463,0.0,0,0.2916666666666667,0.7333333333333334,0.3779644730092272,0.6416666666666666
cascade_51_20,Cascade,7,6,0.12244897959183673,1.0,0.42857142857142855,0.2857142857142857,0.2857142857142857,2,0.42857142857142855,0.0,1.25,0.8571428571428571,1.0496913126495102,0.8050764858994132,1.7142857142857142,1.75,0.5,1.3862943611198906,1.0,0.881917103688197,0.061224489795918366,0.0,0.02040816326530612,0.04081632653061224,1.3333333333333333,0.0,0,0.2738095238095238,0.0,0.0,0.5714285714285715
cascade_51_40,Cascade,9,12,0.14814814814814814,3.0,0.2222222222222222,0.1111111111111111,0.6666666666666666,3,0.3333333333333333,0.1111111111111111,1.1428571428571428,1.3333333333333333,0.9921567416492215,0.649519052838329,2.3333333333333335,3.0,0.6324555320336759,1.791759469228055,1.4761904761904763,0.8385254915624212,0.1111111111111111,0.024691358024691357,0.037037037037037035,0.08641975308641975,1.3297380585516179,0.0,0,0.24365079365079367,0.19166666666666665,0.408248290463863,1.0000000000000002
cascade_52_10,Cascade,5,6,0.24,2.0,0.2,0.4,0.4,2,0.4,0.2,0.75,1.2,0.912870929175277,1.0865337342004415,2.1333333333333333,1.75,0.5,1.3862943611198906,1.1428571428571428,0.7453559924999299,0.04,0.08,0.08,0.04,0.875,0.0,0,0.45,0.6666666666666666,0.33333333333333337,0.5888888888888888
cascade_52_20,Cascade,7,9,0.1836734693877551,2.0,0.2857142857142857,0.14285714285714285,0.5714285714285714,2,0.2857142857142857,0.2857142857142857,1.2,1.2857142857142858,0.865431218188735,0.7398142353865991,2.0952380952380953,2.4,0.8944271909999159,1.6094379124341003,1.1,0.41573970964154894,0.10204081632653061,0.02040816326530612,0.061224489795918366,0.08163265306122448,1.625,0.0,0,0.25,0.23809523809523808,0.5443310539518174,0.7579365079365079
cascade_52_40,Cascade,10,11,0.11,2.0,0.3,0.3,0.4,3,0.3,0.1,1.0,1.1,0.9040262963743211,0.9040262963743211,2.0666666666666664,2.142857142857143,0.8997354108424372,1.9459101490553132,1.3125,0.835396894066074,0.07,0.0,0.05,0.05,1.8093645484949836,0.0,0,0.2866666666666667,0.0,0.4923659639173309,0.7111111111111109
cascade_53_10,Cascade,7,6,0.12244897959183673,3.0,0.2857142857142857,0.42857142857142855,0.2857142857142857,2,0.42857142857142855,0.0,0.8,0.8571428571428571,0.8050764858994132,1.0496913126495102,2.0,1.75,0.5,1.3862943611198906,1.25,0.881917103688197,0.061224489795918366,0.0,0.04081632653061224,0.02040816326530612,0.9534883720930232,0.0,0,0.3333333333333333,0.0,0.0,0.6666666666666666
cascade_53_20,Cascade,7,10,0.20408163265306123,1.0,0.2857142857142857,0.14285714285714285,0.5714285714285714,2,0.2857142857142857,0.2857142857142857,1.2,1.4285714285714286,0.8906926143924924,0.6831300510639733,2.1587301587301586,2.5,1.224744871391589,1.791759469228055,1.0909090909090908,0.48304589153964794,0.14285714285714285,0.02040816326530612,0.08163265306122448,0.12244897959183673,1.8000000000000003,0.0,0,0.46904761904761905,0.21428571428571427,0.6554613868334499,0.8677248677248676
cascade_53_40,Cascade,6,11,0.3055555555555556,2.0,0.16666666666666666,0.16666666666666666,0.6666666666666666,2,0.3333333333333333,0.5,1.0,1.8333333333333333,0.8028873514843499,0.9394916860191865,2.222222222222222,2.5714285714285716,0.9759000729485333,1.9459101490553132,1.1538461538461537,0.5633430321756243,0.05555555555555555,0.2222222222222222,0.1111111111111111,0.05555555555555555,1.074074074074074,0.0,0,0.4166666666666667,0.8666666666666666,0.559863349128133,0.5275462962962962
cascade_54_10,Cascade,6,6,0.16666666666666666,3.0,0.5,0.16666666666666666,0.3333333333333333,2,0.16666666666666666,0.3333333333333333,1.6666666666666667,1.0,1.2649110640673518,0.6324555320336759,1.75,2.25,0.5,1.3862943611198906,1.1428571428571428,1.2649110640673518,0.1111111111111111,0.027777777777777776,0.0,0.08333333333333333,2.5294117647058827,0.0,0,0.45555555555555555,0.5,0.3469443332443555,0.8194444444444441
cascade_54_20,Cascade,9,13,0.16049382716049382,3.0,0.3333333333333333,0.2222222222222222,0.4444444444444444,2,0.3333333333333333,0.2222222222222222,1.1666666666666667,1.4444444444444444,0.9230769230769232,0.8557152100494995,2.0,2.3636363636363638,0.6741998624632421,2.3978952727983707,1.380952380952381,0.944463781369898,0.13580246913580246,0.024691358024691357,0.08641975308641975,0.09876543209876543,2.231187669990934,0.0,0,0.6425925925925926,0.17142857142857143,0.392232270276368,0.7499999999999998
cascade_54_40,Cascade,21,23,0.05215419501133787,1.0,0.23809523809523808,0.2857142857142857,0.47619047619047616,4,0.3333333333333333,0.14285714285714285,0.9375,1.0952380952380953,0.7586925376789194,0.8117753421046672,2.317460317460317,2.7142857142857144,0.726273039202563,2.6390573296152584,1.4166666666666667,0.9408800128006295,0.047619047619047616,0.0,0.02040816326530612,0.018140589569160998,1.1407766990291264,0.0,1,0.18412698412698414,0.0,0.26919095102908275,0.9802910052910052
cascade_55_10,Cascade,6,5,0.1388888888888889,3.0,0.16666666666666666,0.5,0.3333333333333333,2,0.3333333333333333,0.0,0.6,0.8333333333333334,0.4898979485566356,1.17983049630021,2.3333333333333335,2.0,0.0,1.0986122886681098,1.375,0.9797958971132712,0.08333333333333333,0.0,0.05555555555555555,0.0,1.0,0.0,0,0.4166666666666667,0.0,0.0,0.6666666666666666
cascade_55_20,Cascade,5,6,0.24,2.0,0.2,0.4,0.4,2,0.4,0.2,0.75,1.2,0.9128709291752768,1.0865337342004415,2.1333333333333333,1.75,0.5,1.3862943611198906,1.1428571428571428,0.7453559924999299,0.04,0.08,0.08,0.04,0.875,0.0,0,0.45,0.6666666666666666,0.33333333333333337,0.5888888888888888
cascade_55_40,Cascade,8,13,0.203125,2.0,0.25,0.25,0.5,3,0.25,0.375,1.0,1.625,0.8663913557989902,0.8015201111565042,2.244791666666667,2.2222222222222223,1.2018504251546631,2.1972245773362196,1.1333333333333333,0.4351426345763369,0.09375,0.0625,0.09375,0.109375,1.4615384615384617,0.0,1,0.3479166666666667,0.4583333333333333,0.5787364663090597,0.8781932043650793
cascade_56_10,Cascade,5,4,0.16,2.0,0.4,0.4,0.2,1,0.4,0.2,1.0,0.8,1.0458250331675945,1.0458250331675945,1.7,1.3333333333333333,0.5773502691896257,1.0986122886681098,1.0,0.6846531968814576,0.0,0.04,0.0,0.0,1.0,0.0,0,0.2,1.0,0.3535533905932738,0.45000000000000007
cascade_56_20,Cascade,8,19,0.296875,2.0,0.25,0.125,0.625,2,0.25,0.375,1.1666666666666667,2.375,0.8698439015927563,0.634080259919038,2.3175,3.1904761904761907,1.030487633067356,3.044522437723423,1.1363636363636365,0.43583087958464467,0.171875,0.234375,0.09375,0.203125,1.2310756972111552,0.0,1,0.6547619047619048,0.6291666666666667,0.6203564340467163,0.9428785714285713
cascade_56_40,Cascade,6,7,0.19444444444444445,1.0,0.3333333333333333,0.3333333333333333,0.3333333333333333,2,0.3333333333333333,0.0,1.0,1.1666666666666667,0.8427360687858644,0.8427360687858644,2.0,2.0,0.0,1.791759469228055,1.2222222222222223,0.885253336275981,0.16666666666666666,0.0,0.08333333333333333,0.08333333333333333,1.7692307692307696,0.0,0,0.75,0.0,0.0,0.8
cascade_57_10,Cascade,7,5,0.10204081632653061,2.0,0.42857142857142855,0.5714285714285714,0.0,1,0.5714285714285714,0.0,0.75,0.7142857142857143,1.058300524425836,1.3316656236958784,1.5714285714285714,1.0,0.0,1.6094379124341003,1.0,0.7483314773547883,0.0,0.0,0.04081632653061224,0.02040816326530612,0.9999999999999999,0.0,0,0.3095238095238095,0.0,0.0,0.2857142857142857
cascade_57_20,Cascade,3,2,0.2222222222222222,3.0,0.3333333333333333,0.3333333333333333,0.3333333333333333,2,0.3333333333333333,0.0,1.0,0.6666666666666666,0.8660254037844388,0.8660254037844388,2.0,2.0,0.0,0.0,1.3333333333333333,0.8660254037844386,0.1111111111111111,0.0,0.0,0.0,1.25,0.0,0,0.0,0.0,0.0,1.0
cascade_57_40,Cascade,6,7,0.19444444444444445,1.0,0.3333333333333333,0.3333333333333333,0.3333333333333333,2,0.3333333333333333,0.0,1.0,1.1666666666666667,0.8427360687858643,0.8427360687858643,2.0,2.0,0.0,1.791759469228055,1.0,0.885253336275981,0.16666666666666666,0.0,0.08333333333333333,0.08333333333333333,1.4,0.0,0,0.75,0.0,0.0,0.8
cascade_58_10,Cascade,5,3,0.12,2.0,0.4,0.4,0.2,2,0.4,0.0,1.0,0.6,0.912870929175277,0.912870929175277,1.8,1.5,0.7071067811865476,0.6931471805599453,1.0,0.7453559924999299,0.04,0.0,0.0,0.0,0.6666666666666666,0.0,0,0.0,0.0,0.0,0.7000000000000001
cascade_58_20,Cascade,10,13,0.13,1.0,0.2,0.3,0.5,3,0.4,0.2,0.875,1.3,0.8148845426702924,0.8919244682526197,2.2777777777777777,2.4,0.8432740427115679,2.302585092994046,1.368421052631579,0.9730085108210398,0.11,0.02,0.06,0.05,1.0,0.0,0,0.35333333333333333,0.17916666666666664,0.37742567804819854,0.7880658436213991
cascade_58_40,Cascade,11,11,0.09090909090909091,2.0,0.36363636363636365,0.18181818181818182,0.45454545454545453,4,0.18181818181818182,0.2727272727272727,1.2857142857142858,1.0,0.8944271909999159,0.6324555320336759,2.159090909090909,2.6666666666666665,1.0327955589886444,1.791759469228055,1.3125,0.7745966692414834,0.06611570247933884,0.0,0.01652892561983471,0.03305785123966942,2.4920634920634916,0.0,0,0.2757575757575758,0.0,0.31980107453341566,1.253409090909091
cascade_59_10,Cascade,6,4,0.1111111111111111,2.0,0.3333333333333333,0.5,0.16666666666666666,2,0.5,0.0,0.75,0.6666666666666666,0.7745966692414835,1.2247448713915892,1.8333333333333333,1.3333333333333333,0.5773502691896257,1.0986122886681098,1.0,0.7745966692414833,0.027777777777777776,0.0,0.027777777777777776,0.0,0.5,0.0,0,0.3333333333333333,0.0,0.0,0.5666666666666667
cascade_59_20,Cascade,10,13,0.13,2.0,0.5,0.2,0.3,3,0.2,0.2,1.6,1.3,1.1495647062287127,0.7297563831157798,1.75,2.2857142857142856,0.7262730392025629,2.6390573296152584,1.6296296296296295,1.2135548273024854,0.12,0.02,0.04,0.1,4.02092050209205,0.0,1,0.5,0.23809523809523808,0.4385290096535146,0.736111111111111
cascade_59_40,Cascade,7,11,0.22448979591836735,2.0,0.2857142857142857,0.14285714285714285,0.5714285714285714,2,0.2857142857142857,0.2857142857142857,1.2,1.5714285714285714,1.0934314274344679,0.721568539381252,2.125,2.4285714285714284,0.5345224838248487,1.9459101490553132,1.2142857142857142,0.8560270843530627,0.10204081632653061,0.10204081632653061,0.04081632653061224,0.14285714285714285,1.5846153846153845,0.0,0,0.464625850340136,0.6222222222222221,0.39167472590032015,0.8385416666666666
cascade_5_10,Cascade,3,2,0.2222222222222222,3.0,0.3333333333333333,0.3333333333333333,0.3333333333333333,2,0.3333333333333333,0.0,1.0,0.6666666666666666,0.8660254037844388,0.8660254037844388,2.0,2.0,0.0,0.0,1.3333333333333333,0.8660254037844386,0.1111111111111111,0.0,0.0,0.0,1.25,0.0,0,0.0,0.0,0.0,1.0
cascade_5_20,Cascade,6,8,0.2222222222222222,2.0,0.5,0.16666666666666666,0.3333333333333333,2,0.16666666666666666,0.3333333333333333,1.6666666666666667,1.3333333333333333,1.3133925536563698,0.6123724356957946,1.611111111111111,1.8333333333333333,0.752772652709081,1.791759469228055,1.2,0.9082951062292475,0.05555555555555555,0.08333333333333333,0.0,0.16666666666666666,3.307692307692308,0.0,0,0.5555555555555555,0.8277777777777778,0.4732423621500228,0.46574074074074073
cascade_5_40,Cascade,5,4,0.16,2.0,0.2,0.4,0.4,2,0.4,0.0,0.75,0.8,0.5590169943749473,1.0458250331675945,2.2,2.0,0.0,0.6931471805599453,1.0,0.6846531968814575,0.08,0.0,0.04,0.0,0.25,0.0,0,0.13333333333333333,0.0,0.0,0.7
cascade_60_10,Cascade,4,5,0.3125,3.0,0.25,0.25,0.5,2,0.25,0.5,1.0,1.25,0.7659416862050705,0.7659416862050705,2.1875,2.3333333333333335,0.5773502691896258,1.0986122886681098,1.1666666666666667,0.4618802153517006,0.125,0.125,0.0,0.0,1.2857142857142856,0.0,0,0.375,0.8333333333333333,0.3535533905932738,0.890625
cascade_60_20,Cascade,3,2,0.2222222222222222,3.0,0.3333333333333333,0.3333333333333333,0.3333333333333333,2,0.3333333333333333,0.0,1.0,0.6666666666666666,0.8660254037844388,0.8660254037844388,2.0,2.0,0.0,0.0,1.3333333333333333,0.8660254037844388,0.1111111111111111,0.0,0.0,0.0,1.25,0.0,0,0.0,0.0,0.0,1.0
cascade_60_40,Cascade,6,7,0.19444444444444445,3.0,0.16666666666666666,0.16666666666666666,0.6666666666666666,2,0.3333333333333333,0.16666666666666666,1.0,1.1666666666666667,0.8427360687858643,0.6452337023220693,2.444444444444444,2.6666666666666665,0.5773502691896258,1.0986122886681098,1.3636363636363635,0.4426266681379904,0.1111111111111111,0.027777777777777776,0.027777777777777776,0.05555555555555555,1.1355932203389831,0.0,0,0.23611111111111108,0.27777777777777773,0.3086066999241838,0.9185185185185185
cascade_61_10,Cascade,8,9,0.140625,2.0,0.5,0.25,0.25,2,0.25,0.25,1.5,1.125,1.2055134949871444,0.7417981870189156,1.6388888888888888,1.7142857142857142,0.7559289460184545,1.9459101490553132,1.1,0.9200874124564723,0.0625,0.015625,0.03125,0.09375,2.934426229508197,0.0,1,0.29583333333333334,0.13888888888888887,0.4255231590028169,0.5246913580246912
cascade_61_20,Cascade,12,13,0.09027777777777778,2.0,0.3333333333333333,0.25,0.4166666666666667,2,0.3333333333333333,0.16666666666666666,1.125,1.0833333333333333,1.0002689256469217,1.0002689256469217,1.9259259259259258,2.0,0.5345224838248488,2.0794415416798357,1.1875,1.0288992535803927,0.041666666666666664,0.013888888888888888,0.034722222222222224,0.034722222222222224,1.2600896860986546,0.0,0,0.24305555555555558,0.25,0.3540566696958628,0.6045641601197157
cascade_61_40,Cascade,6,8,0.2222222222222222,3.0,0.3333333333333333,0.16666666666666666,0.5,3,0.3333333333333333,0.3333333333333333,1.25,1.3333333333333333,0.9082951062292476,0.7745966692414835,2.0,2.6,0.5477225575051661,1.6094379124341003,1.2,0.7745966692414833,0.1111111111111111,0.08333333333333333,0.027777777777777776,0.05555555555555555,2.0769230769230766,0.0,0,0.37777777777777777,0.6333333333333333,0.3333333333333333,0.8444444444444443
cascade_62_10,Cascade,3,3,0.3333333333333333,2.0,0.3333333333333333,0.3333333333333333,0.3333333333333333,1,0.3333333333333333,0.3333333333333333,1.0,1.0,1.0,1.0,1.8333333333333333,1.5,0.7071067811865476,0.6931471805599453,1.0,0.0,0.0,0.1111111111111111,0.0,0.0,1.0,0.0,0,0.3333333333333333,1.0,0.408248290463863,0.5833333333333333
cascade_62_20,Cascade,8,11,0.171875,2.0,0.375,0.25,0.375,2,0.25,0.25,1.2,1.375,1.0952295398601566,0.9472510404576867,1.875,2.125,0.6408699444616557,2.0794415416798357,1.2142857142857142,1.009985563388238,0.0625,0.0625,0.0625,0.09375,1.796116504854369,0.0,0,0.39583333333333337,0.5777777777777777,0.3843530573929037,0.6428571428571429
cascade_62_40,Cascade,15,18,0.08,3.0,0.4666666666666667,0.26666666666666666,0.26666666666666666,2,0.26666666666666666,0.2,1.375,1.2,1.2279806626883454,0.9019379488036099,1.6833333333333333,1.6428571428571428,0.4972451580988468,2.6390573296152584,1.28,1.0350983390135313,0.035555555555555556,0.0044444444444444444,0.04,0.07111111111111111,2.696098562628337,0.0,0,0.3179365079365079,0.0606060606060606,0.31180478223116176,0.5041666666666667
cascade_63_10,Cascade,5,4,0.16,2.0,0.4,0.4,0.2,1,0.4,0.2,1.0,0.8,1.0458250331675945,1.0458250331675945,1.7,1.3333333333333333,0.5773502691896257,1.0986122886681098,1.0,0.6846531968814575,0.0,0.04,0.0,0.0,1.0,0.0,0,0.2,1.0,0.3535533905932738,0.45
cascade_63_20,Cascade,9,14,0.1728395061728395,3.0,0.3333333333333333,0.3333333333333333,0.3333333333333333,2,0.3333333333333333,0.2222222222222222,1.0,1.5555555555555556,0.8571428571428571,0.970219836229009,1.8888888888888888,1.75,0.45226701686664544,2.4849066497880004,1.263157894736842,0.5965461817317881,0.07407407407407407,0.037037037037037035,0.12345679012345678,0.09876543209876543,1.3984771573604062,0.0,0,0.4851851851851852,0.29166666666666663,0.30860669992418377,0.5555555555555556
cascade_63_40,Cascade,7,7,0.14285714285714285,2.0,0.42857142857142855,0.2857142857142857,0.2857142857142857,2,0.2857142857142857,0.14285714285714285,1.25,1.0,1.0,0.816496580927726,1.7857142857142858,1.8,0.4472135954999579,1.6094379124341003,1.125,0.816496580927726,0.061224489795918366,0.02040816326530612,0.02040816326530612,0.04081632653061224,2.111111111111111,0.0,0,0.29047619047619044,0.4666666666666667,0.2672612419124244,0.6547619047619047
cascade_64_10,Cascade,7,9,0.1836734693877551,2.0,0.42857142857142855,0.2857142857142857,0.2857142857142857,1,0.42857142857142855,0.14285714285714285,1.25,1.2857142857142858,1.3995884168660138,0.974996043043569,1.6285714285714283,1.4285714285714286,0.5345224838248488,1.9459101490553132,1.0,1.0867704260089783,0.0,0.061224489795918366,0.061224489795918366,0.16326530612244897,1.5925925925925928,0.0,0,0.5,0.5933333333333333,0.36514837167011077,0.3657142857142855
cascade_64_20,Cascade,11,13,0.10743801652892562,2.0,0.45454545454545453,0.2727272727272727,0.2727272727272727,2,0.2727272727272727,0.18181818181818182,1.3333333333333333,1.1818181818181819,1.3008872711759818,0.9127628907194664,1.718181818181818,1.6,0.5163977794943223,2.302585092994046,1.0,1.0884003788199381,0.04132231404958678,0.008264462809917356,0.049586776859504134,0.09917355371900827,1.9729729729729728,0.0,0,0.4696969696969697,0.10952380952380951,0.3616202853397895,0.5536363636363635
cascade_64_40,Cascade,4,5,0.3125,2.0,0.25,0.5,0.25,1,0.25,0.5,0.6666666666666666,1.25,0.7659416862050705,1.2,2.0,1.5,0.5773502691896257,1.3862943611198906,1.0,0.4618802153517006,0.0,0.125,0.125,0.0,1.0,0.0,0,0.75,0.8333333333333333,0.4472135954999579,0.5
cascade_65_10,Cascade,8,20,0.3125,2.0,0.25,0.125,0.625,3,0.25,0.5,1.1666666666666667,2.5,0.9319717960171481,0.7406560798180412,2.140873015873016,2.875,1.034723235417589,3.1780538303479458,1.0909090909090908,0.5237229365663817,0.0625,0.328125,0.09375,0.203125,2.376884422110553,0.0,1,0.578968253968254,0.7523809523809524,0.5936168397046636,0.6529667422524564
cascade_65_20,Cascade,7,10,0.20408163265306123,2.0,0.42857142857142855,0.14285714285714285,0.42857142857142855,2,0.14285714285714285,0.42857142857142855,1.5,1.4285714285714286,1.1328430311977618,0.7937253933193772,1.8571428571428572,2.2857142857142856,0.48795003647426655,1.9459101490553132,1.2307692307692308,1.02469507659596,0.10204081632653061,0.08163265306122448,0.04081632653061224,0.12244897959183673,2.7611940298507465,0.0,0,0.6,0.5733333333333333,0.37080992435478316,0.7886904761904759
cascade_65_40,Cascade,4,4,0.25,2.0,0.25,0.25,0.5,2,0.25,0.25,1.0,1.0,0.816496580927726,0.816496580927726,2.25,2.5,0.7071067811865476,0.6931471805599453,1.3333333333333333,0.816496580927726,0.125,0.0625,0.0,0.0,1.3529411764705883,0.0,0,0.22916666666666663,0.7777777777777777,0.3535533905932738,1.0833333333333333
cascade_66_10,Cascade,3,2,0.2222222222222222,3.0,0.3333333333333333,0.3333333333333333,0.3333333333333333,2,0.3333333333333333,0.0,1.0,0.6666666666666666,0.8660254037844388,0.8660254037844388,2.0,2.0,0.0,0.0,1.3333333333333333,0.8660254037844388,0.1111111111111111,0.0,0.0,0.0,1.25,0.0,0,0.0,0.0,0.0,1.0
cascade_66_20,Cascade,3,2,0.2222222222222222,3.0,0.3333333333333333,0.3333333333333333,0.3333333333333333,2,0.3333333333333333,0.0,1.0,0.6666666666666666,0.8660254037844388,0.8660254037844388,2.0,2.0,0.0,0.0,1.3333333333333333,0.8660254037844388,0.1111111111111111,0.0,0.0,0.0,1.25,0.0,0,0.0,0.0,0.0,1.0
cascade_66_40,Cascade,8,8,0.125,3.0,0.25,0.375,0.375,2,0.375,0.125,0.8333333333333334,1.0,0.7559289460184544,1.0690449676496976,2.1875,2.2,0.8366600265340756,1.6094379124341003,1.3333333333333333,1.0690449676496976,0.078125,0.015625,0.046875,0.015625,1.1333333333333335,0.0,0,0.29166666666666663,0.3,0.25,0.8526785714285714
cascade_67_10,Cascade,6,4,0.1111111111111111,2.0,0.3333333333333333,0.6666666666666666,0.0,1,0.6666666666666666,0.0,0.5,0.6666666666666666,0.7745966692414835,1.549193338482967,1.6666666666666667,1.0,0.0,1.3862943611198906,1.0,0.7745966692414835,0.0,0.0,0.05555555555555555,0.0,0.5,0.0,0,0.6666666666666666,0.0,0.0,0.2666666666666667
cascade_67_20,Cascade,8,17,0.265625,2.0,0.25,0.125,0.625,2,0.25,0.5,1.1666666666666667,2.125,0.9220750739055599,0.5865522140038706,2.175,2.823529411764706,0.7276068751089989,2.833213344056216,1.15,0.5482187035394988,0.15625,0.1875,0.046875,0.171875,2.1236442516268985,0.0,1,0.4845238095238095,0.5458333333333334,0.4338609156373124,0.7449999999999999
cascade_67_40,Cascade,14,17,0.08673469387755102,2.0,0.42857142857142855,0.21428571428571427,0.35714285714285715,3,0.2857142857142857,0.2857142857142857,1.375,1.2142857142857142,1.2162943061748794,0.8654489373664482,1.7428571428571427,1.75,0.621581560508061,2.4849066497880004,1.15,1.0067644514152674,0.03571428571428571,0.01020408163265306,0.03571428571428571,0.07142857142857142,2.005366726296959,0.0,1,0.33571428571428574,0.26666666666666666,0.37747007845751024,0.5351159951159951
cascade_68_10,Cascade,9,5,0.06172839506172839,2.0,0.4444444444444444,0.4444444444444444,0.1111111111111111,2,0.4444444444444444,0.0,1.0,0.5555555555555556,0.9486832980505138,0.9486832980505138,1.6666666666666667,1.25,0.5,1.3862943611198906,1.0,0.6,0.012345679012345678,0.0,0.0,0.0,0.8,0.0,0,0.0,0.0,0.0,0.5
cascade_68_20,Cascade,4,3,0.1875,2.0,0.5,0.25,0.25,2,0.25,0.25,1.5,0.75,1.2765694770084508,0.6666666666666666,1.625,1.5,0.7071067811865476,0.6931471805599453,1.0,0.7698003589195009,0.0625,0.0,0.0,0.0625,1.6666666666666665,0.0,0,0.25,0.0,0.408248290463863,0.5625
cascade_68_40,Cascade,8,10,0.15625,2.0,0.375,0.25,0.375,2,0.25,0.25,1.2,1.25,1.0253919111386491,1.0253919111386491,1.8472222222222223,1.8571428571428572,0.6900655593423541,1.9459101490553132,1.2857142857142858,0.956182887467515,0.0625,0.03125,0.078125,0.078125,2.6761487964989055,0.0,0,0.4,0.3333333333333333,0.43033148291193524,0.5888447971781305
cascade_69_10,Cascade,9,5,0.06172839506172839,2.0,0.4444444444444444,0.5555555555555556,0.0,1,0.5555555555555556,0.0,0.8,0.5555555555555556,0.9486832980505138,1.307669683062202,1.5555555555555556,1.0,0.0,1.6094379124341003,1.0,0.6,0.0,0.0,0.012345679012345678,0.0,0.8,0.0,0,0.2222222222222222,0.0,0.0,0.2777777777777778
cascade_69_20,Cascade,5,9,0.36,2.0,0.2,0.2,0.6,1,0.4,0.4,1.0,1.8,0.9128709291752769,0.8240220541217403,2.1166666666666663,2.1666666666666665,0.752772652709081,1.791759469228055,1.0,0.30429030972509225,0.0,0.28,0.04,0.08,0.9354838709677419,0.0,0,0.72,0.9,0.4811252243246881,0.5541666666666666
cascade_69_40,Cascade,11,10,0.08264462809917356,3.0,0.2727272727272727,0.36363636363636365,0.36363636363636365,2,0.36363636363636365,0.0,0.875,0.9090909090909091,0.7707139547199078,1.0382677881933928,2.090909090909091,2.0,0.0,1.791759469228055,1.2307692307692308,0.9612491872558333,0.049586776859504134,0.0,0.03305785123966942,0.01652892561983471,0.7142857142857144,0.0,0,0.3242424242424243,0.0,0.0,0.6909090909090907
cascade_6_10,Cascade,6,7,0.19444444444444445,2.0,0.3333333333333333,0.3333333333333333,0.3333333333333333,2,0.3333333333333333,0.3333333333333333,1.0,1.1666666666666667,0.8427360687858644,1.0020387381000104,1.8333333333333333,1.6,0.5477225575051661,1.6094379124341003,1.125,0.4426266681379904,0.05555555555555555,0.027777777777777776,0.08333333333333333,0.05555555555555555,1.6666666666666665,0.0,0,0.29166666666666663,0.27777777777777773,0.3779644730092272,0.4666666666666667
cascade_6_20,Cascade,6,4,0.1111111111111111,2.0,0.3333333333333333,0.3333333333333333,0.3333333333333333,2,0.3333333333333333,0.0,1.0,0.6666666666666666,0.7745966692414835,0.7745966692414835,2.0,2.0,0.0,0.6931471805599453,1.2,0.7745966692414833,0.05555555555555555,0.0,0.0,0.0,0.8000000000000002,0.0,0,0.0,0.0,0.0,0.8
cascade_6_40,Cascade,10,19,0.19,2.0,0.4,0.2,0.4,2,0.3,0.3,1.3333333333333333,1.9,1.201466222334311,0.8395428851933614,1.7583333333333335,1.875,0.7187952884282609,2.772588722239781,1.0,0.8522777404555171,0.05,0.08,0.12,0.24,2.2085561497326203,0.0,0,0.5728571428571427,0.4555555555555555,0.43548722461975564,0.48995370370370384
cascade_70_10,Cascade,9,8,0.09876543209876543,3.0,0.4444444444444444,0.3333333333333333,0.2222222222222222,2,0.4444444444444444,0.1111111111111111,1.2,0.8888888888888888,1.1858541225631425,0.8794529549668931,1.6296296296296298,1.3333333333333333,0.5163977794943223,1.791759469228055,1.1111111111111112,0.75,0.024691358024691357,0.0,0.024691358024691357,0.04938271604938271,1.4324324324324322,0.0,0,0.3888888888888889,0.0,0.2886751345948129,0.4012345679012347
cascade_70_20,Cascade,8,13,0.203125,2.0,0.25,0.25,0.5,2,0.375,0.375,1.0,1.625,0.9833783437888832,1.0369341636998197,2.0500000000000003,2.272727272727273,0.6466697906828632,2.3978952727983707,1.2777777777777777,1.0784917930888172,0.109375,0.09375,0.125,0.109375,1.6229508196721314,0.0,0,0.5302083333333334,0.7666666666666666,0.3802832952094854,0.6114285714285713
cascade_70_40,Cascade,8,10,0.15625,2.0,0.375,0.25,0.375,2,0.375,0.25,1.2,1.25,0.9319717960171481,1.0253919111386491,1.8125,1.8571428571428572,0.37796447300922725,1.9459101490553132,1.0,0.855235974119758,0.078125,0.015625,0.09375,0.078125,1.823529411764706,0.0,0,0.4041666666666667,0.21428571428571427,0.22360679774997896,0.5669642857142856
cascade_71_10,Cascade,6,7,0.19444444444444445,2.0,0.3333333333333333,0.16666666666666666,0.5,3,0.3333333333333333,0.3333333333333333,1.25,1.1666666666666667,0.8427360687858643,0.8427360687858643,1.9583333333333333,2.5,0.5773502691896257,1.3862943611198906,1.2222222222222223,0.6998542122237651,0.1111111111111111,0.027777777777777776,0.05555555555555555,0.05555555555555555,1.7692307692307692,0.0,0,0.375,0.2,0.2988071523335984,0.7604166666666667
cascade_71_20,Cascade,6,5,0.1388888888888889,2.0,0.3333333333333333,0.3333333333333333,0.3333333333333333,2,0.3333333333333333,0.0,1.0,0.8333333333333334,0.9033271832508971,0.9033271832508971,2.0,2.0,0.0,1.0986122886681098,1.1666666666666667,0.9797958971132712,0.08333333333333333,0.0,0.027777777777777776,0.027777777777777776,1.1176470588235294,0.0,0,0.25,0.0,0.0,0.8
cascade_71_40,Cascade,6,8,0.2222222222222222,2.0,0.3333333333333333,0.3333333333333333,0.3333333333333333,2,0.16666666666666666,0.5,1.0,1.3333333333333333,0.9082951062292475,1.02469507659596,2.0,2.0,0.6324555320336759,1.791759469228055,1.0,0.9082951062292475,0.08333333333333333,0.08333333333333333,0.08333333333333333,0.05555555555555555,1.5714285714285714,0.0,0,0.41111111111111115,0.7,0.39086797998528583,0.7444444444444447
cascade_72_10,Cascade,8,12,0.1875,3.0,0.375,0.25,0.375,3,0.25,0.375,1.2,1.5,0.9428090415820635,0.7126966450997984,1.9305555555555556,2.3076923076923075,0.7510676161988106,2.5649493574615367,1.0769230769230769,0.7968190728895957,0.125,0.0625,0.046875,0.09375,2.380281690140845,0.0,1,0.4083333333333334,0.3904761904761905,0.538631095268481,0.7123015873015873
cascade_72_20,Cascade,10,12,0.12,3.0,0.3,0.3,0.4,2,0.4,0.1,1.0,1.2,0.8606629658238706,0.8606629658238706,1.9666666666666663,1.875,0.3535533905932738,2.0794415416798357,1.1428571428571428,0.582671582316751,0.07,0.0,0.06,0.06,1.2471910112359552,0.0,0,0.425,0.0,0.23570226039551584,0.6037037037037037
cascade_72_40,Cascade,13,20,0.11834319526627218,2.0,0.23076923076923078,0.15384615384615385,0.6153846153846154,3,0.3076923076923077,0.3076923076923077,1.1,1.5384615384615385,0.8645808232895291,0.7322909257938404,2.3653846153846154,3.6,0.9856107606091623,2.70805020110221,1.5555555555555556,0.8983781683307611,0.11834319526627218,0.023668639053254437,0.05325443786982249,0.07100591715976332,1.9686013320647004,0.0,2,0.3351648351648352,0.19999999999999998,0.48088460154178364,0.9855769230769232
cascade_73_10,Cascade,8,6,0.09375,2.0,0.375,0.375,0.25,3,0.375,0.125,1.0,0.75,0.9428090415820635,0.9428090415820635,1.875,1.75,0.9574271077563381,1.3862943611198906,1.25,1.0079052613579391,0.046875,0.0,0.015625,0.015625,1.1621621621621623,0.0,0,0.375,0.0,0.28867513459481287,0.7678571428571429
cascade_73_20,Cascade,10,13,0.13,2.0,0.2,0.3,0.5,3,0.4,0.3,0.875,1.3,0.8919244682526197,0.9628196592573635,2.1625,2.111111111111111,0.6009252125773316,2.1972245773362196,1.1875,0.8268982305947231,0.06,0.03,0.06,0.05,0.9672131147540983,0.0,0,0.3516666666666666,0.2962962962962963,0.3733939969028384,0.5904513888888888
cascade_73_40,Cascade,10,11,0.11,2.0,0.5,0.2,0.3,2,0.3,0.1,1.6,1.1,1.2457457449148162,0.7959954870644664,1.625,1.625,0.5175491695067657,2.0794415416798357,1.0,0.9389050536260403,0.04,0.01,0.03,0.08,2.6363636363636367,0.0,0,0.32,0.11904761904761904,0.26111648393354675,0.5173611111111112
cascade_74_10,Cascade,3,2,0.2222222222222222,2.0,0.3333333333333333,0.3333333333333333,0.3333333333333333,2,0.3333333333333333,0.0,1.0,0.6666666666666666,0.8660254037844388,0.8660254037844388,2.0,2.0,0.0,0.0,1.0,0.8660254037844386,0.1111111111111111,0.0,0.0,0.0,0.5,0.0,0,0.0,0.0,0.0,1.0
cascade_74_20,Cascade,6,11,0.3055555555555556,3.0,0.3333333333333333,0.3333333333333333,0.3333333333333333,2,0.16666666666666666,0.5,1.0,1.8333333333333333,0.8028873514843498,0.8738628975053031,1.9814814814814816,2.142857142857143,0.6629935441317958,2.6390573296152584,1.1538461538461537,0.6605782590758165,0.1111111111111111,0.2222222222222222,0.08333333333333333,0.05555555555555555,1.4324324324324325,0.0,0,0.7222222222222222,0.8388888888888889,0.485479387502946,0.6637860082304525
cascade_74_40,Cascade,11,24,0.19834710743801653,3.0,0.2727272727272727,0.18181818181818182,0.5454545454545454,3,0.2727272727272727,0.45454545454545453,1.125,2.1818181818181817,0.9124904870128175,1.0211309090088958,2.042087542087542,2.52,0.8717797887081346,3.2188758248682006,1.1111111111111112,0.9228955038958155,0.08264462809917356,0.1487603305785124,0.17355371900826447,0.1322314049586777,2.2262569832402233,0.0,6,0.4586580086580087,0.6723809523809523,0.5009849694784736,0.5712853847113107
cascade_75_10,Cascade,4,4,0.25,3.0,0.5,0.25,0.25,2,0.25,0.25,1.5,1.0,1.1547005383792515,0.816496580927726,1.625,1.6666666666666667,0.5773502691896257,1.0986122886681098,1.2,0.816496580927726,0.0625,0.0625,0.0,0.0625,1.6666666666666665,0.0,0,0.375,0.7777777777777777,0.3535533905932738,0.5625
cascade_75_20,Cascade,14,28,0.14285714285714285,3.0,0.35714285714285715,0.21428571428571427,0.42857142857142855,2,0.35714285714285715,0.2857142857142857,1.2222222222222223,2.0,1.1766968108291043,0.8320502943378437,1.8125,2.12,0.6658328118479393,3.2188758248682006,1.2,0.9607689228305228,0.07653061224489796,0.05612244897959184,0.10714285714285714,0.1989795918367347,2.0499243570347963,0.0,5,0.39119253762110906,0.37916666666666665,0.43800730687356754,0.4696207810047095
cascade_75_40,Cascade,11,13,0.10743801652892562,3.0,0.36363636363636365,0.09090909090909091,0.5454545454545454,3,0.36363636363636365,0.18181818181818182,1.4285714285714286,1.1818181818181819,1.0580768531722706,0.6352560868326947,1.8977272727272727,2.4285714285714284,0.5345224838248487,1.9459101490553132,1.1333333333333333,0.8689243843964884,0.0743801652892562,0.008264462809917356,0.024793388429752067,0.06611570247933884,1.490566037735849,0.0,0,0.3696969696969697,0.10416666666666666,0.3022352624134944,0.7025568181818183
cascade_76_10,Cascade,5,5,0.2,2.0,0.4,0.2,0.4,2,0.4,0.0,1.3333333333333333,1.0,1.0,0.7071067811865476,1.8,2.0,0.0,1.0986122886681098,1.1666666666666667,0.7071067811865476,0.12,0.0,0.04,0.08,1.857142857142857,0.0,0,0.4666666666666666,0.0,0.0,0.7000000000000001
cascade_76_20,Cascade,6,9,0.25,2.0,0.5,0.16666666666666666,0.3333333333333333,2,0.16666666666666666,0.3333333333333333,1.6666666666666667,1.5,1.0954451150103324,0.6992058987801011,1.6296296296296295,2.142857142857143,0.8997354108424372,1.9459101490553132,1.1,0.5962847939999439,0.08333333333333333,0.08333333333333333,0.05555555555555555,0.16666666666666666,1.3076923076923075,0.0,0,0.5222222222222221,0.47222222222222227,0.45360921162651435,0.49711934156378595
cascade_76_40,Cascade,5,6,0.24,3.0,0.4,0.2,0.4,2,0.4,0.0,1.3333333333333333,1.2,0.912870929175277,0.6972166887783964,1.8,2.0,0.0,1.3862943611198906,1.25,0.4564354645876384,0.16,0.0,0.08,0.12,1.1428571428571428,0.0,0,0.8,0.0,0.0,0.7000000000000001
cascade_77_10,Cascade,3,2,0.2222222222222222,2.0,0.3333333333333333,0.6666666666666666,0.0,1,0.6666666666666666,0.0,0.5,0.6666666666666666,0.8660254037844388,1.7320508075688776,1.6666666666666667,1.0,0.0,0.6931471805599453,1.0,0.8660254037844388,0.0,0.0,0.1111111111111111,0.0,0.5,0.0,0,0.6666666666666666,0.0,0.0,0.3333333333333333
cascade_77_20,Cascade,11,20,0.1652892561983471,3.0,0.2727272727272727,0.18181818181818182,0.5454545454545454,2,0.2727272727272727,0.36363636363636365,1.125,1.8181818181818181,0.9468368391650168,0.7304108432930058,2.1373737373737374,2.5555555555555554,0.9217771979249535,2.8903717578961645,1.3103448275862069,0.7074602462329598,0.12396694214876033,0.049586776859504134,0.09090909090909091,0.14049586776859505,1.659990229604299,0.0,1,0.38787878787878793,0.3633333333333334,0.5025859056843841,0.7424017957351291
cascade_77_40,Cascade,6,10,0.2777777777777778,2.0,0.3333333333333333,0.16666666666666666,0.5,2,0.3333333333333333,0.3333333333333333,1.25,1.6666666666666667,1.1171392035015153,0.8197560612767678,1.8958333333333333,2.142857142857143,0.6900655593423541,1.9459101490553132,1.0909090909090908,0.8197560612767678,0.027777777777777776,0.19444444444444445,0.027777777777777776,0.1388888888888889,1.4827586206896552,0.0,0,0.6222222222222222,0.8333333333333334,0.46770717334674267,0.5901041666666667
cascade_78_10,Cascade,7,6,0.12244897959183673,2.0,0.5714285714285714,0.2857142857142857,0.14285714285714285,2,0.2857142857142857,0.14285714285714285,1.6666666666666667,0.8571428571428571,1.7078251276599332,0.8050764858994132,1.4642857142857142,1.2,0.44721359549995804,1.6094379124341003,1.0,1.2981468272831027,0.02040816326530612,0.0,0.02040816326530612,0.12244897959183673,2.111111111111111,0.0,0,0.5,0.0,0.3535533905932738,0.3422619047619047
cascade_78_20,Cascade,7,10,0.20408163265306123,2.0,0.2857142857142857,0.2857142857142857,0.42857142857142855,2,0.42857142857142855,0.14285714285714285,1.0,1.4285714285714286,0.9780933834080806,0.9780933834080806,1.9642857142857142,1.875,0.3535533905932738,2.0794415416798357,1.0909090909090908,0.8504900548115382,0.08163265306122448,0.061224489795918366,0.10204081632653061,0.10204081632653061,1.3333333333333333,0.0,0,0.5238095238095238,0.4166666666666667,0.27386127875258304,0.5922619047619048
cascade_78_40,Cascade,5,7,0.28,2.0,0.4,0.4,0.2,1,0.2,0.4,1.0,1.4,1.083267920578793,0.9583148474999099,1.7333333333333336,1.3333333333333333,0.5163977794943223,1.791759469228055,1.0,0.3194382824999699,0.0,0.08,0.12,0.16,2.0000000000000004,0.0,0,0.7999999999999999,0.39999999999999997,0.4364357804719847,0.4666666666666668
cascade_79_10,Cascade,6,6,0.16666666666666666,2.0,0.3333333333333333,0.3333333333333333,0.3333333333333333,2,0.3333333333333333,0.16666666666666666,1.0,1.0,1.0954451150103321,0.8944271909999159,1.9444444444444444,1.75,0.5,1.3862943611198906,1.1428571428571428,0.8944271909999159,0.08333333333333333,0.0,0.05555555555555555,0.08333333333333333,1.2500000000000002,0.0,0,0.4166666666666667,0.0,0.33333333333333337,0.6851851851851851
cascade_79_20,Cascade,4,5,0.3125,2.0,0.5,0.25,0.25,1,0.25,0.25,1.5,1.25,1.2,0.7659416862050705,1.5833333333333333,1.5,0.5773502691896257,1.3862943611198906,1.0,0.4618802153517006,0.0,0.125,0.0,0.125,1.4,0.0,0,0.75,0.8333333333333333,0.36514837167011077,0.47222222222222204
cascade_79_40,Cascade,10,20,0.2,2.0,0.2,0.1,0.7,2,0.4,0.3,1.125,2.0,0.97182531580755,0.5773502691896257,2.213,3.0,0.9607689228305228,2.6390573296152584,1.1304347826086956,0.5270462766947299,0.13,0.09,0.07,0.18,0.9984139571768438,0.0,2,0.3672222222222222,0.44666666666666666,0.5593746508378798,0.6604677777777778
cascade_7_10,Cascade,9,12,0.14814814814814814,2.0,0.3333333333333333,0.2222222222222222,0.4444444444444444,2,0.3333333333333333,0.3333333333333333,1.1666666666666667,1.3333333333333333,0.9185586535436919,1.1250000000000002,1.8703703703703702,1.875,0.6408699444616557,2.0794415416798357,1.25,0.9185586535436917,0.06172839506172839,0.024691358024691357,0.1111111111111111,0.07407407407407407,1.755102040816326,0.0,0,0.3925925925925926,0.33749999999999997,0.34020690871988585,0.5540123456790123
cascade_7_20,Cascade,3,2,0.2222222222222222,2.0,0.3333333333333333,0.3333333333333333,0.3333333333333333,2,0.3333333333333333,0.0,1.0,0.6666666666666666,0.8660254037844388,0.8660254037844388,2.0,2.0,0.0,0.0,1.0,0.8660254037844386,0.1111111111111111,0.0,0.0,0.0,0.5,0.0,0,0.0,0.0,0.0,1.0
cascade_7_40,Cascade,7,9,0.1836734693877551,3.0,0.14285714285714285,0.2857142857142857,0.5714285714285714,2,0.2857142857142857,0.2857142857142857,0.8333333333333334,1.2857142857142858,0.7398142353865992,0.865431218188735,2.5714285714285716,2.6,0.8944271909999159,1.6094379124341003,1.25,0.7590333900710813,0.14285714285714285,0.02040816326530612,0.08163265306122448,0.061224489795918366,0.6030534351145038,0.0,0,0.33333333333333337,0.16666666666666666,0.4714045207910317,0.8690476190476191
cascade_80_10,Cascade,5,4,0.16,2.0,0.6,0.4,0.0,1,0.4,0.0,1.5,0.8,1.3693063937629153,1.0458250331675945,1.4,1.0,0.0,1.3862943611198906,1.0,0.6846531968814575,0.0,0.0,0.04,0.08,1.5,0.0,0,0.4333333333333333,0.0,0.0,0.3
cascade_80_20,Cascade,4,4,0.25,2.0,0.5,0.25,0.25,1,0.25,0.25,1.5,1.0,1.4142135623730951,0.816496580927726,1.5833333333333333,1.3333333333333333,0.5773502691896257,1.0986122886681098,1.0,0.816496580927726,0.0,0.0625,0.0,0.125,2.0,0.0,0,0.4375,0.7777777777777778,0.408248290463863,0.47222222222222204
cascade_80_40,Cascade,7,9,0.1836734693877551,2.0,0.2857142857142857,0.2857142857142857,0.42857142857142855,2,0.42857142857142855,0.14285714285714285,1.0,1.2857142857142858,0.865431218188735,1.0734353145325508,1.9047619047619047,1.6666666666666667,0.5163977794943223,1.791759469228055,1.1818181818181819,0.6119522830317891,0.061224489795918366,0.02040816326530612,0.12244897959183673,0.08163265306122448,1.3333333333333333,0.0,0,0.4523809523809524,0.21428571428571427,0.2721655269759087,0.5079365079365078
cascade_81_10,Cascade,4,4,0.25,2.0,0.5,0.25,0.25,2,0.25,0.25,1.5,1.0,1.1547005383792515,0.816496580927726,1.625,1.6666666666666667,0.5773502691896257,1.0986122886681098,1.2,0.816496580927726,0.0625,0.0625,0.0,0.0625,1.6666666666666665,0.0,0,0.375,0.7777777777777778,0.3535533905932738,0.5625
cascade_81_20,Cascade,8,15,0.234375,2.0,0.25,0.125,0.625,3,0.375,0.25,1.1666666666666667,1.875,1.045018417092968,0.6647591758710533,2.173611111111111,2.6923076923076925,1.0315534712764842,2.5649493574615367,1.2105263157894737,0.683594607425766,0.109375,0.125,0.0625,0.1875,1.6508875739644973,0.0,0,0.4520833333333334,0.5166666666666667,0.6014386045655269,0.8072641093474425
cascade_81_40,Cascade,9,13,0.16049382716049382,2.0,0.4444444444444444,0.2222222222222222,0.3333333333333333,3,0.2222222222222222,0.3333333333333333,1.4,1.4444444444444444,1.1006990785580142,0.70185721503441,1.7453703703703705,2.0833333333333335,0.6685579234215215,2.4849066497880004,1.0,0.8787430506766047,0.09876543209876543,0.037037037037037035,0.04938271604938271,0.12345679012345678,2.724137931034483,0.0,1,0.39999999999999997,0.35185185185185186,0.3337337338780799,0.6069637345679011
cascade_82_10,Cascade,6,8,0.2222222222222222,2.0,0.3333333333333333,0.3333333333333333,0.3333333333333333,2,0.16666666666666666,0.5,1.0,1.3333333333333333,0.9082951062292475,0.9082951062292475,2.0,2.0,0.6324555320336759,1.791759469228055,1.2727272727272727,0.7745966692414833,0.1111111111111111,0.05555555555555555,0.08333333333333333,0.08333333333333333,2.4285714285714284,0.0,0,0.4444444444444444,0.4444444444444445,0.39086797998528583,0.7444444444444446
cascade_82_20,Cascade,10,24,0.24,2.0,0.2,0.2,0.6,2,0.4,0.4,1.0,2.4,0.9460770203292445,0.6573421981221796,2.202777777777778,2.9722222222222223,0.8446845940894527,3.58351893845611,1.1428571428571428,0.6454972243679029,0.16,0.18,0.1,0.22,1.4193548387096775,0.0,2,0.5152380952380953,0.49642857142857144,0.5286907308520633,0.645070301783265
cascade_82_40,Cascade,6,6,0.16666666666666666,3.0,0.3333333333333333,0.3333333333333333,0.3333333333333333,2,0.3333333333333333,0.16666666666666666,1.0,1.0,0.8944271909999159,0.8944271909999159,1.9166666666666667,1.75,0.5,1.3862943611198906,1.1428571428571428,0.6324555320336759,0.05555555555555555,0.027777777777777776,0.027777777777777776,0.027777777777777776,1.1818181818181819,0.0,0,0.23611111111111108,0.4666666666666666,0.28867513459481287,0.6416666666666666
cascade_83_10,Cascade,6,7,0.19444444444444445,2.0,0.3333333333333333,0.3333333333333333,0.3333333333333333,2,0.3333333333333333,0.16666666666666666,1.0,1.1666666666666667,1.0020387381000104,1.0020387381000104,1.888888888888889,1.6,0.5477225575051661,1.6094379124341003,1.2222222222222223,0.6998542122237651,0.05555555555555555,0.027777777777777776,0.08333333333333333,0.08333333333333333,1.9508196721311477,0.0,0,0.4444444444444444,0.3333333333333333,0.3086066999241838,0.6074074074074074
cascade_83_20,Cascade,9,10,0.12345679012345678,2.0,0.2222222222222222,0.4444444444444444,0.3333333333333333,2,0.3333333333333333,0.2222222222222222,0.7142857142857143,1.1111111111111112,0.7035623639735145,1.1423659658795864,2.111111111111111,1.7142857142857142,0.48795003647426666,1.9459101490553132,1.0,0.75,0.037037037037037035,0.024691358024691357,0.06172839506172839,0.012345679012345678,0.6363636363636364,0.0,0,0.4296296296296296,0.5714285714285714,0.31622776601683794,0.5486111111111112
cascade_83_40,Cascade,7,6,0.12244897959183673,2.0,0.42857142857142855,0.2857142857142857,0.2857142857142857,2,0.2857142857142857,0.0,1.25,0.8571428571428571,1.247219128924647,0.8050764858994132,1.8571428571428572,2.0,0.0,1.3862943611198906,1.1428571428571428,1.2981468272831027,0.08163265306122448,0.0,0.02040816326530612,0.061224489795918366,1.625,0.0,0,0.41428571428571426,0.0,3.1401849173675503e-16,0.8095238095238096
cascade_84_10,Cascade,5,4,0.16,2.0,0.2,0.4,0.4,2,0.4,0.0,0.75,0.8,0.5590169943749473,1.0458250331675945,2.2,2.0,0.0,0.6931471805599453,1.2,0.6846531968814575,0.08,0.0,0.04,0.0,0.5000000000000001,0.0,0,0.13333333333333333,0.0,0.0,0.7
cascade_84_20,Cascade,6,4,0.1111111111111111,1.0,0.3333333333333333,0.5,0.16666666666666666,2,0.3333333333333333,0.0,0.75,0.6666666666666666,0.7745966692414835,1.2247448713915892,2.0,1.6666666666666667,0.5773502691896257,1.0986122886681098,1.0,1.2247448713915892,0.05555555555555555,0.0,0.027777777777777776,0.0,0.5,0.0,0,0.3333333333333333,0.0,0.0,0.8
cascade_84_40,Cascade,6,9,0.25,1.0,0.16666666666666666,0.16666666666666666,0.6666666666666666,2,0.3333333333333333,0.5,1.0,1.5,0.6992058987801011,0.6992058987801011,2.388888888888889,2.8333333333333335,0.752772652709081,1.791759469228055,1.0,0.4216370213557839,0.16666666666666666,0.08333333333333333,0.05555555555555555,0.05555555555555555,0.8000000000000002,0.0,0,0.5,0.5555555555555555,0.3967460238079361,0.8824074074074076
cascade_85_10,Cascade,4,3,0.1875,3.0,0.25,0.5,0.25,2,0.25,0.0,0.6666666666666666,0.75,0.6666666666666666,1.2765694770084508,2.25,2.0,0.0,0.6931471805599453,1.25,1.3333333333333333,0.125,0.0,0.0625,0.0,0.7142857142857142,0.0,0,0.5,0.0,0.0,0.9166666666666666
cascade_85_20,Cascade,9,8,0.09876543209876543,1.0,0.3333333333333333,0.2222222222222222,0.4444444444444444,3,0.3333333333333333,0.1111111111111111,1.1666666666666667,0.8888888888888888,0.8794529549668931,0.676040864149498,2.0555555555555554,2.5,0.5773502691896257,1.3862943611198906,1.0,0.9375000000000001,0.07407407407407407,0.0,0.012345679012345678,0.024691358024691357,0.8,0.0,0,0.2296296296296296,0.0,0.25,0.9027777777777777
cascade_85_40,Cascade,5,5,0.2,3.0,0.4,0.4,0.2,2,0.2,0.4,1.0,1.0,1.0,1.0,1.8,1.5,0.5773502691896257,1.3862943611198906,1.2857142857142858,0.7071067811865476,0.08,0.0,0.08,0.08,2.333333333333333,0.0,0,0.6666666666666666,0.0,0.4472135954999579,0.5750000000000001
cascade_86_10,Cascade,9,6,0.07407407407407407,2.0,0.4444444444444444,0.5555555555555556,0.0,1,0.5555555555555556,0.0,0.8,0.6666666666666666,1.0606601717798214,1.299038105676658,1.5555555555555556,1.0,0.0,1.791759469228055,1.0,0.75,0.0,0.0,0.024691358024691357,0.012345679012345678,1.0,0.0,0,0.4444444444444444,0.0,0.0,0.2777777777777778
cascade_86_20,Cascade,3,2,0.2222222222222222,3.0,0.3333333333333333,0.3333333333333333,0.3333333333333333,2,0.3333333333333333,0.0,1.0,0.6666666666666666,0.8660254037844388,0.8660254037844388,2.0,2.0,0.0,0.0,1.3333333333333333,0.8660254037844388,0.1111111111111111,0.0,0.0,0.0,1.25,0.0,0,0.0,0.0,0.0,1.0
cascade_86_40,Cascade,22,35,0.07231404958677685,3.0,0.2727272727272727,0.18181818181818182,0.5454545454545454,3,0.36363636363636365,0.22727272727272727,1.125,1.5909090909090908,0.9632710711230692,0.7917455589558657,2.050378787878788,2.347826086956522,0.7751067757631797,3.1354942159291497,1.3725490196078431,0.7163236234605815,0.047520661157024795,0.010330578512396695,0.045454545454545456,0.06198347107438017,1.492045679582811,0.0,11,0.27121212121212124,0.12222222222222223,0.43888386575385474,0.6158811327561328
cascade_87_10,Cascade,6,7,0.19444444444444445,2.0,0.5,0.16666666666666666,0.3333333333333333,3,0.16666666666666666,0.3333333333333333,1.6666666666666667,1.1666666666666667,1.1392801164215363,0.6452337023220693,1.6666666666666667,2.2,0.8366600265340756,1.6094379124341003,1.0,0.8852533362759808,0.08333333333333333,0.05555555555555555,0.0,0.08333333333333333,1.2500000000000002,0.0,0,0.33055555555555555,0.7333333333333333,0.4714045207910317,0.5777777777777777
cascade_87_20,Cascade,11,30,0.24793388429752067,2.0,0.2727272727272727,0.09090909090909091,0.6363636363636364,2,0.2727272727272727,0.45454545454545453,1.25,2.727272727272727,0.8213809510006103,0.7349981103528241,2.0315151515151513,2.764705882352941,0.6540699401677286,3.5263605246161616,1.1891891891891893,0.3425395354310701,0.1652892561983471,0.17355371900826447,0.2066115702479339,0.24793388429752067,1.3227752639517347,0.0,3,0.5488816738816739,0.474025974025974,0.4323388398328139,0.5948462401795734
cascade_87_40,Cascade,18,23,0.07098765432098765,4.0,0.3333333333333333,0.2222222222222222,0.4444444444444444,4,0.2777777777777778,0.2777777777777778,1.1666666666666667,1.2777777777777777,0.9973834332330781,0.8405650114833283,2.0694444444444446,2.2666666666666666,1.2227992865708155,2.70805020110221,1.3529411764705883,0.8992379738506566,0.046296296296296294,0.006172839506172839,0.033950617283950615,0.046296296296296294,1.726110473692837,0.0,2,0.2935185185185185,0.15,0.5763033956734372,0.8351715686274509
cascade_88_10,Cascade,5,5,0.2,3.0,0.2,0.4,0.4,2,0.4,0.0,0.75,1.0,0.7071067811865476,1.0,2.2,2.0,0.0,1.0986122886681098,1.1666666666666667,0.7071067811865476,0.12,0.0,0.08,0.04,0.5384615384615385,0.0,0,0.4666666666666666,0.0,0.0,0.7
cascade_88_20,Cascade,4,4,0.25,3.0,0.5,0.25,0.25,2,0.25,0.25,1.5,1.0,1.1547005383792515,0.816496580927726,1.625,1.6666666666666667,0.5773502691896257,1.0986122886681098,1.2,0.816496580927726,0.0625,0.0625,0.0,0.0625,1.6666666666666665,0.0,0,0.375,0.7777777777777777,0.3535533905932738,0.5625
cascade_88_40,Cascade,7,12,0.24489795918367346,2.0,0.2857142857142857,0.2857142857142857,0.42857142857142855,2,0.2857142857142857,0.42857142857142855,1.0,1.7142857142857142,0.8726821151336115,0.8726821151336117,1.976190476190476,2.0,0.816496580927726,2.302585092994046,1.0769230769230769,0.4589642122738418,0.08163265306122448,0.10204081632653061,0.12244897959183673,0.12244897959183673,1.8571428571428572,0.0,1,0.41904761904761906,0.38095238095238093,0.5137011669140813,0.5224867724867724
cascade_89_10,Cascade,8,7,0.109375,2.0,0.5,0.375,0.125,2,0.375,0.125,1.25,0.875,1.1326070959601313,0.9537405261671773,1.5625,1.3333333333333333,0.5163977794943223,1.791759469228055,1.0,0.8081220356417687,0.03125,0.0,0.03125,0.046875,2.2,0.0,0,0.40625,0.0,0.2672612419124244,0.38839285714285715
cascade_89_20,Cascade,7,7,0.14285714285714285,2.0,0.42857142857142855,0.2857142857142857,0.2857142857142857,2,0.2857142857142857,0.2857142857142857,1.25,1.0,1.0,0.816496580927726,1.7142857142857142,1.6,0.5477225575051661,1.6094379124341003,1.125,0.5773502691896257,0.04081632653061224,0.02040816326530612,0.02040816326530612,0.04081632653061224,2.111111111111111,0.0,0,0.24999999999999997,0.38888888888888884,0.3779644730092272,0.48809523809523814
cascade_89_40,Cascade,9,11,0.13580246913580246,3.0,0.3333333333333333,0.2222222222222222,0.4444444444444444,3,0.2222222222222222,0.2222222222222222,1.1666666666666667,1.2222222222222223,1.1409000361828303,0.9833321660356333,2.111111111111111,2.4285714285714284,0.5345224838248487,1.9459101490553132,1.411764705882353,1.3008261837503803,0.08641975308641975,0.037037037037037035,0.04938271604938271,0.07407407407407407,1.5116279069767442,0.0,0,0.38703703703703707,0.5277777777777778,0.3692744729379982,0.9236111111111112
cascade_8_10,Cascade,4,4,0.25,2.0,0.25,0.25,0.5,2,0.25,0.25,1.0,1.0,0.816496580927726,0.816496580927726,2.25,2.5,0.7071067811865476,0.6931471805599453,1.0,0.816496580927726,0.125,0.0625,0.0,0.0,0.6000000000000001,0.0,0,0.22916666666666663,0.7777777777777777,0.3535533905932738,1.0833333333333333
cascade_8_20,Cascade,3,2,0.2222222222222222,3.0,0.3333333333333333,0.3333333333333333,0.3333333333333333,2,0.3333333333333333,0.0,1.0,0.6666666666666666,0.8660254037844388,0.8660254037844388,2.0,2.0,0.0,0.0,1.3333333333333333,0.8660254037844388,0.1111111111111111,0.0,0.0,0.0,1.25,0.0,0,0.0,0.0,0.0,1.0
cascade_8_40,Cascade,15,27,0.12,2.0,0.3333333333333333,0.26666666666666666,0.4,2,0.3333333333333333,0.3333333333333333,1.1,1.8,1.0748036201416,0.8958064164776167,1.8555555555555554,1.7142857142857142,0.7171371656006361,3.044522437723423,1.0,0.6573421981221795,0.04888888888888889,0.013333333333333334,0.11555555555555555,0.1511111111111111,1.6086956521739126,0.0,4,0.36380952380952375,0.16222222222222224,0.3849001794597505,0.4875661375661376
cascade_90_10,Cascade,6,10,0.2777777777777778,2.0,0.16666666666666666,0.16666666666666666,0.6666666666666666,3,0.3333333333333333,0.5,1.0,1.6666666666666667,0.7266360849833979,1.0507140429250956,2.212962962962963,2.5,1.0488088481701516,1.791759469228055,1.0,0.6196773353931866,0.05555555555555555,0.16666666666666666,0.1388888888888889,0.027777777777777776,0.8947368421052633,0.0,1,0.3972222222222222,0.8055555555555555,0.5789517986716901,0.5128600823045266
cascade_90_20,Cascade,8,12,0.1875,2.0,0.375,0.125,0.5,3,0.25,0.375,1.4,1.5,1.126872339638022,0.5039526306789696,1.95,2.4444444444444446,1.130388330520878,2.1972245773362196,1.2,0.7126966450997984,0.09375,0.0625,0.015625,0.140625,2.7333333333333334,0.0,1,0.25535714285714284,0.6208333333333333,0.582737791234903,0.7878571428571429
cascade_90_40,Cascade,6,9,0.25,3.0,0.3333333333333333,0.16666666666666666,0.5,2,0.3333333333333333,0.3333333333333333,1.25,1.5,1.0954451150103324,0.9189365834726814,1.861111111111111,2.0,0.6324555320336759,1.791759469228055,1.1,0.8432740427115678,0.027777777777777776,0.1388888888888889,0.05555555555555555,0.1111111111111111,1.4,0.0,0,0.48333333333333334,0.7666666666666666,0.4303314829119352,0.5379629629629628
cascade_91_10,Cascade,3,2,0.2222222222222222,2.0,0.3333333333333333,0.6666666666666666,0.0,1,0.6666666666666666,0.0,0.5,0.6666666666666666,0.8660254037844388,1.7320508075688776,1.6666666666666667,1.0,0.0,0.6931471805599453,1.0,0.8660254037844388,0.0,0.0,0.1111111111111111,0.0,0.5,0.0,0,0.6666666666666666,0.0,0.0,0.3333333333333333
cascade_91_20,Cascade,7,7,0.14285714285714285,2.0,0.14285714285714285,0.42857142857142855,0.42857142857142855,2,0.42857142857142855,0.14285714285714285,0.6666666666666666,1.0,0.5773502691896257,1.4142135623730951,2.2142857142857144,1.75,0.5,1.3862943611198906,1.125,1.0,0.04081632653061224,0.02040816326530612,0.10204081632653061,0.0,0.4482758620689655,0.0,0,0.21904761904761902,0.4333333333333334,0.2672612419124244,0.4880952380952382
cascade_91_40,Cascade,9,12,0.14814814814814814,1.0,0.2222222222222222,0.2222222222222222,0.5555555555555556,2,0.3333333333333333,0.2222222222222222,1.0,1.3333333333333333,0.9921567416492215,0.75,2.296296296296296,2.5714285714285716,0.7867957924694432,1.9459101490553132,1.1428571428571428,0.9185586535436917,0.1111111111111111,0.024691358024691357,0.04938271604938271,0.08641975308641975,1.1176470588235294,0.0,0,0.262962962962963,0.16666666666666666,0.40824829046386296,0.8456790123456788
cascade_92_10,Cascade,6,4,0.1111111111111111,2.0,0.3333333333333333,0.6666666666666666,0.0,1,0.6666666666666666,0.0,0.5,0.6666666666666666,0.7745966692414835,1.8165902124584952,1.6666666666666667,1.0,0.0,1.3862943611198906,1.0,1.2247448713915892,0.0,0.0,0.08333333333333333,0.0,0.5,0.0,0,0.5,0.0,0.0,0.26666666666666666
cascade_92_20,Cascade,13,17,0.10059171597633136,3.0,0.3076923076923077,0.38461538461538464,0.3076923076923077,2,0.38461538461538464,0.3076923076923077,0.8888888888888888,1.3076923076923077,0.9563724233927214,1.1421463434675059,1.8589743589743588,1.5714285714285714,0.5135525910130955,2.6390573296152584,1.15,0.9122389658394602,0.029585798816568046,0.01775147928994083,0.07692307692307693,0.05325443786982249,1.2377049180327866,0.0,2,0.3320512820512821,0.39696969696969703,0.3960590171906697,0.41132478632478636
cascade_92_40,Cascade,5,4,0.16,2.0,0.2,0.4,0.4,2,0.4,0.0,0.75,0.8,0.5590169943749473,1.0458250331675945,2.2,2.0,0.0,0.6931471805599453,1.2,0.6846531968814575,0.08,0.0,0.04,0.0,0.5,0.0,0,0.13333333333333333,0.0,0.0,0.7
cascade_93_10,Cascade,8,13,0.203125,2.0,0.375,0.25,0.375,2,0.25,0.375,1.2,1.625,0.9833783437888832,0.8663913557989902,1.7812500000000002,1.8181818181818181,0.7507571935295484,2.3978952727983707,1.0,0.5454801602633343,0.03125,0.09375,0.078125,0.109375,2.3103448275862073,0.0,1,0.4145833333333333,0.5624999999999999,0.45993310550389993,0.45424107142857156
cascade_93_20,Cascade,6,5,0.1388888888888889,2.0,0.3333333333333333,0.5,0.16666666666666666,2,0.5,0.16666666666666666,0.75,0.8333333333333334,0.9033271832508971,1.4028542333400147,1.75,1.25,0.5,1.3862943611198906,1.0,0.9797958971132712,0.027777777777777776,0.0,0.08333333333333333,0.027777777777777776,0.7142857142857142,0.0,0,0.5,0.0,0.31622776601683794,0.375
cascade_93_40,Cascade,5,4,0.16,2.0,0.2,0.4,0.4,2,0.4,0.0,0.75,0.8,0.5590169943749476,1.0458250331675945,2.2,2.0,0.0,0.6931471805599453,1.0,0.6846531968814576,0.08,0.0,0.04,0.0,0.25,0.0,0,0.13333333333333333,0.0,0.0,0.7
cascade_94_10,Cascade,9,16,0.19753086419753085,2.0,0.2222222222222222,0.2222222222222222,0.5555555555555556,2,0.3333333333333333,0.3333333333333333,1.0,1.7777777777777777,0.676040864149498,0.7322109071162488,2.2551440329218106,2.7857142857142856,0.8017837257372732,2.6390573296152584,1.2380952380952381,0.4960783708246107,0.19753086419753085,0.037037037037037035,0.12345679012345678,0.1111111111111111,2.0566037735849054,0.0,2,0.4166666666666667,0.18148148148148147,0.34989710421650333,0.7916476146928819
cascade_94_20,Cascade,5,5,0.2,3.0,0.4,0.2,0.4,2,0.4,0.2,1.3333333333333333,1.0,1.224744871391589,0.7071067811865476,1.7333333333333332,1.6666666666666667,0.5773502691896257,1.0986122886681098,1.1666666666666667,0.7071067811865476,0.04,0.04,0.0,0.08,1.2727272727272727,0.0,0,0.24999999999999994,0.5833333333333333,0.36514837167011077,0.5222222222222221
cascade_94_40,Cascade,18,32,0.09876543209876543,2.0,0.2222222222222222,0.2777777777777778,0.5,3,0.3888888888888889,0.2777777777777778,0.9285714285714286,1.7777777777777777,0.7360841344175111,0.916304518480748,2.199074074074074,2.433333333333333,0.8172001541568767,3.4011973816621555,1.36,0.7015607600201142,0.09876543209876543,0.0030864197530864196,0.10493827160493827,0.08024691358024691,2.0179640718562877,0.0,7,0.2958994708994709,0.029411764705882353,0.35963909378400144,0.7019108569353667
cascade_95_10,Cascade,8,14,0.21875,3.0,0.375,0.125,0.5,3,0.25,0.375,1.4,1.75,0.9537405261671773,0.8503129247346799,1.8472222222222223,2.5,0.7977240352174656,2.4849066497880004,1.1764705882352942,0.8081220356417687,0.109375,0.109375,0.09375,0.125,3.048192771084338,0.0,2,0.41190476190476194,0.5916666666666667,0.49031627844693565,0.5723104056437389
cascade_95_20,Cascade,7,7,0.14285714285714285,3.0,0.2857142857142857,0.42857142857142855,0.2857142857142857,2,0.2857142857142857,0.14285714285714285,0.8,1.0,0.816496580927726,1.0,2.0714285714285716,1.8,0.4472135954999579,1.6094379124341003,1.125,0.816496580927726,0.061224489795918366,0.02040816326530612,0.04081632653061224,0.02040816326530612,0.8666666666666667,0.0,0,0.48095238095238096,0.4666666666666666,0.2672612419124244,0.7023809523809524
cascade_95_40,Cascade,9,20,0.24691358024691357,2.0,0.2222222222222222,0.1111111111111111,0.6666666666666666,2,0.2222222222222222,0.4444444444444444,1.1428571428571428,2.2222222222222223,0.8649421946003095,0.6274950199005567,2.3496296296296295,3.142857142857143,0.8535639569308375,3.044522437723423,1.2307692307692308,0.5562148865321747,0.18518518518518517,0.16049382716049382,0.08641975308641975,0.1728395061728395,1.7817670933499845,0.0,1,0.5148148148148147,0.5698412698412699,0.5151818569000779,0.9030320987654319
cascade_96_10,Cascade,8,8,0.125,2.0,0.375,0.375,0.25,2,0.375,0.125,1.0,1.0,0.9258200997725514,0.9258200997725514,1.8125,1.5,0.5477225575051661,1.791759469228055,1.0,0.5345224838248488,0.046875,0.0,0.046875,0.046875,1.2857142857142856,0.0,0,0.2708333333333333,0.0,0.25,0.5669642857142857
cascade_96_20,Cascade,3,2,0.2222222222222222,3.0,0.3333333333333333,0.3333333333333333,0.3333333333333333,2,0.3333333333333333,0.0,1.0,0.6666666666666666,0.8660254037844388,0.8660254037844388,2.0,2.0,0.0,0.0,1.3333333333333333,0.8660254037844388,0.1111111111111111,0.0,0.0,0.0,1.25,0.0,0,0.0,0.0,0.0,1.0
cascade_96_40,Cascade,5,5,0.2,2.0,0.4,0.2,0.4,2,0.4,0.0,1.3333333333333333,1.0,1.0,0.7071067811865476,1.8,2.0,0.0,1.0986122886681098,1.0,0.7071067811865476,0.12,0.0,0.04,0.08,1.5,0.0,0,0.4666666666666666,0.0,0.0,0.7000000000000001
cascade_97_10,Cascade,7,7,0.14285714285714285,2.0,0.42857142857142855,0.2857142857142857,0.2857142857142857,2,0.2857142857142857,0.0,1.25,1.0,1.0,0.816496580927726,1.8571428571428572,2.0,0.0,1.791759469228055,1.3636363636363635,1.1547005383792515,0.12244897959183673,0.0,0.04081632653061224,0.061224489795918366,1.5609756097560978,0.0,0,0.4714285714285714,0.0,0.0,0.8095238095238094
cascade_97_20,Cascade,11,16,0.1322314049586777,3.0,0.36363636363636365,0.2727272727272727,0.36363636363636365,3,0.2727272727272727,0.36363636363636365,1.1428571428571428,1.4545454545454546,0.9408274283841858,0.7756046028744286,1.9090909090909092,2.0,0.6793662204867574,2.6390573296152584,1.2380952380952381,0.7180703308172536,0.0743801652892562,0.03305785123966942,0.049586776859504134,0.0743801652892562,2.8260869565217392,0.0,1,0.34848484848484845,0.4333333333333333,0.38640077064565426,0.6631313131313129
cascade_97_40,Cascade,19,16,0.0443213296398892,1.0,0.3157894736842105,0.3684210526315789,0.3157894736842105,2,0.3684210526315789,0.05263157894736842,0.9230769230769231,0.8421052631578947,0.8172935519138763,0.9906244523307285,1.9736842105263157,1.8181818181818181,0.4045199174779453,2.3978952727983707,1.1578947368421053,0.9738329910433537,0.024930747922437674,0.0,0.013850415512465374,0.008310249307479225,0.893687707641196,0.0,0,0.2736842105263158,0.0,0.1767766952966369,0.6242690058479532
cascade_98_10,Cascade,4,3,0.1875,2.0,0.25,0.75,0.0,1,0.75,0.0,0.3333333333333333,0.75,0.6666666666666666,2.0,1.75,1.0,0.0,1.0986122886681098,1.0,1.3333333333333333,0.0,0.0,0.1875,0.0,0.3333333333333333,0.0,0,0.75,0.0,0.0,0.25
cascade_98_20,Cascade,7,13,0.2653061224489796,2.0,0.2857142857142857,0.2857142857142857,0.42857142857142855,2,0.2857142857142857,0.42857142857142855,1.0,1.8571428571428572,0.7882269819968922,0.8473185457363234,2.0714285714285716,2.1538461538461537,0.6887372317211946,2.5649493574615367,1.1875,0.5121790860368763,0.12244897959183673,0.14285714285714285,0.12244897959183673,0.10204081632653061,1.1649484536082475,0.0,0,0.6428571428571429,0.6285714285714284,0.3811812499312437,0.7394179894179893
cascade_98_40,Cascade,10,15,0.15,2.0,0.3,0.2,0.5,3,0.2,0.5,1.1428571428571428,1.5,0.7856742013183862,0.7856742013183862,2.2041666666666666,3.4285714285714284,1.3424596091494905,2.6390573296152584,1.3181818181818181,0.8888888888888888,0.14,0.04,0.06,0.06,2.6,0.0,4,0.2757142857142857,0.3925925925925926,0.5878791132978376,0.9577353395061726
cascade_99_10,Cascade,4,5,0.3125,2.0,0.25,0.5,0.25,1,0.25,0.5,0.6666666666666666,1.25,0.7659416862050705,1.2,2.0,1.5,0.5773502691896257,1.3862943611198906,1.0,0.4618802153517006,0.0,0.125,0.125,0.0,1.0,0.0,0,0.75,0.8333333333333333,0.4472135954999579,0.5
cascade_99_20,Cascade,8,10,0.15625,3.0,0.25,0.25,0.5,2,0.375,0.125,1.0,1.25,0.828078671210825,0.828078671210825,2.125,2.1666666666666665,0.752772652709081,1.791759469228055,1.1666666666666667,0.6047431568147636,0.09375,0.015625,0.0625,0.0625,1.2641509433962266,0.0,0,0.2708333333333333,0.14285714285714285,0.4472135954999579,0.6964285714285713
cascade_99_40,Cascade,4,5,0.3125,2.0,0.25,0.25,0.5,2,0.25,0.5,1.0,1.25,0.7659416862050705,0.7659416862050705,2.1875,2.3333333333333335,0.5773502691896258,1.0986122886681098,1.0,0.4618802153517006,0.125,0.125,0.0,0.0,1.0,0.0,0,0.375,0.8333333333333333,0.3535533905932738,0.890625
cascade_9_10,Cascade,6,5,0.1388888888888889,3.0,0.3333333333333333,0.3333333333333333,0.3333333333333333,2,0.3333333333333333,0.16666666666666666,1.0,0.8333333333333334,0.9033271832508971,0.9033271832508971,1.9166666666666667,1.6666666666666667,0.5773502691896257,1.0986122886681098,1.1666666666666667,0.6196773353931867,0.05555555555555555,0.0,0.027777777777777776,0.027777777777777776,0.8461538461538463,0.0,0,0.2222222222222222,0.0,0.31622776601683794,0.6416666666666667
cascade_9_20,Cascade,10,13,0.13,2.0,0.2,0.3,0.5,2,0.4,0.1,0.875,1.3,0.7297563831157798,0.9628196592573635,2.2,2.0,0.5345224838248488,2.0794415416798357,1.1875,0.5378506913693084,0.07,0.01,0.08,0.05,1.0905923344947734,0.0,0,0.32333333333333336,0.15,0.3922322702763681,0.6222222222222221
cascade_9_40,Cascade,17,48,0.16608996539792387,2.0,0.23529411764705882,0.17647058823529413,0.5882352941176471,3,0.23529411764705882,0.5294117647058824,1.0769230769230769,2.823529411764706,0.8605894197034701,0.7843341899520749,2.181586523498288,3.16,1.1972942468388936,4.31748811353631,1.1428571428571428,0.6377603634987047,0.14878892733564014,0.11072664359861592,0.17647058823529413,0.2041522491349481,2.7352864242741304,0.0,21,0.3772090654443595,0.4462184873949579,0.5715663653322105,0.5985187952174181
ltm_100_10,LTM,2,1,0.25,2.0,0.5,0.5,0.0,1,0.5,0.0,1.0,0.5,1.4142135623730951,1.4142135623730951,1.5,1.0,0.0,0.0,1.0,0.0,0.0,0.0,0.0,0.0,1.0,0.0,0,0.0,0.0,0.0,0.5
ltm_100_20,LTM,7,6,0.12244897959183673,3.0,0.42857142857142855,0.2857142857142857,0.2857142857142857,2,0.2857142857142857,0.2857142857142857,1.25,0.8571428571428571,1.0496913126495102,0.8050764858994132,1.75,1.75,0.9574271077563381,1.3862943611198906,1.25,0.881917103688197,0.04081632653061224,0.02040816326530612,0.0,0.02040816326530612,1.625,0.0,0,0.19047619047619047,0.5833333333333333,0.5204164998665332,0.5625
ltm_100_40,LTM,15,27,0.12,4.0,0.6,0.06666666666666667,0.3333333333333333,4,0.06666666666666667,0.3333333333333333,2.3333333333333335,1.8,1.4877512830008068,0.5634361698190109,1.548148148148148,3.0851063829787235,1.1195843023978869,3.8501476017100584,1.3243243243243243,1.4210560695249452,0.1111111111111111,0.05333333333333334,0.02666666666666667,0.21777777777777776,3.208788941613368,0.0,2,0.7301587301587301,0.5444444444444444,0.556788754754552,0.5052322163433274
ltm_10_10,LTM,2,1,0.25,2.0,0.5,0.5,0.0,1,0.5,0.0,1.0,0.5,1.4142135623730951,1.4142135623730951,1.5,1.0,0.0,0.0,1.0,0.0,0.0,0.0,0.0,0.0,1.0,0.0,0,0.0,0.0,0.0,0.5
ltm_10_20,LTM,4,4,0.25,2.0,0.5,0.0,0.5,2,0.0,0.25,2.0,1.0,1.4142135623730951,0.0,2.25,NaN,NaN,0.0,1.3333333333333333,1.4142135623730951,0.0,0.0,0.0,0.0625,1.5,0.5,0,0.625,0.0,1.224744871391589,2.249999999999999
ltm_10_40,LTM,15,46,0.20444444444444446,2.0,0.4666666666666667,0.0,0.5333333333333333,3,0.0,0.5333333333333333,1.875,3.066666666666667,1.0198211150345278,0.6459328707861033,1.853154305200341,NaN,NaN,0.0,1.3529411764705883,0.9456254012059357,0.19555555555555557,0.13333333333333333,0.13333333333333333,0.28444444444444444,2.828284573827661,0.26666666666666666,1,0.7613756613756614,0.5892496392496391,0.5836939136811068,0.7945979702622736
ltm_11_10,LTM,7,7,0.14285714285714285,4.0,0.5714285714285714,0.14285714285714285,0.2857142857142857,3,0.14285714285714285,0.2857142857142857,2.0,1.0,1.2909944487358056,0.5773502691896257,1.5714285714285714,2.0,1.0,1.6094379124341003,1.4545454545454546,1.0,0.061224489795918366,0.02040816326530612,0.0,0.08163265306122448,3.1176470588235294,0.0,0,0.5119047619047619,0.41666666666666663,0.5345224838248488,0.5357142857142857
ltm_11_20,LTM,0,,,,,,,,,,,,,,,,,,,,,,,,,,,,,,
ltm_11_40,LTM,11,14,0.11570247933884298,2.0,0.7272727272727273,0.09090909090909091,0.18181818181818182,2,0.09090909090909091,0.18181818181818182,3.3333333333333335,1.2727272727272727,1.8623553224180334,0.5080976926793926,1.3203463203463204,2.1666666666666665,0.7177405625652734,2.4849066497880004,1.3333333333333333,1.6984386587542748,0.05785123966942149,0.03305785123966942,0.0,0.21487603305785125,5.088372093023256,0.0,0,0.8080808080808081,0.6489795918367347,0.35131296146055385,0.3084312512883941
ltm_12_10,LTM,7,8,0.16326530612244897,2.0,0.42857142857142855,0.14285714285714285,0.42857142857142855,3,0.0,0.5714285714285714,1.5,1.1428571428571428,0.9354143466934854,0.60380736442456,2.142857142857143,2.5,1.2909944487358056,1.3862943611198906,1.2727272727272727,0.9736101204623269,0.061224489795918366,0.0,0.02040816326530612,0.04081632653061224,1.4705882352941178,0.2857142857142857,0,0.38095238095238093,0.0,1.0,1.1428571428571428
ltm_12_20,LTM,5,8,0.32,3.0,0.4,0.0,0.6,2,0.0,0.6,1.6666666666666667,1.6,0.9478594305064438,0.34232659844072877,2.2461538461538457,NaN,NaN,0.0,1.1111111111111112,0.814900300650331,0.0,0.0,0.04,0.04,1.4193548387096777,0.6,0,0.5266666666666666,0.3333333333333333,1.0519072562444107,1.332544378698224
ltm_12_40,LTM,12,36,0.25,3.0,0.5833333333333334,0.0,0.4166666666666667,2,0.0,0.4166666666666667,2.4,3.0,1.247219128924647,0.24618298195866548,1.702651515151515,NaN,NaN,0.0,1.2340425531914894,1.2712834523274565,0.0625,0.09722222222222222,0.0,0.2847222222222222,2.6923076923076925,0.4166666666666667,4,0.7107142857142857,0.7982804232804233,0.82003595921583,0.7615622992873582
ltm_13_10,LTM,4,2,0.125,2.0,0.5,0.5,0.0,1,0.5,0.0,1.0,0.5,1.1547005383792515,1.1547005383792515,1.5,1.0,0.0,0.6931471805599453,1.0,0.0,0.0,0.0,0.0,0.0,1.0,0.0,0,0.0,0.0,0.0,0.3333333333333333
ltm_13_20,LTM,7,7,0.14285714285714285,2.0,0.5714285714285714,0.2857142857142857,0.14285714285714285,2,0.2857142857142857,0.14285714285714285,1.6666666666666667,1.0,1.4142135623730951,0.816496580927726,1.476190476190476,1.5,0.5477225575051661,1.791759469228055,1.0,1.1547005383792515,0.02040816326530612,0.04081632653061224,0.0,0.08163265306122448,3.2,0.0,0,0.4714285714285714,0.75,0.30860669992418377,0.3650793650793649
ltm_13_40,LTM,23,58,0.10964083175803403,3.0,0.43478260869565216,0.043478260869565216,0.5217391304347826,3,0.13043478260869565,0.43478260869565216,1.6923076923076923,2.5217391304347827,1.146012435925955,0.5193790726646972,1.931037959178056,4.947791164658635,1.0631687366846136,5.517452896464707,1.3846153846153846,1.1246613970552022,0.16446124763705103,0.03780718336483932,0.07183364839319471,0.2003780718336484,3.037552647654567,0.08695652173913043,0,0.549772691077039,0.24196182605273514,0.7130286322145069,0.8042838039741259
ltm_14_10,LTM,2,1,0.25,2.0,0.5,0.5,0.0,1,0.5,0.0,1.0,0.5,1.4142135623730951,1.4142135623730951,1.5,1.0,0.0,0.0,1.0,0.0,0.0,0.0,0.0,0.0,1.0,0.0,0,0.0,0.0,0.0,0.5
ltm_14_20,LTM,8,6,0.09375,2.0,0.5,0.25,0.25,3,0.25,0.125,1.5,0.75,1.1818736805705579,0.6172133998483676,1.75,2.0,1.1547005383792515,1.3862943611198906,1.6363636363636365,1.0079052613579391,0.046875,0.0,0.0,0.03125,3.4444444444444446,0.0,0,0.375,0.0,0.5773502691896257,0.7857142857142857
ltm_14_40,LTM,10,14,0.14,2.0,0.5,0.1,0.4,3,0.2,0.3,1.8,1.4,1.1761037176408067,0.7678340712665287,1.7,2.5384615384615383,0.6602252917735248,2.5649493574615367,1.3,1.156662647761059,0.12,0.02,0.06,0.13,3.0,0.0,0,0.6119047619047618,0.1619047619047619,0.4225771273642583,0.6222222222222222
ltm_15_10,LTM,6,6,0.16666666666666666,2.0,0.5,0.16666666666666666,0.3333333333333333,3,0.16666666666666666,0.3333333333333333,1.6666666666666667,1.0,1.0954451150103321,0.6324555320336759,1.7083333333333333,2.25,0.9574271077563381,1.3862943611198906,1.5,0.8944271909999159,0.08333333333333333,0.027777777777777776,0.0,0.05555555555555555,2.483870967741936,0.0,0,0.3194444444444444,0.41666666666666663,0.5204164998665332,0.6604166666666667
ltm_15_20,LTM,3,2,0.2222222222222222,2.0,0.3333333333333333,0.3333333333333333,0.3333333333333333,2,0.3333333333333333,0.0,1.0,0.6666666666666666,0.8660254037844388,0.8660254037844388,2.0,2.0,0.0,0.0,1.0,0.8660254037844386,0.1111111111111111,0.0,0.0,0.0,0.5,0.0,0,0.0,0.0,0.0,1.0
ltm_15_40,LTM,10,15,0.15,2.0,0.6,0.0,0.4,3,0.0,0.4,2.5,1.5,1.414213562373095,0.35136418446315326,1.7857142857142858,NaN,NaN,0.0,1.5666666666666667,1.6329931618554518,0.06,0.0,0.02,0.11,3.772359186611481,0.4,0,0.8047619047619048,0.18333333333333332,0.8883218145798872,1.1122448979591837
ltm_16_10,LTM,3,2,0.2222222222222222,3.0,0.3333333333333333,0.3333333333333333,0.3333333333333333,2,0.3333333333333333,0.0,1.0,0.6666666666666666,0.8660254037844388,0.8660254037844388,2.0,2.0,0.0,0.0,1.3333333333333333,0.8660254037844388,0.1111111111111111,0.0,0.0,0.0,1.25,0.0,0,0.0,0.0,0.0,1.0
ltm_16_20,LTM,6,8,0.2222222222222222,3.0,0.5,0.0,0.5,2,0.16666666666666666,0.3333333333333333,2.0,1.3333333333333333,1.31339255365637,0.38729833462074176,1.7727272727272727,NaN,NaN,0.0,1.2,1.2247448713915892,0.05555555555555555,0.0,0.0,0.1111111111111111,3.3902439024390243,0.3333333333333333,0,0.4007936507936507,0.5833333333333334,0.7100226978096958,0.8090909090909092
ltm_16_40,LTM,4,3,0.1875,2.0,0.75,0.25,0.0,1,0.25,0.0,3.0,0.75,2.0,0.6666666666666666,1.25,1.0,0.0,1.0986122886681098,1.0,1.3333333333333333,0.0,0.0,0.0,0.1875,3.0,0.0,0,0.75,0.0,2.220446049250313e-16,0.2499999999999999
ltm_17_10,LTM,2,1,0.25,2.0,0.5,0.5,0.0,1,0.5,0.0,1.0,0.5,1.4142135623730951,1.4142135623730951,1.5,1.0,0.0,0.0,1.0,0.0,0.0,0.0,0.0,0.0,1.0,0.0,0,0.0,0.0,0.0,0.5
ltm_17_20,LTM,5,4,0.16,2.0,0.6,0.4,0.0,1,0.4,0.0,1.5,0.8,1.3693063937629153,1.0458250331675945,1.4,1.0,0.0,1.3862943611198906,1.0,0.6846531968814575,0.0,0.0,0.04,0.08,1.5,0.0,0,0.4333333333333333,0.0,0.0,0.3
ltm_17_40,LTM,12,25,0.1736111111111111,3.0,0.6666666666666666,0.0,0.3333333333333333,3,0.0,0.3333333333333333,3.0,2.0833333333333335,1.4964685702740907,0.47817836154989846,1.519423558897243,NaN,NaN,0.0,1.3333333333333333,1.6094267754248857,0.041666666666666664,0.041666666666666664,0.0,0.2152777777777778,3.567338972023422,0.3333333333333333,3,0.5494123931623932,0.7476190476190476,0.7369211251169041,0.5911604883706191
ltm_18_10,LTM,2,1,0.25,2.0,0.5,0.5,0.0,1,0.5,0.0,1.0,0.5,1.4142135623730951,1.4142135623730951,1.5,1.0,0.0,0.0,1.0,0.0,0.0,0.0,0.0,0.0,1.0,0.0,0,0.0,0.0,0.0,0.5
ltm_18_20,LTM,6,4,0.1111111111111111,2.0,0.6666666666666666,0.3333333333333333,0.0,1,0.3333333333333333,0.0,2.0,0.6666666666666666,1.549193338482967,0.7745966692414835,1.3333333333333333,1.0,0.0,1.3862943611198906,1.0,0.7745966692414835,0.0,0.0,0.0,0.05555555555555555,2.0,0.0,0,0.6666666666666666,0.0,0.0,0.2666666666666667
ltm_18_40,LTM,17,22,0.07612456747404844,3.0,0.7647058823529411,0.058823529411764705,0.17647058823529413,2,0.058823529411764705,0.17647058823529413,4.0,1.2941176470588236,2.1644073301735722,0.4542612748024247,1.276395173453997,1.8888888888888888,0.8323523637957304,2.8903717578961645,1.1538461538461537,2.0995375327056363,0.02422145328719723,0.0034602076124567475,0.01384083044982699,0.18685121107266436,11.252252252252251,0.11764705882352941,0,0.8418300653594771,0.22530864197530864,0.4619753177285827,0.26685713733225036
ltm_19_10,LTM,7,9,0.1836734693877551,3.0,0.5714285714285714,0.0,0.42857142857142855,2,0.14285714285714285,0.2857142857142857,2.3333333333333335,1.2857142857142858,1.5369254756478836,0.3795166950355407,1.6326530612244898,NaN,NaN,0.0,1.1,1.4796284707731984,0.04081632653061224,0.0,0.0,0.14285714285714285,3.741935483870967,0.2857142857142857,0,0.5476190476190476,0.5499999999999999,0.6734350297014737,0.6861030126336248
ltm_19_20,LTM,6,7,0.19444444444444445,2.0,0.5,0.0,0.5,3,0.0,0.3333333333333333,2.0,1.1666666666666667,1.1392801164215363,0.34992710611188255,2.1666666666666665,NaN,NaN,0.0,1.3636363636363635,1.3997084244475302,0.08333333333333333,0.0,0.0,0.05555555555555555,2.6363636363636367,0.5,0,0.4888888888888889,0.5,1.0690449676496976,1.7666666666666664
ltm_19_40,LTM,9,16,0.19753086419753085,2.0,0.6666666666666666,0.0,0.3333333333333333,2,0.0,0.3333333333333333,3.0,1.7777777777777777,1.5347536447260846,0.375,1.4970313825275656,NaN,NaN,0.0,1.2380952380952381,1.5174763177723731,0.012345679012345678,0.04938271604938271,0.0,0.20987654320987653,3.0909090909090904,0.3333333333333333,0,0.6851851851851851,0.7408163265306122,0.6794107553010477,0.5664653056996157
ltm_1_10,LTM,2,1,0.25,2.0,0.5,0.5,0.0,1,0.5,0.0,1.0,0.5,1.4142135623730951,1.4142135623730951,1.5,1.0,0.0,0.0,1.0,0.0,0.0,0.0,0.0,0.0,1.0,0.0,0,0.0,0.0,0.0,0.5
ltm_1_20,LTM,8,11,0.171875,2.0,0.625,0.0,0.375,3,0.125,0.25,2.6666666666666665,1.375,1.69170488186325,0.3763993960049205,1.467391304347826,NaN,NaN,0.0,1.0,1.54277843167974,0.015625,0.0,0.0,0.203125,4.647058823529412,0.25,0,0.5833333333333333,0.6166666666666667,0.551833015431691,0.42924655684580065
ltm_1_40,LTM,13,55,0.3254437869822485,2.0,0.46153846153846156,0.0,0.5384615384615384,2,0.0,0.5384615384615384,1.8571428571428572,4.230769230769231,1.0795111637297135,0.19666643320712668,2.059901800327332,NaN,NaN,0.0,1.2465753424657535,0.9916733221991163,0.07692307692307693,0.17751479289940827,0.005917159763313609,0.42011834319526625,2.368567826718111,0.5384615384615384,2,0.7711451444483118,0.8182761682761683,0.9826570705110746,1.05697838560155
ltm_20_10,LTM,8,9,0.140625,2.0,0.5,0.125,0.375,2,0.25,0.25,1.75,1.125,1.53501173380782,0.569662172854805,1.65,1.8333333333333333,0.752772652709081,1.791759469228055,1.0,1.2344267996967353,0.0625,0.015625,0.015625,0.15625,1.9629629629629632,0.0,0,0.5178571428571428,0.15333333333333332,0.5055250296034367,0.5371428571428571
ltm_20_20,LTM,6,5,0.1388888888888889,2.0,0.8333333333333334,0.16666666666666666,0.0,1,0.16666666666666666,0.0,5.0,0.8333333333333334,2.4494897427831774,0.4898979485566356,1.1666666666666667,1.0,0.0,1.6094379124341003,1.0,1.9595917942265424,0.0,0.0,0.0,0.2777777777777778,5.0,0.0,0,0.8333333333333334,0.0,2.220446049250313e-16,0.16666666666666657
ltm_20_40,LTM,7,8,0.16326530612244897,2.0,0.5714285714285714,0.14285714285714285,0.2857142857142857,3,0.14285714285714285,0.2857142857142857,2.0,1.1428571428571428,1.28086884574495,0.60380736442456,1.5714285714285714,2.3333333333333335,0.816496580927726,1.791759469228055,1.2727272727272727,1.0968705484240153,0.08163265306122448,0.04081632653061224,0.0,0.10204081632653061,1.9473684210526314,0.0,0,0.4880952380952381,0.5333333333333333,0.4409585518440984,0.5449735449735451
ltm_21_10,LTM,0,,,,,,,,,,,,,,,,,,,,,,,,,,,,,,
ltm_21_20,LTM,5,5,0.2,3.0,0.6,0.0,0.4,2,0.0,0.4,2.5,1.0,1.4142135623730951,0.0,1.6800000000000002,NaN,NaN,0.0,1.1666666666666667,1.4142135623730951,0.0,0.0,0.0,0.04,2.5714285714285716,0.4,0,0.5666666666666667,0.0,0.8294576541331089,0.8720000000000001
ltm_21_40,LTM,13,40,0.23668639053254437,2.0,0.6923076923076923,0.0,0.3076923076923077,2,0.0,0.3076923076923077,3.25,3.076923076923077,1.5724847641021307,0.31007391591898426,1.4236747708250301,NaN,NaN,0.0,1.024390243902439,1.535008143300875,0.005917159763313609,0.03550295857988166,0.0,0.5443786982248521,2.703187250996016,0.3076923076923077,2,0.8076342963220792,0.8203703703703704,0.6104134940197841,0.4384095494561544
ltm_22_10,LTM,2,1,0.25,2.0,0.5,0.5,0.0,1,0.5,0.0,1.0,0.5,1.4142135623730951,1.4142135623730951,1.5,1.0,0.0,0.0,1.0,0.0,0.0,0.0,0.0,0.0,1.0,0.0,0,0.0,0.0,0.0,0.5
ltm_22_20,LTM,2,1,0.25,2.0,0.5,0.5,0.0,1,0.5,0.0,1.0,0.5,1.4142135623730951,1.4142135623730951,1.5,1.0,0.0,0.0,1.0,0.0,0.0,0.0,0.0,0.0,1.0,0.0,0,0.0,0.0,0.0,0.5
ltm_22_40,LTM,12,18,0.125,2.0,0.6666666666666666,0.16666666666666666,0.16666666666666666,2,0.0,0.3333333333333333,2.5,1.5,1.6205747826813257,0.5318160234783104,1.445578231292517,1.9,0.8522416262267903,2.995732273553991,1.3333333333333333,1.4213381090374029,0.041666666666666664,0.0,0.041666666666666664,0.2152777777777778,3.699530516431925,0.16666666666666666,0,0.8592592592592592,0.0,0.557075988777503,0.43654790302020624
ltm_23_10,LTM,0,,,,,,,,,,,,,,,,,,,,,,,,,,,,,,
ltm_23_20,LTM,8,12,0.1875,2.0,0.5,0.125,0.375,3,0.125,0.375,1.75,1.5,1.126872339638022,0.6172133998483676,1.734375,3.0,0.8944271909999159,2.3978952727983707,1.0,1.0079052613579391,0.109375,0.09375,0.0,0.109375,1.8235294117647063,0.0,0,0.5669642857142856,0.6428571428571429,0.5128555677121321,0.689453125
ltm_23_40,LTM,12,32,0.2222222222222222,2.0,0.4166666666666667,0.0,0.5833333333333334,3,0.08333333333333333,0.5,1.7142857142857142,2.6666666666666665,1.1677484162422846,0.4615930911724977,2.0489953516269304,NaN,NaN,0.0,1.255813953488372,1.1116633728541454,0.1388888888888889,0.1597222222222222,0.006944444444444444,0.25,5.781789638932497,0.4166666666666667,3,0.5631313131313131,0.7489898989898989,0.8007797669662137,0.9692650435186596
ltm_24_10,LTM,8,6,0.09375,2.0,0.5,0.375,0.125,2,0.25,0.125,1.25,0.75,1.1818736805705579,0.9428090415820635,1.6875,1.4,0.5477225575051661,1.6094379124341003,1.1428571428571428,1.0079052613579391,0.03125,0.0,0.015625,0.03125,2.428571428571429,0.0,0,0.4583333333333333,0.0,0.28867513459481287,0.6383928571428571
ltm_24_20,LTM,8,9,0.140625,2.0,0.625,0.125,0.25,2,0.125,0.25,2.3333333333333335,1.125,1.4596271660409714,0.569662172854805,1.4772727272727273,1.0,0.0,0.6931471805599453,1.1,1.3227089940317243,0.0,0.0,0.0,0.078125,3.2105263157894735,0.25,0,0.6339285714285714,0.6,0.5604012729971797,0.45041322314049587
ltm_24_40,LTM,11,31,0.256198347107438,2.0,0.6363636363636364,0.0,0.36363636363636365,2,0.0,0.36363636363636365,2.75,2.8181818181818183,1.3998662043990213,0.31008038298575263,1.5382892969099864,NaN,NaN,0.0,1.162162162162162,1.3397003718624423,0.01652892561983471,0.08264462809917356,0.0,0.3884297520661157,2.988168180857807,0.36363636363636365,1,0.8669633396906125,0.8157287157287157,0.6800976033255227,0.562422864102943
ltm_25_10,LTM,4,4,0.25,2.0,0.5,0.0,0.5,2,0.0,0.25,2.0,1.0,1.4142135623730951,0.0,2.25,NaN,NaN,0.0,1.3333333333333333,1.4142135623730951,0.0,0.0,0.0,0.0625,1.5,0.5,0,0.625,0.0,1.224744871391589,2.2499999999999996
ltm_25_20,LTM,7,6,0.12244897959183673,2.0,0.7142857142857143,0.14285714285714285,0.14285714285714285,2,0.14285714285714285,0.14285714285714285,3.0,0.8571428571428571,1.8358568490953673,0.4409585518440985,1.3214285714285714,1.4,0.5477225575051661,1.6094379124341003,1.0,1.4624940645653537,0.04081632653061224,0.0,0.0,0.14285714285714285,3.6666666666666665,0.0,0,0.7619047619047619,0.0,0.3535533905932738,0.30654761904761907
ltm_25_40,LTM,13,41,0.24260355029585798,3.0,0.6153846153846154,0.0,0.38461538461538464,3,0.0,0.38461538461538464,2.6,3.1538461538461537,1.375077738324872,0.28495905964751034,1.6574160302973864,NaN,NaN,0.0,1.2452830188679245,1.437852630277869,0.0,0.05917159763313609,0.0,0.33136094674556216,4.590443686006826,0.38461538461538464,1,0.8135812905043674,0.7933862433862434,0.8418251318176359,0.7494342590784502
ltm_26_10,LTM,8,6,0.09375,2.0,0.5,0.25,0.25,3,0.25,0.25,1.5,0.75,1.1818736805705579,0.6172133998483676,1.65625,1.75,0.9574271077563381,1.3862943611198906,1.25,1.0079052613579391,0.046875,0.0,0.0,0.03125,2.0000000000000004,0.0,0,0.20833333333333331,0.0,0.5204164998665332,0.5524553571428571
ltm_26_20,LTM,9,13,0.16049382716049382,2.0,0.6666666666666666,0.0,0.3333333333333333,2,0.1111111111111111,0.2222222222222222,3.0,1.4444444444444444,1.590467163702718,0.36487819155789,1.4313725490196079,NaN,NaN,0.0,1.2777777777777777,1.40371443006882,0.0,0.04938271604938271,0.0,0.16049382716049382,3.5584415584415585,0.2222222222222222,0,0.8,0.6666666666666666,0.5169472851347593,0.43512110726643605
ltm_26_40,LTM,10,20,0.2,3.0,0.4,0.0,0.6,2,0.1,0.5,1.6666666666666667,2.0,0.9128709291752769,0.7071067811865476,1.922222222222222,NaN,NaN,0.0,1.2592592592592593,0.7453559924999299,0.1,0.08,0.11,0.11,2.099630996309963,0.2,0,0.5964285714285713,0.4296296296296297,0.5843245546656287,0.7650548696844993
ltm_27_10,LTM,3,2,0.2222222222222222,2.0,0.6666666666666666,0.3333333333333333,0.0,1,0.3333333333333333,0.0,2.0,0.6666666666666666,1.7320508075688776,0.8660254037844388,1.3333333333333333,1.0,0.0,0.6931471805599453,1.0,0.8660254037844386,0.0,0.0,0.0,0.1111111111111111,2.0,0.0,0,0.6666666666666666,0.0,0.0,0.3333333333333333
ltm_27_20,LTM,3,2,0.2222222222222222,2.0,0.6666666666666666,0.3333333333333333,0.0,1,0.3333333333333333,0.0,2.0,0.6666666666666666,1.7320508075688776,0.8660254037844388,1.3333333333333333,1.0,0.0,0.6931471805599453,1.0,0.8660254037844386,0.0,0.0,0.0,0.1111111111111111,2.0,0.0,0,0.6666666666666666,0.0,0.0,0.3333333333333333
ltm_27_40,LTM,4,3,0.1875,2.0,0.75,0.25,0.0,1,0.25,0.0,3.0,0.75,2.0,0.6666666666666666,1.25,1.0,0.0,1.0986122886681098,1.0,1.3333333333333333,0.0,0.0,0.0,0.1875,3.0,0.0,0,0.75,0.0,2.220446049250313e-16,0.2499999999999999
ltm_28_10,LTM,5,3,0.12,2.0,0.6,0.4,0.0,1,0.4,0.0,1.5,0.6,1.4907119849998596,0.912870929175277,1.4,1.0,0.0,1.0986122886681098,1.0,0.7453559924999299,0.0,0.0,0.0,0.04,2.333333333333333,0.0,0,0.4,0.0,0.0,0.3
ltm_28_20,LTM,6,5,0.1388888888888889,2.0,0.6666666666666666,0.16666666666666666,0.16666666666666666,2,0.16666666666666666,0.0,2.5,0.8333333333333334,1.9224983745116666,0.4898979485566356,1.5,2.0,0.0,1.3862943611198906,1.0,1.9595917942265424,0.1111111111111111,0.0,0.0,0.16666666666666666,3.8,0.0,0,0.6666666666666666,0.0,0.0,0.7
ltm_28_40,LTM,6,6,0.16666666666666666,2.0,0.5,0.16666666666666666,0.3333333333333333,2,0.16666666666666666,0.3333333333333333,1.6666666666666667,1.0,1.2649110640673518,0.6324555320336759,1.6666666666666667,2.0,0.816496580927726,1.3862943611198906,1.0,1.0954451150103321,0.08333333333333333,0.027777777777777776,0.0,0.08333333333333333,2.272727272727273,0.0,0,0.3333333333333333,0.5416666666666667,0.5091750772173155,0.5777777777777777
ltm_29_10,LTM,4,2,0.125,2.0,0.5,0.5,0.0,1,0.5,0.0,1.0,0.5,1.1547005383792515,1.1547005383792515,1.5,1.0,0.0,0.6931471805599453,1.0,0.0,0.0,0.0,0.0,0.0,1.0,0.0,0,0.0,0.0,0.0,0.3333333333333333
ltm_29_20,LTM,3,2,0.2222222222222222,3.0,0.3333333333333333,0.3333333333333333,0.3333333333333333,2,0.3333333333333333,0.0,1.0,0.6666666666666666,0.8660254037844388,0.8660254037844388,2.0,2.0,0.0,0.0,1.3333333333333333,0.8660254037844388,0.1111111111111111,0.0,0.0,0.0,1.25,0.0,0,0.0,0.0,0.0,1.0
ltm_29_40,LTM,14,10,0.05102040816326531,2.0,0.6428571428571429,0.35714285714285715,0.0,1,0.35714285714285715,0.0,1.8,0.7142857142857143,1.59422033029894,0.8557497837029774,1.3571428571428572,1.0,0.0,2.302585092994046,1.0,1.0583005244258363,0.0,0.0,0.00510204081632653,0.03571428571428571,3.4210526315789482,0.0,0,0.5833333333333333,0.0,1.7199501139797033e-16,0.24725274725274712
ltm_2_10,LTM,4,2,0.125,2.0,0.5,0.5,0.0,1,0.5,0.0,1.0,0.5,1.1547005383792515,1.1547005383792515,1.5,1.0,0.0,0.6931471805599453,1.0,0.0,0.0,0.0,0.0,0.0,1.0,0.0,0,0.0,0.0,0.0,0.3333333333333333
ltm_2_20,LTM,16,17,0.06640625,3.0,0.5625,0.1875,0.25,4,0.25,0.1875,1.8571428571428572,1.0625,1.3072418290196497,0.6400692004110796,1.5703125,2.769230769230769,1.3634420996046583,2.5649493574615367,1.15,1.1842877545522743,0.046875,0.0,0.015625,0.05859375,3.8979591836734695,0.0,0,0.5822916666666667,0.0,0.46376020680063174,0.5082682291666667
ltm_2_40,LTM,19,38,0.10526315789473684,2.0,0.631578947368421,0.21052631578947367,0.15789473684210525,2,0.05263157894736842,0.3157894736842105,2.142857142857143,2.0,1.5,0.8975274678557507,1.4585421888053467,1.9230769230769231,0.946534522249429,3.9512437185814275,1.0256410256410255,1.3333333333333333,0.036011080332409975,0.04709141274238227,0.08587257617728532,0.2299168975069252,5.316622691292876,0.0,0,0.7670426065162906,0.3582766439909297,0.41730840305240124,0.39461245430595887
ltm_30_10,LTM,6,6,0.16666666666666666,2.0,0.5,0.16666666666666666,0.3333333333333333,2,0.3333333333333333,0.16666666666666666,1.6666666666666667,1.0,1.2649110640673518,0.6324555320336759,1.6666666666666667,2.0,0.0,1.3862943611198906,1.0,1.0954451150103321,0.1111111111111111,0.0,0.027777777777777776,0.1111111111111111,2.2727272727272734,0.0,0,0.5833333333333334,0.0,2.5639502485114184e-16,0.6666666666666664
ltm_30_20,LTM,7,6,0.12244897959183673,2.0,0.5714285714285714,0.2857142857142857,0.14285714285714285,1,0.2857142857142857,0.14285714285714285,1.6666666666666667,0.8571428571428571,1.4174834246858972,0.8050764858994132,1.476190476190476,1.2,0.4472135954999579,1.6094379124341003,1.0,0.8819171036881969,0.0,0.02040816326530612,0.0,0.061224489795918366,2.818181818181818,0.0,0,0.5357142857142857,0.5833333333333333,0.33333333333333337,0.36507936507936495
ltm_30_40,LTM,13,33,0.1952662721893491,3.0,0.5384615384615384,0.07692307692307693,0.38461538461538464,2,0.15384615384615385,0.3076923076923077,2.0,2.5384615384615383,1.1776019065807488,0.548113608389041,1.6565149136577708,2.9420289855072466,0.7252597500412097,4.23410650459726,1.25,1.096227216778082,0.22485207100591717,0.15976331360946747,0.05917159763313609,0.3076923076923077,2.6215258197051483,0.0,2,0.7692307692307694,0.5362433862433863,0.4062333263813215,0.6392822791073519
ltm_31_10,LTM,3,2,0.2222222222222222,2.0,0.6666666666666666,0.3333333333333333,0.0,1,0.3333333333333333,0.0,2.0,0.6666666666666666,1.7320508075688776,0.8660254037844388,1.3333333333333333,1.0,0.0,0.6931471805599453,1.0,0.8660254037844386,0.0,0.0,0.0,0.1111111111111111,2.0,0.0,0,0.6666666666666666,0.0,0.0,0.3333333333333333
ltm_31_20,LTM,7,6,0.12244897959183673,3.0,0.5714285714285714,0.14285714285714285,0.2857142857142857,3,0.14285714285714285,0.2857142857142857,2.0,0.8571428571428571,1.4174834246858972,0.4409585518440985,1.5714285714285714,1.75,0.9574271077563381,1.3862943611198906,1.25,1.1097213530798988,0.061224489795918366,0.0,0.0,0.08163265306122448,3.260869565217391,0.0,0,0.4761904761904762,0.0,0.5773502691896257,0.5357142857142857
ltm_31_40,LTM,9,18,0.2222222222222222,2.0,0.5555555555555556,0.1111111111111111,0.3333333333333333,2,0.1111111111111111,0.3333333333333333,2.0,2.0,1.299038105676658,0.5590169943749475,1.6166666666666665,2.526315789473684,0.512989176042577,2.9444389791664403,1.32,1.0307764064044151,0.14814814814814814,0.1111111111111111,0.06172839506172839,0.3333333333333333,2.123966942148761,0.0,0,0.7707231040564373,0.5111111111111111,0.3012832636212499,0.6431944444444443
ltm_32_10,LTM,2,1,0.25,2.0,0.5,0.5,0.0,1,0.5,0.0,1.0,0.5,1.4142135623730951,1.4142135623730951,1.5,1.0,0.0,0.0,1.0,0.0,0.0,0.0,0.0,0.0,1.0,0.0,0,0.0,0.0,0.0,0.5
ltm_32_20,LTM,2,1,0.25,2.0,0.5,0.5,0.0,1,0.5,0.0,1.0,0.5,1.4142135623730951,1.4142135623730951,1.5,1.0,0.0,0.0,1.0,0.0,0.0,0.0,0.0,0.0,1.0,0.0,0,0.0,0.0,0.0,0.5
ltm_32_40,LTM,19,29,0.08033240997229917,2.0,0.5789473684210527,0.21052631578947367,0.21052631578947367,3,0.15789473684210525,0.2631578947368421,1.875,1.5263157894736843,1.3527617410988297,0.8278256358634868,1.5801169590643276,2.4814814814814814,0.8409505121001696,3.9889840465642745,1.3829787234042554,1.536107022739137,0.09141274238227147,0.0221606648199446,0.038781163434903045,0.10526315789473684,7.667262969588553,0.0,0,0.5835839598997494,0.35641025641025637,0.4555251835497358,0.5369935383726807
ltm_33_10,LTM,3,2,0.2222222222222222,2.0,0.6666666666666666,0.3333333333333333,0.0,1,0.3333333333333333,0.0,2.0,0.6666666666666666,1.7320508075688776,0.8660254037844388,1.3333333333333333,1.0,0.0,0.6931471805599453,1.0,0.8660254037844386,0.0,0.0,0.0,0.1111111111111111,2.0,0.0,0,0.6666666666666666,0.0,0.0,0.3333333333333333
ltm_33_20,LTM,2,1,0.25,2.0,0.5,0.5,0.0,1,0.5,0.0,1.0,0.5,1.4142135623730951,1.4142135623730951,1.5,1.0,0.0,0.0,1.0,0.0,0.0,0.0,0.0,0.0,1.0,0.0,0,0.0,0.0,0.0,0.5
ltm_33_40,LTM,21,71,0.16099773242630386,3.0,0.5238095238095238,0.047619047619047616,0.42857142857142855,3,0.047619047619047616,0.42857142857142855,2.0,3.380952380952381,1.120342637531544,0.41277458805447675,1.7245162683187638,4.701168614357262,1.1620455251948327,6.395261598115449,1.5144927536231885,1.0578018027203981,0.3219954648526077,0.07482993197278912,0.13151927437641722,0.39909297052154197,4.452715424455538,0.23809523809523808,7,0.7536204536204535,0.31807081807081805,0.5925336857669645,0.6687806737943621
ltm_34_10,LTM,0,,,,,,,,,,,,,,,,,,,,,,,,,,,,,,
ltm_34_20,LTM,2,1,0.25,2.0,0.5,0.5,0.0,1,0.5,0.0,1.0,0.5,1.4142135623730951,1.4142135623730951,1.5,1.0,0.0,0.0,1.0,0.0,0.0,0.0,0.0,0.0,1.0,0.0,0,0.0,0.0,0.0,0.5
ltm_34_40,LTM,7,6,0.12244897959183673,2.0,0.5714285714285714,0.2857142857142857,0.14285714285714285,2,0.2857142857142857,0.14285714285714285,1.6666666666666667,0.8571428571428571,1.4174834246858972,0.8050764858994132,1.5,1.6,0.5477225575051661,1.6094379124341003,1.0,1.2981468272831025,0.04081632653061224,0.02040816326530612,0.0,0.061224489795918366,2.818181818181818,0.0,0,0.41428571428571426,0.7222222222222223,0.2886751345948128,0.4166666666666667
ltm_35_10,LTM,0,,,,,,,,,,,,,,,,,,,,,,,,,,,,,,
ltm_35_20,LTM,5,5,0.2,2.0,0.6,0.2,0.2,2,0.2,0.2,2.0,1.0,1.4142135623730951,0.7071067811865476,1.4666666666666666,1.5,0.5773502691896257,1.3862943611198906,1.0,1.0,0.04,0.04,0.0,0.12,2.0000000000000004,0.0,0,0.4066666666666666,0.5555555555555555,0.36514837167011077,0.42222222222222205
ltm_35_40,LTM,11,11,0.09090909090909091,2.0,0.6363636363636364,0.2727272727272727,0.09090909090909091,2,0.2727272727272727,0.09090909090909091,2.0,1.0,1.4142135623730951,0.7745966692414834,1.3939393939393938,1.3,0.48304589153964794,2.302585092994046,1.2142857142857142,1.0,0.024793388429752067,0.0,0.024793388429752067,0.08264462809917356,3.304347826086956,0.0,0,0.7348484848484849,0.0,0.2461829819586654,0.307070707070707
ltm_36_10,LTM,2,1,0.25,2.0,0.5,0.5,0.0,1,0.5,0.0,1.0,0.5,1.4142135623730951,1.4142135623730951,1.5,1.0,0.0,0.0,1.0,0.0,0.0,0.0,0.0,0.0,1.0,0.0,0,0.0,0.0,0.0,0.5
ltm_36_20,LTM,6,6,0.16666666666666666,2.0,0.6666666666666666,0.16666666666666666,0.16666666666666666,2,0.16666666666666666,0.16666666666666666,2.5,1.0,1.6733200530681511,0.6324555320336759,1.375,1.4,0.5477225575051661,1.6094379124341003,1.0,1.2649110640673518,0.027777777777777776,0.027777777777777776,0.0,0.16666666666666666,2.9999999999999996,0.0,0,0.5833333333333334,0.5,0.3535533905932738,0.34375
ltm_36_40,LTM,19,74,0.20498614958448755,3.0,0.631578947368421,0.0,0.3684210526315789,3,0.0,0.3684210526315789,2.7142857142857144,3.8947368421052633,1.3637271147613907,0.40047046434041206,1.5671085206827768,NaN,NaN,0.0,1.320754716981132,1.4026089642167183,0.08310249307479224,0.11911357340720222,0.04155124653739612,0.4709141274238227,4.575391629299279,0.3684210526315789,3,0.7589038385437278,0.6701873290108585,0.7341963999123744,0.5828772149251703
ltm_37_10,LTM,6,6,0.16666666666666666,3.0,0.5,0.16666666666666666,0.3333333333333333,2,0.3333333333333333,0.16666666666666666,1.6666666666666667,1.0,1.5491933384829668,0.6324555320336759,1.5833333333333333,1.5,0.5773502691896257,1.3862943611198906,1.1428571428571428,1.0954451150103321,0.05555555555555555,0.0,0.027777777777777776,0.16666666666666666,1.7692307692307692,0.0,0,0.6666666666666666,0.0,0.408248290463863,0.4416666666666667
ltm_37_20,LTM,2,1,0.25,2.0,0.5,0.5,0.0,1,0.5,0.0,1.0,0.5,1.4142135623730951,1.4142135623730951,1.5,1.0,0.0,0.0,1.0,0.0,0.0,0.0,0.0,0.0,1.0,0.0,0,0.0,0.0,0.0,0.5
ltm_37_40,LTM,9,9,0.1111111111111111,2.0,0.6666666666666666,0.2222222222222222,0.1111111111111111,1,0.2222222222222222,0.1111111111111111,2.3333333333333335,1.0,1.7320508075688772,0.7071067811865476,1.3555555555555554,1.25,0.4629100498862757,2.0794415416798357,1.0,1.3228756555322954,0.0,0.024691358024691357,0.0,0.12345679012345678,2.75,0.0,0,0.7407407407407408,0.5733333333333334,0.2981423969999719,0.28777777777777785
ltm_38_10,LTM,2,1,0.25,2.0,0.5,0.5,0.0,1,0.5,0.0,1.0,0.5,1.4142135623730951,1.4142135623730951,1.5,1.0,0.0,0.0,1.0,0.0,0.0,0.0,0.0,0.0,1.0,0.0,0,0.0,0.0,0.0,0.5
ltm_38_20,LTM,5,4,0.16,3.0,0.6,0.2,0.2,2,0.2,0.2,2.0,0.8,1.6298006013006623,0.5590169943749473,1.4666666666666666,1.3333333333333333,0.5773502691896257,1.0986122886681098,1.2,1.1180339887498947,0.04,0.0,0.0,0.12,3.166666666666667,0.0,0,0.5,0.0,0.408248290463863,0.42222222222222205
ltm_38_40,LTM,15,58,0.2577777777777778,3.0,0.5333333333333333,0.0,0.4666666666666667,2,0.0,0.4666666666666667,2.142857142857143,3.8666666666666667,1.1518959489558922,0.4356891532042155,1.7747076567084004,NaN,NaN,0.0,1.236842105263158,1.1418985915610924,0.09333333333333334,0.14222222222222222,0.08444444444444445,0.37777777777777777,2.190128457971323,0.4666666666666667,4,0.7845370370370371,0.6905242905242905,0.7922238299752388,0.747282077390673
ltm_39_10,LTM,7,19,0.3877551020408163,2.0,0.42857142857142855,0.0,0.5714285714285714,2,0.0,0.5714285714285714,1.75,2.7142857142857144,1.0137558044346433,0.3504383220252312,2.251552795031056,NaN,NaN,0.0,1.0,0.9236804618307498,0.0,0.061224489795918366,0.0,0.20408163265306123,1.5454545454545454,0.5714285714285714,1,0.6046176046176047,0.8571428571428571,1.1006912562873823,1.3816725177783782
ltm_39_20,LTM,8,7,0.109375,2.0,0.5,0.375,0.125,2,0.375,0.125,1.25,0.875,1.1326070959601313,0.9537405261671773,1.5625,1.3333333333333333,0.5163977794943223,1.791759469228055,1.0,0.8081220356417687,0.015625,0.015625,0.015625,0.03125,2.2,0.0,0,0.4375,0.4666666666666666,0.2672612419124244,0.38839285714285715
ltm_39_40,LTM,15,22,0.09777777777777778,3.0,0.7333333333333333,0.0,0.26666666666666666,4,0.0,0.26666666666666666,3.75,1.4666666666666666,1.8014653618160144,0.35208939510976517,1.3834254143646407,NaN,NaN,0.0,1.3888888888888888,1.7940772294070124,0.06222222222222222,0.008888888888888889,0.013333333333333334,0.20444444444444446,7.076923076923077,0.26666666666666666,0,0.8478114478114479,0.29761904761904767,0.6460996826669096,0.4410897975380132
ltm_3_10,LTM,2,1,0.25,2.0,0.5,0.5,0.0,1,0.5,0.0,1.0,0.5,1.4142135623730951,1.4142135623730951,1.5,1.0,0.0,0.0,1.0,0.0,0.0,0.0,0.0,0.0,1.0,0.0,0,0.0,0.0,0.0,0.5
ltm_3_20,LTM,6,5,0.1388888888888889,2.0,0.6666666666666666,0.16666666666666666,0.16666666666666666,2,0.16666666666666666,0.16666666666666666,2.5,0.8333333333333334,1.5949921629901507,0.4898979485566356,1.3888888888888886,1.5,0.5773502691896257,1.3862943611198906,1.0,1.2393546707863732,0.05555555555555555,0.0,0.0,0.1111111111111111,2.6000000000000005,0.0,0,0.7222222222222222,0.0,0.36514837167011077,0.37407407407407395
ltm_3_40,LTM,9,23,0.2839506172839506,2.0,0.4444444444444444,0.0,0.5555555555555556,2,0.1111111111111111,0.4444444444444444,1.8,2.5555555555555554,1.0912956867835768,0.3967019041498839,1.9537037037037035,NaN,NaN,0.0,1.08,1.0616622127891113,0.12345679012345678,0.08641975308641975,0.0,0.18518518518518517,2.5526315789473686,0.3333333333333333,2,0.6074074074074073,0.7916666666666666,0.7778640393848503,0.9515817901234565
ltm_40_10,LTM,6,6,0.16666666666666666,2.0,0.5,0.16666666666666666,0.3333333333333333,2,0.16666666666666666,0.3333333333333333,1.6666666666666667,1.0,1.2649110640673518,0.6324555320336759,1.7333333333333334,1.0,0.0,0.0,1.0,1.2649110640673518,0.0,0.0,0.0,0.027777777777777776,2.272727272727273,0.3333333333333333,0,0.25555555555555554,0.7777777777777777,0.7571877794400367,0.7146666666666669
ltm_40_20,LTM,10,23,0.23,2.0,0.5,0.0,0.5,2,0.0,0.5,2.0,2.3,1.3131746423274544,0.3579446097167672,2.364285714285714,NaN,NaN,0.0,1.3783783783783783,1.4081110494482458,0.03,0.05,0.0,0.25,4.887600356824264,0.5,1,0.7126262626262626,0.790952380952381,1.3390504739344438,2.1778927311665393
ltm_40_40,LTM,15,19,0.08444444444444445,3.0,0.6666666666666666,0.06666666666666667,0.26666666666666666,3,0.13333333333333333,0.2,2.8,1.2666666666666666,1.6738402537557149,0.4686448734510502,1.4333333333333333,2.2941176470588234,1.1048023512348792,2.833213344056216,1.24,1.4879811326784236,0.044444444444444446,0.022222222222222223,0.0,0.1288888888888889,3.8648648648648636,0.0,0,0.6625925925925926,0.6216931216931217,0.5049101014302603,0.42604166666666654
ltm_41_10,LTM,6,4,0.1111111111111111,2.0,0.6666666666666666,0.3333333333333333,0.0,1,0.3333333333333333,0.0,2.0,0.6666666666666666,1.8165902124584952,0.7745966692414835,1.3333333333333333,1.0,0.0,1.3862943611198906,1.0,1.2247448713915892,0.0,0.0,0.0,0.08333333333333333,3.5000000000000004,0.0,0,0.5,0.0,1.9229626863835638e-16,0.2666666666666666
ltm_41_20,LTM,3,2,0.2222222222222222,2.0,0.6666666666666666,0.3333333333333333,0.0,1,0.3333333333333333,0.0,2.0,0.6666666666666666,1.7320508075688776,0.8660254037844388,1.3333333333333333,1.0,0.0,0.6931471805599453,1.0,0.8660254037844386,0.0,0.0,0.0,0.1111111111111111,2.0,0.0,0,0.6666666666666666,0.0,0.0,0.3333333333333333
ltm_41_40,LTM,14,32,0.16326530612244897,3.0,0.5714285714285714,0.0,0.42857142857142855,3,0.0,0.42857142857142855,2.3333333333333335,2.2857142857142856,1.2425257310445095,0.3611213838118062,1.7880255863539445,NaN,NaN,0.0,1.4285714285714286,1.2923127003108092,0.09183673469387756,0.025510204081632654,0.05612244897959184,0.22959183673469388,4.983837174498653,0.42857142857142855,0,0.804563492063492,0.3125,0.9174884776961942,0.90117434945006
ltm_42_10,LTM,4,3,0.1875,2.0,0.75,0.25,0.0,1,0.25,0.0,3.0,0.75,2.0,0.6666666666666666,1.25,1.0,0.0,1.0986122886681098,1.0,1.3333333333333333,0.0,0.0,0.0,0.1875,3.0,0.0,0,0.75,0.0,2.220446049250313e-16,0.2499999999999999
ltm_42_20,LTM,0,,,,,,,,,,,,,,,,,,,,,,,,,,,,,,
ltm_42_40,LTM,8,9,0.140625,2.0,0.625,0.125,0.25,2,0.125,0.25,2.3333333333333335,1.125,1.4596271660409714,0.569662172854805,1.458333333333333,1.8571428571428572,0.8997354108424372,1.9459101490553132,1.0,1.13932434570961,0.046875,0.03125,0.0,0.125,2.692307692307693,0.0,0,0.7250000000000001,0.6,0.4714045207910316,0.4107142857142856
ltm_43_10,LTM,2,1,0.25,2.0,0.5,0.5,0.0,1,0.5,0.0,1.0,0.5,1.4142135623730951,1.4142135623730951,1.5,1.0,0.0,0.0,1.0,0.0,0.0,0.0,0.0,0.0,1.0,0.0,0,0.0,0.0,0.0,0.5
ltm_43_20,LTM,5,6,0.24,2.0,0.6,0.2,0.2,1,0.2,0.2,2.0,1.2,1.4907119849998598,0.6972166887783964,1.45,1.4,0.5477225575051661,1.6094379124341003,1.0,0.950146187582615,0.0,0.08,0.0,0.2,2.3333333333333335,0.0,0,0.6599999999999999,0.7499999999999999,0.3535533905932738,0.38749999999999996
ltm_43_40,LTM,8,11,0.171875,2.0,0.625,0.375,0.0,1,0.375,0.0,1.6666666666666667,1.375,1.50245764820567,0.9472510404576867,1.375,1.0,0.0,2.3978952727983707,1.0,0.9321744646714993,0.0,0.0,0.125,0.265625,3.2105263157894735,0.0,0,0.825,0.0,1.4970244210116102e-16,0.26785714285714285
ltm_44_10,LTM,2,1,0.25,2.0,0.5,0.5,0.0,1,0.5,0.0,1.0,0.5,1.4142135623730951,1.4142135623730951,1.5,1.0,0.0,0.0,1.0,0.0,0.0,0.0,0.0,0.0,1.0,0.0,0,0.0,0.0,0.0,0.5
ltm_44_20,LTM,8,9,0.140625,2.0,0.625,0.0,0.375,3,0.0,0.25,2.6666666666666665,1.125,1.866817832125607,0.3142696805273545,1.8055555555555554,NaN,NaN,0.0,1.3571428571428572,2.164325149086897,0.0,0.0,0.0,0.09375,5.4,0.375,0,0.6979166666666666,0.0,1.0129477282353585,1.3218694885361546
ltm_44_40,LTM,15,17,0.07555555555555556,3.0,0.6666666666666666,0.06666666666666667,0.26666666666666666,2,0.26666666666666666,0.06666666666666667,2.8,1.1333333333333333,1.8225803982152553,0.5646533589019275,1.3777777777777775,1.8461538461538463,0.37553380809940534,2.5649493574615367,1.32,1.6496078714381268,0.04888888888888889,0.0,0.017777777777777778,0.13777777777777778,5.010928961748634,0.0,0,0.673888888888889,0.0,0.280056016805602,0.3312169312169311
ltm_45_10,LTM,0,,,,,,,,,,,,,,,,,,,,,,,,,,,,,,
ltm_45_20,LTM,5,3,0.12,2.0,0.6,0.4,0.0,1,0.4,0.0,1.5,0.6,1.4907119849998596,0.912870929175277,1.4,1.0,0.0,1.0986122886681098,1.0,0.7453559924999299,0.0,0.0,0.0,0.04,2.333333333333333,0.0,0,0.4,0.0,0.0,0.3
ltm_45_40,LTM,13,26,0.15384615384615385,3.0,0.46153846153846156,0.07692307692307693,0.46153846153846156,4,0.07692307692307693,0.46153846153846156,1.7142857142857142,2.0,1.0606601717798212,0.6123724356957945,1.817539947974731,2.6153846153846154,0.869718492622904,2.5649493574615367,1.2571428571428571,0.9574271077563382,0.13609467455621302,0.029585798816568046,0.08284023668639054,0.15976331360946747,2.753569539925965,0.15384615384615385,1,0.572069597069597,0.33593073593073597,0.6310658284495425,0.6689137682954631
ltm_46_10,LTM,0,,,,,,,,,,,,,,,,,,,,,,,,,,,,,,
ltm_46_20,LTM,11,12,0.09917355371900827,2.0,0.7272727272727273,0.18181818181818182,0.09090909090909091,2,0.18181818181818182,0.09090909090909091,3.0,1.0909090909090908,1.7610760599386073,0.6422616289332566,1.2954545454545454,1.4545454545454546,0.5222329678670935,2.3978952727983707,1.1428571428571428,1.4677079636857828,0.01652892561983471,0.024793388429752067,0.0,0.1322314049586777,4.569620253164557,0.0,0,0.8051948051948052,0.6166666666666667,0.24999999999999994,0.2602272727272727
ltm_46_40,LTM,4,2,0.125,2.0,0.5,0.5,0.0,1,0.5,0.0,1.0,0.5,1.1547005383792515,1.1547005383792515,1.5,1.0,0.0,0.6931471805599453,1.0,0.0,0.0,0.0,0.0,0.0,1.0,0.0,0,0.0,0.0,0.0,0.3333333333333333
ltm_47_10,LTM,0,,,,,,,,,,,,,,,,,,,,,,,,,,,,,,
ltm_47_20,LTM,7,9,0.1836734693877551,2.0,0.42857142857142855,0.2857142857142857,0.2857142857142857,2,0.14285714285714285,0.42857142857142855,1.25,1.2857142857142858,0.974996043043569,0.8654312181887348,1.7857142857142858,2.0,0.7559289460184544,2.0794415416798357,1.0,0.8819171036881969,0.08163265306122448,0.061224489795918366,0.04081632653061224,0.061224489795918366,0.909090909090909,0.0,0,0.4261904761904761,0.5833333333333334,0.4779069592801459,0.5806878306878308
ltm_47_40,LTM,15,28,0.12444444444444444,3.0,0.6666666666666666,0.0,0.3333333333333333,2,0.13333333333333333,0.2,3.0,1.8666666666666667,1.540275618060559,0.39815536765564635,1.4291316526610642,NaN,NaN,0.0,1.2,1.3950140285823978,0.08888888888888889,0.02666666666666667,0.02666666666666667,0.24,4.614973262032084,0.13333333333333333,0,0.837037037037037,0.5515873015873016,0.4638570644874126,0.4276076817281531
ltm_48_10,LTM,2,1,0.25,2.0,0.5,0.5,0.0,1,0.5,0.0,1.0,0.5,1.4142135623730951,1.4142135623730951,1.5,1.0,0.0,0.0,1.0,0.0,0.0,0.0,0.0,0.0,1.0,0.0,0,0.0,0.0,0.0,0.5
ltm_48_20,LTM,8,8,0.125,2.0,0.625,0.25,0.125,2,0.25,0.125,2.0,1.0,1.4142135623730951,0.7559289460184544,1.4166666666666665,1.4285714285714286,0.5345224838248488,1.9459101490553132,1.0,1.0690449676496976,0.015625,0.03125,0.0,0.078125,2.428571428571429,0.0,0,0.6625000000000001,0.6,0.2886751345948128,0.3412698412698411
ltm_48_40,LTM,3,4,0.4444444444444444,2.0,0.3333333333333333,0.0,0.6666666666666666,1,0.0,0.6666666666666666,1.5,1.3333333333333333,0.8660254037844388,0.4330127018922193,2.3333333333333335,NaN,NaN,0.0,1.0,0.4330127018922193,0.0,0.0,0.0,0.0,0.5,0.0,0,0.25,1.0,1.0,1.3333333333333333
ltm_49_10,LTM,5,3,0.12,1.0,0.4,0.4,0.2,2,0.4,0.0,1.0,0.6,0.912870929175277,0.912870929175277,1.8,1.5,0.7071067811865476,0.6931471805599453,1.0,0.7453559924999299,0.04,0.0,0.0,0.0,0.6666666666666666,0.0,0,0.0,0.0,0.0,0.7000000000000001
ltm_49_20,LTM,0,,,,,,,,,,,,,,,,,,,,,,,,,,,,,,
ltm_49_40,LTM,12,14,0.09722222222222222,2.0,0.75,0.25,0.0,1,0.25,0.0,3.0,1.1666666666666667,1.8576422904871401,0.8035173141952217,1.25,1.0,0.0,2.6390573296152584,1.0,1.3837112313628261,0.0,0.0,0.041666666666666664,0.1875,3.5,0.0,0,0.8452380952380952,0.0,2.9072463135014863e-16,0.2045454545454546
ltm_4_10,LTM,2,1,0.25,2.0,0.5,0.5,0.0,1,0.5,0.0,1.0,0.5,1.4142135623730951,1.4142135623730951,1.5,1.0,0.0,0.0,1.0,0.0,0.0,0.0,0.0,0.0,1.0,0.0,0,0.0,0.0,0.0,0.5
ltm_4_20,LTM,8,16,0.25,2.0,0.5,0.0,0.5,2,0.125,0.375,2.0,2.0,1.2817398889233114,0.3779644730092272,1.8895631067961167,NaN,NaN,0.0,1.0,1.3627702877384937,0.046875,0.0,0.0,0.15625,3.948453608247423,0.375,1,0.5138888888888888,0.7222222222222223,0.8768352956706357,1.0288013546449781
ltm_4_40,LTM,12,22,0.1527777777777778,2.0,0.5833333333333334,0.08333333333333333,0.3333333333333333,3,0.08333333333333333,0.3333333333333333,2.2,1.8333333333333333,1.3726971700492274,0.561740346048477,1.6159003831417624,3.1621621621621623,1.190553408049138,3.6109179126442243,1.1851851851851851,1.3019086722324111,0.0625,0.0625,0.0,0.1736111111111111,4.038167938931298,0.16666666666666666,0,0.7032407407407407,0.6883597883597884,0.6745938990387693,0.6094886638881882
ltm_50_10,LTM,8,14,0.21875,3.0,0.375,0.125,0.5,2,0.25,0.375,1.4,1.75,1.0470004357861764,0.5914847651505893,2.0083333333333333,2.8,0.8618916073713346,2.70805020110221,1.263157894736842,0.916324257985455,0.15625,0.125,0.015625,0.140625,3.1481481481481484,0.0,0,0.575,0.5476190476190477,0.5170803941736727,0.9035537918871254
ltm_50_20,LTM,5,3,0.12,2.0,0.6,0.4,0.0,1,0.4,0.0,1.5,0.6,1.4907119849998598,0.912870929175277,1.4,1.0,0.0,1.0986122886681098,1.0,0.7453559924999299,0.0,0.0,0.0,0.04,2.3333333333333335,0.0,0,0.4,0.0,0.0,0.3
ltm_50_40,LTM,5,5,0.2,2.0,0.6,0.0,0.4,2,0.0,0.2,2.5,1.0,1.7320508075688772,0.0,1.8666666666666665,NaN,NaN,0.0,1.375,1.7320508075688772,0.0,0.0,0.0,0.12,2.1818181818181817,0.4,0,0.7,0.0,1.0327955589886446,1.533333333333333
ltm_51_10,LTM,7,8,0.16326530612244897,2.0,0.5714285714285714,0.0,0.42857142857142855,3,0.0,0.2857142857142857,2.3333333333333335,1.1428571428571428,1.4666429922331703,0.3307189138830739,1.9428571428571428,NaN,NaN,0.0,1.4666666666666666,1.729041160103869,0.061224489795918366,0.0,0.0,0.08163265306122448,2.705882352941176,0.42857142857142855,0,0.6309523809523808,0.4777777777777778,0.9848857801796105,1.4761904761904765
ltm_51_20,LTM,6,8,0.2222222222222222,2.0,0.5,0.16666666666666666,0.3333333333333333,2,0.0,0.3333333333333333,1.6666666666666667,1.3333333333333333,1.31339255365637,0.6123724356957946,2.125,1.8,1.0954451150103324,1.6094379124341003,1.2,0.9082951062292476,0.0,0.0,0.05555555555555555,0.19444444444444445,1.553191489361702,0.3333333333333333,0,0.7277777777777777,0.0,1.2624381172952597,1.6937499999999996
ltm_51_40,LTM,15,42,0.18666666666666668,3.0,0.5333333333333333,0.0,0.4666666666666667,3,0.0,0.4666666666666667,2.142857142857143,2.8,1.1860461792690034,0.3078184312040481,1.8858740578653055,NaN,NaN,0.0,1.52,1.2648534410773637,0.15555555555555556,0.06666666666666667,0.022222222222222223,0.24444444444444444,3.5111286860241786,0.4666666666666667,2,0.6407696007696007,0.6996296296296297,0.9129585400070098,1.018861675907836
ltm_52_10,LTM,4,2,0.125,2.0,0.5,0.5,0.0,1,0.5,0.0,1.0,0.5,1.1547005383792515,1.1547005383792515,1.5,1.0,0.0,0.6931471805599453,1.0,0.0,0.0,0.0,0.0,0.0,1.0,0.0,0,0.0,0.0,0.0,0.3333333333333333
ltm_52_20,LTM,8,5,0.078125,2.0,0.625,0.375,0.0,1,0.375,0.0,1.6666666666666667,0.625,1.4658006101006469,0.828078671210825,1.375,1.0,0.0,1.6094379124341003,1.0,0.7406560798180412,0.0,0.0,0.0,0.03125,3.0,0.0,0,0.5,0.0,0.0,0.26785714285714285
ltm_52_40,LTM,7,10,0.20408163265306123,2.0,0.7142857142857143,0.14285714285714285,0.14285714285714285,2,0.14285714285714285,0.14285714285714285,3.0,1.4285714285714286,1.707825127659933,0.5507570547286101,1.3142857142857143,1.5555555555555556,0.5270462766947299,2.1972245773362196,1.0909090909090908,1.3051181300301262,0.02040816326530612,0.08163265306122448,0.0,0.32653061224489793,3.083333333333334,0.0,0,0.8061224489795917,0.7777777777777777,0.28284271247461895,0.2914285714285713
ltm_53_10,LTM,4,3,0.1875,3.0,0.5,0.25,0.25,2,0.25,0.25,1.5,0.75,1.2765694770084508,0.6666666666666666,1.625,1.5,0.7071067811865476,0.6931471805599453,1.25,0.7698003589195009,0.0625,0.0,0.0,0.0625,2.2,0.0,0,0.25,0.0,0.408248290463863,0.5625
ltm_53_20,LTM,8,11,0.171875,2.0,0.5,0.125,0.375,2,0.125,0.375,1.75,1.375,1.162174406295953,0.54110822483116,1.75,2.75,0.7537783614444091,2.4849066497880004,1.3888888888888888,1.149919149152138,0.140625,0.0625,0.0,0.109375,3.161849710982658,0.0,0,0.5026785714285714,0.7523809523809524,0.4051436956703314,0.7876984126984127
ltm_53_40,LTM,18,35,0.10802469135802469,2.0,0.7222222222222222,0.05555555555555555,0.2222222222222222,5,0.0,0.2777777777777778,3.4,1.9444444444444444,1.8955435194407007,0.5974736729898368,1.3687548096844846,3.6296296296296298,1.2754531064608479,3.295836866004329,1.2553191489361701,1.8989603524476406,0.04938271604938271,0.06790123456790123,0.012345679012345678,0.2993827160493827,5.537735849056604,0.2222222222222222,0,0.8239237614237614,0.73025493025493,0.5132087569126312,0.3805814025036386
ltm_54_10,LTM,7,8,0.16326530612244897,3.0,0.42857142857142855,0.2857142857142857,0.2857142857142857,2,0.2857142857142857,0.2857142857142857,1.25,1.1428571428571428,1.28086884574495,0.7872684844871326,1.7142857142857142,1.5,0.5477225575051661,1.791759469228055,1.1111111111111112,0.8322910148099242,0.061224489795918366,0.0,0.061224489795918366,0.14285714285714285,1.625,0.0,0,0.49999999999999994,0.0,0.4330127018922193,0.48809523809523814
ltm_54_20,LTM,2,1,0.25,2.0,0.5,0.5,0.0,1,0.5,0.0,1.0,0.5,1.4142135623730951,1.4142135623730951,1.5,1.0,0.0,0.0,1.0,0.0,0.0,0.0,0.0,0.0,1.0,0.0,0,0.0,0.0,0.0,0.5
ltm_54_40,LTM,6,7,0.19444444444444445,2.0,0.6666666666666666,0.3333333333333333,0.0,1,0.3333333333333333,0.0,2.0,1.1666666666666667,1.572726736516901,0.8427360687858644,1.3333333333333333,1.0,0.0,1.9459101490553132,1.0,0.8852533362759808,0.0,0.0,0.08333333333333333,0.25,2.4285714285714284,0.0,0,0.8333333333333334,0.0,1.4536231567507431e-16,0.2666666666666666
ltm_55_10,LTM,2,1,0.25,2.0,0.5,0.5,0.0,1,0.5,0.0,1.0,0.5,1.4142135623730951,1.4142135623730951,1.5,1.0,0.0,0.0,1.0,0.0,0.0,0.0,0.0,0.0,1.0,0.0,0,0.0,0.0,0.0,0.5
ltm_55_20,LTM,7,13,0.2653061224489796,2.0,0.42857142857142855,0.14285714285714285,0.42857142857142855,2,0.14285714285714285,0.42857142857142855,1.5,1.8571428571428572,0.954590280460835,0.5756395979652218,1.8412698412698412,2.7058823529411766,0.7717436331412898,2.833213344056216,1.2777777777777777,0.7431475254456122,0.20408163265306123,0.14285714285714285,0.04081632653061224,0.16326530612244897,1.7867298578199056,0.0,1,0.6394557823129251,0.6238095238095237,0.38024583441096965,0.7589285714285712
ltm_55_40,LTM,7,5,0.10204081632653061,2.0,0.7142857142857143,0.2857142857142857,0.0,1,0.2857142857142857,0.0,2.5,0.7142857142857143,1.7549928774784243,0.6831300510639733,1.2857142857142858,1.0,0.0,1.6094379124341003,1.0,1.1015141094572205,0.0,0.0,0.0,0.08163265306122448,3.2,0.0,0,0.7142857142857143,0.0,1.7199501139797033e-16,0.23809523809523805
ltm_56_10,LTM,2,1,0.25,2.0,0.5,0.5,0.0,1,0.5,0.0,1.0,0.5,1.4142135623730951,1.4142135623730951,1.5,1.0,0.0,0.0,1.0,0.0,0.0,0.0,0.0,0.0,1.0,0.0,0,0.0,0.0,0.0,0.5
ltm_56_20,LTM,6,9,0.25,3.0,0.3333333333333333,0.16666666666666666,0.5,2,0.16666666666666666,0.5,1.25,1.5,0.9189365834726814,0.6992058987801011,2.1296296296296298,2.7142857142857144,0.7559289460184545,1.9459101490553132,1.1818181818181819,0.8432740427115678,0.1388888888888889,0.1388888888888889,0.0,0.05555555555555555,2.0361445783132526,0.0,1,0.4083333333333334,0.7666666666666666,0.47358192046460823,0.986008230452675
ltm_56_40,LTM,19,37,0.10249307479224377,3.0,0.6842105263157895,0.0,0.3157894736842105,3,0.10526315789473684,0.21052631578947367,3.1666666666666665,1.9473684210526316,1.6812606723108314,0.400470464340412,1.4506487826213732,NaN,NaN,0.0,1.4126984126984128,1.794399207859225,0.10526315789473684,0.019390581717451522,0.019390581717451522,0.22437673130193905,12.486349848331649,0.21052631578947367,1,0.7834621518832044,0.3426303854875284,0.5933457327190556,0.5064216470289948
ltm_57_10,LTM,3,4,0.4444444444444444,2.0,0.3333333333333333,0.0,0.6666666666666666,1,0.0,0.6666666666666666,1.5,1.3333333333333333,0.8660254037844388,0.4330127018922193,2.3333333333333335,NaN,NaN,0.0,1.0,0.4330127018922194,0.0,0.0,0.0,0.0,0.5,0.0,0,0.25,1.0,1.0,1.3333333333333333
ltm_57_20,LTM,6,7,0.19444444444444445,2.0,0.5,0.0,0.5,3,0.0,0.5,2.0,1.1666666666666667,1.1392801164215363,0.34992710611188255,2.1666666666666665,NaN,NaN,0.0,1.3,1.3997084244475302,0.08333333333333333,0.0,0.0,0.05555555555555555,2.1304347826086962,0.5,0,0.48888888888888893,0.5,1.0690449676496976,1.7666666666666664
ltm_57_40,LTM,5,4,0.16,3.0,0.6,0.2,0.2,2,0.2,0.2,2.0,0.8,1.629800601300662,0.5590169943749473,1.4666666666666666,1.3333333333333333,0.5773502691896257,1.0986122886681098,1.2,1.1180339887498947,0.04,0.0,0.0,0.12,3.166666666666667,0.0,0,0.5,0.0,0.408248290463863,0.42222222222222205
ltm_58_10,LTM,5,3,0.12,2.0,0.4,0.4,0.2,2,0.4,0.0,1.0,0.6,0.912870929175277,0.912870929175277,1.8,1.5,0.7071067811865476,0.6931471805599453,1.25,0.7453559924999299,0.04,0.0,0.0,0.0,1.1428571428571428,0.0,0,0.0,0.0,0.0,0.7000000000000001
ltm_58_20,LTM,8,6,0.09375,2.0,0.75,0.25,0.0,1,0.25,0.0,3.0,0.75,1.9840634910475865,0.6172133998483676,1.25,1.0,0.0,1.791759469228055,1.0,1.4253932901995967,0.0,0.0,0.0,0.109375,4.333333333333333,0.0,0,0.75,0.0,0.0,0.21428571428571427
ltm_58_40,LTM,9,12,0.14814814814814814,3.0,0.5555555555555556,0.2222222222222222,0.2222222222222222,2,0.3333333333333333,0.1111111111111111,1.75,1.3333333333333333,1.4031215200402283,0.8385254915624212,1.488888888888889,1.4,0.5163977794943223,2.302585092994046,1.0769230769230769,0.9921567416492215,0.024691358024691357,0.024691358024691357,0.06172839506172839,0.1728395061728395,3.973684210526315,0.0,0,0.6111111111111112,0.17142857142857143,0.3162277660168379,0.35111111111111104
ltm_59_10,LTM,0,,,,,,,,,,,,,,,,,,,,,,,,,,,,,,
ltm_59_20,LTM,2,1,0.25,2.0,0.5,0.5,0.0,1,0.5,0.0,1.0,0.5,1.4142135623730951,1.4142135623730951,1.5,1.0,0.0,0.0,1.0,0.0,0.0,0.0,0.0,0.0,1.0,0.0,0,0.0,0.0,0.0,0.5
ltm_59_40,LTM,6,9,0.25,3.0,0.5,0.0,0.5,2,0.16666666666666666,0.3333333333333333,2.0,1.5,1.3165611772087666,0.3651483716701107,1.722222222222222,NaN,NaN,0.0,1.1818181818181819,1.1155467020454342,0.05555555555555555,0.0,0.0,0.16666666666666666,3.5000000000000004,0.3333333333333333,0,0.5873015873015873,0.6666666666666667,0.6666666666666666,0.6851851851851851
ltm_5_10,LTM,0,,,,,,,,,,,,,,,,,,,,,,,,,,,,,,
ltm_5_20,LTM,10,20,0.2,2.0,0.6,0.1,0.3,2,0.1,0.3,2.25,2.0,1.5456030825826172,0.5270462766947299,1.5383620689655173,2.3333333333333335,0.9168313422570846,3.1780538303479458,1.0,1.35400640077266,0.03,0.09,0.0,0.34,5.703910614525139,0.2,0,0.6616666666666667,0.7416666666666667,0.6043281762335545,0.5011578890870658
ltm_5_40,LTM,22,60,0.12396694214876033,3.0,0.5,0.09090909090909091,0.4090909090909091,3,0.0,0.5,1.8181818181818181,2.727272727272727,1.1039611219287386,0.6518187822299423,1.9210526760340405,4.63922942206655,1.190371651344993,6.3473892096560105,1.5748031496062993,1.2586631019589016,0.1797520661157025,0.0640495867768595,0.07024793388429752,0.1962809917355372,3.3410225601878225,0.22727272727272727,4,0.6251374887738523,0.3491788766788767,0.8139078355407637,0.9270669711299636
ltm_60_10,LTM,2,1,0.25,2.0,0.5,0.5,0.0,1,0.5,0.0,1.0,0.5,1.4142135623730951,1.4142135623730951,1.5,1.0,0.0,0.0,1.0,0.0,0.0,0.0,0.0,0.0,1.0,0.0,0,0.0,0.0,0.0,0.5
ltm_60_20,LTM,4,3,0.1875,2.0,0.75,0.25,0.0,1,0.25,0.0,3.0,0.75,2.0,0.6666666666666666,1.25,1.0,0.0,1.0986122886681098,1.0,1.3333333333333333,0.0,0.0,0.0,0.1875,3.0,0.0,0,0.75,0.0,2.220446049250313e-16,0.2499999999999999
ltm_60_40,LTM,10,18,0.18,3.0,0.5,0.0,0.5,3,0.0,0.5,2.0,1.8,1.2776435785674327,0.7314228762270926,1.9,NaN,NaN,0.0,1.1,1.6186498802527522,0.0,0.0,0.09,0.06,2.142857142857143,0.5,0,0.8613636363636363,0.0,0.9229582069908971,0.9148148148148143
ltm_61_10,LTM,2,1,0.25,2.0,0.5,0.5,0.0,1,0.5,0.0,1.0,0.5,1.4142135623730951,1.4142135623730951,1.5,1.0,0.0,0.0,1.0,0.0,0.0,0.0,0.0,0.0,1.0,0.0,0,0.0,0.0,0.0,0.5
ltm_61_20,LTM,7,11,0.22448979591836735,3.0,0.42857142857142855,0.0,0.5714285714285714,2,0.14285714285714285,0.42857142857142855,1.75,1.5714285714285714,1.0298573010888745,0.5006882315714638,1.9795918367346936,NaN,NaN,0.0,1.1538461538461537,0.8560270843530627,0.08163265306122448,0.061224489795918366,0.04081632653061224,0.08163265306122448,1.4,0.2857142857142857,0,0.4857142857142857,0.4444444444444445,0.7016192950074689,1.0913508260447031
ltm_61_40,LTM,12,8,0.05555555555555555,3.0,0.5833333333333334,0.3333333333333333,0.08333333333333333,2,0.3333333333333333,0.08333333333333333,1.6,0.6666666666666666,1.477097891751993,0.7385489458759965,1.4444444444444444,1.1428571428571428,0.37796447300922725,1.9459101490553132,1.1111111111111112,0.9770084209183945,0.006944444444444444,0.0,0.0,0.027777777777777776,2.243243243243243,0.0,0,0.375,0.0,0.2886751345948129,0.30976430976430974
ltm_62_10,LTM,2,1,0.25,2.0,0.5,0.5,0.0,1,0.5,0.0,1.0,0.5,1.4142135623730951,1.4142135623730951,1.5,1.0,0.0,0.0,1.0,0.0,0.0,0.0,0.0,0.0,1.0,0.0,0,0.0,0.0,0.0,0.5
ltm_62_20,LTM,4,3,0.1875,2.0,0.5,0.25,0.25,2,0.25,0.25,1.5,0.75,1.2765694770084508,0.6666666666666666,1.625,1.5,0.7071067811865476,0.6931471805599453,1.0,0.7698003589195009,0.0625,0.0,0.0,0.0625,1.6666666666666665,0.0,0,0.25,0.0,0.408248290463863,0.5625
ltm_62_40,LTM,9,15,0.18518518518518517,3.0,0.5555555555555556,0.0,0.4444444444444444,4,0.0,0.4444444444444444,2.25,1.6666666666666667,1.236931687685298,0.3,1.8611111111111112,NaN,NaN,0.0,1.4166666666666667,1.2727922061357855,0.024691358024691357,0.0,0.037037037037037035,0.09876543209876543,3.0759377859103383,0.4444444444444444,0,0.8121693121693122,0.0,0.9703951085339756,1.064236111111111
ltm_63_10,LTM,4,4,0.25,3.0,0.5,0.25,0.25,2,0.25,0.25,1.5,1.0,1.1547005383792515,0.816496580927726,1.625,1.6666666666666667,0.5773502691896257,1.0986122886681098,1.2,0.816496580927726,0.0625,0.0625,0.0,0.0625,1.6666666666666665,0.0,0,0.375,0.7777777777777778,0.3535533905932738,0.5625
ltm_63_20,LTM,4,2,0.125,2.0,0.5,0.5,0.0,1,0.5,0.0,1.0,0.5,1.1547005383792515,1.1547005383792515,1.5,1.0,0.0,0.6931471805599453,1.0,0.0,0.0,0.0,0.0,0.0,1.0,0.0,0,0.0,0.0,0.0,0.3333333333333333
ltm_63_40,LTM,11,15,0.12396694214876033,2.0,0.7272727272727273,0.0,0.2727272727272727,3,0.09090909090909091,0.18181818181818182,3.6666666666666665,1.3636363636363635,1.833999878831936,0.36998498468030955,1.32620320855615,NaN,NaN,0.0,1.0,1.7069791380616748,0.024793388429752067,0.0,0.0,0.19834710743801653,4.422535211267605,0.18181818181818182,0,0.7772727272727273,0.6557823129251702,0.4667737560435745,0.3180717206668763
ltm_64_10,LTM,7,8,0.16326530612244897,3.0,0.5714285714285714,0.0,0.42857142857142855,2,0.14285714285714285,0.2857142857142857,2.3333333333333335,1.1428571428571428,1.4666429922331703,0.33071891388307384,1.5974025974025976,NaN,NaN,0.0,1.2,1.403121520040228,0.0,0.02040816326530612,0.0,0.061224489795918366,3.8000000000000007,0.2857142857142857,0,0.5642857142857143,0.5416666666666667,0.6664944681188719,0.5946477764659585
ltm_64_20,LTM,8,14,0.21875,3.0,0.5,0.0,0.5,2,0.0,0.5,2.0,1.75,1.0906440176234602,0.26452002850644324,1.875,NaN,NaN,0.0,1.1764705882352942,1.0130345833461925,0.09375,0.0625,0.0,0.125,1.622950819672131,0.5,0,0.7142857142857144,0.725,0.8813544770895048,0.8839285714285714
ltm_64_40,LTM,7,7,0.14285714285714285,3.0,0.5714285714285714,0.14285714285714285,0.2857142857142857,3,0.14285714285714285,0.2857142857142857,2.0,1.0,1.5275252316519468,0.5773502691896257,1.5535714285714286,2.0,0.7071067811865476,1.6094379124341003,1.125,1.4142135623730951,0.08163265306122448,0.02040816326530612,0.0,0.12244897959183673,3.2,0.0,0,0.4761904761904762,0.525,0.46770717334674267,0.5096726190476191
ltm_65_10,LTM,2,1,0.25,2.0,0.5,0.5,0.0,1,0.5,0.0,1.0,0.5,1.4142135623730951,1.4142135623730951,1.5,1.0,0.0,0.0,1.0,0.0,0.0,0.0,0.0,0.0,1.0,0.0,0,0.0,0.0,0.0,0.5
ltm_65_20,LTM,15,19,0.08444444444444445,3.0,0.5333333333333333,0.13333333333333333,0.3333333333333333,3,0.26666666666666666,0.2,1.8571428571428572,1.2666666666666666,1.445487499632832,0.5555775399071027,1.575925925925926,2.6,0.9102589898327995,2.70805020110221,1.1363636363636365,1.3299984676760264,0.057777777777777775,0.017777777777777778,0.008888888888888889,0.09777777777777778,3.2253521126760565,0.0,0,0.47841269841269835,0.3632034632034632,0.44576740235020634,0.4554361405055848
ltm_65_40,LTM,5,6,0.24,2.0,0.6,0.0,0.4,2,0.0,0.4,2.5,1.2,1.3693063937629153,0.37267799624996506,1.6,NaN,NaN,0.0,1.1428571428571428,1.2638125740085917,0.0,0.0,0.0,0.08,2.125,0.4,0,0.4,0.5555555555555555,0.7071067811865474,0.6749999999999996
ltm_66_10,LTM,4,4,0.25,2.0,0.5,0.25,0.25,1,0.25,0.25,1.5,1.0,1.4142135623730951,0.816496580927726,1.5833333333333335,1.3333333333333333,0.5773502691896257,1.0986122886681098,1.0,0.816496580927726,0.0,0.0625,0.0,0.125,2.0,0.0,0,0.4375,0.7777777777777777,0.408248290463863,0.47222222222222227
ltm_66_20,LTM,10,11,0.11,2.0,0.5,0.2,0.3,2,0.1,0.4,1.6,1.1,1.245745744914816,0.6707861703387471,1.78125,2.4545454545454546,0.8201995322647243,2.3978952727983707,1.0833333333333333,1.4083575804390607,0.1,0.02,0.01,0.07,3.0000000000000004,0.0,0,0.4142857142857143,0.46666666666666673,0.4370939674299296,0.8101128472222222
ltm_66_40,LTM,18,32,0.09876543209876543,2.0,0.5,0.2222222222222222,0.2777777777777778,3,0.16666666666666666,0.3333333333333333,1.5555555555555556,1.7777777777777777,1.1008435936349263,0.7850276315856286,1.6957407407407405,2.306122448979592,0.7130942443748541,3.8918202981106265,1.3043478260869565,1.0429648773060949,0.09567901234567901,0.018518518518518517,0.07098765432098765,0.12037037037037036,2.255858077981216,0.0,2,0.5666666666666667,0.19970238095238096,0.4729414457531831,0.5684834059549745
ltm_67_10,LTM,4,3,0.1875,2.0,0.75,0.25,0.0,1,0.25,0.0,3.0,0.75,2.0,0.6666666666666666,1.25,1.0,0.0,1.0986122886681098,1.0,1.3333333333333333,0.0,0.0,0.0,0.1875,3.0,0.0,0,0.75,0.0,2.220446049250313e-16,0.2499999999999999
ltm_67_20,LTM,9,12,0.14814814814814814,2.0,0.5555555555555556,0.1111111111111111,0.3333333333333333,2,0.1111111111111111,0.3333333333333333,2.0,1.3333333333333333,1.2437342963832752,0.5303300858899107,1.6277777777777778,1.5,0.5477225575051661,1.791759469228055,1.0,0.8385254915624212,0.0,0.037037037037037035,0.0,0.08641975308641975,2.1764705882352944,0.2222222222222222,0,0.6370370370370371,0.7916666666666666,0.5909032633745279,0.6019444444444445
ltm_67_40,LTM,18,75,0.23148148148148148,3.0,0.3888888888888889,0.1111111111111111,0.5,3,0.1111111111111111,0.5,1.4545454545454546,4.166666666666667,0.8951634750473365,0.7093327436235201,1.9785430249225504,4.282430213464696,1.1351312839126688,6.411818267709897,1.1758241758241759,0.8711858044541089,0.2716049382716049,0.37962962962962965,0.1882716049382716,0.2993827160493827,2.122271980046482,0.1111111111111111,7,0.7522277105610439,0.512714754381421,0.5848983669742659,0.7531694072911927
ltm_68_10,LTM,4,4,0.25,3.0,0.5,0.25,0.25,2,0.25,0.25,1.5,1.0,1.1547005383792515,0.816496580927726,1.625,1.6666666666666667,0.5773502691896257,1.0986122886681098,1.2,0.816496580927726,0.0625,0.0625,0.0,0.0625,1.6666666666666665,0.0,0,0.375,0.7777777777777777,0.3535533905932738,0.5625
ltm_68_20,LTM,6,6,0.16666666666666666,2.0,0.6666666666666666,0.0,0.3333333333333333,2,0.0,0.3333333333333333,3.0,1.0,1.5491933384829668,0.0,1.5,NaN,NaN,0.0,1.25,1.5491933384829668,0.0,0.0,0.0,0.05555555555555555,3.2,0.3333333333333333,0,0.75,0.0,0.7071067811865476,0.6
ltm_68_40,LTM,7,6,0.12244897959183673,2.0,0.8571428571428571,0.14285714285714285,0.0,1,0.14285714285714285,0.0,6.0,0.8571428571428571,2.6457513110645907,0.4409585518440985,1.1428571428571428,1.0,0.0,1.791759469228055,1.0,2.204792759220492,0.0,0.0,0.0,0.30612244897959184,6.0,0.0,0,0.8571428571428571,0.0,4.440892098500626e-16,0.142857142857143
ltm_69_10,LTM,6,5,0.1388888888888889,2.0,0.5,0.3333333333333333,0.16666666666666666,2,0.3333333333333333,0.16666666666666666,1.3333333333333333,0.8333333333333334,1.17983049630021,0.9033271832508971,1.5833333333333333,1.5,0.5773502691896257,1.3862943611198906,1.0,0.9797958971132712,0.05555555555555555,0.0,0.027777777777777776,0.05555555555555555,2.0,0.0,0,0.3333333333333333,0.0,0.31622776601683794,0.4416666666666667
ltm_69_20,LTM,3,2,0.2222222222222222,2.0,0.6666666666666666,0.3333333333333333,0.0,1,0.3333333333333333,0.0,2.0,0.6666666666666666,1.7320508075688776,0.8660254037844388,1.3333333333333333,1.0,0.0,0.6931471805599453,1.0,0.8660254037844386,0.0,0.0,0.0,0.1111111111111111,2.0,0.0,0,0.6666666666666666,0.0,0.0,0.3333333333333333
ltm_69_40,LTM,17,23,0.07958477508650519,2.0,0.7058823529411765,0.17647058823529413,0.11764705882352941,2,0.11764705882352941,0.17647058823529413,2.8,1.3529411764705883,1.7124309211572155,0.6369602314775483,1.3564908722109532,1.9642857142857142,0.8380817098475258,3.332204510175204,1.0416666666666667,1.6478777094128023,0.02422145328719723,0.006920415224913495,0.006920415224913495,0.12110726643598616,5.932038834951456,0.11764705882352941,1,0.7287581699346405,0.47142857142857136,0.4143393446056489,0.3397456634258937
ltm_6_10,LTM,4,2,0.125,2.0,0.5,0.5,0.0,1,0.5,0.0,1.0,0.5,1.1547005383792515,1.1547005383792515,1.5,1.0,0.0,0.6931471805599453,1.0,0.0,0.0,0.0,0.0,0.0,1.0,0.0,0,0.0,0.0,0.0,0.3333333333333333
ltm_6_20,LTM,2,1,0.25,2.0,0.5,0.5,0.0,1,0.5,0.0,1.0,0.5,1.4142135623730951,1.4142135623730951,1.5,1.0,0.0,0.0,1.0,0.0,0.0,0.0,0.0,0.0,1.0,0.0,0,0.0,0.0,0.0,0.5
ltm_6_40,LTM,12,39,0.2708333333333333,2.0,0.5,0.0,0.5,3,0.0,0.5,2.0,3.25,1.0506280301159927,0.4174772463384419,1.939285714285714,NaN,NaN,0.0,1.3275862068965518,1.0454954736240984,0.0,0.05555555555555555,0.125,0.19444444444444445,2.414500683994528,0.5,0,0.8490740740740742,0.351948051948052,0.9444021086128964,0.9784692022263445
ltm_70_10,LTM,7,7,0.14285714285714285,2.0,0.5714285714285714,0.2857142857142857,0.14285714285714285,2,0.14285714285714285,0.2857142857142857,1.6666666666666667,1.0,1.4142135623730951,0.816496580927726,1.5238095238095235,1.3333333333333333,0.5163977794943223,1.791759469228055,1.0,1.0,0.04081632653061224,0.0,0.04081632653061224,0.12244897959183673,3.1999999999999997,0.0,0,0.47619047619047616,0.0,0.4364357804719847,0.4391534391534389
ltm_70_20,LTM,4,3,0.1875,2.0,0.5,0.25,0.25,2,0.25,0.25,1.5,0.75,1.2765694770084508,0.6666666666666666,1.625,1.5,0.7071067811865476,0.6931471805599453,1.0,0.7698003589195009,0.0625,0.0,0.0,0.0625,1.6666666666666665,0.0,0,0.25,0.0,0.408248290463863,0.5625
ltm_70_40,LTM,9,11,0.13580246913580246,2.0,0.6666666666666666,0.1111111111111111,0.2222222222222222,2,0.1111111111111111,0.2222222222222222,2.6666666666666665,1.2222222222222223,1.624960266519952,0.5454545454545454,1.3976608187134503,1.0,0.0,0.6931471805599453,1.0833333333333333,1.4812882488000292,0.0,0.0,0.0,0.12345679012345678,4.192307692307692,0.2222222222222222,0,0.6944444444444444,0.6333333333333333,0.484460097946302,0.36295783317943986
ltm_71_10,LTM,0,,,,,,,,,,,,,,,,,,,,,,,,,,,,,,
ltm_71_20,LTM,4,2,0.125,2.0,0.5,0.5,0.0,1,0.5,0.0,1.0,0.5,1.1547005383792515,1.1547005383792515,1.5,1.0,0.0,0.6931471805599453,1.0,0.0,0.0,0.0,0.0,0.0,1.0,0.0,0,0.0,0.0,0.0,0.3333333333333333
ltm_71_40,LTM,10,15,0.15,2.0,0.5,0.0,0.5,3,0.1,0.4,2.0,1.5,1.186342028003479,0.5665577237325317,2.0764705882352943,NaN,NaN,0.0,1.25,1.5071844406945039,0.09,0.02,0.0,0.07,2.1906077348066297,0.4,1,0.6066666666666667,0.6428571428571429,0.9601038006166196,1.5655901576316802
ltm_72_10,LTM,7,18,0.3673469387755102,2.0,0.42857142857142855,0.14285714285714285,0.42857142857142855,2,0.0,0.5714285714285714,1.5,2.5714285714285716,0.974996043043569,0.5433852130044892,1.9913419913419914,2.90625,0.9625026183458311,3.4657359027997265,1.1,0.7250656277945146,0.02040816326530612,0.20408163265306123,0.0,0.20408163265306123,1.3333333333333333,0.42857142857142855,0,0.6706349206349207,0.8761904761904763,0.829144661261864,0.8774760592942412
ltm_72_20,LTM,8,8,0.125,2.0,0.625,0.25,0.125,2,0.25,0.125,2.0,1.0,1.4142135623730951,0.7559289460184544,1.4166666666666667,1.2857142857142858,0.48795003647426666,1.9459101490553132,1.0,0.9258200997725514,0.03125,0.0,0.03125,0.109375,2.428571428571429,0.0,0,0.6875,0.0,0.2886751345948129,0.3412698412698413
ltm_72_40,LTM,8,12,0.1875,2.0,0.625,0.0,0.375,3,0.0,0.375,2.6666666666666665,1.5,1.4253932901995967,0.3563483225498992,1.6053921568627452,NaN,NaN,0.0,1.4210526315789473,1.3333333333333333,0.0,0.0,0.046875,0.140625,3.1904761904761907,0.375,0,0.7208333333333333,0.0,0.7825552181706383,0.7244946998407206
ltm_73_10,LTM,2,1,0.25,2.0,0.5,0.5,0.0,1,0.5,0.0,1.0,0.5,1.4142135623730951,1.4142135623730951,1.5,1.0,0.0,0.0,1.0,0.0,0.0,0.0,0.0,0.0,1.0,0.0,0,0.0,0.0,0.0,0.5
ltm_73_20,LTM,15,17,0.07555555555555556,3.0,0.4666666666666667,0.2,0.3333333333333333,3,0.26666666666666666,0.26666666666666666,1.5,1.1333333333333333,1.0475591288905828,0.8077724262654061,1.791666666666667,2.230769230769231,1.1657505560686467,2.5649493574615367,1.2272727272727273,0.97039723101493,0.04888888888888889,0.0044444444444444444,0.02666666666666667,0.044444444444444446,3.1538461538461533,0.0,0,0.5422222222222222,0.08333333333333333,0.4054872804916609,0.7904265873015872
ltm_73_40,LTM,9,10,0.12345679012345678,2.0,0.5555555555555556,0.1111111111111111,0.3333333333333333,2,0.2222222222222222,0.2222222222222222,2.0,1.1111111111111112,1.2278029157808674,0.5408326913195983,1.567901234567901,2.142857142857143,0.6900655593423543,1.9459101490553132,1.0,0.9836157786453003,0.06172839506172839,0.024691358024691357,0.0,0.07407407407407407,1.7000000000000004,0.0,0,0.6074074074074073,0.5,0.4036867138796655,0.5044581618655691
ltm_74_10,LTM,0,,,,,,,,,,,,,,,,,,,,,,,,,,,,,,
ltm_74_20,LTM,3,2,0.2222222222222222,2.0,0.6666666666666666,0.3333333333333333,0.0,1,0.3333333333333333,0.0,2.0,0.6666666666666666,1.7320508075688776,0.8660254037844388,1.3333333333333333,1.0,0.0,0.6931471805599453,1.0,0.8660254037844388,0.0,0.0,0.0,0.1111111111111111,2.0,0.0,0,0.6666666666666666,0.0,0.0,0.3333333333333333
ltm_74_40,LTM,8,11,0.171875,2.0,0.5,0.25,0.25,2,0.25,0.25,1.5,1.375,1.162174406295953,0.77138921583987,1.640625,1.7,0.8232726023485646,2.302585092994046,1.1538461538461537,0.752798792009841,0.046875,0.046875,0.046875,0.125,2.1999999999999997,0.0,0,0.5041666666666667,0.4047619047619047,0.44594129250792236,0.5153459821428571
ltm_75_10,LTM,3,2,0.2222222222222222,2.0,0.6666666666666666,0.3333333333333333,0.0,1,0.3333333333333333,0.0,2.0,0.6666666666666666,1.7320508075688776,0.8660254037844388,1.3333333333333333,1.0,0.0,0.6931471805599453,1.0,0.8660254037844386,0.0,0.0,0.0,0.1111111111111111,2.0,0.0,0,0.6666666666666666,0.0,0.0,0.3333333333333333
ltm_75_20,LTM,9,7,0.08641975308641975,2.0,0.6666666666666666,0.3333333333333333,0.0,1,0.3333333333333333,0.0,2.0,0.7777777777777778,1.5452362609131383,0.8571428571428572,1.3333333333333333,1.0,0.0,1.9459101490553132,1.0,0.9340497736158586,0.0,0.0,0.012345679012345678,0.06172839506172839,2.375,0.0,0,0.6111111111111112,0.0,1.4536231567507431e-16,0.25
ltm_75_40,LTM,16,25,0.09765625,3.0,0.75,0.0,0.25,3,0.0625,0.1875,4.0,1.5625,2.0098955196726025,0.32790242451070717,1.3072916666666667,NaN,NaN,0.0,1.1379310344827587,1.882296469741151,0.03125,0.0078125,0.0,0.24609375,6.080260303687636,0.125,0,0.7954326923076923,0.7407407407407408,0.4910306620885411,0.3069155092592592
ltm_76_10,LTM,6,5,0.1388888888888889,2.0,0.8333333333333334,0.16666666666666666,0.0,1,0.16666666666666666,0.0,5.0,0.8333333333333334,2.4494897427831774,0.4898979485566356,1.1666666666666667,1.0,0.0,1.6094379124341003,1.0,1.9595917942265424,0.0,0.0,0.0,0.2777777777777778,5.0,0.0,0,0.8333333333333334,0.0,2.220446049250313e-16,0.1666666666666666
ltm_76_20,LTM,2,1,0.25,2.0,0.5,0.5,0.0,1,0.5,0.0,1.0,0.5,1.4142135623730951,1.4142135623730951,1.5,1.0,0.0,0.0,1.0,0.0,0.0,0.0,0.0,0.0,1.0,0.0,0,0.0,0.0,0.0,0.5
ltm_76_40,LTM,8,17,0.265625,3.0,0.5,0.0,0.5,2,0.0,0.5,2.0,2.125,1.1089890209293192,0.3927166872453083,2.221698113207547,NaN,NaN,0.0,1.3461538461538463,1.3250691323984556,0.03125,0.03125,0.0,0.078125,2.1871227364185115,0.5,0,0.6629464285714286,0.7555555555555555,1.1737797872531475,1.7420981030361589
ltm_77_10,LTM,2,1,0.25,2.0,0.5,0.5,0.0,1,0.5,0.0,1.0,0.5,1.4142135623730951,1.4142135623730951,1.5,1.0,0.0,0.0,1.0,0.0,0.0,0.0,0.0,0.0,1.0,0.0,0,0.0,0.0,0.0,0.5
ltm_77_20,LTM,5,3,0.12,2.0,0.6,0.4,0.0,1,0.4,0.0,1.5,0.6,1.4907119849998596,0.912870929175277,1.4,1.0,0.0,1.0986122886681098,1.0,0.7453559924999299,0.0,0.0,0.0,0.04,2.333333333333333,0.0,0,0.4,0.0,0.0,0.3
ltm_77_40,LTM,7,8,0.16326530612244897,3.0,0.5714285714285714,0.0,0.42857142857142855,3,0.14285714285714285,0.2857142857142857,2.3333333333333335,1.1428571428571428,1.28086884574495,0.33071891388307384,1.6428571428571428,NaN,NaN,0.0,1.2727272727272727,1.20761472884912,0.04081632653061224,0.0,0.0,0.061224489795918366,2.705882352941176,0.2857142857142857,0,0.5285714285714286,0.41666666666666663,0.6789237807000134,0.7105654761904759
ltm_78_10,LTM,5,4,0.16,2.0,0.4,0.2,0.4,3,0.2,0.0,1.3333333333333333,0.8,1.0458250331675945,0.5590169943749473,2.2,3.0,0.0,0.6931471805599453,1.2,1.1180339887498947,0.12,0.0,0.0,0.04,1.7272727272727275,0.0,0,0.4,0.0,0.0,1.7
ltm_78_20,LTM,11,8,0.06611570247933884,2.0,0.7272727272727273,0.2727272727272727,0.0,1,0.2727272727272727,0.0,2.6666666666666665,0.7272727272727273,1.9533624855617553,0.6422616289332563,1.2727272727272727,1.0,0.0,2.0794415416798357,1.0,1.4241225368626111,0.0,0.0,0.0,0.0743801652892562,5.947368421052633,0.0,0,0.6363636363636364,0.0,1.3597399555105182e-16,0.21818181818181812
ltm_78_40,LTM,15,40,0.17777777777777778,3.0,0.5333333333333333,0.0,0.4666666666666667,3,0.0,0.4666666666666667,2.142857142857143,2.6666666666666665,1.2082307017169482,0.2714050741709048,1.857319496577611,NaN,NaN,0.0,1.5375,1.191487665543734,0.12444444444444444,0.08,0.03111111111111111,0.25333333333333335,6.150374543428466,0.4666666666666667,0,0.741919191919192,0.6657671957671957,0.914913631666604,0.9169940602192025
ltm_79_10,LTM,5,4,0.16,2.0,0.6,0.2,0.2,2,0.2,0.2,2.0,0.8,1.3693063937629153,0.5590169943749473,1.5,1.6666666666666667,0.5773502691896257,1.0986122886681098,1.0,1.118033988749895,0.08,0.0,0.0,0.08,1.5,0.0,0,0.5333333333333333,0.0,0.3535533905932738,0.5
ltm_79_20,LTM,8,8,0.125,2.0,0.625,0.375,0.0,1,0.375,0.0,1.6666666666666667,1.0,1.6035674514745464,0.9258200997725514,1.375,1.0,0.0,2.0794415416798357,1.0,1.0690449676496976,0.0,0.0,0.046875,0.140625,4.052631578947369,0.0,0,0.625,0.0,1.3597399555105182e-16,0.26785714285714285
ltm_79_40,LTM,5,4,0.16,2.0,0.6,0.2,0.2,2,0.2,0.0,2.0,0.8,1.6298006013006623,0.5590169943749473,1.6,2.0,0.0,1.0986122886681098,1.0,1.6770509831248421,0.12,0.0,0.0,0.12,2.75,0.0,0,0.6,0.0,2.220446049250313e-16,0.7999999999999999
ltm_7_10,LTM,7,13,0.2653061224489796,2.0,0.42857142857142855,0.14285714285714285,0.42857142857142855,2,0.14285714285714285,0.42857142857142855,1.5,1.8571428571428572,1.003937023100097,0.5756395979652218,1.8214285714285714,2.6666666666666665,0.816496580927726,2.70805020110221,1.2352941176470589,0.7431475254456121,0.14285714285714285,0.1836734693877551,0.0,0.14285714285714285,2.4054054054054053,0.0,0,0.5340136054421769,0.819047619047619,0.5124648205561941,0.6724330357142855
ltm_7_20,LTM,7,13,0.2653061224489796,3.0,0.5714285714285714,0.0,0.42857142857142855,3,0.0,0.42857142857142855,2.3333333333333335,1.8571428571428572,1.2978513574198733,0.4844729135305431,1.628997867803838,NaN,NaN,0.0,1.0714285714285714,1.1512791959304436,0.0,0.0,0.04081632653061224,0.20408163265306123,2.450704225352113,0.42857142857142855,0,0.6857142857142857,0.6333333333333333,0.6814313978206025,0.6215510931483307
ltm_7_40,LTM,15,40,0.17777777777777778,2.0,0.6,0.0,0.4,3,0.0,0.4,2.5,2.6666666666666665,1.3118620898772642,0.5428101483418094,1.6580194097841159,NaN,NaN,0.0,1.183673469387755,1.3935437867947624,0.08,0.08444444444444445,0.03111111111111111,0.24,3.7607052896725444,0.4,3,0.7192514892514892,0.681013431013431,0.758878373156151,0.7112505244272878
ltm_80_10,LTM,6,7,0.19444444444444445,2.0,0.5,0.16666666666666666,0.3333333333333333,3,0.0,0.3333333333333333,1.6666666666666667,1.1666666666666667,1.3732131246511903,0.6452337023220693,2.111111111111111,2.5,1.0,1.3862943611198906,1.3,1.2904674046441387,0.0,0.0,0.027777777777777776,0.1111111111111111,2.36,0.3333333333333333,0,0.6888888888888888,0.0,1.1268723396380222,1.585185185185185
ltm_80_20,LTM,10,16,0.16,3.0,0.4,0.2,0.4,2,0.4,0.2,1.3333333333333333,1.6,1.0290907529357058,0.6718548123582125,1.79375,2.375,0.6191391873668903,2.772588722239781,1.1578947368421053,0.9223309842157773,0.15,0.03,0.07,0.14,2.726708074534162,0.0,0,0.5733333333333334,0.15416666666666667,0.2706329386826371,0.6163628472222222
ltm_80_40,LTM,4,3,0.1875,2.0,0.75,0.25,0.0,1,0.25,0.0,3.0,0.75,2.0,0.6666666666666666,1.25,1.0,0.0,1.0986122886681098,1.0,1.3333333333333333,0.0,0.0,0.0,0.1875,3.0,0.0,0,0.75,0.0,2.220446049250313e-16,0.2499999999999999
ltm_81_10,LTM,4,3,0.1875,2.0,0.5,0.25,0.25,2,0.25,0.25,1.5,0.75,1.2765694770084508,0.6666666666666666,1.625,1.5,0.7071067811865476,0.6931471805599453,1.0,0.7698003589195009,0.0625,0.0,0.0,0.0625,1.6666666666666665,0.0,0,0.25,0.0,0.408248290463863,0.5625
ltm_81_20,LTM,2,1,0.25,2.0,0.5,0.5,0.0,1,0.5,0.0,1.0,0.5,1.4142135623730951,1.4142135623730951,1.5,1.0,0.0,0.0,1.0,0.0,0.0,0.0,0.0,0.0,1.0,0.0,0,0.0,0.0,0.0,0.5
ltm_81_40,LTM,10,17,0.17,3.0,0.6,0.0,0.4,2,0.0,0.4,2.5,1.7,1.46862614204502,0.39702856335914877,1.6439999999999997,NaN,NaN,0.0,1.2608695652173914,1.364119774974595,0.04,0.0,0.0,0.21,4.0,0.4,1,0.6777777777777777,0.762962962962963,0.7645067614058715,0.6970488888888889
ltm_82_10,LTM,2,1,0.25,2.0,0.5,0.5,0.0,1,0.5,0.0,1.0,0.5,1.4142135623730951,1.4142135623730951,1.5,1.0,0.0,0.0,1.0,0.0,0.0,0.0,0.0,0.0,1.0,0.0,0,0.0,0.0,0.0,0.5
ltm_82_20,LTM,6,5,0.1388888888888889,2.0,0.6666666666666666,0.16666666666666666,0.16666666666666666,2,0.16666666666666666,0.16666666666666666,2.5,0.8333333333333334,1.5949921629901507,0.4898979485566356,1.4166666666666667,1.75,0.5,1.3862943611198906,1.0,1.453272169966796,0.08333333333333333,0.0,0.0,0.1111111111111111,2.6000000000000005,0.0,0,0.5833333333333334,0.0,0.31622776601683783,0.44166666666666643
ltm_82_40,LTM,6,8,0.2222222222222222,2.0,0.5,0.0,0.5,2,0.16666666666666666,0.3333333333333333,2.0,1.3333333333333333,1.3133925536563698,0.38729833462074176,1.7727272727272727,NaN,NaN,0.0,1.2,1.2247448713915892,0.05555555555555555,0.0,0.0,0.1111111111111111,3.3076923076923075,0.3333333333333333,0,0.40079365079365076,0.5833333333333333,0.7100226978096958,0.809090909090909
ltm_83_10,LTM,2,1,0.25,2.0,0.5,0.5,0.0,1,0.5,0.0,1.0,0.5,1.4142135623730951,1.4142135623730951,1.5,1.0,0.0,0.0,1.0,0.0,0.0,0.0,0.0,0.0,1.0,0.0,0,0.0,0.0,0.0,0.5
ltm_83_20,LTM,9,13,0.16049382716049382,2.0,0.6666666666666666,0.0,0.3333333333333333,2,0.0,0.3333333333333333,3.0,1.4444444444444444,1.5132550440696924,0.36487819155789,1.4814814814814816,NaN,NaN,0.0,1.380952380952381,1.5263949871526483,0.0,0.0,0.037037037037037035,0.1111111111111111,3.909090909090909,0.3333333333333333,0,0.9206349206349205,0.0,0.676213692012338,0.5239197530864199
ltm_83_40,LTM,13,28,0.16568047337278108,2.0,0.6923076923076923,0.0,0.3076923076923077,2,0.0,0.3076923076923077,3.25,2.1538461538461537,1.5953935602994322,0.1743549823318668,1.4348599377501112,NaN,NaN,0.0,1.3,1.555930065056569,0.0,0.0,0.05325443786982249,0.25443786982248523,4.086956521739131,0.3076923076923077,0,0.9720279720279721,0.13162393162393163,0.6365359132145666,0.4619218475177577
ltm_84_10,LTM,6,4,0.1111111111111111,2.0,0.5,0.5,0.0,1,0.5,0.0,1.0,0.6666666666666666,1.2247448713915892,1.2247448713915892,1.5,1.0,0.0,1.3862943611198906,1.0,0.7745966692414833,0.0,0.0,0.027777777777777776,0.027777777777777776,1.4,0.0,0,0.3333333333333333,0.0,0.0,0.3
ltm_84_20,LTM,0,,,,,,,,,,,,,,,,,,,,,,,,,,,,,,
ltm_84_40,LTM,11,20,0.1652892561983471,2.0,0.6363636363636364,0.0,0.36363636363636365,4,0.0,0.36363636363636365,2.75,1.8181818181818181,1.4303845636750978,0.48062459362791665,1.5275142314990513,NaN,NaN,0.0,1.1666666666666667,1.375499909123952,0.049586776859504134,0.024793388429752067,0.03305785123966942,0.19834710743801653,2.882352941176471,0.36363636363636365,1,0.7323232323232323,0.3678571428571428,0.6474081869427566,0.5469418029806035
ltm_85_10,LTM,4,3,0.1875,2.0,0.5,0.25,0.25,2,0.25,0.25,1.5,0.75,1.2765694770084508,0.6666666666666666,1.625,1.5,0.7071067811865476,0.6931471805599453,1.0,0.7698003589195009,0.0625,0.0,0.0,0.0625,1.6666666666666665,0.0,0,0.25,0.0,0.408248290463863,0.5625
ltm_85_20,LTM,6,6,0.16666666666666666,2.0,0.5,0.3333333333333333,0.16666666666666666,2,0.16666666666666666,0.3333333333333333,1.3333333333333333,1.0,1.2649110640673518,0.8944271909999159,1.6388888888888886,1.4,0.5477225575051661,1.6094379124341003,1.0,0.8944271909999159,0.05555555555555555,0.0,0.05555555555555555,0.1111111111111111,2.272727272727273,0.0,0,0.5277777777777777,0.0,0.44095855184409843,0.5157407407407406
ltm_85_40,LTM,11,37,0.30578512396694213,2.0,0.45454545454545453,0.0,0.5454545454545454,2,0.0,0.5454545454545454,1.8333333333333333,3.3636363636363638,1.0149359387787436,0.5022956794540909,1.9515151515151516,NaN,NaN,0.0,1.0975609756097562,0.8522732031784759,0.0,0.21487603305785125,0.1322314049586777,0.2892561983471074,1.3773584905660379,0.5454545454545454,0,0.8161321002230093,0.5399206349206349,0.8786139613649162,0.8935121005978152
ltm_86_10,LTM,3,2,0.2222222222222222,2.0,0.6666666666666666,0.3333333333333333,0.0,1,0.3333333333333333,0.0,2.0,0.6666666666666666,1.7320508075688776,0.8660254037844388,1.3333333333333333,1.0,0.0,0.6931471805599453,1.0,0.8660254037844386,0.0,0.0,0.0,0.1111111111111111,2.0,0.0,0,0.6666666666666666,0.0,0.0,0.3333333333333333
ltm_86_20,LTM,5,4,0.16,3.0,0.6,0.2,0.2,2,0.2,0.2,2.0,0.8,1.3693063937629153,0.5590169943749476,1.5,1.6666666666666667,0.5773502691896257,1.0986122886681098,1.3333333333333333,1.1180339887498947,0.08,0.0,0.0,0.08,2.75,0.0,0,0.5333333333333333,0.0,0.3535533905932738,0.5
ltm_86_40,LTM,11,24,0.19834710743801653,2.0,0.6363636363636364,0.09090909090909091,0.2727272727272727,2,0.0,0.36363636363636365,2.5,2.1818181818181817,1.432145825908335,0.535218024111047,1.483116883116883,2.9642857142857144,0.9993384054849732,3.332204510175204,1.2,1.3483529046787253,0.04132231404958678,0.049586776859504134,0.01652892561983471,0.2892561983471074,2.560693641618496,0.2727272727272727,1,0.8070247933884297,0.7010582010582012,0.5710713168944765,0.4506864564007419
ltm_87_10,LTM,2,1,0.25,2.0,0.5,0.5,0.0,1,0.5,0.0,1.0,0.5,1.4142135623730951,1.4142135623730951,1.5,1.0,0.0,0.0,1.0,0.0,0.0,0.0,0.0,0.0,1.0,0.0,0,0.0,0.0,0.0,0.5
ltm_87_20,LTM,3,2,0.2222222222222222,2.0,0.6666666666666666,0.3333333333333333,0.0,1,0.3333333333333333,0.0,2.0,0.6666666666666666,1.7320508075688776,0.8660254037844388,1.3333333333333333,1.0,0.0,0.6931471805599453,1.0,0.8660254037844388,0.0,0.0,0.0,0.1111111111111111,2.0,0.0,0,0.6666666666666666,0.0,0.0,0.3333333333333333
ltm_87_40,LTM,14,34,0.17346938775510204,2.0,0.5,0.0,0.5,4,0.07142857142857142,0.42857142857142855,2.0,2.4285714285714284,1.0799796920378952,0.3860765431258198,1.8488372093023255,NaN,NaN,0.0,1.55,1.04490601808884,0.10204081632653061,0.08163265306122448,0.0,0.1377551020408163,3.3987138263665604,0.42857142857142855,2,0.6125541125541126,0.744139194139194,0.7582394855272814,0.8576743337015297
ltm_88_10,LTM,3,2,0.2222222222222222,2.0,0.6666666666666666,0.3333333333333333,0.0,1,0.3333333333333333,0.0,2.0,0.6666666666666666,1.7320508075688776,0.8660254037844388,1.3333333333333333,1.0,0.0,0.6931471805599453,1.0,0.8660254037844386,0.0,0.0,0.0,0.1111111111111111,2.0,0.0,0,0.6666666666666666,0.0,0.0,0.3333333333333333
ltm_88_20,LTM,13,27,0.15976331360946747,3.0,0.46153846153846156,0.07692307692307693,0.46153846153846156,3,0.15384615384615385,0.38461538461538464,1.7142857142857142,2.076923076923077,1.0486562481768849,0.49965694678637185,1.8131270903010033,3.09375,1.0273478224959143,3.4657359027997265,1.530612244897959,0.9187375286488422,0.17751479289940827,0.011834319526627219,0.10059171597633136,0.1952662721893491,4.265957446808511,0.15384615384615385,0,0.7115384615384616,0.14578754578754577,0.5789359262416452,0.6996669150792495
ltm_88_40,LTM,4,3,0.1875,3.0,0.5,0.25,0.25,2,0.25,0.25,1.5,0.75,1.2765694770084508,0.6666666666666666,1.625,1.5,0.7071067811865476,0.6931471805599453,1.25,0.7698003589195009,0.0625,0.0,0.0,0.0625,2.2,0.0,0,0.25,0.0,0.408248290463863,0.5625
ltm_89_10,LTM,0,,,,,,,,,,,,,,,,,,,,,,,,,,,,,,
ltm_89_20,LTM,0,,,,,,,,,,,,,,,,,,,,,,,,,,,,,,
ltm_89_40,LTM,3,2,0.2222222222222222,2.0,0.6666666666666666,0.3333333333333333,0.0,1,0.3333333333333333,0.0,2.0,0.6666666666666666,1.7320508075688776,0.8660254037844388,1.3333333333333333,1.0,0.0,0.6931471805599453,1.0,0.8660254037844386,0.0,0.0,0.0,0.1111111111111111,2.0,0.0,0,0.6666666666666666,0.0,0.0,0.3333333333333333
ltm_8_10,LTM,8,13,0.203125,3.0,0.625,0.0,0.375,2,0.125,0.25,2.6666666666666665,1.625,1.6752385934206158,0.3184917966195481,1.475,NaN,NaN,0.0,1.0714285714285714,1.461827617434364,0.03125,0.0,0.0,0.3125,5.193548387096775,0.25,0,0.7222222222222222,0.7142857142857142,0.5547001962252293,0.4450000000000003
ltm_8_20,LTM,5,3,0.12,2.0,0.6,0.4,0.0,1,0.4,0.0,1.5,0.6,1.4907119849998598,0.912870929175277,1.4,1.0,0.0,1.0986122886681098,1.0,0.7453559924999299,0.0,0.0,0.0,0.04,2.333333333333333,0.0,0,0.4,0.0,0.0,0.3
ltm_8_40,LTM,12,16,0.1111111111111111,3.0,0.75,0.08333333333333333,0.16666666666666666,3,0.08333333333333333,0.16666666666666666,3.6666666666666665,1.3333333333333333,1.954016841836789,0.5838742081211423,1.2838541666666667,1.7857142857142858,0.892582375303981,2.6390573296152584,1.1111111111111112,1.6719612870681382,0.027777777777777776,0.027777777777777776,0.013888888888888888,0.25,4.142857142857144,0.0,2,0.6540404040404041,0.4768707482993197,0.363763960213213,0.2665941642992424
ltm_90_10,LTM,2,1,0.25,2.0,0.5,0.5,0.0,1,0.5,0.0,1.0,0.5,1.4142135623730951,1.4142135623730951,1.5,1.0,0.0,0.0,1.0,0.0,0.0,0.0,0.0,0.0,1.0,0.0,0,0.0,0.0,0.0,0.5
ltm_90_20,LTM,5,7,0.28,2.0,0.6,0.0,0.4,2,0.0,0.4,2.5,1.4,1.3923991921155663,0.3912303982179758,1.5636363636363637,NaN,NaN,0.0,1.0,1.1736911946539275,0.0,0.0,0.0,0.16,1.8571428571428577,0.4,0,0.6142857142857142,0.7499999999999999,0.6354353154662373,0.5966942148760331
ltm_90_40,LTM,6,5,0.1388888888888889,3.0,0.6666666666666666,0.16666666666666666,0.16666666666666666,2,0.16666666666666666,0.16666666666666666,2.5,0.8333333333333334,1.9224983745116666,0.4898979485566356,1.375,1.25,0.5,1.3862943611198906,1.1666666666666667,1.4532721699667959,0.027777777777777776,0.0,0.0,0.16666666666666666,4.142857142857143,0.0,0,0.5833333333333334,0.0,0.3872983346207417,0.34375
ltm_91_10,LTM,5,5,0.2,2.0,0.4,0.2,0.4,2,0.2,0.4,1.3333333333333333,1.0,1.0,0.7071067811865476,1.85,2.0,1.0,1.0986122886681098,1.0,0.7071067811865476,0.08,0.04,0.0,0.04,1.5,0.0,0,0.26666666666666666,0.5833333333333334,0.570087712549569,0.675
ltm_91_20,LTM,7,6,0.12244897959183673,2.0,0.42857142857142855,0.42857142857142855,0.14285714285714285,2,0.42857142857142855,0.0,1.0,0.8571428571428571,1.0496913126495102,1.0496913126495102,1.7142857142857142,1.4,0.5477225575051661,1.6094379124341003,1.0,0.8819171036881969,0.04081632653061224,0.0,0.04081632653061224,0.04081632653061224,1.3333333333333335,0.0,0,0.32142857142857145,0.0,0.0,0.5714285714285715
ltm_91_40,LTM,11,13,0.10743801652892562,2.0,0.7272727272727273,0.0,0.2727272727272727,2,0.09090909090909091,0.18181818181818182,3.6666666666666665,1.1818181818181819,1.9596521850549227,0.3422860840197998,1.3333333333333335,NaN,NaN,0.0,1.3157894736842106,1.9023498393414928,0.0,0.01652892561983471,0.0,0.14049586776859505,6.79746835443038,0.18181818181818182,0,0.7959595959595961,0.5523809523809524,0.5063696835418333,0.33333333333333337
ltm_92_10,LTM,3,2,0.2222222222222222,2.0,0.6666666666666666,0.3333333333333333,0.0,1,0.3333333333333333,0.0,2.0,0.6666666666666666,1.7320508075688776,0.8660254037844388,1.3333333333333333,1.0,0.0,0.6931471805599453,1.0,0.8660254037844388,0.0,0.0,0.0,0.1111111111111111,2.0,0.0,0,0.6666666666666666,0.0,0.0,0.3333333333333333
ltm_92_20,LTM,4,4,0.25,3.0,0.5,0.25,0.25,2,0.25,0.25,1.5,1.0,1.1547005383792515,0.816496580927726,1.625,1.6666666666666667,0.5773502691896257,1.0986122886681098,1.2,0.816496580927726,0.0625,0.0625,0.0,0.0625,1.6666666666666665,0.0,0,0.375,0.7777777777777778,0.3535533905932738,0.5625
ltm_92_40,LTM,14,19,0.09693877551020408,4.0,0.5714285714285714,0.14285714285714285,0.2857142857142857,3,0.14285714285714285,0.2857142857142857,2.0,1.3571428571428572,1.4336672075659194,0.8479051283927589,1.536706349206349,1.8,0.6761234037828133,2.70805020110221,1.3076923076923077,1.2739083685374661,0.061224489795918366,0.0,0.061224489795918366,0.14285714285714285,5.5625,0.0,0,0.613095238095238,0.0,0.47481657482347384,0.4335709622167955
ltm_93_10,LTM,4,3,0.1875,2.0,0.5,0.25,0.25,2,0.25,0.25,1.5,0.75,1.2765694770084508,0.6666666666666666,1.625,1.5,0.7071067811865476,0.6931471805599453,1.0,0.7698003589195009,0.0625,0.0,0.0,0.0625,1.6666666666666665,0.0,0,0.25,0.0,0.408248290463863,0.5625
ltm_93_20,LTM,8,8,0.125,2.0,0.625,0.125,0.25,2,0.125,0.25,2.3333333333333335,1.0,1.5118578920369088,0.5345224838248488,1.5178571428571428,1.0,0.0,0.6931471805599453,1.2,1.4142135623730951,0.0,0.0,0.0,0.0625,3.3636363636363638,0.25,0,0.6250000000000001,0.5416666666666666,0.6348710298082564,0.547740524781341
ltm_93_40,LTM,7,8,0.16326530612244897,2.0,0.5714285714285714,0.0,0.42857142857142855,3,0.14285714285714285,0.2857142857142857,2.3333333333333335,1.1428571428571428,1.3768926368215257,0.33071891388307384,1.6530612244897962,NaN,NaN,0.0,1.0,1.3090231727004176,0.04081632653061224,0.0,0.0,0.08163265306122448,1.7999999999999998,0.2857142857142857,0,0.5476190476190477,0.5416666666666667,0.6961995960577831,0.7337220602526724
ltm_94_10,LTM,2,1,0.25,2.0,0.5,0.5,0.0,1,0.5,0.0,1.0,0.5,1.4142135623730951,1.4142135623730951,1.5,1.0,0.0,0.0,1.0,0.0,0.0,0.0,0.0,0.0,1.0,0.0,0,0.0,0.0,0.0,0.5
ltm_94_20,LTM,8,10,0.15625,3.0,0.625,0.0,0.375,2,0.125,0.25,2.6666666666666665,1.25,1.4658006101006469,0.3703280399090206,1.5,NaN,NaN,0.0,1.2307692307692308,1.3522468075656264,0.015625,0.015625,0.015625,0.09375,3.7058823529411766,0.25,0,0.5458333333333333,0.3,0.5865151319446072,0.5028571428571429
ltm_94_40,LTM,4,2,0.125,2.0,0.5,0.5,0.0,1,0.5,0.0,1.0,0.5,1.1547005383792515,1.1547005383792515,1.5,1.0,0.0,0.6931471805599453,1.0,0.0,0.0,0.0,0.0,0.0,1.0,0.0,0,0.0,0.0,0.0,0.3333333333333333
ltm_95_10,LTM,6,4,0.1111111111111111,2.0,0.6666666666666666,0.3333333333333333,0.0,1,0.3333333333333333,0.0,2.0,0.6666666666666666,1.8165902124584952,0.7745966692414835,1.3333333333333333,1.0,0.0,1.3862943611198906,1.0,1.2247448713915892,0.0,0.0,0.0,0.08333333333333333,3.5000000000000004,0.0,0,0.5,0.0,1.9229626863835638e-16,0.26666666666666666
ltm_95_20,LTM,6,4,0.1111111111111111,2.0,0.5,0.3333333333333333,0.16666666666666666,2,0.3333333333333333,0.16666666666666666,1.3333333333333333,0.6666666666666666,1.2247448713915892,0.7745966692414835,1.5833333333333333,1.3333333333333333,0.5773502691896257,1.0986122886681098,1.0,0.7745966692414835,0.027777777777777776,0.0,0.0,0.027777777777777776,1.4000000000000001,0.0,0,0.16666666666666666,0.0,0.3535533905932738,0.4416666666666666
ltm_95_40,LTM,11,13,0.10743801652892562,3.0,0.7272727272727273,0.0,0.2727272727272727,3,0.09090909090909091,0.18181818181818182,3.6666666666666665,1.1818181818181819,1.922769206149907,0.3422860840197998,1.3454545454545455,NaN,NaN,0.0,1.565217391304348,1.8643335659077784,0.024793388429752067,0.0,0.0,0.15702479338842976,6.966573816155988,0.18181818181818182,0,0.7909090909090909,0.5523809523809524,0.5159010042186835,0.36122727272727256
ltm_96_10,LTM,6,7,0.19444444444444445,2.0,0.6666666666666666,0.16666666666666666,0.16666666666666666,1,0.16666666666666666,0.16666666666666666,2.5,1.1666666666666667,1.7496355305594125,0.6452337023220693,1.3666666666666665,1.3333333333333333,0.5163977794943223,1.791759469228055,1.0,1.2904674046441387,0.0,0.05555555555555555,0.0,0.25,3.2857142857142856,0.0,0,0.7777777777777777,0.7166666666666666,0.3380617018914066,0.32666666666666677
ltm_96_20,LTM,8,13,0.203125,2.0,0.5,0.0,0.5,3,0.0,0.5,2.0,1.625,1.0878565864408425,0.3184917966195481,1.9153225806451613,NaN,NaN,0.0,1.35,1.0784917930888172,0.09375,0.015625,0.03125,0.140625,2.395498392282958,0.5,0,0.6479166666666666,0.30476190476190473,0.89449878240284,0.9790211089638768
ltm_96_40,LTM,19,57,0.15789473684210525,3.0,0.5789473684210527,0.05263157894736842,0.3684210526315789,3,0.0,0.42105263157894735,2.25,3.0,1.227262335243029,0.5983516452371671,1.6855727297969763,4.907715582450832,1.071228868487524,6.493753839851686,1.3604651162790697,1.3517250067329376,0.10803324099722991,0.09418282548476455,0.0332409972299169,0.22714681440443213,4.248668611798571,0.2631578947368421,9,0.6681855468233178,0.6663194444444445,0.7700440819334403,0.6964808893489458
ltm_97_10,LTM,2,1,0.25,2.0,0.5,0.5,0.0,1,0.5,0.0,1.0,0.5,1.4142135623730951,1.4142135623730951,1.5,1.0,0.0,0.0,1.0,0.0,0.0,0.0,0.0,0.0,1.0,0.0,0,0.0,0.0,0.0,0.5
ltm_97_20,LTM,6,6,0.16666666666666666,3.0,0.5,0.16666666666666666,0.3333333333333333,3,0.16666666666666666,0.16666666666666666,1.6666666666666667,1.0,1.2649110640673518,0.6324555320336759,1.777777777777778,2.5,0.5773502691896257,1.3862943611198906,1.1428571428571428,1.2649110640673518,0.1111111111111111,0.027777777777777776,0.0,0.08333333333333333,2.5294117647058822,0.0,0,0.3333333333333333,0.5,0.33333333333333337,0.9185185185185183
ltm_97_40,LTM,7,5,0.10204081632653061,2.0,0.7142857142857143,0.2857142857142857,0.0,1,0.2857142857142857,0.0,2.5,0.7142857142857143,1.7549928774784243,0.6831300510639732,1.2857142857142858,1.0,0.0,1.6094379124341003,1.0,1.1015141094572205,0.0,0.0,0.0,0.08163265306122448,3.2,0.0,0,0.7142857142857143,0.0,1.7199501139797033e-16,0.23809523809523805
ltm_98_10,LTM,3,2,0.2222222222222222,3.0,0.3333333333333333,0.3333333333333333,0.3333333333333333,2,0.3333333333333333,0.0,1.0,0.6666666666666666,0.8660254037844388,0.8660254037844388,2.0,2.0,0.0,0.0,1.3333333333333333,0.8660254037844388,0.1111111111111111,0.0,0.0,0.0,1.25,0.0,0,0.0,0.0,0.0,1.0
ltm_98_20,LTM,8,8,0.125,3.0,0.625,0.125,0.25,2,0.25,0.125,2.3333333333333335,1.0,1.7728105208558367,0.5345224838248488,1.425,1.5,0.5477225575051661,1.791759469228055,1.2,1.414213562373095,0.03125,0.015625,0.0,0.15625,3.9655172413793096,0.0,0,0.6875,0.525,0.3872983346207417,0.35928571428571426
ltm_98_40,LTM,6,5,0.1388888888888889,2.0,0.5,0.3333333333333333,0.16666666666666666,2,0.3333333333333333,0.16666666666666666,1.3333333333333333,0.8333333333333334,1.17983049630021,0.9033271832508971,1.5833333333333333,1.5,0.5773502691896257,1.3862943611198906,1.0,0.9797958971132712,0.05555555555555555,0.0,0.027777777777777776,0.05555555555555555,2.0,0.0,0,0.3333333333333333,0.0,0.31622776601683794,0.4416666666666667
ltm_99_10,LTM,4,4,0.25,3.0,0.5,0.0,0.5,2,0.0,0.5,2.0,1.0,1.1547005383792515,0.0,2.0,NaN,NaN,0.0,1.2,1.1547005383792515,0.0,0.0,0.0,0.0,1.6666666666666665,0.5,0,0.3333333333333333,0.0,1.0,1.3333333333333333
ltm_99_20,LTM,6,4,0.1111111111111111,2.0,0.6666666666666666,0.3333333333333333,0.0,1,0.3333333333333333,0.0,2.0,0.6666666666666666,1.8165902124584952,0.7745966692414835,1.3333333333333333,1.0,0.0,1.3862943611198906,1.0,1.2247448713915892,0.0,0.0,0.0,0.08333333333333333,3.5000000000000004,0.0,0,0.5,0.0,1.9229626863835638e-16,0.26666666666666666
ltm_99_40,LTM,9,10,0.12345679012345678,3.0,0.5555555555555556,0.2222222222222222,0.2222222222222222,2,0.3333333333333333,0.1111111111111111,1.75,1.1111111111111112,1.5223337347638328,0.7035623639735145,1.488888888888889,1.375,0.5175491695067657,2.0794415416798357,1.1666666666666667,1.0816653826391966,0.024691358024691357,0.012345679012345678,0.024691358024691357,0.13580246913580246,3.2631578947368425,0.0,0,0.7222222222222222,0.3,0.34641016151377546,0.35111111111111104
ltm_9_10,LTM,0,,,,,,,,,,,,,,,,,,,,,,,,,,,,,,
ltm_9_20,LTM,8,7,0.109375,2.0,0.5,0.375,0.125,2,0.375,0.125,1.25,0.875,1.1326070959601313,0.9537405261671773,1.5625,1.3333333333333333,0.5163977794943222,1.791759469228055,1.125,0.8081220356417687,0.015625,0.015625,0.015625,0.03125,2.555555555555556,0.0,0,0.4479166666666667,0.4666666666666667,0.2672612419124244,0.38839285714285715
ltm_9_40,LTM,11,19,0.15702479338842976,3.0,0.5454545454545454,0.09090909090909091,0.36363636363636365,3,0.09090909090909091,0.36363636363636365,2.0,1.7272727272727273,1.2441553109130428,0.6894535955289606,1.6691919191919191,2.764705882352941,0.9701425001453321,2.833213344056216,1.2083333333333333,1.251481116976834,0.08264462809917356,0.04132231404958678,0.05785123966942149,0.14049586776859505,3.220660576247365,0.18181818181818182,1,0.4904761904761905,0.30416666666666664,0.6361178145156128,0.6303170594837262
maxent_100_10,MaxEnt,0,,,,,,,,,,,,,,,,,,,,,,,,,,,,,,
maxent_100_20,MaxEnt,20,103,0.2575,2.0,0.05,0.05,0.9,5,0.0,0.9,1.0,5.15,0.6704987981687914,0.5985696835731331,25.240696313411256,5.706508875739645,0.5874015004485306,6.739336627357174,1.8623481781376519,0.8501311726731082,0.285,0.2475,0.1875,0.27,6.469450536416425,0.9,53,0.37912073243308947,0.6034040959040959,5.043543452002146,36.47318190110917
maxent_100_40,MaxEnt,0,,,,,,,,,,,,,,,,,,,,,,,,,,,,,,
maxent_10_10,MaxEnt,0,,,,,,,,,,,,,,,,,,,,,,,,,,,,,,
maxent_10_20,MaxEnt,2,1,0.25,2.0,0.5,0.5,0.0,1,0.5,0.0,1.0,0.5,1.4142135623730951,1.4142135623730951,1.5,1.0,0.0,0.0,1.0,0.0,0.0,0.0,0.0,0.0,1.0,0.0,0,0.0,0.0,0.0,0.5
maxent_10_40,MaxEnt,0,,,,,,,,,,,,,,,,,,,,,,,,,,,,,,
maxent_11_10,MaxEnt,0,,,,,,,,,,,,,,,,,,,,,,,,,,,,,,
maxent_11_20,MaxEnt,2,1,0.25,2.0,0.5,0.5,0.0,1,0.5,0.0,1.0,0.5,1.4142135623730951,1.4142135623730951,1.5,1.0,0.0,0.0,1.0,0.0,0.0,0.0,0.0,0.0,1.0,0.0,0,0.0,0.0,0.0,0.5
maxent_11_40,MaxEnt,10,12,0.12,1.0,0.2,0.4,0.4,5,0.3,0.3,0.75,1.2,0.7657804862272346,1.097134314340639,6.333333333333333,3.1666666666666665,1.834847859269718,1.791759469228055,1.0769230769230769,1.2546210878484685,0.03,0.02,0.03,0.01,0.7647058823529412,0.3,0,0.2752380952380952,0.5,2.3570226039551585,26.59259259259259
maxent_12_10,MaxEnt,6,14,0.3888888888888889,2.0,0.16666666666666666,0.0,0.8333333333333334,2,0.16666666666666666,0.6666666666666666,1.2,2.3333333333333335,0.6998542122237651,0.4426266681379905,3.0999999999999996,NaN,NaN,0.0,1.1764705882352942,0.5855400437691198,0.08333333333333333,0.1388888888888889,0.027777777777777776,0.027777777777777776,1.9132947976878611,0.6666666666666666,2,0.40972222222222215,0.8444444444444444,1.0981889853841402,1.668462222222222
maxent_12_20,MaxEnt,11,12,0.09917355371900827,2.0,0.36363636363636365,0.2727272727272727,0.36363636363636365,2,0.2727272727272727,0.18181818181818182,1.1428571428571428,1.0909090909090908,1.041499986664533,0.8652231568278275,2.0,2.4,1.07496769977314,2.302585092994046,1.0769230769230769,1.2173514054883434,0.06611570247933884,0.024793388429752067,0.01652892561983471,0.03305785123966942,1.185430463576159,0.0,0,0.20649350649350648,0.44761904761904764,0.5773502691896257,0.8
maxent_12_40,MaxEnt,0,,,,,,,,,,,,,,,,,,,,,,,,,,,,,,
maxent_13_10,MaxEnt,3,2,0.2222222222222222,3.0,0.3333333333333333,0.3333333333333333,0.3333333333333333,2,0.3333333333333333,0.0,1.0,0.6666666666666666,0.8660254037844388,0.8660254037844388,2.0,2.0,0.0,0.0,1.3333333333333333,0.8660254037844388,0.1111111111111111,0.0,0.0,0.0,1.25,0.0,0,0.0,0.0,0.0,1.0
maxent_13_20,MaxEnt,6,4,0.1111111111111111,2.0,0.5,0.3333333333333333,0.16666666666666666,2,0.3333333333333333,0.16666666666666666,1.3333333333333333,0.6666666666666666,1.2247448713915892,0.7745966692414835,1.5833333333333333,1.3333333333333333,0.5773502691896257,1.0986122886681098,1.0,0.7745966692414835,0.027777777777777776,0.0,0.0,0.027777777777777776,1.4,0.0,0,0.16666666666666666,0.0,0.3535533905932738,0.4416666666666666
maxent_13_40,MaxEnt,0,,,,,,,,,,,,,,,,,,,,,,,,,,,,,,
maxent_14_10,MaxEnt,6,5,0.1388888888888889,3.0,0.5,0.3333333333333333,0.16666666666666666,2,0.3333333333333333,0.16666666666666666,1.3333333333333333,0.8333333333333334,1.4028542333400147,0.9033271832508971,1.5555555555555556,1.25,0.5,1.3862943611198906,1.1666666666666667,0.9797958971132712,0.027777777777777776,0.0,0.027777777777777776,0.08333333333333333,1.7272727272727273,0.0,0,0.3611111111111111,0.0,0.36514837167011077,0.38518518518518524
maxent_14_20,MaxEnt,4,5,0.3125,2.0,0.25,0.25,0.5,2,0.25,0.5,1.0,1.25,0.7659416862050705,1.0066445913694333,2.0625,2.0,1.0,1.0986122886681098,1.1666666666666667,0.4618802153517006,0.0625,0.125,0.0625,0.0,1.2857142857142856,0.0,0,0.29166666666666663,0.8333333333333333,0.570087712549569,0.5989583333333334
maxent_14_40,MaxEnt,39,270,0.17751479289940827,3.0,0.07692307692307693,0.07692307692307693,0.8461538461538461,6,0.02564102564102564,0.8205128205128205,1.0,6.923076923076923,0.7537560269398501,0.7508366570100793,8.807129085861098,5.730662214802448,0.5703514743852094,9.69109846411978,2.022727272727273,0.8864220155228764,0.30046022353714663,0.20578566732412887,0.40039447731755423,0.4089414858645628,6.377619728320564,0.8205128205128205,265,0.319559804241181,0.40451338461578995,3.2398289464029495,8.476256570097037
maxent_15_10,MaxEnt,0,,,,,,,,,,,,,,,,,,,,,,,,,,,,,,
maxent_15_20,MaxEnt,5,4,0.16,1.0,0.2,0.2,0.6,2,0.2,0.0,1.0,0.8,0.5590169943749476,0.5590169943749473,1.200000000000001,2.0,0.0,0.0,1.0,0.6846531968814575,0.04,0.0,0.0,0.0,0.25,0.4,0,0.0,0.0,0.7071067811865475,1.7000000000000033
maxent_15_40,MaxEnt,0,,,,,,,,,,,,,,,,,,,,,,,,,,,,,,
maxent_16_10,MaxEnt,0,,,,,,,,,,,,,,,,,,,,,,,,,,,,,,
maxent_16_20,MaxEnt,4,2,0.125,2.0,0.5,0.5,0.0,1,0.5,0.0,1.0,0.5,1.1547005383792515,1.1547005383792515,1.5,1.0,0.0,0.6931471805599453,1.0,0.0,0.0,0.0,0.0,0.0,1.0,0.0,0,0.0,0.0,0.0,0.3333333333333333
maxent_16_40,MaxEnt,9,6,0.07407407407407407,2.0,0.4444444444444444,0.5555555555555556,0.0,1,0.5555555555555556,0.0,0.8,0.6666666666666666,1.0606601717798214,1.5,1.5555555555555556,1.0,0.0,1.791759469228055,1.0,1.0606601717798214,0.0,0.0,0.037037037037037035,0.012345679012345678,0.9999999999999999,0.0,0,0.35185185185185186,0.0,0.0,0.2777777777777778
maxent_17_10,MaxEnt,8,8,0.125,3.0,0.625,0.125,0.25,3,0.125,0.25,2.3333333333333335,1.0,1.4142135623730951,0.5345224838248488,1.4722222222222223,2.0,0.8944271909999159,1.791759469228055,1.2,1.1952286093343936,0.0625,0.015625,0.0,0.09375,3.097560975609756,0.0,0,0.53125,0.375,0.48112522432468807,0.44003527336860676
maxent_17_20,MaxEnt,4,3,0.1875,2.0,0.5,0.25,0.25,2,0.25,0.0,1.5,0.75,1.2765694770084508,0.6666666666666666,1.75,2.0,0.0,0.6931471805599453,1.4,1.3333333333333333,0.125,0.0,0.0,0.0625,1.8571428571428572,0.0,0,0.5,0.0,0.0,0.9166666666666666
maxent_17_40,MaxEnt,16,45,0.17578125,3.0,0.3125,0.125,0.5625,4,0.0,0.6875,1.2727272727272727,2.8125,0.8535184984289993,0.9200465187738167,9.82032901056676,5.226415094339623,1.0097441735778419,5.356586274672012,1.4246575342465753,1.4035815445720903,0.08203125,0.05078125,0.08203125,0.08203125,2.6304425848618225,0.5,16,0.40201569264069265,0.5322089947089946,4.8829297330473365,39.71878169175245
maxent_18_10,MaxEnt,7,7,0.14285714285714285,2.0,0.42857142857142855,0.2857142857142857,0.2857142857142857,2,0.2857142857142857,0.14285714285714285,1.25,1.0,1.1547005383792515,0.816496580927726,1.7857142857142858,1.8,0.44721359549995804,1.6094379124341003,1.3636363636363635,1.0,0.08163265306122448,0.0,0.04081632653061224,0.08163265306122448,3.055172413793103,0.0,0,0.3190476190476191,0.0,0.2672612419124244,0.6547619047619048
maxent_18_20,MaxEnt,19,59,0.1634349030470914,3.0,0.10526315789473684,0.21052631578947367,0.6842105263157895,10,0.0,0.5789473684210527,0.8823529411764706,3.1052631578947367,0.9413012644620383,0.7428895174497848,26.228565994933135,4.864864864864865,1.2543727524234694,4.997212273764115,1.504950495049505,1.0711840568282613,0.1634349030470914,0.11911357340720222,0.11634349030470914,0.1994459833795014,2.205913768015188,0.6842105263157895,23,0.3034956830235468,0.487049062049062,8.271154343805291,103.17517761419793
maxent_18_40,MaxEnt,14,17,0.08673469387755102,3.0,0.42857142857142855,0.21428571428571427,0.35714285714285715,3,0.2857142857142857,0.14285714285714285,1.375,1.2142857142857142,1.2162943061748794,0.8029092695830125,1.8392857142857142,2.0833333333333335,0.90033663737852,2.4849066497880004,1.2916666666666667,1.0067644514152674,0.04591836734693878,0.00510204081632653,0.03571428571428571,0.07653061224489796,2.832699619771863,0.0,3,0.31785714285714295,0.12121212121212123,0.5285941398709244,0.7077609890109889
maxent_19_10,MaxEnt,8,8,0.125,3.0,0.25,0.25,0.5,4,0.25,0.125,1.0,1.0,0.9258200997725514,0.9258200997725514,5.374999999999999,2.5,2.1213203435596424,0.6931471805599453,1.2727272727272727,1.3093073414159542,0.015625,0.0,0.015625,0.015625,1.0689655172413794,0.375,0,0.22291666666666665,0.41666666666666663,2.1794494717703365,17.696428571428566
maxent_19_20,MaxEnt,0,,,,,,,,,,,,,,,,,,,,,,,,,,,,,,
maxent_19_40,MaxEnt,2,1,0.25,2.0,0.5,0.5,0.0,1,0.5,0.0,1.0,0.5,1.4142135623730951,1.4142135623730951,1.5,1.0,0.0,0.0,1.0,0.0,0.0,0.0,0.0,0.0,1.0,0.0,0,0.0,0.0,0.0,0.5
maxent_1_10,MaxEnt,0,,,,,,,,,,,,,,,,,,,,,,,,,,,,,,
maxent_1_20,MaxEnt,2,1,0.25,2.0,0.5,0.5,0.0,1,0.5,0.0,1.0,0.5,1.4142135623730951,1.4142135623730951,1.5,1.0,0.0,0.0,1.0,0.0,0.0,0.0,0.0,0.0,1.0,0.0,0,0.0,0.0,0.0,0.5
maxent_1_40,MaxEnt,0,,,,,,,,,,,,,,,,,,,,,,,,,,,,,,
maxent_20_10,MaxEnt,0,,,,,,,,,,,,,,,,,,,,,,,,,,,,,,
maxent_20_20,MaxEnt,20,99,0.2475,1.0,0.05,0.05,0.9,5,0.0,0.85,1.0,4.95,0.5916231820774255,0.7164262960476475,34.134921847406886,5.664027149321267,0.6324699137410102,6.784457062637643,1.521978021978022,1.1043727821563654,0.235,0.15,0.1625,0.1125,3.822627431733645,0.85,55,0.3435650022492127,0.7514115051615051,4.899003186100838,63.900175573051285
maxent_20_40,MaxEnt,39,277,0.18211702827087442,4.0,0.07692307692307693,0.07692307692307693,0.8461538461538461,5,0.02564102564102564,0.8717948717948718,1.0,7.102564102564102,0.734999273706947,0.6649452470188467,13.552007391232177,5.805489844196101,0.4760178776283574,10.10716282065494,1.9506462984723854,0.9782169956856307,0.3793556870479947,0.1913214990138067,0.336620644312952,0.35502958579881655,8.516141908313594,0.8205128205128205,307,0.3108771529598467,0.4400210604542381,3.7113172291160756,20.7244680730067
maxent_21_10,MaxEnt,2,1,0.25,2.0,0.5,0.5,0.0,1,0.5,0.0,1.0,0.5,1.4142135623730951,1.4142135623730951,1.5,1.0,0.0,0.0,1.0,0.0,0.0,0.0,0.0,0.0,1.0,0.0,0,0.0,0.0,0.0,0.5
maxent_21_20,MaxEnt,20,63,0.1575,3.0,0.1,0.1,0.8,6,0.0,0.6,1.0,3.15,0.7446885293119704,0.7006495659158614,46.67062882096074,5.2153846153846155,1.1248931573196699,4.174387269895637,1.6853146853146854,0.7782976115620633,0.2175,0.085,0.1675,0.1925,3.30782009249153,0.8,35,0.2919161394161394,0.341046176046176,12.243084900652402,259.8493139871461
maxent_21_40,MaxEnt,0,,,,,,,,,,,,,,,,,,,,,,,,,,,,,,
maxent_22_10,MaxEnt,2,1,0.25,2.0,0.5,0.5,0.0,1,0.5,0.0,1.0,0.5,1.4142135623730951,1.4142135623730951,1.5,1.0,0.0,0.0,1.0,0.0,0.0,0.0,0.0,0.0,1.0,0.0,0,0.0,0.0,0.0,0.5
maxent_22_20,MaxEnt,0,,,,,,,,,,,,,,,,,,,,,,,,,,,,,,
maxent_22_40,MaxEnt,0,,,,,,,,,,,,,,,,,,,,,,,,,,,,,,
maxent_23_10,MaxEnt,4,4,0.25,2.0,0.25,0.25,0.5,2,0.25,0.25,1.0,1.0,0.816496580927726,0.816496580927726,2.25,2.5,0.7071067811865476,0.6931471805599453,1.0,0.816496580927726,0.125,0.0625,0.0,0.0,0.6000000000000001,0.0,0,0.22916666666666666,0.7777777777777778,0.3535533905932738,1.0833333333333333
maxent_23_20,MaxEnt,9,10,0.12345679012345678,1.0,0.1111111111111111,0.3333333333333333,0.5555555555555556,3,0.1111111111111111,0.2222222222222222,0.75,1.1111111111111112,0.5408326913195983,1.05,0.6666666666666661,2.0,0.0,0.0,1.4375,1.3332291625973385,0.07407407407407407,0.012345679012345678,0.037037037037037035,0.0,0.9816513761467892,0.4444444444444444,0,0.3277777777777778,0.5733333333333334,0.7464060469018968,1.604166666666665
maxent_23_40,MaxEnt,0,,,,,,,,,,,,,,,,,,,,,,,,,,,,,,
maxent_24_10,MaxEnt,0,,,,,,,,,,,,,,,,,,,,,,,,,,,,,,
maxent_24_20,MaxEnt,5,4,0.16,3.0,0.4,0.2,0.4,2,0.4,0.0,1.3333333333333333,0.8,1.0458250331675945,0.5590169943749473,1.8,2.0,0.0,0.6931471805599453,1.2,0.6846531968814575,0.08,0.0,0.0,0.04,1.222222222222222,0.0,0,0.13333333333333333,0.0,0.0,0.7000000000000001
maxent_24_40,MaxEnt,0,,,,,,,,,,,,,,,,,,,,,,,,,,,,,,
maxent_25_10,MaxEnt,3,2,0.2222222222222222,3.0,0.3333333333333333,0.3333333333333333,0.3333333333333333,2,0.3333333333333333,0.0,1.0,0.6666666666666666,0.8660254037844388,0.8660254037844388,2.0,2.0,0.0,0.0,1.3333333333333333,0.8660254037844388,0.1111111111111111,0.0,0.0,0.0,1.25,0.0,0,0.0,0.0,0.0,1.0
maxent_25_20,MaxEnt,6,4,0.1111111111111111,3.0,0.5,0.3333333333333333,0.16666666666666666,2,0.3333333333333333,0.16666666666666666,1.3333333333333333,0.6666666666666666,1.2247448713915892,0.7745966692414835,1.5833333333333333,1.3333333333333333,0.5773502691896257,1.0986122886681098,1.2,0.7745966692414835,0.027777777777777776,0.0,0.0,0.027777777777777776,1.6666666666666665,0.0,0,0.16666666666666666,0.0,0.3535533905932738,0.4416666666666666
maxent_25_40,MaxEnt,0,,,,,,,,,,,,,,,,,,,,,,,,,,,,,,
maxent_26_10,MaxEnt,7,7,0.14285714285714285,3.0,0.5714285714285714,0.2857142857142857,0.14285714285714285,2,0.2857142857142857,0.14285714285714285,1.6666666666666667,1.0,1.5275252316519468,0.816496580927726,1.4642857142857142,1.3333333333333333,0.5163977794943223,1.791759469228055,1.125,1.1547005383792515,0.02040816326530612,0.02040816326530612,0.02040816326530612,0.12244897959183673,3.2,0.0,0,0.40476190476190477,0.375,0.32732683535398854,0.3422619047619047
maxent_26_20,MaxEnt,4,2,0.125,2.0,0.5,0.5,0.0,1,0.5,0.0,1.0,0.5,1.1547005383792515,1.1547005383792515,1.5,1.0,0.0,0.6931471805599453,1.0,0.0,0.0,0.0,0.0,0.0,1.0,0.0,0,0.0,0.0,0.0,0.3333333333333333
maxent_26_40,MaxEnt,15,18,0.08,2.0,0.3333333333333333,0.2,0.4666666666666667,3,0.3333333333333333,0.06666666666666667,1.2,1.2,1.1443442705426585,0.7182430061427789,2.013333333333333,2.3636363636363638,0.6741998624632421,2.3978952727983707,1.1818181818181819,0.9860132971832694,0.05333333333333334,0.0044444444444444444,0.02666666666666667,0.06222222222222222,1.387267904509284,0.0,0,0.31,0.06969696969696969,0.39440531887330776,0.7455238095238096
maxent_27_10,MaxEnt,3,2,0.2222222222222222,2.0,0.6666666666666666,0.3333333333333333,0.0,1,0.3333333333333333,0.0,2.0,0.6666666666666666,1.7320508075688776,0.8660254037844388,1.3333333333333333,1.0,0.0,0.6931471805599453,1.0,0.8660254037844388,0.0,0.0,0.0,0.1111111111111111,2.0,0.0,0,0.6666666666666666,0.0,0.0,0.3333333333333333
maxent_27_20,MaxEnt,11,24,0.19834710743801653,2.0,0.18181818181818182,0.09090909090909091,0.7272727272727273,4,0.0,0.6363636363636364,1.1111111111111112,2.1818181818181817,0.7890306993041807,0.535218024111047,20.727272727272723,4.5,1.454436184706849,2.6390573296152584,1.4634146341463414,0.9673488971869917,0.10743801652892562,0.049586776859504134,0.049586776859504134,0.11570247933884298,2.033426183844011,0.7272727272727273,6,0.30010822510822505,0.5592592592592592,6.583201475472755,97.66818181818181
maxent_27_40,MaxEnt,27,130,0.17832647462277093,4.0,0.25925925925925924,0.07407407407407407,0.6666666666666666,4,0.0,0.7407407407407407,1.25,4.814814814814815,0.8622012454818854,0.8679547632779893,6.182894731437485,5.636593591905565,0.6760078259451031,8.464635940677562,1.7874251497005988,1.2830820314061182,0.18930041152263374,0.17695473251028807,0.23868312757201646,0.20027434842249658,4.130469812926226,0.6666666666666666,82,0.3749259485370597,0.5990940985399189,2.4973159651335313,10.017230454645865
maxent_28_10,MaxEnt,6,8,0.2222222222222222,3.0,0.3333333333333333,0.3333333333333333,0.3333333333333333,2,0.3333333333333333,0.3333333333333333,1.0,1.3333333333333333,0.9082951062292476,0.9082951062292475,1.8888888888888886,2.0,0.816496580927726,1.9459101490553132,1.1111111111111112,0.7745966692414833,0.08333333333333333,0.08333333333333333,0.05555555555555555,0.05555555555555555,1.7272727272727273,0.0,1,0.3055555555555555,0.6333333333333333,0.45643546458763845,0.5740740740740741
maxent_28_20,MaxEnt,17,32,0.11072664359861592,2.0,0.17647058823529413,0.11764705882352941,0.7058823529411765,6,0.0,0.5882352941176471,1.0714285714285714,1.8823529411764706,0.724585684417309,0.7942665641961771,8.527387640449438,4.571428571428571,1.7196345126633326,3.044522437723423,1.7121212121212122,0.9674260105752275,0.1314878892733564,0.020761245674740483,0.07612456747404844,0.06920415224913495,2.6797594928436053,0.6470588235294118,11,0.23001867413632116,0.1311111111111111,3.5632839461548547,15.950829258261264
maxent_28_40,MaxEnt,0,,,,,,,,,,,,,,,,,,,,,,,,,,,,,,
maxent_29_10,MaxEnt,0,,,,,,,,,,,,,,,,,,,,,,,,,,,,,,
maxent_29_20,MaxEnt,20,80,0.2,2.0,0.1,0.15,0.75,6,0.0,0.65,0.9444444444444444,4.0,0.7737468646310083,0.8885233166386386,52.42641918001109,5.178571428571429,1.050219073793703,4.718498871295094,1.638157894736842,0.8698154674230741,0.1725,0.1975,0.31,0.2275,3.3708946676657945,0.6,29,0.42374670736899833,0.5261111111111111,13.743271204208932,342.2853081065174
maxent_29_40,MaxEnt,4,2,0.125,2.0,0.5,0.5,0.0,1,0.5,0.0,1.0,0.5,1.1547005383792515,1.1547005383792515,1.5,1.0,0.0,0.6931471805599453,1.0,0.0,0.0,0.0,0.0,0.0,1.0,0.0,0,0.0,0.0,0.0,0.3333333333333333
maxent_2_10,MaxEnt,7,7,0.14285714285714285,3.0,0.2857142857142857,0.14285714285714285,0.5714285714285714,4,0.14285714285714285,0.2857142857142857,1.2,1.0,0.816496580927726,0.5773502691896257,2.75,4.333333333333333,0.5773502691896258,1.0986122886681098,1.875,1.0,0.12244897959183673,0.02040816326530612,0.0,0.02040816326530612,3.1129943502824857,0.0,0,0.15238095238095237,0.25,0.2988071523335984,2.5833333333333335
maxent_2_20,MaxEnt,0,,,,,,,,,,,,,,,,,,,,,,,,,,,,,,
maxent_2_40,MaxEnt,31,166,0.17273673257023933,3.0,0.16129032258064516,0.12903225806451613,0.7096774193548387,5,0.03225806451612903,0.5806451612903226,1.0384615384615385,5.354838709677419,0.9418522666354079,0.7677828417520395,7.28095322847624,5.74105850733926,0.5578635866753139,9.177197153382929,1.6355932203389831,1.2894953201444763,0.1987513007284079,0.13943808532778357,0.20707596253902186,0.28303850156087407,4.253608584076684,0.7096774193548387,91,0.3455803819840898,0.5282078449095257,2.847494564998458,9.893892549914518
maxent_30_10,MaxEnt,6,6,0.16666666666666666,2.0,0.3333333333333333,0.3333333333333333,0.3333333333333333,2,0.3333333333333333,0.3333333333333333,1.0,1.0,0.8944271909999159,1.0954451150103321,1.875,1.75,0.9574271077563381,1.3862943611198906,1.1428571428571428,0.8944271909999159,0.027777777777777776,0.05555555555555555,0.027777777777777776,0.0,1.1818181818181817,0.0,0,0.19444444444444442,0.8333333333333333,0.5204164998665332,0.54375
maxent_30_20,MaxEnt,9,17,0.20987654320987653,2.0,0.1111111111111111,0.2222222222222222,0.6666666666666666,4,0.0,0.3333333333333333,0.875,1.8888888888888888,0.8554729160146464,0.6719799799291685,18.177777777777777,3.2857142857142856,1.4960264830861913,1.9459101490553132,1.2916666666666667,0.9462181142438478,0.12345679012345678,0.08641975308641975,0.037037037037037035,0.12345679012345678,1.862190812720848,0.5555555555555556,1,0.40489417989417986,0.6101190476190477,6.283498463529411,44.98444444444443
maxent_30_40,MaxEnt,8,7,0.109375,3.0,0.125,0.375,0.5,3,0.125,0.0,0.7142857142857143,0.875,0.4040610178208843,0.9537405261671773,0.7500000000000001,2.0,0.0,0.0,1.2222222222222223,1.0130345833461925,0.03125,0.0,0.0,0.0,0.411764705882353,0.25,0,0.14583333333333331,0.0,0.5345224838248488,1.7571428571428567
maxent_31_10,MaxEnt,3,2,0.2222222222222222,2.0,0.3333333333333333,0.6666666666666666,0.0,1,0.6666666666666666,0.0,0.5,0.6666666666666666,0.8660254037844388,1.7320508075688776,1.6666666666666667,1.0,0.0,0.6931471805599453,1.0,0.8660254037844386,0.0,0.0,0.1111111111111111,0.0,0.5,0.0,0,0.6666666666666666,0.0,0.0,0.3333333333333333
maxent_31_20,MaxEnt,19,64,0.1772853185595568,3.0,0.15789473684210525,0.05263157894736842,0.7894736842105263,5,0.0,0.7368421052631579,1.125,3.3684210526315788,0.7550107500154477,0.7678715622492548,9.343738745113983,5.423611111111111,0.9355441265610153,4.969813299576001,1.6074074074074074,0.9788480199604817,0.1440443213296399,0.08587257617728532,0.13850415512465375,0.16066481994459833,3.5881371346319715,0.7894736842105263,36,0.34914115992818945,0.45235690235690235,3.52981916797695,15.12639269246638
maxent_31_40,MaxEnt,0,,,,,,,,,,,,,,,,,,,,,,,,,,,,,,
maxent_32_10,MaxEnt,7,7,0.14285714285714285,3.0,0.42857142857142855,0.14285714285714285,0.42857142857142855,3,0.2857142857142857,0.2857142857142857,1.5,1.0,1.1547005383792515,0.5773502691896257,1.7619047619047616,2.0,0.816496580927726,1.3862943611198906,1.2222222222222223,0.816496580927726,0.061224489795918366,0.02040816326530612,0.0,0.061224489795918366,1.6486486486486485,0.0,0,0.20714285714285713,0.3333333333333333,0.4879500364742666,0.5912698412698411
maxent_32_20,MaxEnt,11,15,0.12396694214876033,2.0,0.5454545454545454,0.09090909090909091,0.36363636363636365,3,0.18181818181818182,0.2727272727272727,2.0,1.3636363636363635,1.4766328062333047,0.4944132324730443,1.6117424242424243,2.5,1.0,2.4849066497880004,1.25,1.3155480480266264,0.08264462809917356,0.03305785123966942,0.008264462809917356,0.15702479338842976,3.9148936170212765,0.0,1,0.3939393939393939,0.4613095238095238,0.550567888638631,0.5349195075757577
maxent_32_40,MaxEnt,33,215,0.19742883379247014,2.0,0.12121212121212122,0.0,0.8787878787878788,5,0.0,0.8181818181818182,1.1379310344827587,6.515151515151516,0.6341517630869478,0.7530333466724092,7.282030245870023,NaN,NaN,0.0,1.9086614173228347,0.9410827969521638,0.26721763085399447,0.17722681359044995,0.3480257116620753,0.2800734618916437,14.447045877059999,0.8787878787878788,225,0.3033541910262647,0.48616593193007485,2.527629598148058,6.083675178545592
maxent_33_10,MaxEnt,0,,,,,,,,,,,,,,,,,,,,,,,,,,,,,,
maxent_33_20,MaxEnt,5,4,0.16,3.0,0.4,0.4,0.2,2,0.4,0.2,1.0,0.8,1.0458250331675945,1.0458250331675945,1.7,1.3333333333333333,0.5773502691896257,1.0986122886681098,1.2,0.6846531968814575,0.04,0.0,0.04,0.04,1.222222222222222,0.0,0,0.3333333333333333,0.0,0.3535533905932738,0.45000000000000007
maxent_33_40,MaxEnt,0,,,,,,,,,,,,,,,,,,,,,,,,,,,,,,
maxent_34_10,MaxEnt,0,,,,,,,,,,,,,,,,,,,,,,,,,,,,,,
maxent_34_20,MaxEnt,3,2,0.2222222222222222,3.0,0.3333333333333333,0.3333333333333333,0.3333333333333333,2,0.3333333333333333,0.0,1.0,0.6666666666666666,0.8660254037844388,0.8660254037844388,2.0,2.0,0.0,0.0,1.3333333333333333,0.8660254037844388,0.1111111111111111,0.0,0.0,0.0,1.25,0.0,0,0.0,0.0,0.0,1.0
maxent_34_40,MaxEnt,39,245,0.16107823800131493,3.0,0.07692307692307693,0.05128205128205128,0.8717948717948718,5,0.02564102564102564,0.8205128205128205,1.0277777777777777,6.282051282051282,0.7899886524924774,0.7763656314379668,14.777556867726931,5.7375922442483,0.5649512292768661,9.53401680465134,1.8605697151424287,1.0178291791705625,0.3333333333333333,0.1946088099934254,0.33530571992110453,0.3767258382642998,6.757297416424798,0.7948717948717948,285,0.32142370795095904,0.4280595081360274,4.108145757582155,22.823738580757794
maxent_35_10,MaxEnt,2,1,0.25,2.0,0.5,0.5,0.0,1,0.5,0.0,1.0,0.5,1.4142135623730951,1.4142135623730951,1.5,1.0,0.0,0.0,1.0,0.0,0.0,0.0,0.0,0.0,1.0,0.0,0,0.0,0.0,0.0,0.5
maxent_35_20,MaxEnt,4,3,0.1875,2.0,0.5,0.25,0.25,2,0.25,0.25,1.5,0.75,1.2765694770084508,0.6666666666666666,1.625,1.5,0.7071067811865476,0.6931471805599453,1.0,0.7698003589195009,0.0625,0.0,0.0,0.0625,1.6666666666666665,0.0,0,0.25,0.0,0.408248290463863,0.5625
maxent_35_40,MaxEnt,6,3,0.08333333333333333,2.0,0.5,0.5,0.0,1,0.5,0.0,1.0,0.5,1.0954451150103321,1.0954451150103321,1.5,1.0,0.0,1.0986122886681098,1.0,0.0,0.0,0.0,0.0,0.0,1.0,0.0,0,0.0,0.0,0.0,0.3
maxent_36_10,MaxEnt,3,2,0.2222222222222222,2.0,0.3333333333333333,0.3333333333333333,0.3333333333333333,2,0.3333333333333333,0.0,1.0,0.6666666666666666,0.8660254037844388,0.8660254037844388,2.0,2.0,0.0,0.0,1.0,0.8660254037844386,0.1111111111111111,0.0,0.0,0.0,0.5,0.0,0,0.0,0.0,0.0,1.0
maxent_36_20,MaxEnt,7,10,0.20408163265306123,2.0,0.14285714285714285,0.0,0.8571428571428571,5,0.0,0.42857142857142855,1.1666666666666667,1.4285714285714286,0.6831300510639732,0.5507570547286103,10.14285714285714,NaN,NaN,0.0,1.3333333333333333,0.7483314773547883,0.10204081632653061,0.02040816326530612,0.04081632653061224,0.04081632653061224,1.6156583629893242,0.8571428571428571,1,0.21190476190476187,0.7222222222222222,2.7928480087537877,19.809523809523807
maxent_36_40,MaxEnt,0,,,,,,,,,,,,,,,,,,,,,,,,,,,,,,
maxent_37_10,MaxEnt,5,3,0.12,2.0,0.4,0.6,0.0,1,0.6,0.0,0.6666666666666666,0.6,0.912870929175277,1.4907119849998596,1.6,1.0,0.0,1.0986122886681098,1.0,0.7453559924999299,0.0,0.0,0.04,0.0,0.6666666666666666,0.0,0,0.4,0.0,0.0,0.3
maxent_37_20,MaxEnt,20,76,0.19,2.0,0.05,0.1,0.85,6,0.0,0.8,0.9473684210526315,3.8,0.6808997246649766,0.9019587956486517,45.04839630554692,5.489795918367347,0.7527788423319814,4.990432586778736,1.6484848484848484,1.101364976380204,0.145,0.085,0.215,0.14,5.916881814362033,0.85,43,0.357002442002442,0.5092748917748918,8.974849162635012,115.63654493514646
maxent_37_40,MaxEnt,31,84,0.08740894901144641,2.0,0.12903225806451613,0.22580645161290322,0.6451612903225806,9,0.06451612903225806,0.5161290322580645,0.8888888888888888,2.7096774193548385,0.9198768772981281,0.8426015216358435,12.258794587935451,5.135391923990499,1.1331400328843293,6.042632833682381,1.9395348837209303,1.1425553503647052,0.09989594172736732,0.031217481789802288,0.10301768990634755,0.11654526534859522,2.5102830614161715,0.5806451612903226,66,0.31160538281031647,0.20343380898936458,5.847905471338028,48.4615611734432
maxent_38_10,MaxEnt,6,5,0.1388888888888889,2.0,0.6666666666666666,0.16666666666666666,0.16666666666666666,2,0.16666666666666666,0.16666666666666666,2.5,0.8333333333333334,1.9224983745116666,0.4898979485566356,1.375,1.25,0.5,1.3862943611198906,1.0,1.4532721699667959,0.027777777777777776,0.0,0.0,0.16666666666666666,3.8,0.0,0,0.5833333333333334,0.0,0.3872983346207417,0.34375
maxent_38_20,MaxEnt,20,70,0.175,1.0,0.1,0.1,0.8,6,0.05,0.65,1.0,3.5,0.9521302928286755,0.7615914142616902,7.390135352963658,5.397590361445783,0.8963307185292355,4.418840607796598,1.748427672955975,1.2642315522997716,0.1725,0.13,0.1275,0.1925,3.138511002476141,0.7,23,0.33319717928270565,0.5322924297924299,2.603414024906978,9.84519086762923
maxent_38_40,MaxEnt,9,6,0.07407407407407407,2.0,0.4444444444444444,0.3333333333333333,0.2222222222222222,2,0.3333333333333333,0.0,1.2,0.6666666666666666,1.0606601717798214,0.75,1.7777777777777777,1.75,0.5,1.3862943611198906,1.25,1.0606601717798214,0.037037037037037035,0.0,0.0,0.012345679012345678,1.4324324324324322,0.0,0,0.2222222222222222,0.0,0.0,0.6944444444444445
maxent_39_10,MaxEnt,4,4,0.25,2.0,0.5,0.25,0.25,2,0.25,0.25,1.5,1.0,1.1547005383792515,0.816496580927726,1.625,1.6666666666666667,0.5773502691896257,1.0986122886681098,1.0,0.816496580927726,0.0625,0.0625,0.0,0.0625,1.0,0.0,0,0.375,0.7777777777777777,0.3535533905932738,0.5625
maxent_39_20,MaxEnt,3,2,0.2222222222222222,2.0,0.3333333333333333,0.3333333333333333,0.3333333333333333,2,0.3333333333333333,0.0,1.0,0.6666666666666666,0.8660254037844388,0.8660254037844388,2.0,2.0,0.0,0.0,1.0,0.8660254037844386,0.1111111111111111,0.0,0.0,0.0,0.5,0.0,0,0.0,0.0,0.0,1.0
maxent_39_40,MaxEnt,39,210,0.13806706114398423,3.0,0.10256410256410256,0.07692307692307693,0.8205128205128205,7,0.02564102564102564,0.7435897435897436,1.0285714285714285,5.384615384615385,0.8779431092701453,0.8953454049693811,8.711276359029322,5.692030336938953,0.6124139743472958,8.99255742690407,1.9180633147113595,1.2211306412356355,0.26364234056541747,0.1814595660749507,0.2859960552268245,0.284681130834977,4.657331940966371,0.8205128205128205,211,0.303940889108681,0.458492180705803,2.809993723113002,9.52467384777521
maxent_3_10,MaxEnt,6,5,0.1388888888888889,2.0,0.6666666666666666,0.3333333333333333,0.0,1,0.3333333333333333,0.0,2.0,0.8333333333333334,1.9224983745116664,0.9033271832508971,1.3333333333333333,1.0,0.0,1.6094379124341003,1.0,1.4532721699667959,0.0,0.0,0.027777777777777776,0.16666666666666666,3.8000000000000003,0.0,0,0.6666666666666666,0.0,0.0,0.2666666666666667
maxent_3_20,MaxEnt,20,81,0.2025,1.0,0.1,0.1,0.8,5,0.0,0.75,1.0,4.05,0.7661863018046403,0.845808245557321,40.047474944401145,5.625407166123779,0.7138266209557336,5.726847747587197,1.736842105263158,1.3686746440726743,0.175,0.09,0.1225,0.105,5.2024110137067145,0.8,35,0.3391688213747038,0.6605394605394606,8.137042656487782,184.20324883465372
maxent_3_40,MaxEnt,2,1,0.25,2.0,0.5,0.5,0.0,1,0.5,0.0,1.0,0.5,1.4142135623730951,1.4142135623730951,1.5,1.0,0.0,0.0,1.0,0.0,0.0,0.0,0.0,0.0,1.0,0.0,0,0.0,0.0,0.0,0.5
maxent_40_10,MaxEnt,0,,,,,,,,,,,,,,,,,,,,,,,,,,,,,,
maxent_40_20,MaxEnt,0,,,,,,,,,,,,,,,,,,,,,,,,,,,,,,
maxent_40_40,MaxEnt,4,2,0.125,2.0,0.5,0.5,0.0,1,0.5,0.0,1.0,0.5,1.1547005383792515,1.1547005383792515,1.5,1.0,0.0,0.6931471805599453,1.0,0.0,0.0,0.0,0.0,0.0,1.0,0.0,0,0.0,0.0,0.0,0.3333333333333333
maxent_41_10,MaxEnt,0,,,,,,,,,,,,,,,,,,,,,,,,,,,,,,
maxent_41_20,MaxEnt,3,2,0.2222222222222222,2.0,0.6666666666666666,0.3333333333333333,0.0,1,0.3333333333333333,0.0,2.0,0.6666666666666666,1.7320508075688776,0.8660254037844388,1.3333333333333333,1.0,0.0,0.6931471805599453,1.0,0.8660254037844386,0.0,0.0,0.0,0.1111111111111111,2.0,0.0,0,0.6666666666666666,0.0,0.0,0.3333333333333333
maxent_41_40,MaxEnt,0,,,,,,,,,,,,,,,,,,,,,,,,,,,,,,
maxent_42_10,MaxEnt,7,6,0.12244897959183673,2.0,0.42857142857142855,0.2857142857142857,0.2857142857142857,2,0.2857142857142857,0.14285714285714285,1.25,0.8571428571428571,1.0496913126495102,0.8050764858994132,1.7857142857142858,1.75,0.5,1.3862943611198906,1.0,0.8819171036881969,0.061224489795918366,0.0,0.02040816326530612,0.04081632653061224,1.3333333333333333,0.0,0,0.2619047619047619,0.0,0.28867513459481287,0.6547619047619048
maxent_42_20,MaxEnt,20,84,0.21,2.0,0.1,0.1,0.8,5,0.0,0.75,1.0,4.2,0.7670565175771965,0.6892002730341884,9.402651046756258,5.546099290780142,0.7563667012225261,6.558197802812269,1.5660377358490567,0.9994627987793898,0.205,0.11,0.1775,0.215,3.705284213343698,0.75,38,0.3565167593844064,0.46499874394611235,2.7286320752049016,9.077326067744835
maxent_42_40,MaxEnt,4,3,0.1875,2.0,0.25,0.25,0.5,1,0.25,0.0,1.0,0.75,0.6666666666666666,0.6666666666666666,0.75,1.0,0.0,0.0,1.0,0.7698003589195009,0.0,0.0,0.0,0.0,0.3333333333333333,0.5,0,0.0,0.0,0.816496580927726,0.9166666666666666
maxent_43_10,MaxEnt,7,7,0.14285714285714285,2.0,0.42857142857142855,0.2857142857142857,0.2857142857142857,3,0.2857142857142857,0.2857142857142857,1.25,1.0,1.1547005383792515,0.816496580927726,1.7142857142857142,1.6,0.8944271909999159,1.6094379124341003,1.0,0.816496580927726,0.04081632653061224,0.02040816326530612,0.02040816326530612,0.061224489795918366,1.4705882352941178,0.0,0,0.2738095238095238,0.3333333333333333,0.5345224838248488,0.48809523809523814
maxent_43_20,MaxEnt,20,85,0.2125,4.0,0.1,0.2,0.7,4,0.0,0.75,0.8888888888888888,4.25,0.7156191212115552,0.7552402978423327,48.43616466918262,5.5904887714663145,0.698686900639389,6.6293632534374485,1.631578947368421,1.1438193519471984,0.2375,0.155,0.1625,0.15,6.155198681644065,0.7,37,0.3225282655081417,0.5789109583227229,7.864903481283908,268.2972449513754
maxent_43_40,MaxEnt,25,80,0.128,2.0,0.28,0.24,0.48,6,0.04,0.56,1.0555555555555556,3.2,0.9418302770846418,1.071196031312663,13.07479544595616,4.474285714285714,1.473197877701333,5.1647859739235145,1.4552845528455285,1.071196031312663,0.08,0.0608,0.2336,0.2224,4.07942106410595,0.24,36,0.3929055944055944,0.2952224104398017,9.473188528588212,79.78079930754828
maxent_44_10,MaxEnt,9,13,0.16049382716049382,2.0,0.5555555555555556,0.2222222222222222,0.2222222222222222,2,0.1111111111111111,0.3333333333333333,1.75,1.4444444444444444,1.3894147590914185,0.70185721503441,1.575925925925926,1.6923076923076923,0.7510676161988107,2.5649493574615367,1.1333333333333333,1.0637935912261025,0.04938271604938271,0.04938271604938271,0.037037037037037035,0.18518518518518517,4.650224215246636,0.0,1,0.4894179894179895,0.5476190476190477,0.5192861635535069,0.48799382716049355
maxent_44_20,MaxEnt,8,7,0.109375,2.0,0.375,0.25,0.375,2,0.375,0.125,1.2,0.875,1.1326070959601313,0.7324227936704636,1.875,1.75,0.9574271077563381,1.3862943611198906,1.125,0.8081220356417687,0.046875,0.0,0.015625,0.046875,1.1818181818181819,0.0,0,0.1875,0.0,0.5345224838248488,0.6964285714285713
maxent_44_40,MaxEnt,40,221,0.138125,2.0,0.075,0.1,0.825,5,0.025,0.775,0.972972972972973,5.525,0.8675277188830448,0.7216431653015843,9.766549456145281,5.712972216669998,0.5901070496914819,8.517793011488205,2.0808729139922977,1.0664210481705771,0.26625,0.120625,0.258125,0.323125,9.500495179602812,0.8,252,0.2967781788592144,0.36202304036543176,3.5382389643476966,9.963767201699582
maxent_45_10,MaxEnt,4,3,0.1875,3.0,0.25,0.5,0.25,2,0.25,0.0,0.6666666666666666,0.75,0.6666666666666666,1.2765694770084508,2.25,2.0,0.0,0.6931471805599453,1.4,1.3333333333333333,0.125,0.0,0.0625,0.0,1.4,0.0,0,0.5,0.0,0.0,0.9166666666666666
maxent_45_20,MaxEnt,4,3,0.1875,4.0,0.25,0.25,0.5,3,0.25,0.0,1.0,0.75,0.6666666666666666,0.6666666666666666,2.5,3.0,0.0,0.0,1.6666666666666667,0.7698003589195009,0.125,0.0,0.0,0.0,1.6666666666666665,0.0,0,0.0,0.0,0.0,1.6666666666666667
maxent_45_40,MaxEnt,2,1,0.25,2.0,0.5,0.5,0.0,1,0.5,0.0,1.0,0.5,1.4142135623730951,1.4142135623730951,1.5,1.0,0.0,0.0,1.0,0.0,0.0,0.0,0.0,0.0,1.0,0.0,0,0.0,0.0,0.0,0.5
maxent_46_10,MaxEnt,4,3,0.1875,2.0,0.25,0.75,0.0,1,0.75,0.0,0.3333333333333333,0.75,0.6666666666666666,2.0,1.75,1.0,0.0,1.0986122886681098,1.0,1.3333333333333333,0.0,0.0,0.1875,0.0,0.3333333333333333,0.0,0,0.75,0.0,0.0,0.25
maxent_46_20,MaxEnt,17,49,0.1695501730103806,1.0,0.058823529411764705,0.23529411764705882,0.7058823529411765,6,0.0,0.058823529411764705,0.8125,2.8823529411764706,0.6926008663123804,0.9003909558553378,4.395424187892717e16,1.0,0.0,0.0,1.8198198198198199,1.0660213409567654,0.12802768166089964,0.05536332179930796,0.1453287197231834,0.10380622837370242,5.4188296134043,0.7058823529411765,17,0.3362808759867584,0.5086772486772487,6.042818938852574e15,1.335372342863906e32
maxent_46_40,MaxEnt,0,,,,,,,,,,,,,,,,,,,,,,,,,,,,,,
maxent_47_10,MaxEnt,2,1,0.25,2.0,0.5,0.5,0.0,1,0.5,0.0,1.0,0.5,1.4142135623730951,1.4142135623730951,1.5,1.0,0.0,0.0,1.0,0.0,0.0,0.0,0.0,0.0,1.0,0.0,0,0.0,0.0,0.0,0.5
maxent_47_20,MaxEnt,2,1,0.25,2.0,0.5,0.5,0.0,1,0.5,0.0,1.0,0.5,1.4142135623730951,1.4142135623730951,1.5,1.0,0.0,0.0,1.0,0.0,0.0,0.0,0.0,0.0,1.0,0.0,0,0.0,0.0,0.0,0.5
maxent_47_40,MaxEnt,2,1,0.25,2.0,0.5,0.5,0.0,1,0.5,0.0,1.0,0.5,1.4142135623730951,1.4142135623730951,1.5,1.0,0.0,0.0,1.0,0.0,0.0,0.0,0.0,0.0,1.0,0.0,0,0.0,0.0,0.0,0.5
maxent_48_10,MaxEnt,5,4,0.16,2.0,0.4,0.4,0.2,2,0.4,0.0,1.0,0.8,1.0458250331675945,1.0458250331675945,1.8,1.6666666666666667,0.5773502691896257,1.0986122886681098,1.3333333333333333,1.1180339887498947,0.08,0.0,0.04,0.04,1.9411764705882355,0.0,0,0.3333333333333333,0.0,0.0,0.7000000000000001
maxent_48_20,MaxEnt,17,70,0.2422145328719723,3.0,0.17647058823529413,0.0,0.8235294117647058,5,0.0,0.5882352941176471,1.2142857142857142,4.117647058823529,0.8363703163805188,0.594146618337286,8.382058599953712,NaN,NaN,0.0,1.5846153846153845,1.0032727059224624,0.14186851211072665,0.1314878892733564,0.1245674740484429,0.22145328719723184,7.369107096880194,0.8235294117647058,25,0.4303349759368699,0.5851641414141414,3.5148281754038972,14.08786830201071
maxent_48_40,MaxEnt,4,2,0.125,2.0,0.5,0.5,0.0,1,0.5,0.0,1.0,0.5,1.1547005383792515,1.1547005383792515,1.5,1.0,0.0,0.6931471805599453,1.0,0.0,0.0,0.0,0.0,0.0,1.0,0.0,0,0.0,0.0,0.0,0.3333333333333333
maxent_49_10,MaxEnt,6,6,0.16666666666666666,2.0,0.5,0.3333333333333333,0.16666666666666666,2,0.3333333333333333,0.16666666666666666,1.3333333333333333,1.0,1.0954451150103321,1.0954451150103321,1.5833333333333333,1.4,0.5477225575051661,1.6094379124341003,1.0,0.8944271909999159,0.027777777777777776,0.027777777777777776,0.05555555555555555,0.05555555555555555,1.0,0.0,1,0.31944444444444436,0.41666666666666663,0.28867513459481287,0.4416666666666666
maxent_49_20,MaxEnt,17,45,0.15570934256055363,1.0,0.11764705882352941,0.11764705882352941,0.7647058823529411,6,0.058823529411764705,0.47058823529411764,1.0,2.6470588235294117,0.9718253158075502,0.7895146188218009,14.175951356152208,5.253968253968254,0.9994878360739592,4.143134726391533,1.4736842105263157,1.3002136576561392,0.12802768166089964,0.06920415224913495,0.07958477508650519,0.1384083044982699,1.6539681151431496,0.7058823529411765,13,0.32440794499618025,0.49421768707482994,4.353948721918785,40.135434731497156
maxent_49_40,MaxEnt,0,,,,,,,,,,,,,,,,,,,,,,,,,,,,,,
maxent_4_10,MaxEnt,6,5,0.1388888888888889,2.0,0.3333333333333333,0.3333333333333333,0.3333333333333333,2,0.3333333333333333,0.16666666666666666,1.0,0.8333333333333334,0.9033271832508971,0.9033271832508971,1.9166666666666667,1.6666666666666667,0.5773502691896257,1.0986122886681098,1.1666666666666667,0.6196773353931867,0.05555555555555555,0.0,0.027777777777777776,0.027777777777777776,1.1176470588235294,0.0,0,0.2222222222222222,0.0,0.31622776601683794,0.6416666666666668
maxent_4_20,MaxEnt,0,,,,,,,,,,,,,,,,,,,,,,,,,,,,,,
maxent_4_40,MaxEnt,25,48,0.0768,3.0,0.12,0.16,0.72,7,0.08,0.56,0.9545454545454546,1.92,0.6710468086836003,0.8085507654302097,17.908389743589733,4.25,1.8439088914585775,2.772588722239781,1.6804123711340206,0.9589558666417691,0.104,0.016,0.0656,0.0512,2.5283117186701016,0.52,27,0.21238095238095236,0.18625541125541123,5.944877377264051,76.08580735485909
maxent_50_10,MaxEnt,2,1,0.25,2.0,0.5,0.5,0.0,1,0.5,0.0,1.0,0.5,1.4142135623730951,1.4142135623730951,1.5,1.0,0.0,0.0,1.0,0.0,0.0,0.0,0.0,0.0,1.0,0.0,0,0.0,0.0,0.0,0.5
maxent_50_20,MaxEnt,2,1,0.25,2.0,0.5,0.5,0.0,1,0.5,0.0,1.0,0.5,1.4142135623730951,1.4142135623730951,1.5,1.0,0.0,0.0,1.0,0.0,0.0,0.0,0.0,0.0,1.0,0.0,0,0.0,0.0,0.0,0.5
maxent_50_40,MaxEnt,25,115,0.184,3.0,0.12,0.12,0.76,6,0.04,0.8,1.0,4.6,0.6959917649383531,0.7938008079785018,6.7145459131058125,5.469761499148211,0.83613865540395,7.761319180947987,1.8,0.8535665934340396,0.2368,0.1568,0.296,0.2544,9.434736617748234,0.72,88,0.3325849836438071,0.43662382062382066,3.037382684656052,7.639358178529797
maxent_51_10,MaxEnt,2,1,0.25,2.0,0.5,0.5,0.0,1,0.5,0.0,1.0,0.5,1.4142135623730951,1.4142135623730951,1.5,1.0,0.0,0.0,1.0,0.0,0.0,0.0,0.0,0.0,1.0,0.0,0,0.0,0.0,0.0,0.5
maxent_51_20,MaxEnt,10,7,0.07,2.0,0.4,0.3,0.3,2,0.3,0.0,1.1666666666666667,0.7,0.9642122253007899,0.6900655593423543,1.9,2.0,0.0,1.3862943611198906,1.2222222222222223,0.9988655696858587,0.04,0.0,0.0,0.01,1.127659574468085,0.0,0,0.2,0.0,0.0,0.7666666666666666
maxent_51_40,MaxEnt,40,191,0.119375,3.0,0.15,0.175,0.675,5,0.025,0.7,0.9705882352941176,4.775,0.9140741365580861,0.9596870686472465,9.288227737321995,5.672444031775508,0.6402552015892702,9.179159254492609,1.9312267657992566,1.38181650167975,0.213125,0.114375,0.22125,0.22,6.579426881235273,0.675,196,0.3119175626608829,0.4235491918928451,2.970578552179664,16.48420780060356
maxent_52_10,MaxEnt,0,,,,,,,,,,,,,,,,,,,,,,,,,,,,,,
maxent_52_20,MaxEnt,4,3,0.1875,2.0,0.5,0.25,0.25,2,0.25,0.0,1.5,0.75,1.2765694770084508,0.6666666666666666,1.75,2.0,0.0,0.6931471805599453,1.0,1.3333333333333333,0.125,0.0,0.0,0.0625,1.6666666666666665,0.0,0,0.5,0.0,0.0,0.9166666666666666
maxent_52_40,MaxEnt,10,7,0.07,2.0,0.4,0.4,0.2,2,0.4,0.1,1.0,0.7,0.9642122253007899,0.9642122253007899,1.75,1.4,0.5477225575051661,1.6094379124341003,1.0,0.7377111135633174,0.01,0.01,0.0,0.0,0.8181818181818182,0.0,0,0.1,0.75,0.2672612419124244,0.5138888888888888
maxent_53_10,MaxEnt,5,3,0.12,2.0,0.4,0.4,0.2,2,0.4,0.0,1.0,0.6,0.912870929175277,0.912870929175277,1.8,1.5,0.7071067811865476,0.6931471805599453,1.0,0.7453559924999299,0.04,0.0,0.0,0.0,0.6666666666666666,0.0,0,0.0,0.0,0.0,0.7000000000000001
maxent_53_20,MaxEnt,11,23,0.19008264462809918,3.0,0.18181818181818182,0.18181818181818182,0.6363636363636364,5,0.09090909090909091,0.5454545454545454,1.0,2.090909090909091,0.8676064895987989,0.9188222921418822,6.379590608067432,4.833333333333333,1.0431851677040116,2.8903717578961645,1.3529411764705883,1.3325927369779946,0.0743801652892562,0.049586776859504134,0.09090909090909091,0.049586776859504134,2.3090246125797633,0.5454545454545454,1,0.3220648038829857,0.6553571428571427,2.069198590335424,10.997031430040956
maxent_53_40,MaxEnt,40,303,0.189375,2.0,0.075,0.075,0.85,5,0.0,0.825,1.0,7.575,0.6630296503681945,0.6868639867723655,11.147236420112275,5.817680519073877,0.4571943910487506,10.95931411426741,1.8830111902339777,0.9342159963270529,0.435625,0.260625,0.390625,0.368125,18.45244608880955,0.85,324,0.31783715441809224,0.48633279454823947,3.25563313461168,9.458710872001898
maxent_54_10,MaxEnt,7,6,0.12244897959183673,3.0,0.5714285714285714,0.2857142857142857,0.14285714285714285,2,0.2857142857142857,0.14285714285714285,1.6666666666666667,0.8571428571428571,1.4174834246858972,0.8050764858994132,1.4761904761904763,1.4,0.5477225575051661,1.6094379124341003,1.1428571428571428,1.1097213530798988,0.02040816326530612,0.02040816326530612,0.0,0.061224489795918366,3.11764705882353,0.0,0,0.29047619047619044,0.5555555555555555,0.33333333333333337,0.36507936507936506
maxent_54_20,MaxEnt,20,73,0.1825,2.0,0.1,0.15,0.75,6,0.0,0.75,0.9444444444444444,3.65,0.7014588534027185,0.916348956683915,14.179278146518826,5.331378299120234,0.9875016786276328,5.831882477283517,1.5642857142857143,0.9369196820867697,0.14,0.1375,0.235,0.18,3.298004779238577,0.75,35,0.35140692640692645,0.48498139287612974,4.379192985954131,26.463261356689234
maxent_54_40,MaxEnt,19,26,0.07202216066481995,2.0,0.3684210526315789,0.15789473684210525,0.47368421052631576,4,0.21052631578947367,0.3157894736842105,1.3333333333333333,1.368421052631579,1.1479908413089044,0.7392668329917176,2.047368421052632,2.8823529411764706,0.9926198253344826,2.833213344056216,1.1875,1.1120640226769969,0.055401662049861494,0.013850415512465374,0.024930747922437674,0.060941828254847646,1.8900668356764236,0.0,4,0.25,0.28095238095238095,0.4567864338548663,0.9979093567251461
maxent_55_10,MaxEnt,2,1,0.25,2.0,0.5,0.5,0.0,1,0.5,0.0,1.0,0.5,1.4142135623730951,1.4142135623730951,1.5,1.0,0.0,0.0,1.0,0.0,0.0,0.0,0.0,0.0,1.0,0.0,0,0.0,0.0,0.0,0.5
maxent_55_20,MaxEnt,10,12,0.12,2.0,0.5,0.4,0.1,1,0.4,0.1,1.2,1.2,1.2297746456210366,1.0243938285880987,1.525,1.0909090909090908,0.30151134457776363,2.3978952727983707,1.0,0.7027283689263065,0.0,0.01,0.07,0.1,2.870967741935484,0.0,1,0.425,0.24074074074074073,0.25,0.3118055555555555
maxent_55_40,MaxEnt,40,250,0.15625,3.0,0.075,0.1,0.825,5,0.025,0.825,0.972972972972973,6.25,0.870908750261502,0.6795473606634165,12.121275494601452,5.728074727555787,0.5712366732573055,9.643161210094203,1.8183254344391786,1.0209698757453558,0.27875,0.168125,0.2675,0.37625,5.7845212357022175,0.8,261,0.3158886364874737,0.4000062813433557,3.8385211200159484,15.80409953146536
maxent_56_10,MaxEnt,7,6,0.12244897959183673,2.0,0.5714285714285714,0.42857142857142855,0.0,1,0.42857142857142855,0.0,1.3333333333333333,0.8571428571428571,1.4174834246858972,1.0496913126495102,1.4285714285714286,1.0,0.0,1.791759469228055,1.0,0.8819171036881969,0.0,0.0,0.04081632653061224,0.08163265306122448,2.8181818181818175,0.0,0,0.41666666666666663,0.0,1.5700924586837752e-16,0.28571428571428564
maxent_56_20,MaxEnt,2,1,0.25,2.0,0.5,0.5,0.0,1,0.5,0.0,1.0,0.5,1.4142135623730951,1.4142135623730951,1.5,1.0,0.0,0.0,1.0,0.0,0.0,0.0,0.0,0.0,1.0,0.0,0,0.0,0.0,0.0,0.5
maxent_56_40,MaxEnt,5,3,0.12,2.0,0.4,0.6,0.0,1,0.6,0.0,0.6666666666666666,0.6,0.912870929175277,1.4907119849998598,1.6,1.0,0.0,1.0986122886681098,1.0,0.7453559924999299,0.0,0.0,0.04,0.0,0.6666666666666666,0.0,0,0.4,0.0,0.0,0.3
maxent_57_10,MaxEnt,2,1,0.25,2.0,0.5,0.5,0.0,1,0.5,0.0,1.0,0.5,1.4142135623730951,1.4142135623730951,1.5,1.0,0.0,0.0,1.0,0.0,0.0,0.0,0.0,0.0,1.0,0.0,0,0.0,0.0,0.0,0.5
maxent_57_20,MaxEnt,0,,,,,,,,,,,,,,,,,,,,,,,,,,,,,,
maxent_57_40,MaxEnt,40,243,0.151875,3.0,0.075,0.175,0.75,6,0.0,0.825,0.8918918918918919,6.075,0.7251115161266439,0.9773209921598417,9.107069470950943,5.714462166371301,0.5977398955555727,9.832045255081763,1.865558912386707,1.0973198244635138,0.301875,0.206875,0.4775,0.29,8.663023455019358,0.725,247,0.3621669657284595,0.44298992148426797,3.0894944450374946,6.750531190626198
maxent_58_10,MaxEnt,4,3,0.1875,3.0,0.5,0.25,0.25,2,0.25,0.25,1.5,0.75,1.2765694770084508,0.6666666666666666,1.625,1.5,0.7071067811865476,0.6931471805599453,1.25,0.7698003589195009,0.0625,0.0,0.0,0.0625,2.2,0.0,0,0.25,0.0,0.408248290463863,0.5625
maxent_58_20,MaxEnt,5,3,0.12,2.0,0.4,0.4,0.2,2,0.4,0.0,1.0,0.6,0.912870929175277,0.912870929175277,1.8,1.5,0.7071067811865476,0.6931471805599453,1.25,0.7453559924999299,0.04,0.0,0.0,0.0,1.1428571428571428,0.0,0,0.0,0.0,0.0,0.7000000000000001
maxent_58_40,MaxEnt,0,,,,,,,,,,,,,,,,,,,,,,,,,,,,,,
maxent_59_10,MaxEnt,8,8,0.125,2.0,0.375,0.625,0.0,1,0.625,0.0,0.6,1.0,0.9258200997725514,1.6035674514745464,1.625,1.0,0.0,2.0794415416798357,1.0,1.0690449676496976,0.0,0.0,0.140625,0.046875,1.2857142857142856,0.0,0,0.56875,0.0,0.0,0.26785714285714285
maxent_59_20,MaxEnt,19,54,0.14958448753462603,2.0,0.15789473684210525,0.10526315789473684,0.7368421052631579,6,0.0,0.6842105263157895,1.0625,2.8421052631578947,0.8063061164481728,0.6452020049495948,12.949351109133946,5.3304347826086955,1.0655839279716486,4.74493212836325,1.7542372881355932,1.235956009751129,0.15512465373961218,0.04986149584487535,0.06371191135734072,0.09141274238227147,3.0176776512119874,0.7368421052631579,28,0.28781087333718913,0.5112044817927169,4.045394986635283,31.141913923193467
maxent_59_40,MaxEnt,40,266,0.16625,3.0,0.075,0.05,0.875,6,0.0,0.8,1.027027027027027,6.65,0.8282411010807966,0.8112656971188895,13.5687330653359,5.751219512195122,0.5471615030316506,8.367532416861831,1.8321479374110954,1.0721157983941647,0.295,0.2225,0.3375,0.405,6.949161429357569,0.875,279,0.3240340303190422,0.4327458975108001,3.8324161370547256,14.627710109795913
maxent_5_10,MaxEnt,10,24,0.24,1.0,0.1,0.2,0.7,3,0.0,0.7,0.8888888888888888,2.4,0.5957669608202004,0.6860605019571372,23.456249999999997,4.666666666666667,1.1293194051465598,3.1780538303479458,1.4878048780487805,0.8958064164776168,0.15,0.05,0.05,0.09,0.9064911484339537,0.6,5,0.3361111111111111,0.6222222222222221,7.263771044826966,80.68580729166663
maxent_5_20,MaxEnt,0,,,,,,,,,,,,,,,,,,,,,,,,,,,,,,
maxent_5_40,MaxEnt,0,,,,,,,,,,,,,,,,,,,,,,,,,,,,,,
maxent_60_10,MaxEnt,8,7,0.109375,2.0,0.5,0.375,0.125,2,0.375,0.0,1.25,0.875,1.2868475730966895,0.9537405261671773,1.625,1.5,0.5477225575051661,1.791759469228055,1.0,1.1829695303011787,0.046875,0.0,0.03125,0.0625,1.823529411764706,0.0,0,0.3375,0.0,1.6784994417006302e-16,0.5535714285714286
maxent_60_20,MaxEnt,2,1,0.25,2.0,0.5,0.5,0.0,1,0.5,0.0,1.0,0.5,1.4142135623730951,1.4142135623730951,1.5,1.0,0.0,0.0,1.0,0.0,0.0,0.0,0.0,0.0,1.0,0.0,0,0.0,0.0,0.0,0.5
maxent_60_40,MaxEnt,40,234,0.14625,4.0,0.1,0.075,0.825,6,0.0,0.825,1.0277777777777777,5.85,0.7511698604573045,0.9681838687892325,9.97248377622659,5.771928125151354,0.5201085560453454,9.93532530938488,1.8726415094339623,1.298499210718142,0.261875,0.145625,0.33625,0.233125,6.639804882442303,0.775,264,0.3065048953822382,0.5076889942548432,3.2760972423099473,11.088326956054559
maxent_61_10,MaxEnt,0,,,,,,,,,,,,,,,,,,,,,,,,,,,,,,
maxent_61_20,MaxEnt,4,3,0.1875,2.0,0.5,0.5,0.0,1,0.5,0.0,1.0,0.75,1.2765694770084508,1.2765694770084508,1.5,1.0,0.0,1.0986122886681098,1.0,0.7698003589195009,0.0,0.0,0.0625,0.0625,1.6666666666666665,0.0,0,0.5,0.0,0.0,0.3333333333333333
maxent_61_40,MaxEnt,39,355,0.23339907955292571,3.0,0.1282051282051282,0.05128205128205128,0.8205128205128205,5,0.02564102564102564,0.7948717948717948,1.088235294117647,9.102564102564102,0.7316786718098057,0.6827265461432529,10.272816463824668,5.859464499800186,0.39716842552415266,11.56264852718826,1.7113163972286374,1.0459204621633476,0.4056541748849441,0.3879026955950033,0.3694937541091387,0.4076265614727153,11.075129974580848,0.7948717948717948,248,0.3640537899539315,0.6317744786919641,3.3870806507511233,16.19374961042093
maxent_62_10,MaxEnt,6,6,0.16666666666666666,2.0,0.3333333333333333,0.3333333333333333,0.3333333333333333,2,0.3333333333333333,0.16666666666666666,1.0,1.0,0.8944271909999159,0.8944271909999159,1.9166666666666667,1.75,0.5,1.3862943611198906,1.1428571428571428,0.6324555320336759,0.05555555555555555,0.027777777777777776,0.027777777777777776,0.027777777777777776,1.5714285714285716,0.0,0,0.23611111111111108,0.4666666666666666,0.28867513459481287,0.6416666666666667
maxent_62_20,MaxEnt,3,2,0.2222222222222222,2.0,0.3333333333333333,0.3333333333333333,0.3333333333333333,2,0.3333333333333333,0.0,1.0,0.6666666666666666,0.8660254037844388,0.8660254037844388,2.0,2.0,0.0,0.0,1.0,0.8660254037844386,0.1111111111111111,0.0,0.0,0.0,0.5,0.0,0,0.0,0.0,0.0,1.0
maxent_62_40,MaxEnt,2,1,0.25,2.0,0.5,0.5,0.0,1,0.5,0.0,1.0,0.5,1.4142135623730951,1.4142135623730951,1.5,1.0,0.0,0.0,1.0,0.0,0.0,0.0,0.0,0.0,1.0,0.0,0,0.0,0.0,0.0,0.5
maxent_63_10,MaxEnt,6,4,0.1111111111111111,2.0,0.5,0.5,0.0,1,0.5,0.0,1.0,0.6666666666666666,1.2247448713915892,1.2247448713915892,1.5,1.0,0.0,1.3862943611198906,1.0,0.7745966692414835,0.0,0.0,0.027777777777777776,0.027777777777777776,1.4,0.0,0,0.3333333333333333,0.0,0.0,0.3
maxent_63_20,MaxEnt,2,1,0.25,2.0,0.5,0.5,0.0,1,0.5,0.0,1.0,0.5,1.4142135623730951,1.4142135623730951,1.5,1.0,0.0,0.0,1.0,0.0,0.0,0.0,0.0,0.0,1.0,0.0,0,0.0,0.0,0.0,0.5
maxent_63_40,MaxEnt,5,3,0.12,2.0,0.6,0.4,0.0,1,0.4,0.0,1.5,0.6,1.4907119849998598,0.912870929175277,1.4,1.0,0.0,1.0986122886681098,1.0,0.7453559924999299,0.0,0.0,0.0,0.04,2.333333333333333,0.0,0,0.4,0.0,0.0,0.3
maxent_64_10,MaxEnt,2,1,0.25,2.0,0.5,0.5,0.0,1,0.5,0.0,1.0,0.5,1.4142135623730951,1.4142135623730951,1.5,1.0,0.0,0.0,1.0,0.0,0.0,0.0,0.0,0.0,1.0,0.0,0,0.0,0.0,0.0,0.5
maxent_64_20,MaxEnt,7,5,0.10204081632653061,2.0,0.42857142857142855,0.42857142857142855,0.14285714285714285,2,0.42857142857142855,0.0,1.0,0.7142857142857143,1.058300524425836,1.058300524425836,1.7142857142857142,1.5,0.5773502691896257,1.3862943611198906,1.0,1.1015141094572205,0.04081632653061224,0.0,0.02040816326530612,0.02040816326530612,0.9999999999999999,0.0,0,0.23809523809523808,0.0,0.0,0.5714285714285715
maxent_64_40,MaxEnt,0,,,,,,,,,,,,,,,,,,,,,,,,,,,,,,
maxent_65_10,MaxEnt,9,21,0.25925925925925924,2.0,0.1111111111111111,0.2222222222222222,0.6666666666666666,4,0.1111111111111111,0.6666666666666666,0.875,2.3333333333333335,0.6776309271789385,0.7107053122190142,11.685185185185185,3.9565217391304346,1.1069310921135729,3.1354942159291497,1.2222222222222223,1.0497813183356477,0.1111111111111111,0.024691358024691357,0.037037037037037035,0.037037037037037035,1.9881422924901189,0.5555555555555556,3,0.31266634599967935,0.7444444444444445,5.260382779240213,45.197313850308646
maxent_65_20,MaxEnt,20,59,0.1475,3.0,0.15,0.15,0.7,6,0.0,0.75,1.0,2.95,0.8692992677042924,0.9232806284908512,10.63880083468697,5.1752136752136755,1.0437145600700963,5.455321115357702,1.7209302325581395,1.2486555160779287,0.1275,0.085,0.13,0.135,4.620584768768929,0.7,38,0.2899196636696636,0.5003493582440951,3.6371854344709758,18.963589475559925
maxent_65_40,MaxEnt,39,256,0.168310322156476,3.0,0.10256410256410256,0.07692307692307693,0.8205128205128205,6,0.0,0.8461538461538461,1.0285714285714285,6.564102564102564,0.7477962844234605,0.750242495234052,9.850523512194822,5.774356919041026,0.5184724820936255,10.219975716829579,1.7634408602150538,1.0088279958780237,0.3050624589086128,0.16765285996055226,0.31952662721893493,0.33596318211702825,7.433282674089925,0.8205128205128205,258,0.3094693204870768,0.4299723911901242,3.277322717682874,10.867111602430837
maxent_66_10,MaxEnt,5,3,0.12,2.0,0.6,0.4,0.0,1,0.4,0.0,1.5,0.6,1.4907119849998598,0.912870929175277,1.4,1.0,0.0,1.0986122886681098,1.0,0.7453559924999299,0.0,0.0,0.0,0.04,2.333333333333333,0.0,0,0.4,0.0,0.0,0.3
maxent_66_20,MaxEnt,6,4,0.1111111111111111,3.0,0.5,0.3333333333333333,0.16666666666666666,2,0.3333333333333333,0.16666666666666666,1.3333333333333333,0.6666666666666666,1.2247448713915892,0.7745966692414835,1.5833333333333333,1.3333333333333333,0.5773502691896257,1.0986122886681098,1.2,0.7745966692414835,0.027777777777777776,0.0,0.0,0.027777777777777776,1.6666666666666665,0.0,0,0.16666666666666666,0.0,0.3535533905932738,0.4416666666666666
maxent_66_40,MaxEnt,38,150,0.1038781163434903,3.0,0.15789473684210525,0.10526315789473684,0.7368421052631579,7,0.02631578947368421,0.7368421052631579,1.0625,3.9473684210526314,0.9748550365784353,0.9568968866349454,11.757823515512849,5.506448839208942,0.8764963275104791,7.0587581525186645,1.9141414141414141,1.1981086195601234,0.11703601108033242,0.05817174515235457,0.21329639889196675,0.21814404432132964,7.50542905965441,0.7105263157894737,163,0.2986817016191587,0.3167075614444036,5.807853207475815,32.911511827828164
maxent_67_10,MaxEnt,6,6,0.16666666666666666,3.0,0.3333333333333333,0.3333333333333333,0.3333333333333333,2,0.3333333333333333,0.3333333333333333,1.0,1.0,0.8944271909999159,0.8944271909999159,1.9583333333333333,2.0,0.816496580927726,1.3862943611198906,1.1428571428571428,0.8944271909999159,0.05555555555555555,0.05555555555555555,0.0,0.0,1.1818181818181819,0.0,0,0.25,0.8333333333333333,0.3227486121839514,0.7604166666666666
maxent_67_20,MaxEnt,20,56,0.14,2.0,0.15,0.2,0.65,4,0.05,0.7,0.9411764705882353,2.8,0.8323481466095419,0.8242432977971251,8.486391872744658,5.318471337579618,0.9426915212770622,5.749392985908253,1.6953125,1.2064096629972538,0.1075,0.04,0.1175,0.1175,4.422228578318564,0.55,31,0.3060415972915973,0.3498405103668261,3.331850181915441,16.152562969145688
maxent_67_40,MaxEnt,8,6,0.09375,1.0,0.25,0.375,0.375,2,0.25,0.0,0.8333333333333334,0.75,0.6172133998483676,0.9428090415820635,1.1250000000000002,1.5,0.7071067811865476,0.6931471805599453,1.25,1.0079052613579393,0.015625,0.0,0.0,0.0,0.7142857142857144,0.25,0,0.125,0.0,0.5773502691896257,1.3630952380952355
maxent_68_10,MaxEnt,7,7,0.14285714285714285,1.0,0.14285714285714285,0.14285714285714285,0.7142857142857143,6,0.14285714285714285,0.14285714285714285,1.0,1.0,0.5773502691896257,0.5773502691896257,6.857142857142857,6.0,0.0,0.0,1.2222222222222223,0.816496580927726,0.14285714285714285,0.0,0.02040816326530612,0.02040816326530612,0.4893617021276596,0.5714285714285714,0,0.16666666666666666,0.0,2.138089935299395,15.14285714285714
maxent_68_20,MaxEnt,8,12,0.1875,2.0,0.25,0.25,0.5,2,0.0,0.25,1.0,1.5,1.0690449676496976,0.9428090415820635,0.3450000000000001,1.5,0.7071067811865476,0.6931471805599453,1.0769230769230769,1.1818736805705579,0.0625,0.03125,0.046875,0.125,1.0869565217391304,0.25,0,0.43750000000000006,0.5066666666666666,0.8154616960825185,1.0277809523809527
maxent_68_40,MaxEnt,0,,,,,,,,,,,,,,,,,,,,,,,,,,,,,,
maxent_69_10,MaxEnt,5,4,0.16,3.0,0.2,0.6,0.2,2,0.2,0.0,0.5,0.8,0.5590169943749473,1.629800601300662,2.4,2.0,0.0,1.0986122886681098,1.2,1.6770509831248421,0.12,0.0,0.12,0.0,0.5000000000000001,0.0,0,0.6,0.0,0.0,0.8
maxent_69_20,MaxEnt,18,54,0.16666666666666666,2.0,0.05555555555555555,0.05555555555555555,0.8888888888888888,6,0.05555555555555555,0.6111111111111112,1.0,3.0,0.8164965809277259,0.8782037520219096,0.860734970327542,5.023391812865497,1.0457376590053493,5.14166355650266,1.4516129032258065,1.1547005383792515,0.12962962962962962,0.07407407407407407,0.14814814814814814,0.13271604938271606,1.5994818168382379,0.7222222222222222,27,0.32053469406410584,0.44942680776014104,1.8151085472873192,4.419532223492972
maxent_69_40,MaxEnt,9,7,0.08641975308641975,3.0,0.3333333333333333,0.2222222222222222,0.4444444444444444,2,0.2222222222222222,0.1111111111111111,1.1666666666666667,0.7777777777777778,0.8571428571428572,0.5669467095138409,1.0555555555555556,1.3333333333333333,0.5773502691896257,1.0986122886681098,1.3,0.6776309271789385,0.012345679012345678,0.0,0.0,0.012345679012345678,1.2978723404255321,0.3333333333333333,0,0.1111111111111111,0.6,0.7071067811865476,0.902777777777778
maxent_6_10,MaxEnt,5,5,0.2,2.0,0.4,0.2,0.4,2,0.2,0.4,1.3333333333333333,1.0,1.0,0.7071067811865476,1.95,2.3333333333333335,0.5773502691896258,1.0986122886681098,1.1666666666666667,1.0,0.12,0.04,0.0,0.04,1.857142857142857,0.0,0,0.2333333333333333,0.5555555555555555,0.3535533905932738,0.9500000000000001
maxent_6_20,MaxEnt,6,6,0.16666666666666666,3.0,0.3333333333333333,0.3333333333333333,0.3333333333333333,2,0.3333333333333333,0.16666666666666666,1.0,1.0,0.8944271909999159,0.8944271909999159,1.9166666666666667,1.75,0.5,1.3862943611198906,1.1428571428571428,0.6324555320336759,0.05555555555555555,0.027777777777777776,0.027777777777777776,0.027777777777777776,1.1818181818181819,0.0,0,0.23611111111111108,0.4666666666666667,0.28867513459481287,0.6416666666666666
maxent_6_40,MaxEnt,40,197,0.123125,2.0,0.05,0.1,0.85,6,0.0,0.8,0.9473684210526315,4.925,0.7875846854496916,0.8268715965810982,56.79264739157306,5.650319829424307,0.6955452887631173,6.843749949006225,1.7463917525773196,1.0256397042443313,0.2725,0.119375,0.268125,0.251875,4.6641773549327095,0.825,238,0.27002733673387536,0.3678981518092648,10.800510448325571,178.77505644677424
maxent_70_10,MaxEnt,5,4,0.16,2.0,0.6,0.4,0.0,1,0.4,0.0,1.5,0.8,1.3693063937629153,1.0458250331675945,1.4,1.0,0.0,1.3862943611198906,1.0,0.6846531968814576,0.0,0.0,0.04,0.08,1.5,0.0,0,0.4333333333333333,0.0,0.0,0.3
maxent_70_20,MaxEnt,2,1,0.25,2.0,0.5,0.5,0.0,1,0.5,0.0,1.0,0.5,1.4142135623730951,1.4142135623730951,1.5,1.0,0.0,0.0,1.0,0.0,0.0,0.0,0.0,0.0,1.0,0.0,0,0.0,0.0,0.0,0.5
maxent_70_40,MaxEnt,17,37,0.12802768166089964,2.0,0.29411764705882354,0.11764705882352941,0.5882352941176471,5,0.11764705882352941,0.5294117647058824,1.25,2.176470588235294,1.0175146248026923,0.6340560125312487,2.863777917584146,4.633802816901408,1.3547739571046877,4.2626798770413155,1.5303030303030303,0.9873191598706936,0.09688581314878893,0.02422145328719723,0.08304498269896193,0.1314878892733564,3.2278864392637625,0.4117647058823529,13,0.3147568118156353,0.25857142857142856,1.2673853352989983,2.3750532446385284
maxent_71_10,MaxEnt,3,2,0.2222222222222222,2.0,0.3333333333333333,0.3333333333333333,0.3333333333333333,2,0.3333333333333333,0.0,1.0,0.6666666666666666,0.8660254037844388,0.8660254037844388,2.0,2.0,0.0,0.0,1.0,0.8660254037844386,0.1111111111111111,0.0,0.0,0.0,0.5,0.0,0,0.0,0.0,0.0,1.0
maxent_71_20,MaxEnt,20,55,0.1375,3.0,0.2,0.2,0.6,5,0.1,0.6,1.0,2.75,0.905255065361322,0.8897463362356234,8.113906905136263,5.303951367781155,0.9428887618059156,5.796057750765372,1.7155172413793103,1.2289108330471692,0.0975,0.0675,0.1025,0.1325,3.1685049365086644,0.5,24,0.29006410256410253,0.456305114638448,3.800027529695467,23.477866264260932
maxent_71_40,MaxEnt,40,238,0.14875,3.0,0.125,0.025,0.85,5,0.0,0.825,1.1142857142857143,5.95,0.839861964907757,0.8415849372078273,11.28305833094272,5.751589973812196,0.5482196766365957,7.890956716138919,1.8617771509167842,1.2088384501298535,0.295625,0.193125,0.285,0.301875,7.033025362514948,0.85,267,0.3026265574352128,0.4569433421873363,3.3199614241629405,17.06861155041407
maxent_72_10,MaxEnt,0,,,,,,,,,,,,,,,,,,,,,,,,,,,,,,
maxent_72_20,MaxEnt,4,3,0.1875,2.0,0.5,0.25,0.25,2,0.25,0.0,1.5,0.75,1.2765694770084508,0.6666666666666666,1.75,2.0,0.0,0.6931471805599453,1.4,1.3333333333333333,0.125,0.0,0.0,0.0625,1.8571428571428572,0.0,0,0.5,0.0,0.0,0.9166666666666666
maxent_72_40,MaxEnt,6,3,0.08333333333333333,2.0,0.5,0.5,0.0,1,0.5,0.0,1.0,0.5,1.0954451150103321,1.0954451150103321,1.5,1.0,0.0,1.0986122886681098,1.0,0.0,0.0,0.0,0.0,0.0,1.0,0.0,0,0.0,0.0,0.0,0.3
maxent_73_10,MaxEnt,7,4,0.08163265306122448,2.0,0.5714285714285714,0.42857142857142855,0.0,1,0.42857142857142855,0.0,1.3333333333333333,0.5714285714285714,1.3768926368215255,0.9354143466934854,1.4285714285714286,1.0,0.0,1.3862943611198906,1.0,0.6614378277661477,0.0,0.0,0.0,0.02040816326530612,1.7999999999999998,0.0,0,0.2857142857142857,0.0,0.0,0.2857142857142857
maxent_73_20,MaxEnt,0,,,,,,,,,,,,,,,,,,,,,,,,,,,,,,
maxent_73_40,MaxEnt,2,1,0.25,2.0,0.5,0.5,0.0,1,0.5,0.0,1.0,0.5,1.4142135623730951,1.4142135623730951,1.5,1.0,0.0,0.0,1.0,0.0,0.0,0.0,0.0,0.0,1.0,0.0,0,0.0,0.0,0.0,0.5
maxent_74_10,MaxEnt,7,12,0.24489795918367346,3.0,0.2857142857142857,0.0,0.7142857142857143,3,0.14285714285714285,0.42857142857142855,1.4,1.7142857142857142,0.8726821151336115,0.5548606765399494,2.8285714285714283,NaN,NaN,0.0,1.25,0.881917103688197,0.14285714285714285,0.08163265306122448,0.02040816326530612,0.061224489795918366,1.1105527638190955,0.5714285714285714,2,0.314625850340136,0.48333333333333334,1.0954451150103321,2.2323809523809524
maxent_74_20,MaxEnt,3,2,0.2222222222222222,2.0,0.3333333333333333,0.3333333333333333,0.3333333333333333,2,0.3333333333333333,0.0,1.0,0.6666666666666666,0.8660254037844388,0.8660254037844388,2.0,2.0,0.0,0.0,1.0,0.8660254037844386,0.1111111111111111,0.0,0.0,0.0,0.5,0.0,0,0.0,0.0,0.0,1.0
maxent_74_40,MaxEnt,40,310,0.19375,3.0,0.05,0.175,0.775,6,0.0,0.85,0.868421052631579,7.75,0.7578929112561761,0.7646223921292297,19.617641592523785,5.816734798445036,0.4595292164498225,11.405084096763149,1.6858710562414265,1.112282705420432,0.38375,0.28375,0.35625,0.35875,7.095275954079727,0.775,243,0.3501026518048079,0.5470441049334402,5.079180847708802,22.55062859573063
maxent_75_10,MaxEnt,9,15,0.18518518518518517,1.0,0.1111111111111111,0.1111111111111111,0.7777777777777778,5,0.1111111111111111,0.3333333333333333,1.0,1.6666666666666667,1.039230484541326,0.6,7.444444444444443,5.0,1.4142135623730951,0.6931471805599453,1.6666666666666667,1.1224972160321824,0.09876543209876543,0.04938271604938271,0.037037037037037035,0.09876543209876543,1.4058323207776429,0.6666666666666666,0,0.2802469135802469,0.5333333333333333,2.4221202832779927,12.777777777777773
maxent_75_20,MaxEnt,0,,,,,,,,,,,,,,,,,,,,,,,,,,,,,,
maxent_75_40,MaxEnt,27,47,0.0644718792866941,2.0,0.5185185185185185,0.2222222222222222,0.25925925925925924,4,0.2962962962962963,0.18518518518518517,1.6153846153846154,1.7407407407407407,1.6294637156307474,1.0275482551453035,1.5585127763422337,2.1951219512195124,1.208708240129146,3.713572066704308,1.1754385964912282,1.5882639712767168,0.013717421124828532,0.012345679012345678,0.06310013717421124,0.13717421124828533,3.2070280577499317,0.07407407407407407,18,0.35188124632569073,0.2127505210838544,0.46736467935342374,0.3734682813241793
maxent_76_10,MaxEnt,6,6,0.16666666666666666,2.0,0.6666666666666666,0.16666666666666666,0.16666666666666666,2,0.16666666666666666,0.16666666666666666,2.5,1.0,1.6733200530681511,0.6324555320336759,1.4166666666666667,1.8,0.4472135954999579,1.6094379124341003,1.0,1.5491933384829668,0.08333333333333333,0.027777777777777776,0.0,0.16666666666666666,2.9999999999999996,0.0,0,0.638888888888889,0.7000000000000001,0.28867513459481287,0.4416666666666667
maxent_76_20,MaxEnt,0,,,,,,,,,,,,,,,,,,,,,,,,,,,,,,
maxent_76_40,MaxEnt,20,55,0.1375,2.0,0.15,0.25,0.6,5,0.0,0.55,0.8823529411764706,2.75,0.8497370573010655,0.9648002360244305,6.756653965908834,5.230337078651686,0.990260771960476,6.280395838960195,1.8311688311688312,1.4806274019017371,0.1275,0.045,0.0975,0.0825,7.368731137728307,0.6,21,0.4011076546003016,0.5227465127465127,2.5121390133601076,7.169043252845735
maxent_77_10,MaxEnt,8,5,0.078125,2.0,0.375,0.375,0.25,2,0.375,0.0,1.0,0.625,0.828078671210825,0.828078671210825,1.875,1.6666666666666667,0.5773502691896257,1.0986122886681098,1.1666666666666667,0.7406560798180412,0.03125,0.0,0.0,0.0,0.8461538461538461,0.0,0,0.0,0.0,0.0,0.6964285714285714
maxent_77_20,MaxEnt,14,18,0.09183673469387756,2.0,0.21428571428571427,0.2857142857142857,0.5,4,0.21428571428571427,0.2857142857142857,0.9090909090909091,1.2857142857142858,0.8856779612771888,0.8314794192830979,1.3281559161060557,2.5,1.5118578920369088,2.0794415416798357,1.4642857142857142,1.0441352515607143,0.03571428571428571,0.00510204081632653,0.025510204081632654,0.030612244897959183,1.1376635967038298,0.2857142857142857,1,0.2013605442176871,0.14814814814814814,1.290941449126553,2.431707524640557
maxent_77_40,MaxEnt,40,254,0.15875,3.0,0.075,0.05,0.875,6,0.0,0.8,1.027027027027027,6.35,0.777690980331245,0.7339412750951595,19.734749859875745,5.769664012429598,0.5271976460046979,8.546557800046141,2.1204128440366974,0.9967588178202568,0.31125,0.176875,0.305625,0.344375,6.806532632353364,0.875,294,0.298701658907346,0.41740377012048835,4.6612255821402515,34.07943066803935
maxent_78_10,MaxEnt,7,13,0.2653061224489796,2.0,0.2857142857142857,0.14285714285714285,0.5714285714285714,3,0.0,0.5714285714285714,1.2,1.8571428571428572,0.9545902804608349,0.7243306098372069,7.1428571428571415,3.4285714285714284,1.511857892036909,1.9459101490553132,1.4210526315789473,1.0175966581017655,0.02040816326530612,0.061224489795918366,0.0,0.12244897959183673,1.2897196261682242,0.5714285714285714,0,0.37040816326530607,0.7333333333333334,3.137858162210944,18.8095238095238
maxent_78_20,MaxEnt,10,9,0.09,3.0,0.4,0.3,0.3,3,0.3,0.1,1.1666666666666667,0.9,1.104921028901948,0.8198497637473576,1.9333333333333331,2.2857142857142856,0.7559289460184545,1.9459101490553132,1.25,1.3658584381174648,0.07,0.01,0.01,0.03,1.5641025641025639,0.0,0,0.2033333333333333,0.33333333333333337,0.2721655269759087,0.9086419753086419
maxent_78_40,MaxEnt,0,,,,,,,,,,,,,,,,,,,,,,,,,,,,,,
maxent_79_10,MaxEnt,6,6,0.16666666666666666,3.0,0.3333333333333333,0.3333333333333333,0.3333333333333333,2,0.3333333333333333,0.3333333333333333,1.0,1.0,0.8944271909999159,0.8944271909999159,1.8333333333333333,1.5,0.5773502691896257,1.3862943611198906,1.1428571428571428,0.0,0.05555555555555555,0.0,0.05555555555555555,0.05555555555555555,1.1818181818181819,0.0,0,0.3333333333333333,0.0,0.408248290463863,0.4666666666666667
maxent_79_20,MaxEnt,19,74,0.20498614958448755,3.0,0.05263157894736842,0.05263157894736842,0.8947368421052632,8,0.0,0.7368421052631579,1.0,3.8947368421052633,0.7206221779479017,0.678746774334992,44.19945572295711,5.666666666666667,0.5298129428260175,3.6635616461296463,1.4803149606299213,0.943691006038014,0.22160664819944598,0.1634349030470914,0.1523545706371191,0.1634349030470914,2.7973270008918716,0.8947368421052632,42,0.3172823012809977,0.47197370530703864,5.189224995883206,121.60235503494295
maxent_79_40,MaxEnt,40,233,0.145625,3.0,0.125,0.05,0.825,6,0.0,0.825,1.0857142857142856,5.825,0.8463000981250347,0.8079269254058341,13.252526040942229,5.753220338983051,0.5422775070507869,8.68270762989381,1.9583333333333333,1.1808146188588546,0.233125,0.1325,0.256875,0.284375,6.785229771905861,0.825,273,0.2964092322765973,0.4165492787961811,3.655074233491928,24.110980942608975
maxent_7_10,MaxEnt,4,3,0.1875,3.0,0.5,0.25,0.25,2,0.25,0.25,1.5,0.75,1.2765694770084508,0.6666666666666666,1.625,1.5,0.7071067811865476,0.6931471805599453,1.25,0.7698003589195009,0.0625,0.0,0.0,0.0625,2.2,0.0,0,0.25,0.0,0.408248290463863,0.5625
maxent_7_20,MaxEnt,3,2,0.2222222222222222,2.0,0.6666666666666666,0.3333333333333333,0.0,1,0.3333333333333333,0.0,2.0,0.6666666666666666,1.7320508075688776,0.8660254037844388,1.3333333333333333,1.0,0.0,0.6931471805599453,1.0,0.8660254037844386,0.0,0.0,0.0,0.1111111111111111,2.0,0.0,0,0.6666666666666666,0.0,0.0,0.3333333333333333
maxent_7_40,MaxEnt,39,199,0.13083497698882315,3.0,0.15384615384615385,0.10256410256410256,0.7435897435897436,7,0.02564102564102564,0.7948717948717948,1.0606060606060606,5.102564102564102,0.9588319777422474,0.8773649398163419,11.596558450025867,5.6832158872517615,0.6378282683209252,8.046229101075378,1.9432624113475176,1.2199066147713344,0.21564760026298488,0.13543721236028927,0.2689020381328074,0.32873109796186717,7.788531119991201,0.7435897435897436,201,0.31476854091490597,0.3848048317984769,4.6564577801294105,26.57219027328211
maxent_80_10,MaxEnt,3,2,0.2222222222222222,2.0,0.3333333333333333,0.3333333333333333,0.3333333333333333,2,0.3333333333333333,0.0,1.0,0.6666666666666666,0.8660254037844388,0.8660254037844388,2.0,2.0,0.0,0.0,1.0,0.8660254037844386,0.1111111111111111,0.0,0.0,0.0,0.5,0.0,0,0.0,0.0,0.0,1.0
maxent_80_20,MaxEnt,20,67,0.1675,1.0,0.1,0.15,0.75,6,0.0,0.85,0.9444444444444444,3.35,0.6444254377883788,0.8784708111184074,12.004832057938053,5.195876288659794,1.0193889794146087,5.267858159063328,1.4351851851851851,0.8503947675889321,0.1425,0.0925,0.2175,0.155,3.33302364108288,0.75,41,0.3241129119418593,0.350018315018315,3.3902102282980073,16.438015907092762
maxent_80_40,MaxEnt,7,6,0.12244897959183673,2.0,0.42857142857142855,0.2857142857142857,0.2857142857142857,2,0.2857142857142857,0.14285714285714285,1.25,0.8571428571428571,1.247219128924647,0.8050764858994132,1.8571428571428572,1.75,0.9574271077563381,1.3862943611198906,1.0,1.1097213530798988,0.04081632653061224,0.02040816326530612,0.0,0.04081632653061224,1.1,0.0,0,0.2261904761904762,0.5555555555555555,0.5773502691896257,0.8095238095238094
maxent_81_10,MaxEnt,5,4,0.16,2.0,0.4,0.6,0.0,1,0.6,0.0,0.6666666666666666,0.8,1.0458250331675945,1.629800601300662,1.6,1.0,0.0,1.3862943611198906,1.0,1.1180339887498947,0.0,0.0,0.12,0.04,1.0,0.0,0,0.6333333333333333,0.0,0.0,0.3
maxent_81_20,MaxEnt,3,2,0.2222222222222222,2.0,0.3333333333333333,0.3333333333333333,0.3333333333333333,2,0.3333333333333333,0.0,1.0,0.6666666666666666,0.8660254037844388,0.8660254037844388,2.0,2.0,0.0,0.0,1.0,0.8660254037844386,0.1111111111111111,0.0,0.0,0.0,0.5,0.0,0,0.0,0.0,0.0,1.0
maxent_81_40,MaxEnt,0,,,,,,,,,,,,,,,,,,,,,,,,,,,,,,
maxent_82_10,MaxEnt,4,2,0.125,2.0,0.5,0.5,0.0,1,0.5,0.0,1.0,0.5,1.1547005383792515,1.1547005383792515,1.5,1.0,0.0,0.6931471805599453,1.0,0.0,0.0,0.0,0.0,0.0,1.0,0.0,0,0.0,0.0,0.0,0.3333333333333333
maxent_82_20,MaxEnt,5,4,0.16,3.0,0.6,0.2,0.2,2,0.2,0.2,2.0,0.8,1.6298006013006623,0.5590169943749476,1.4666666666666666,1.3333333333333333,0.5773502691896257,1.0986122886681098,1.2,1.1180339887498947,0.04,0.0,0.0,0.12,3.166666666666667,0.0,0,0.5,0.0,0.408248290463863,0.42222222222222205
maxent_82_40,MaxEnt,38,132,0.09141274238227147,4.0,0.15789473684210525,0.13157894736842105,0.7105263157894737,9,0.02631578947368421,0.6578947368421053,1.03125,3.473684210526316,0.8616548384538201,0.9146160248356187,9.050264005045625,5.514131897711978,0.8002481788581225,7.709308333385869,2.136986301369863,1.3267557959545997,0.17590027700831026,0.046398891966759004,0.13988919667590027,0.139196675900277,5.619765458413332,0.6578947368421053,163,0.24978635915168426,0.31569491911597175,3.441682048091964,17.063242128149017
maxent_83_10,MaxEnt,7,5,0.10204081632653061,2.0,0.42857142857142855,0.42857142857142855,0.14285714285714285,2,0.42857142857142855,0.0,1.0,0.7142857142857143,1.058300524425836,1.058300524425836,1.7142857142857142,1.25,0.5,1.3862943611198906,1.0,0.7483314773547883,0.02040816326530612,0.0,0.02040816326530612,0.02040816326530612,0.9999999999999999,0.0,0,0.2857142857142857,0.0,0.0,0.5714285714285715
maxent_83_20,MaxEnt,2,1,0.25,2.0,0.5,0.5,0.0,1,0.5,0.0,1.0,0.5,1.4142135623730951,1.4142135623730951,1.5,1.0,0.0,0.0,1.0,0.0,0.0,0.0,0.0,0.0,1.0,0.0,0,0.0,0.0,0.0,0.5
maxent_83_40,MaxEnt,9,7,0.08641975308641975,3.0,0.5555555555555556,0.2222222222222222,0.2222222222222222,2,0.3333333333333333,0.1111111111111111,1.75,0.7777777777777778,1.6736249305514261,0.5669467095138409,1.5,1.4,0.5477225575051661,1.6094379124341003,1.125,1.3034491136353326,0.024691358024691357,0.0,0.0,0.07407407407407407,1.8421052631578951,0.0,0,0.3333333333333333,0.0,0.3779644730092272,0.375
maxent_84_10,MaxEnt,7,6,0.12244897959183673,2.0,0.42857142857142855,0.5714285714285714,0.0,1,0.5714285714285714,0.0,0.75,0.8571428571428571,1.247219128924647,1.4174834246858972,1.5714285714285714,1.0,0.0,1.791759469228055,1.0,1.1097213530798988,0.0,0.0,0.08163265306122448,0.061224489795918366,1.0999999999999999,0.0,0,0.5714285714285714,0.0,1.5700924586837752e-16,0.2857142857142857
maxent_84_20,MaxEnt,6,5,0.1388888888888889,2.0,0.5,0.3333333333333333,0.16666666666666666,2,0.3333333333333333,0.16666666666666666,1.3333333333333333,0.8333333333333334,1.17983049630021,0.9033271832508971,1.5833333333333333,1.5,0.5773502691896257,1.3862943611198906,1.0,0.9797958971132712,0.027777777777777776,0.027777777777777776,0.0,0.027777777777777776,2.0,0.0,0,0.25,0.7777777777777777,0.31622776601683794,0.4416666666666666
maxent_84_40,MaxEnt,40,246,0.15375,3.0,0.075,0.075,0.85,7,0.0,0.825,1.0,6.15,0.8155474207648306,0.7595963618302345,13.512461355497114,5.7465753424657535,0.5493831710223268,9.390325868972589,1.9616908850726553,1.0736633508435236,0.254375,0.11625,0.3,0.30875,5.537251118902896,0.85,252,0.31245080451381946,0.3654845851195859,4.021959885311999,14.424381179668435
maxent_85_10,MaxEnt,0,,,,,,,,,,,,,,,,,,,,,,,,,,,,,,
maxent_85_20,MaxEnt,7,4,0.08163265306122448,2.0,0.42857142857142855,0.5714285714285714,0.0,1,0.5714285714285714,0.0,0.75,0.5714285714285714,0.9354143466934854,1.3768926368215255,1.5714285714285714,1.0,0.0,1.3862943611198906,1.0,0.6614378277661477,0.0,0.0,0.02040816326530612,0.0,0.75,0.0,0,0.2857142857142857,0.0,0.0,0.2857142857142857
maxent_85_40,MaxEnt,35,219,0.17877551020408164,2.0,0.08571428571428572,0.05714285714285714,0.8571428571428571,6,0.0,0.7714285714285715,1.03125,6.257142857142857,0.7832708250314485,0.702365636349726,9.026012921832193,5.792447357735368,0.4889649337745404,9.754929537894979,1.8730964467005076,1.209313123662659,0.31510204081632653,0.15020408163265306,0.20816326530612245,0.24571428571428572,5.298780747557719,0.8571428571428571,206,0.32538418179453166,0.4887269261253766,2.992859537947818,7.323654748908613
maxent_86_10,MaxEnt,2,1,0.25,2.0,0.5,0.5,0.0,1,0.5,0.0,1.0,0.5,1.4142135623730951,1.4142135623730951,1.5,1.0,0.0,0.0,1.0,0.0,0.0,0.0,0.0,0.0,1.0,0.0,0,0.0,0.0,0.0,0.5
maxent_86_20,MaxEnt,20,82,0.205,3.0,0.1,0.05,0.85,5,0.05,0.85,1.0555555555555556,4.1,0.7988062103277371,0.8772639482028022,21.201409782537855,5.410596026490066,0.8814497390005319,5.017279836814924,1.4047619047619047,1.2068663984251027,0.1725,0.16,0.2,0.135,3.579264894725365,0.8,40,0.37258690140269085,0.619958988380041,5.5636584490675425,76.1339187134261
maxent_86_40,MaxEnt,13,12,0.07100591715976332,3.0,0.3076923076923077,0.3076923076923077,0.38461538461538464,2,0.38461538461538464,0.07692307692307693,1.0,0.9230769230769231,0.9341762067111242,0.9341762067111242,1.9743589743589742,1.8571428571428572,0.3779644730092273,1.9459101490553132,1.2,0.8673608331108886,0.03550295857988166,0.0,0.023668639053254437,0.023668639053254437,0.8634812286689421,0.0,0,0.1474358974358974,0.0,0.23570226039551584,0.6196581196581196
maxent_87_10,MaxEnt,5,3,0.12,2.0,0.4,0.4,0.2,2,0.4,0.0,1.0,0.6,0.912870929175277,0.912870929175277,1.8,1.5,0.7071067811865476,0.6931471805599453,1.0,0.7453559924999299,0.04,0.0,0.0,0.0,0.6666666666666666,0.0,0,0.0,0.0,0.0,0.7000000000000001
maxent_87_20,MaxEnt,20,70,0.175,2.0,0.1,0.15,0.75,5,0.0,0.7,0.9444444444444444,3.5,0.8213059731982781,0.8521155829478009,22.002215640488963,5.345303867403315,0.9645187633244603,5.8916442118257715,1.947089947089947,1.2297773413690751,0.1275,0.055,0.16,0.15,4.262499615364602,0.75,29,0.3514103951603952,0.44164502164502173,7.313702876561982,70.73140402002426
maxent_87_40,MaxEnt,22,42,0.08677685950413223,1.0,0.09090909090909091,0.18181818181818182,0.7272727272727273,10,0.09090909090909091,0.4090909090909091,0.9,1.9090909090909092,0.7391733768684845,1.1533906110847587,41.53644553644545,2.6666666666666665,1.8618986725025255,1.791759469228055,1.5142857142857142,1.1948671854950645,0.05991735537190083,0.01652892561983471,0.10330578512396695,0.047520661157024795,1.5607282774374238,0.6363636363636364,16,0.2840909090909091,0.3508730158730159,10.664353291870821,408.41945209512596
maxent_88_10,MaxEnt,8,6,0.09375,2.0,0.375,0.375,0.25,2,0.375,0.125,1.0,0.75,0.9428090415820635,0.9428090415820635,1.8125,1.5,0.5773502691896257,1.3862943611198906,1.0,0.7126966450997984,0.015625,0.015625,0.0,0.0,0.7777777777777777,0.0,0,0.125,0.75,0.28867513459481287,0.5669642857142857
maxent_88_20,MaxEnt,5,4,0.16,3.0,0.4,0.4,0.2,2,0.4,0.2,1.0,0.8,1.0458250331675945,1.0458250331675945,1.7,1.3333333333333333,0.5773502691896257,1.0986122886681098,1.2,0.6846531968814576,0.04,0.0,0.04,0.04,1.222222222222222,0.0,0,0.3333333333333333,0.0,0.3535533905932738,0.45000000000000007
maxent_88_40,MaxEnt,39,315,0.20710059171597633,2.0,0.02564102564102564,0.05128205128205128,0.9230769230769231,6,0.0,0.8717948717948718,0.9736842105263158,8.076923076923077,0.8100750003217716,0.7103147766945941,15.06054031480821,5.80841414292108,0.4703675848178898,10.419748378792058,1.8072445019404917,1.0084521668206412,0.3596318211702827,0.3063773833004602,0.42932281393819854,0.47534516765285995,4.95317191302989,0.9230769230769231,276,0.3725476485440297,0.5499974391904391,3.5738916430247385,8.552310043701146
maxent_89_10,MaxEnt,0,,,,,,,,,,,,,,,,,,,,,,,,,,,,,,
maxent_89_20,MaxEnt,6,6,0.16666666666666666,2.0,0.5,0.3333333333333333,0.16666666666666666,1,0.3333333333333333,0.16666666666666666,1.3333333333333333,1.0,1.5491933384829668,0.8944271909999159,1.5416666666666667,1.2,0.4472135954999579,1.6094379124341003,1.0,1.0954451150103321,0.0,0.027777777777777776,0.027777777777777776,0.1388888888888889,1.6666666666666665,0.0,0,0.4166666666666667,0.5416666666666667,0.3535533905932738,0.3604166666666667
maxent_89_40,MaxEnt,0,,,,,,,,,,,,,,,,,,,,,,,,,,,,,,
maxent_8_10,MaxEnt,5,4,0.16,2.0,0.6,0.4,0.0,1,0.4,0.0,1.5,0.8,1.3693063937629153,1.0458250331675945,1.4,1.0,0.0,1.3862943611198906,1.0,0.6846531968814575,0.0,0.0,0.04,0.08,1.5,0.0,0,0.4333333333333333,0.0,0.0,0.3
maxent_8_20,MaxEnt,7,9,0.1836734693877551,3.0,0.42857142857142855,0.14285714285714285,0.42857142857142855,2,0.2857142857142857,0.2857142857142857,1.5,1.2857142857142858,1.247219128924647,0.7398142353865992,1.738095238095238,2.0,0.6324555320336759,1.791759469228055,1.1818181818181819,0.9896584604361026,0.08163265306122448,0.04081632653061224,0.04081632653061224,0.14285714285714285,1.8474576271186443,0.0,0,0.44897959183673464,0.3,0.4303314829119352,0.554232804232804
maxent_8_40,MaxEnt,12,16,0.1111111111111111,2.0,0.4166666666666667,0.16666666666666666,0.4166666666666667,3,0.25,0.16666666666666666,1.4285714285714286,1.3333333333333333,1.3693063937629157,0.7385489458759964,1.8800000000000001,2.272727272727273,0.9045340337332909,2.3978952727983707,1.0588235294117647,1.2522706649050828,0.0625,0.027777777777777776,0.027777777777777776,0.11805555555555555,1.4778761061946903,0.0,1,0.32916666666666666,0.3416666666666666,0.5674504383644443,0.7313454545454544
maxent_90_10,MaxEnt,0,,,,,,,,,,,,,,,,,,,,,,,,,,,,,,
maxent_90_20,MaxEnt,5,4,0.16,2.0,0.4,0.4,0.2,2,0.4,0.2,1.0,0.8,1.0458250331675945,1.0458250331675945,1.7,1.3333333333333333,0.5773502691896257,1.0986122886681098,1.0,0.6846531968814575,0.04,0.0,0.04,0.04,1.0,0.0,0,0.3333333333333333,0.0,0.3535533905932738,0.45
maxent_90_40,MaxEnt,0,,,,,,,,,,,,,,,,,,,,,,,,,,,,,,
maxent_91_10,MaxEnt,6,4,0.1111111111111111,1.0,0.3333333333333333,0.5,0.16666666666666666,2,0.3333333333333333,0.0,0.75,0.6666666666666666,0.7745966692414835,1.2247448713915892,2.0,1.6666666666666667,0.5773502691896257,1.0986122886681098,1.2,1.2247448713915892,0.05555555555555555,0.0,0.027777777777777776,0.0,0.8000000000000002,0.0,0,0.3333333333333333,0.0,0.0,0.8
maxent_91_20,MaxEnt,3,2,0.2222222222222222,3.0,0.3333333333333333,0.3333333333333333,0.3333333333333333,2,0.3333333333333333,0.0,1.0,0.6666666666666666,0.8660254037844388,0.8660254037844388,2.0,2.0,0.0,0.0,1.3333333333333333,0.8660254037844388,0.1111111111111111,0.0,0.0,0.0,1.25,0.0,0,0.0,0.0,0.0,1.0
maxent_91_40,MaxEnt,26,76,0.11242603550295859,4.0,0.15384615384615385,0.038461538461538464,0.8076923076923077,9,0.11538461538461539,0.46153846153846156,1.1363636363636365,2.923076923076923,1.019097422618026,0.5958768766092223,9.625581227252233,5.329268292682927,0.9852268033086611,5.099866427824199,2.0403587443946187,1.1188141723961897,0.16420118343195267,0.05325443786982249,0.09319526627218935,0.1937869822485207,2.9502615526162845,0.6923076923076923,41,0.2885402179519826,0.3519714082214082,4.024959688977161,27.241973279367883
maxent_92_10,MaxEnt,5,3,0.12,3.0,0.4,0.4,0.2,2,0.4,0.0,1.0,0.6,0.912870929175277,0.912870929175277,1.8,1.5,0.7071067811865476,0.6931471805599453,1.25,0.7453559924999299,0.04,0.0,0.0,0.0,1.1428571428571428,0.0,0,0.0,0.0,0.0,0.7000000000000001
maxent_92_20,MaxEnt,17,30,0.10380622837370242,2.0,0.17647058823529413,0.23529411764705882,0.5882352941176471,7,0.11764705882352941,0.47058823529411764,0.9285714285714286,1.7647058823529411,0.7895146188218007,0.9922617262261673,15.177854671280286,4.166666666666667,2.007339474206065,2.8903717578961645,1.6896551724137931,1.345723679743439,0.07958477508650519,0.01730103806228374,0.05536332179930796,0.04844290657439446,2.0745992956262453,0.5882352941176471,7,0.23431372549019608,0.24659863945578228,6.357532835942912,94.28394260126205
maxent_92_40,MaxEnt,0,,,,,,,,,,,,,,,,,,,,,,,,,,,,,,
maxent_93_10,MaxEnt,0,,,,,,,,,,,,,,,,,,,,,,,,,,,,,,
maxent_93_20,MaxEnt,6,7,0.19444444444444445,2.0,0.5,0.16666666666666666,0.3333333333333333,3,0.16666666666666666,0.3333333333333333,1.6666666666666667,1.1666666666666667,1.1392801164215363,0.8427360687858644,1.6666666666666667,2.0,1.0,1.6094379124341003,1.125,0.8852533362759808,0.05555555555555555,0.05555555555555555,0.027777777777777776,0.08333333333333333,1.7692307692307692,0.0,1,0.28888888888888886,0.5,0.5345224838248488,0.5666666666666667
maxent_93_40,MaxEnt,40,217,0.135625,2.0,0.05,0.225,0.725,6,0.025,0.75,0.8157894736842105,5.425,0.8654866241726255,0.8461442674517275,13.130333340696172,5.632693393562959,0.6959628822924241,8.17244681834278,1.7485148514851485,1.0523442037310116,0.26,0.17625,0.305625,0.31125,6.059748500067785,0.65,200,0.3164321256839046,0.35255327575761014,4.1817595746107505,15.169698966194733
maxent_94_10,MaxEnt,5,6,0.24,2.0,0.4,0.2,0.4,2,0.2,0.4,1.3333333333333333,1.2,1.0865337342004415,0.912870929175277,1.8,2.0,0.816496580927726,1.3862943611198906,1.0,0.950146187582615,0.08,0.08,0.04,0.08,1.7272727272727275,0.0,0,0.3733333333333333,0.75,0.5091750772173155,0.5888888888888888
maxent_94_20,MaxEnt,19,59,0.1634349030470914,4.0,0.15789473684210525,0.10526315789473684,0.7368421052631579,5,0.0,0.6842105263157895,1.0625,3.1052631578947367,0.7272132388566819,0.8167701861469471,8.714189897779264,5.5019607843137255,0.8270739134434087,5.541263545158426,1.6916666666666667,1.2029255622820498,0.14681440443213298,0.05263157894736842,0.10803324099722991,0.10526315789473684,3.628329136148102,0.6842105263157895,31,0.307501854870276,0.42991071428571426,3.373490991427112,14.06023420528549
maxent_94_40,MaxEnt,13,10,0.05917159763313609,1.0,0.46153846153846156,0.3076923076923077,0.23076923076923078,2,0.38461538461538464,0.0,1.2857142857142858,0.7692307692307693,1.0816653826391969,0.7788880963698614,1.6923076923076923,1.75,0.4629100498862757,2.0794415416798357,1.0909090909090908,1.1401754250991378,0.03550295857988166,0.0,0.005917159763313609,0.01775147928994083,1.476190476190476,0.0,0,0.25128205128205133,0.0,0.0,0.564102564102564
maxent_95_10,MaxEnt,4,3,0.1875,2.0,0.25,0.5,0.25,2,0.25,0.0,0.6666666666666666,0.75,0.6666666666666666,1.2765694770084508,2.25,2.0,0.0,0.6931471805599453,1.0,1.3333333333333333,0.125,0.0,0.0625,0.0,0.3333333333333333,0.0,0,0.5,0.0,0.0,0.9166666666666666
maxent_95_20,MaxEnt,2,1,0.25,2.0,0.5,0.5,0.0,1,0.5,0.0,1.0,0.5,1.4142135623730951,1.4142135623730951,1.5,1.0,0.0,0.0,1.0,0.0,0.0,0.0,0.0,0.0,1.0,0.0,0,0.0,0.0,0.0,0.5
maxent_95_40,MaxEnt,0,,,,,,,,,,,,,,,,,,,,,,,,,,,,,,
maxent_96_10,MaxEnt,8,5,0.078125,2.0,0.5,0.375,0.125,2,0.375,0.0,1.25,0.625,1.190438094628552,0.828078671210825,1.625,1.25,0.5,1.3862943611198906,1.1666666666666667,0.7406560798180412,0.015625,0.0,0.0,0.015625,1.823529411764706,0.0,0,0.25,0.0,0.0,0.5535714285714286
maxent_96_20,MaxEnt,12,24,0.16666666666666666,3.0,0.16666666666666666,0.08333333333333333,0.75,8,0.0,0.4166666666666667,1.1,2.0,0.9045340337332909,0.7977240352174656,14.098958333333336,4.3,1.636391694484477,2.302585092994046,1.3611111111111112,0.9293203772845852,0.034722222222222224,0.020833333333333332,0.08333333333333333,0.11805555555555555,1.58075528056326,0.75,1,0.3931547619047619,0.19722222222222222,6.117554999071662,42.061405066287904
maxent_96_40,MaxEnt,0,,,,,,,,,,,,,,,,,,,,,,,,,,,,,,
maxent_97_10,MaxEnt,6,5,0.1388888888888889,3.0,0.5,0.3333333333333333,0.16666666666666666,2,0.3333333333333333,0.16666666666666666,1.3333333333333333,0.8333333333333334,1.17983049630021,0.9033271832508971,1.5833333333333333,1.25,0.5,1.3862943611198906,1.1666666666666667,0.6196773353931866,0.027777777777777776,0.0,0.027777777777777776,0.05555555555555555,2.428571428571429,0.0,0,0.3333333333333333,0.0,0.31622776601683794,0.4416666666666667
maxent_97_20,MaxEnt,7,6,0.12244897959183673,3.0,0.42857142857142855,0.2857142857142857,0.2857142857142857,2,0.42857142857142855,0.14285714285714285,1.25,0.8571428571428571,1.247219128924647,0.8050764858994132,1.6666666666666665,1.5,0.5773502691896257,1.3862943611198906,1.1428571428571428,0.8819171036881969,0.02040816326530612,0.02040816326530612,0.0,0.04081632653061224,1.1875,0.0,0,0.17857142857142858,0.5833333333333334,0.33333333333333337,0.4444444444444444
maxent_97_40,MaxEnt,3,2,0.2222222222222222,2.0,0.6666666666666666,0.3333333333333333,0.0,1,0.3333333333333333,0.0,2.0,0.6666666666666666,1.7320508075688776,0.8660254037844388,1.3333333333333333,1.0,0.0,0.6931471805599453,1.0,0.8660254037844388,0.0,0.0,0.0,0.1111111111111111,2.0,0.0,0,0.6666666666666666,0.0,0.0,0.3333333333333333
maxent_98_10,MaxEnt,9,13,0.16049382716049382,2.0,0.4444444444444444,0.3333333333333333,0.2222222222222222,2,0.2222222222222222,0.3333333333333333,1.2,1.4444444444444444,1.2046507510281403,0.9230769230769232,1.6828703703703702,1.6363636363636365,0.6741998624632421,2.3978952727983707,1.0,0.9444637813698982,0.037037037037037035,0.04938271604938271,0.07407407407407407,0.13580246913580246,2.1764705882352944,0.0,1,0.4092592592592592,0.3619047619047619,0.4568741340445685,0.44810956790123446
maxent_98_20,MaxEnt,5,3,0.12,2.0,0.4,0.4,0.2,2,0.4,0.0,1.0,0.6,0.912870929175277,0.912870929175277,1.8,1.5,0.7071067811865476,0.6931471805599453,1.0,0.7453559924999299,0.04,0.0,0.0,0.0,0.6666666666666666,0.0,0,0.0,0.0,0.0,0.7000000000000001
maxent_98_40,MaxEnt,40,265,0.165625,2.0,0.075,0.05,0.875,5,0.0,0.8,1.027027027027027,6.625,0.8028665860242994,0.832165478645094,12.27861783932251,5.782377049180328,0.5068459048612078,9.591512787515303,1.7991137370753323,1.1027321117508702,0.33625,0.2425,0.40375,0.349375,9.109627713081007,0.775,252,0.36047431722005074,0.47210335841489093,3.5039596035174085,12.088733767700726
maxent_99_10,MaxEnt,3,2,0.2222222222222222,2.0,0.3333333333333333,0.3333333333333333,0.3333333333333333,2,0.3333333333333333,0.0,1.0,0.6666666666666666,0.8660254037844388,0.8660254037844388,2.0,2.0,0.0,0.0,1.0,0.8660254037844386,0.1111111111111111,0.0,0.0,0.0,0.5,0.0,0,0.0,0.0,0.0,1.0
maxent_99_20,MaxEnt,6,7,0.19444444444444445,2.0,0.6666666666666666,0.16666666666666666,0.16666666666666666,2,0.16666666666666666,0.16666666666666666,2.5,1.1666666666666667,1.572726736516901,0.6452337023220693,1.375,1.5,0.5477225575051661,1.791759469228055,1.0,1.1710800875382397,0.027777777777777776,0.05555555555555555,0.0,0.19444444444444445,2.4285714285714284,0.0,0,0.611111111111111,0.6666666666666666,0.3273268353539885,0.34374999999999994
maxent_99_40,MaxEnt,0,,,,,,,,,,,,,,,,,,,,,,,,,,,,,,
maxent_9_10,MaxEnt,6,6,0.16666666666666666,2.0,0.5,0.5,0.0,1,0.5,0.0,1.0,1.0,1.2649110640673518,1.2649110640673518,1.5,1.0,0.0,1.791759469228055,1.0,0.8944271909999159,0.0,0.0,0.1111111111111111,0.1111111111111111,2.272727272727273,0.0,0,0.611111111111111,0.0,1.5700924586837752e-16,0.29999999999999993
maxent_9_20,MaxEnt,7,7,0.14285714285714285,3.0,0.5714285714285714,0.2857142857142857,0.14285714285714285,2,0.2857142857142857,0.14285714285714285,1.6666666666666667,1.0,1.2909944487358056,0.816496580927726,1.476190476190476,1.3333333333333333,0.5163977794943222,1.791759469228055,1.125,0.816496580927726,0.02040816326530612,0.02040816326530612,0.02040816326530612,0.08163265306122448,1.916666666666666,0.0,0,0.39285714285714285,0.3333333333333333,0.3086066999241838,0.36507936507936506
maxent_9_40,MaxEnt,2,1,0.25,2.0,0.5,0.5,0.0,1,0.5,0.0,1.0,0.5,1.4142135623730951,1.4142135623730951,1.5,1.0,0.0,0.0,1.0,0.0,0.0,0.0,0.0,0.0,1.0,0.0,0,0.0,0.0,0.0,0.5
niche_100_10,Niche,8,9,0.140625,2.0,0.375,0.375,0.25,2,0.25,0.375,1.0,1.125,0.8809166301912132,1.0008814457418695,1.8125,1.625,0.5175491695067657,2.0794415416798357,1.0,0.7879157870470386,0.046875,0.03125,0.046875,0.03125,1.6666666666666667,0.0,0,0.45833333333333337,0.42857142857142855,0.408248290463863,0.4955357142857143
niche_100_20,Niche,4,5,0.3125,2.0,0.25,0.5,0.25,1,0.25,0.5,0.6666666666666666,1.25,0.7659416862050705,1.2,2.0,1.5,0.5773502691896257,1.3862943611198906,1.0,0.4618802153517006,0.0,0.125,0.125,0.0,1.0,0.0,0,0.75,0.8333333333333333,0.4472135954999579,0.5
niche_100_40,Niche,7,9,0.1836734693877551,2.0,0.2857142857142857,0.2857142857142857,0.42857142857142855,2,0.42857142857142855,0.2857142857142857,1.0,1.2857142857142858,1.073435314532551,1.073435314532551,1.8928571428571428,1.6666666666666667,0.5163977794943223,1.791759469228055,1.0,0.8819171036881969,0.061224489795918366,0.02040816326530612,0.12244897959183673,0.12244897959183673,0.8666666666666667,0.0,0,0.5523809523809524,0.25,0.37267799624996495,0.45535714285714285
niche_10_10,Niche,6,12,0.3333333333333333,2.0,0.3333333333333333,0.3333333333333333,0.3333333333333333,1,0.16666666666666666,0.5,1.0,2.0,0.9486832980505138,0.8366600265340756,1.9166666666666667,1.8333333333333333,0.7177405625652734,2.4849066497880004,1.0,0.31622776601683794,0.0,0.25,0.1111111111111111,0.16666666666666666,2.272727272727273,0.0,0,0.7916666666666666,0.7277777777777777,0.5400617248673216,0.5499999999999998
niche_10_20,Niche,7,14,0.2857142857142857,2.0,0.2857142857142857,0.42857142857142855,0.2857142857142857,1,0.2857142857142857,0.42857142857142855,0.8,2.0,0.9574271077563381,1.0,1.9285714285714286,1.5,0.5222329678670935,2.4849066497880004,1.0,0.28867513459481287,0.0,0.12244897959183673,0.2653061224489796,0.24489795918367346,1.5454545454545454,0.0,0,0.9071428571428571,0.37142857142857144,0.4629100498862757,0.45238095238095233
niche_10_40,Niche,6,6,0.16666666666666666,2.0,0.16666666666666666,0.5,0.3333333333333333,2,0.16666666666666666,0.16666666666666666,0.6,1.0,0.6324555320336759,1.2649110640673518,2.6666666666666665,2.5,0.5477225575051661,1.791759469228055,1.0,1.5491933384829668,0.16666666666666666,0.027777777777777776,0.08333333333333333,0.0,0.3333333333333333,0.0,0,0.638888888888889,0.7000000000000001,0.28867513459481287,1.0666666666666669
niche_11_10,Niche,4,4,0.25,2.0,0.5,0.5,0.0,1,0.5,0.0,1.0,1.0,1.1547005383792515,1.1547005383792515,1.5,1.0,0.0,1.3862943611198906,1.0,0.0,0.0,0.0,0.125,0.125,1.0,0.0,0,1.0,0.0,0.0,0.3333333333333333
niche_11_20,Niche,5,4,0.16,3.0,0.2,0.4,0.4,2,0.4,0.0,0.75,0.8,0.5590169943749473,1.0458250331675945,2.2,2.0,0.0,0.6931471805599453,1.2,0.6846531968814575,0.08,0.0,0.04,0.0,0.5000000000000001,0.0,0,0.13333333333333333,0.0,0.0,0.7
niche_11_40,Niche,17,25,0.08650519031141868,2.0,0.4117647058823529,0.29411764705882354,0.29411764705882354,3,0.23529411764705882,0.11764705882352941,1.2,1.4705882352941178,1.362497706420088,0.836899038116307,1.926050420168067,1.9166666666666667,0.7755316082290385,3.1780538303479458,1.21875,1.2133424908079333,0.05536332179930796,0.006920415224913495,0.05536332179930796,0.1245674740484429,2.9839707821852497,0.0,0,0.6127450980392156,0.22063492063492063,0.2868548662402544,0.8929651860744299
niche_12_10,Niche,4,5,0.3125,3.0,0.25,0.25,0.5,2,0.25,0.5,1.0,1.25,0.7659416862050705,0.7659416862050705,2.1875,2.3333333333333335,0.5773502691896258,1.0986122886681098,1.1666666666666667,0.4618802153517006,0.125,0.125,0.0,0.0,1.2857142857142856,0.0,0,0.375,0.8333333333333333,0.3535533905932738,0.890625
niche_12_20,Niche,12,8,0.05555555555555555,2.0,0.3333333333333333,0.5,0.16666666666666666,2,0.4166666666666667,0.0,0.75,0.6666666666666666,0.7385489458759965,1.1677484162422846,1.9166666666666667,1.5,0.5477225575051661,1.791759469228055,1.2,0.9770084209183945,0.020833333333333332,0.0,0.013888888888888888,0.0,0.8,0.0,0,0.3333333333333333,0.0,0.0,0.6287878787878788
niche_12_40,Niche,12,16,0.1111111111111111,2.0,0.4166666666666667,0.5833333333333334,0.0,1,0.5833333333333334,0.0,0.7142857142857143,1.3333333333333333,1.1677484162422846,1.3693063937629155,1.5833333333333333,1.0,0.0,2.772588722239781,1.0,1.028016625263513,0.0,0.0,0.14583333333333334,0.1111111111111111,1.7692307692307696,0.0,0,0.7444444444444445,0.0,9.614813431917819e-17,0.26515151515151514
niche_13_10,Niche,6,5,0.1388888888888889,2.0,0.5,0.5,0.0,1,0.5,0.0,1.0,0.8333333333333334,1.17983049630021,1.1798304963002098,1.5,1.0,0.0,1.6094379124341003,1.0,0.6196773353931866,0.0,0.0,0.05555555555555555,0.05555555555555555,2.0,0.0,0,0.6666666666666666,0.0,0.0,0.3
niche_13_20,Niche,4,3,0.1875,3.0,0.25,0.5,0.25,2,0.25,0.0,0.6666666666666666,0.75,0.6666666666666666,1.2765694770084508,2.25,2.0,0.0,0.6931471805599453,1.4,1.3333333333333333,0.125,0.0,0.0625,0.0,1.4,0.0,0,0.5,0.0,0.0,0.9166666666666666
niche_13_40,Niche,11,26,0.21487603305785125,2.0,0.36363636363636365,0.09090909090909091,0.5454545454545454,2,0.18181818181818182,0.36363636363636365,1.4285714285714286,2.3636363636363638,1.006046806821031,0.5102499677469846,2.1506493506493505,3.3454545454545452,0.9470848414844876,4.007333185232471,1.1333333333333333,0.8689243843964884,0.2396694214876033,0.1487603305785124,0.05785123966942149,0.23140495867768596,3.6799889492586804,0.0,0,0.7256493506493505,0.46380952380952384,0.551103344405472,1.1294173366316222
niche_14_10,Niche,8,10,0.15625,2.0,0.625,0.375,0.0,1,0.375,0.0,1.6666666666666667,1.25,1.4020393310154626,0.9319717960171481,1.375,1.0,0.0,2.302585092994046,1.0,0.7406560798180412,0.0,0.0,0.09375,0.1875,1.9090909090909092,0.0,0,0.7166666666666666,0.0,1.7199501139797033e-16,0.2678571428571428
niche_14_20,Niche,6,5,0.1388888888888889,2.0,0.5,0.3333333333333333,0.16666666666666666,2,0.3333333333333333,0.0,1.3333333333333333,0.8333333333333334,1.4028542333400147,0.9033271832508971,1.6666666666666667,1.75,0.5,1.3862943611198906,1.0,1.453272169966796,0.08333333333333333,0.0,0.027777777777777776,0.08333333333333333,1.5714285714285716,0.0,0,0.5,0.0,1.9860273225978183e-16,0.6666666666666667
niche_14_40,Niche,4,5,0.3125,2.0,0.25,0.25,0.5,2,0.25,0.5,1.0,1.25,0.7659416862050705,0.7659416862050705,2.1875,2.3333333333333335,0.5773502691896258,1.0986122886681098,1.0,0.4618802153517006,0.125,0.125,0.0,0.0,1.0,0.0,0,0.375,0.8333333333333333,0.3535533905932738,0.890625
niche_15_10,Niche,6,6,0.16666666666666666,3.0,0.16666666666666666,0.3333333333333333,0.5,2,0.5,0.0,0.8,1.0,0.6324555320336759,1.0954451150103321,2.1666666666666665,2.0,0.0,1.0986122886681098,1.25,0.6324555320336759,0.08333333333333333,0.0,0.08333333333333333,0.027777777777777776,0.6744186046511629,0.0,0,0.3888888888888889,0.0,0.0,0.5666666666666667
niche_15_20,Niche,13,18,0.10650887573964497,2.0,0.46153846153846156,0.07692307692307693,0.46153846153846156,2,0.23076923076923078,0.15384615384615385,1.7142857142857142,1.3846153846153846,1.4304881321759702,0.5546288567359977,1.7999999999999998,2.3846153846153846,0.6504436355879909,2.5649493574615367,1.1818181818181819,1.2211695803748643,0.07692307692307693,0.011834319526627219,0.029585798816568046,0.14792899408284024,3.698795180722892,0.0,0,0.5262515262515263,0.1904761904761905,0.44652291772022484,0.7524074074074075
niche_15_40,Niche,8,8,0.125,2.0,0.25,0.375,0.375,2,0.375,0.125,0.8333333333333334,1.0,0.7559289460184544,1.3093073414159542,2.0625,1.8,0.44721359549995804,1.6094379124341003,1.2,1.0690449676496976,0.046875,0.015625,0.078125,0.015625,0.9047619047619049,0.0,0,0.21875,0.4333333333333333,0.25,0.6026785714285714
niche_16_10,Niche,6,7,0.19444444444444445,2.0,0.5,0.3333333333333333,0.16666666666666666,2,0.16666666666666666,0.3333333333333333,1.3333333333333333,1.1666666666666667,1.1392801164215363,1.0020387381000104,1.6666666666666667,1.75,0.4629100498862757,2.0794415416798357,1.3636363636363635,1.2904674046441387,0.1111111111111111,0.05555555555555555,0.05555555555555555,0.08333333333333333,2.0,0.0,0,0.7777777777777778,0.7166666666666667,0.37796447300922714,0.5666666666666667
niche_16_20,Niche,9,11,0.13580246913580246,2.0,0.4444444444444444,0.3333333333333333,0.2222222222222222,2,0.4444444444444444,0.1111111111111111,1.2,1.2222222222222223,1.0650340467145436,0.9833321660356333,1.6666666666666667,1.4444444444444444,0.5270462766947299,2.1972245773362196,1.0,0.7215685393812519,0.04938271604938271,0.0,0.08641975308641975,0.09876543209876543,2.375,0.0,0,0.5592592592592592,0.0,2.220446049250313e-16,0.4999999999999998
niche_16_40,Niche,11,11,0.09090909090909091,2.0,0.36363636363636365,0.36363636363636365,0.2727272727272727,2,0.45454545454545453,0.09090909090909091,1.0,1.0,1.4142135623730951,1.0954451150103321,1.7636363636363634,1.375,0.5175491695067657,2.0794415416798357,1.0,1.2649110640673518,0.008264462809917356,0.01652892561983471,0.03305785123966942,0.06611570247933884,0.7741935483870966,0.0,0,0.48787878787878786,0.4777777777777778,0.33028912953790823,0.4545454545454546
niche_17_10,Niche,4,4,0.25,2.0,0.5,0.25,0.25,1,0.25,0.25,1.5,1.0,1.4142135623730951,0.816496580927726,1.5833333333333335,1.3333333333333333,0.5773502691896257,1.0986122886681098,1.0,0.816496580927726,0.0,0.0625,0.0,0.125,2.0,0.0,0,0.4375,0.7777777777777777,0.408248290463863,0.47222222222222227
niche_17_20,Niche,4,4,0.25,3.0,0.25,0.25,0.5,2,0.5,0.0,1.0,1.0,0.816496580927726,0.816496580927726,2.0,2.0,0.0,0.6931471805599453,1.2,0.0,0.125,0.0,0.0625,0.0625,0.7777777777777777,0.0,0,0.5,0.0,0.0,0.6666666666666666
niche_17_40,Niche,5,7,0.28,2.0,0.2,0.6,0.2,1,0.2,0.6,0.5,1.4,0.6388765649999399,1.3923991921155663,2.1,1.5,0.5477225575051661,1.791759469228055,1.0,0.7824607964359516,0.0,0.12,0.24,0.0,1.0,0.0,0,0.8400000000000001,0.8,0.4629100498862757,0.425
niche_18_10,Niche,5,6,0.24,2.0,0.4,0.6,0.0,1,0.6,0.0,0.6666666666666666,1.2,0.912870929175277,1.3693063937629153,1.6,1.0,0.0,1.791759469228055,1.0,0.4564354645876385,0.0,0.0,0.24,0.12,0.6666666666666666,0.0,0,1.0,0.0,0.0,0.3
niche_18_20,Niche,3,2,0.2222222222222222,2.0,0.3333333333333333,0.6666666666666666,0.0,1,0.6666666666666666,0.0,0.5,0.6666666666666666,0.8660254037844388,1.7320508075688776,1.6666666666666667,1.0,0.0,0.6931471805599453,1.0,0.8660254037844388,0.0,0.0,0.1111111111111111,0.0,0.5,0.0,0,0.6666666666666666,0.0,0.0,0.3333333333333333
niche_18_40,Niche,15,13,0.057777777777777775,2.0,0.4,0.4,0.2,2,0.26666666666666666,0.06666666666666667,1.0,0.8666666666666667,1.056317788193223,1.0563177881932233,1.8888888888888888,1.7,0.48304589153964794,2.302585092994046,1.1333333333333333,1.1916871834484357,0.03111111111111111,0.0,0.022222222222222223,0.022222222222222223,1.295918367346939,0.0,0,0.5444444444444444,0.0,0.22645540682891915,0.7089947089947091
niche_19_10,Niche,8,8,0.125,2.0,0.375,0.375,0.25,1,0.5,0.125,1.0,1.0,1.3093073414159542,1.0690449676496976,1.6875,1.3333333333333333,0.5163977794943223,1.791759469228055,1.0,1.0690449676496974,0.0,0.03125,0.03125,0.0625,0.8823529411764706,0.0,0,0.6291666666666667,0.6,0.3535533905932738,0.35267857142857145
niche_19_20,Niche,16,53,0.20703125,2.0,0.375,0.125,0.5,2,0.1875,0.375,1.4,3.3125,1.2010833288863356,0.5480582680657284,1.967580782312925,3.398876404494382,1.0433533922032492,5.181783550292085,1.1311475409836065,1.0450400462335754,0.23828125,0.23828125,0.09765625,0.46484375,3.610452152573457,0.0,0,0.6975835847159376,0.5743275243275243,0.5219073846367455,0.7838132953326201
niche_19_40,Niche,19,46,0.12742382271468145,2.0,0.3157894736842105,0.15789473684210525,0.5263157894736842,4,0.2631578947368421,0.3684210526315789,1.2307692307692308,2.4210526315789473,1.1127141345474103,0.6927399792483333,2.1396198830409356,2.9863013698630136,0.9929354724045307,4.290459441148391,1.3582089552238805,0.976111433582686,0.1440443213296399,0.05263157894736842,0.10803324099722991,0.2188365650969529,2.4530393079235413,0.0,0,0.5277473988000304,0.25035273368606703,0.3916396845470046,1.0180142679228934
niche_1_10,Niche,7,9,0.1836734693877551,2.0,0.42857142857142855,0.2857142857142857,0.2857142857142857,2,0.14285714285714285,0.2857142857142857,1.25,1.2857142857142858,1.1635761535114821,0.7398142353865992,1.8571428571428572,2.125,0.6408699444616557,2.0794415416798357,1.4,1.0867704260089783,0.12244897959183673,0.04081632653061224,0.04081632653061224,0.12244897959183673,2.4054054054054057,0.0,0,0.5428571428571428,0.4222222222222223,0.37267799624996495,0.7886904761904762
niche_1_20,Niche,8,9,0.140625,2.0,0.25,0.5,0.25,2,0.25,0.375,0.6666666666666666,1.125,0.7417981870189156,1.2055134949871444,2.0625,1.5714285714285714,0.5345224838248488,1.9459101490553132,1.25,0.7879157870470385,0.0625,0.0,0.109375,0.046875,1.4,0.0,0,0.5875,0.0,0.408248290463863,0.53125
niche_1_40,Niche,7,5,0.10204081632653061,2.0,0.42857142857142855,0.2857142857142857,0.2857142857142857,2,0.2857142857142857,0.0,1.25,0.7142857142857143,1.058300524425836,0.6831300510639732,1.8571428571428572,2.0,0.0,1.0986122886681098,1.0,1.1015141094572205,0.061224489795918366,0.0,0.0,0.02040816326530612,0.9999999999999999,0.0,0,0.2857142857142857,0.0,0.0,0.8095238095238094
niche_20_10,Niche,3,2,0.2222222222222222,2.0,0.3333333333333333,0.3333333333333333,0.3333333333333333,2,0.3333333333333333,0.0,1.0,0.6666666666666666,0.8660254037844388,0.8660254037844388,2.0,2.0,0.0,0.0,1.0,0.8660254037844386,0.1111111111111111,0.0,0.0,0.0,0.5,0.0,0,0.0,0.0,0.0,1.0
niche_20_20,Niche,3,2,0.2222222222222222,2.0,0.3333333333333333,0.3333333333333333,0.3333333333333333,2,0.3333333333333333,0.0,1.0,0.6666666666666666,0.8660254037844388,0.8660254037844388,2.0,2.0,0.0,0.0,1.0,0.8660254037844386,0.1111111111111111,0.0,0.0,0.0,0.5,0.0,0,0.0,0.0,0.0,1.0
niche_20_40,Niche,12,18,0.125,2.0,0.4166666666666667,0.16666666666666666,0.4166666666666667,2,0.25,0.25,1.4285714285714286,1.5,1.2226812728383039,0.7247430753394787,1.8425925925925926,2.2,0.6761234037828132,2.70805020110221,1.2173913043478262,1.0636320469566207,0.0763888888888889,0.034722222222222224,0.041666666666666664,0.125,2.4706397896581946,0.0,0,0.44861111111111107,0.44285714285714284,0.48855207252862665,0.6744294799850356
niche_21_10,Niche,4,5,0.3125,2.0,0.25,0.5,0.25,1,0.25,0.5,0.6666666666666666,1.25,0.7659416862050705,1.2,2.0,1.5,0.5773502691896257,1.3862943611198906,1.0,0.4618802153517006,0.0,0.125,0.125,0.0,1.0,0.0,0,0.75,0.8333333333333333,0.4472135954999579,0.5
niche_21_20,Niche,6,9,0.25,2.0,0.3333333333333333,0.3333333333333333,0.3333333333333333,2,0.16666666666666666,0.3333333333333333,1.0,1.5,1.0954451150103324,0.8164965809277259,2.0416666666666665,2.0,0.7071067811865476,2.1972245773362196,1.25,0.9428090415820635,0.08333333333333333,0.1388888888888889,0.027777777777777776,0.1111111111111111,2.475862068965517,0.0,0,0.5416666666666666,0.8133333333333332,0.4811252243246881,0.8437499999999997
niche_21_40,Niche,4,3,0.1875,2.0,0.25,0.75,0.0,1,0.75,0.0,0.3333333333333333,0.75,0.6666666666666666,2.0,1.75,1.0,0.0,1.0986122886681098,1.0,1.3333333333333333,0.0,0.0,0.1875,0.0,0.3333333333333333,0.0,0,0.75,0.0,0.0,0.25
niche_22_10,Niche,9,24,0.2962962962962963,3.0,0.2222222222222222,0.1111111111111111,0.6666666666666666,2,0.3333333333333333,0.4444444444444444,1.1428571428571428,2.6666666666666665,1.0097184013377196,0.5929270612815712,2.126984126984127,2.9285714285714284,0.8997354108424372,3.332204510175204,1.0769230769230769,0.5625000000000001,0.09876543209876543,0.32098765432098764,0.04938271604938271,0.2839506172839506,1.3876197494473104,0.0,0,0.6493386243386243,0.7301587301587302,0.50787450018337,0.5895691609977325
niche_22_20,Niche,8,7,0.109375,3.0,0.25,0.5,0.25,2,0.25,0.125,0.6666666666666666,0.875,0.7324227936704636,1.2868475730966895,2.1875,1.8,0.44721359549995804,1.6094379124341003,1.3,1.1829695303011787,0.0625,0.0,0.0625,0.015625,1.042553191489362,0.0,0,0.525,0.0,0.2672612419124244,0.7098214285714286
niche_22_40,Niche,6,10,0.2777777777777778,2.0,0.5,0.3333333333333333,0.16666666666666666,1,0.16666666666666666,0.3333333333333333,1.3333333333333333,1.6666666666666667,1.17983049630021,0.8197560612767678,1.5833333333333333,1.4,0.5163977794943223,2.302585092994046,1.0,0.4898979485566356,0.0,0.1111111111111111,0.1111111111111111,0.25,2.0,0.0,0,0.861111111111111,0.4444444444444444,0.3872983346207417,0.4166666666666667
niche_23_10,Niche,6,4,0.1111111111111111,2.0,0.5,0.5,0.0,1,0.5,0.0,1.0,0.6666666666666666,1.2247448713915892,1.2247448713915892,1.5,1.0,0.0,1.3862943611198906,1.0,0.7745966692414833,0.0,0.0,0.027777777777777776,0.027777777777777776,1.4,0.0,0,0.6666666666666666,0.0,0.0,0.3
niche_23_20,Niche,12,14,0.09722222222222222,2.0,0.3333333333333333,0.6666666666666666,0.0,1,0.6666666666666666,0.0,0.5,1.1666666666666667,0.9554064497532218,1.6682120232032633,1.6666666666666667,1.0,0.0,2.6390573296152584,1.0,1.23041239296904,0.0,0.0,0.1527777777777778,0.05555555555555555,1.1176470588235294,0.0,0,0.7027777777777778,0.0,1.4536231567507431e-16,0.24242424242424246
niche_23_40,Niche,6,8,0.2222222222222222,3.0,0.16666666666666666,0.5,0.3333333333333333,2,0.3333333333333333,0.0,0.6,1.3333333333333333,0.6123724356957946,1.1291589790636216,2.3333333333333335,2.0,0.0,1.791759469228055,1.2727272727272727,0.7745966692414833,0.16666666666666666,0.0,0.19444444444444445,0.08333333333333333,1.1818181818181817,0.0,0,0.8333333333333334,0.0,0.0,0.6666666666666666
niche_24_10,Niche,8,14,0.21875,2.0,0.25,0.25,0.5,2,0.375,0.375,1.0,1.75,1.0014566650110448,1.0014566650110448,2.033333333333333,2.0,0.6666666666666666,2.302585092994046,1.0,0.8081220356417685,0.015625,0.140625,0.109375,0.109375,1.0689655172413794,0.0,0,0.6,0.5761904761904761,0.44365008376579484,0.5358730158730157
niche_24_20,Niche,10,10,0.1,2.0,0.4,0.5,0.1,2,0.4,0.2,0.8333333333333334,1.0,1.0540925533894598,1.247219128924647,1.7,1.5454545454545454,0.5222329678670935,2.3978952727983707,1.0,1.3333333333333333,0.04,0.02,0.05,0.03,1.3076923076923077,0.0,0,0.7666666666666666,0.5733333333333334,0.31622776601683783,0.4
niche_24_40,Niche,19,29,0.08033240997229917,2.0,0.3684210526315789,0.21052631578947367,0.42105263157894735,2,0.3157894736842105,0.21052631578947367,1.25,1.5263157894736843,1.2231526983377496,0.8278256358634868,1.8428571428571427,2.1363636363636362,0.4675625290960757,3.091042453358316,1.3409090909090908,1.0803986287420553,0.05817174515235457,0.00554016620498615,0.055401662049861494,0.10249307479224377,2.38040101666196,0.0,0,0.5401837928153718,0.08263305322128851,0.2728379277787887,0.5674149659863946
niche_25_10,Niche,9,14,0.1728395061728395,2.0,0.3333333333333333,0.2222222222222222,0.4444444444444444,2,0.4444444444444444,0.1111111111111111,1.1666666666666667,1.5555555555555556,1.4051653980647143,0.8571428571428572,1.8571428571428572,1.8,0.7888106377466155,2.302585092994046,1.0666666666666667,1.1338934190276817,0.024691358024691357,0.07407407407407407,0.06172839506172839,0.20987654320987653,1.3119266055045873,0.0,0,0.5055555555555555,0.5408163265306122,0.4948716593053935,0.5408163265306121
niche_25_20,Niche,10,7,0.07,2.0,0.5,0.4,0.1,2,0.4,0.1,1.2,0.7,1.355261854357877,0.96421222530079,1.5333333333333332,1.1666666666666667,0.408248290463863,1.791759469228055,1.0,0.9988655696858587,0.01,0.0,0.01,0.03,1.3076923076923077,0.0,0,0.45,0.0,0.3086066999241838,0.3259259259259259
niche_25_40,Niche,10,17,0.17,2.0,0.2,0.3,0.5,3,0.2,0.2,0.875,1.7,0.962583349696751,0.834197936713045,2.66,3.090909090909091,0.6837634587578276,3.091042453358316,1.2608695652173914,1.150029670479622,0.17,0.08,0.07,0.1,1.2433718558803535,0.0,0,0.65,0.5047619047619046,0.5313689313240572,1.2804444444444443
niche_26_10,Niche,3,2,0.2222222222222222,2.0,0.3333333333333333,0.6666666666666666,0.0,1,0.6666666666666666,0.0,0.5,0.6666666666666666,0.8660254037844388,1.7320508075688776,1.6666666666666667,1.0,0.0,0.6931471805599453,1.0,0.8660254037844386,0.0,0.0,0.1111111111111111,0.0,0.5,0.0,0,0.6666666666666666,0.0,0.0,0.3333333333333333
niche_26_20,Niche,14,13,0.0663265306122449,3.0,0.42857142857142855,0.35714285714285715,0.21428571428571427,2,0.42857142857142855,0.14285714285714285,1.125,0.9285714285714286,1.154043375649807,1.073960421854788,1.6428571428571428,1.4,0.5163977794943223,2.302585092994046,1.1875,1.0222824694908503,0.02040816326530612,0.0,0.030612244897959183,0.03571428571428571,1.3960880195599024,0.0,0,0.480952380952381,0.0,0.32025630761017426,0.3669108669108669
niche_26_40,Niche,26,42,0.0621301775147929,2.0,0.38461538461538464,0.23076923076923078,0.38461538461538464,3,0.38461538461538464,0.19230769230769232,1.25,1.6153846153846154,1.1491888098284462,0.8411200825074141,1.7666666666666666,2.1666666666666665,0.8451542547285166,3.58351893845611,1.25,0.9952267030562384,0.03994082840236687,0.010355029585798817,0.042899408284023666,0.07248520710059171,2.198061424782263,0.0,0,0.5398351648351649,0.1354875283446712,0.3636964837266539,0.4793777777777777
niche_27_10,Niche,5,4,0.16,2.0,0.4,0.6,0.0,1,0.6,0.0,0.6666666666666666,0.8,1.0458250331675945,1.6298006013006623,1.6,1.0,0.0,1.3862943611198906,1.0,1.1180339887498947,0.0,0.0,0.12,0.04,1.0,0.0,0,0.6333333333333333,0.0,0.0,0.3
niche_27_20,Niche,5,3,0.12,2.0,0.4,0.4,0.2,2,0.4,0.0,1.0,0.6,0.912870929175277,0.912870929175277,1.8,1.5,0.7071067811865476,0.6931471805599453,1.0,0.7453559924999299,0.04,0.0,0.0,0.0,0.6666666666666666,0.0,0,0.0,0.0,0.0,0.7000000000000001
niche_27_40,Niche,15,37,0.16444444444444445,2.0,0.6,0.06666666666666667,0.3333333333333333,2,0.06666666666666667,0.3333333333333333,2.3333333333333335,2.466666666666667,1.3607779324512546,0.590809291841191,1.4987654320987653,2.5,0.7709342531250699,3.9889840465642745,1.1590909090909092,1.1098959115933515,0.12,0.10222222222222223,0.08444444444444445,0.3688888888888889,2.6482343590325876,0.0,0,0.7835185185185185,0.5104875283446713,0.4197131786704207,0.4189481044230351
niche_28_10,Niche,5,6,0.24,2.0,0.4,0.4,0.2,1,0.4,0.2,1.0,1.2,1.0865337342004415,1.0865337342004415,1.6666666666666665,1.4,0.5477225575051661,1.6094379124341003,1.0,0.7453559924999299,0.0,0.08,0.08,0.08,1.7272727272727275,0.0,0,0.5333333333333333,0.6666666666666666,0.33333333333333337,0.3888888888888888
niche_28_20,Niche,9,16,0.19753086419753085,3.0,0.2222222222222222,0.3333333333333333,0.4444444444444444,2,0.3333333333333333,0.2222222222222222,0.8571428571428571,1.7777777777777777,0.8332682266233365,1.0439558180306292,2.1527777777777777,2.2,0.560611910581388,2.70805020110221,1.1578947368421053,0.8943180013283866,0.08641975308641975,0.1111111111111111,0.13580246913580246,0.07407407407407407,1.8877005347593583,0.0,0,0.5388888888888889,0.49047619047619045,0.369754986443726,0.6006944444444444
niche_28_40,Niche,8,8,0.125,2.0,0.375,0.25,0.375,2,0.25,0.125,1.2,1.0,1.0690449676496976,0.7559289460184544,2.0625,2.4285714285714284,0.5345224838248488,1.9459101490553132,1.1111111111111112,1.3093073414159542,0.109375,0.015625,0.015625,0.046875,1.5263157894736845,0.0,0,0.4375,0.42000000000000004,0.25000000000000006,1.03125
niche_29_10,Niche,10,19,0.19,2.0,0.6,0.1,0.3,1,0.2,0.2,2.25,1.9,1.5973585459775492,0.7212212207401568,1.4555555555555555,1.7647058823529411,0.6642111641550714,2.833213344056216,1.0,1.2602305260398579,0.0,0.12,0.05,0.38,3.368932038834951,0.0,0,0.785,0.6347222222222222,0.4040728322978044,0.35580246913580255
niche_29_20,Niche,11,33,0.2727272727272727,3.0,0.2727272727272727,0.09090909090909091,0.6363636363636364,2,0.2727272727272727,0.45454545454545453,1.25,3.0,0.8432740427115678,0.5773502691896257,2.13047138047138,3.4285714285714284,0.8495907904857465,4.343805421853684,1.2325581395348837,0.5773502691896257,0.256198347107438,0.2975206611570248,0.09917355371900827,0.2396694214876033,1.797739200645943,0.0,0,0.6795454545454545,0.5443001443001443,0.414481738572312,0.7723328968699339
niche_29_40,Niche,22,45,0.09297520661157024,3.0,0.3181818181818182,0.18181818181818182,0.5,3,0.36363636363636365,0.18181818181818182,1.2,2.0454545454545454,1.173306878008632,0.7152985177041451,1.9825757575757577,2.7301587301587302,0.7230390433920766,4.143134726391533,1.25,1.1677822834301088,0.12190082644628099,0.02066115702479339,0.0743801652892562,0.15289256198347106,1.959468902865129,0.0,0,0.5338203463203464,0.14574675324675326,0.42102168502258797,0.6393777056277058
niche_2_10,Niche,4,4,0.25,3.0,0.25,0.25,0.5,2,0.5,0.0,1.0,1.0,0.816496580927726,0.816496580927726,2.0,2.0,0.0,0.6931471805599453,1.2,0.0,0.125,0.0,0.0625,0.0625,0.7777777777777777,0.0,0,0.5,0.0,0.0,0.6666666666666666
niche_2_20,Niche,4,5,0.3125,2.0,0.25,0.5,0.25,1,0.25,0.5,0.6666666666666666,1.25,0.7659416862050705,1.2,2.0,1.5,0.5773502691896257,1.3862943611198906,1.0,0.4618802153517006,0.0,0.125,0.125,0.0,1.0,0.0,0,0.75,0.8333333333333333,0.4472135954999579,0.5
niche_2_40,Niche,11,10,0.08264462809917356,3.0,0.36363636363636365,0.2727272727272727,0.36363636363636365,3,0.18181818181818182,0.18181818181818182,1.1428571428571428,0.9090909090909091,1.0382677881933928,0.7707139547199078,2.106060606060606,2.1666666666666665,0.752772652709081,1.791759469228055,1.0909090909090908,1.0798147989354472,0.05785123966942149,0.0,0.01652892561983471,0.03305785123966942,0.9298245614035087,0.0,0,0.25757575757575757,0.0,0.3415650255319866,1.1015151515151513
niche_30_10,Niche,5,4,0.16,2.0,0.4,0.4,0.2,2,0.2,0.0,1.0,0.8,1.0458250331675945,1.0458250331675945,2.0,2.0,0.0,1.3862943611198906,1.5,1.6770509831248421,0.16,0.0,0.04,0.04,1.777777777777778,0.0,0,0.8,0.0,0.0,1.0
niche_30_20,Niche,9,19,0.2345679012345679,3.0,0.2222222222222222,0.1111111111111111,0.6666666666666666,2,0.4444444444444444,0.3333333333333333,1.1428571428571428,2.111111111111111,0.9001384934993195,0.868421052631579,2.018518518518518,2.3333333333333335,0.4879500364742666,2.70805020110221,1.1363636363636365,0.5692975698101036,0.13580246913580246,0.08641975308641975,0.20987654320987653,0.2222222222222222,1.9032258064516128,0.0,0,0.6617283950617283,0.32592592592592595,0.31063037209869776,0.48225308641975295
niche_30_40,Niche,6,9,0.25,1.0,0.16666666666666666,0.3333333333333333,0.5,2,0.3333333333333333,0.3333333333333333,0.8,1.5,0.8164965809277259,0.8164965809277259,2.444444444444444,2.3333333333333335,0.5163977794943222,1.791759469228055,1.1818181818181819,0.4216370213557839,0.1388888888888889,0.05555555555555555,0.1111111111111111,0.1111111111111111,1.0930232558139537,0.0,0,0.6666666666666666,0.27777777777777773,0.3849001794597505,0.8740740740740739
niche_31_10,Niche,3,3,0.3333333333333333,2.0,0.3333333333333333,0.3333333333333333,0.3333333333333333,1,0.3333333333333333,0.3333333333333333,1.0,1.0,1.0,1.0,1.8333333333333333,1.5,0.7071067811865476,0.6931471805599453,1.0,0.0,0.0,0.1111111111111111,0.0,0.0,1.0,0.0,0,0.3333333333333333,1.0,0.408248290463863,0.5833333333333333
niche_31_20,Niche,13,35,0.20710059171597633,2.0,0.3076923076923077,0.3076923076923077,0.38461538461538464,2,0.23076923076923078,0.46153846153846156,1.0,2.6923076923076925,1.0547592174533107,0.8761387148271942,2.029304029304029,2.2244897959183674,0.6851187890446743,3.8918202981106265,1.054054054054054,0.8241260058203403,0.10059171597633136,0.14792899408284024,0.22485207100591717,0.3136094674556213,2.3565573770491803,0.0,0,0.7124542124542124,0.3773809523809524,0.5304855945135499,0.6101203558346415
niche_31_40,Niche,9,18,0.2222222222222222,3.0,0.4444444444444444,0.3333333333333333,0.2222222222222222,2,0.1111111111111111,0.4444444444444444,1.2,2.0,1.118033988749895,0.9682458365518543,1.7203703703703705,1.6842105263157894,0.6710382982072027,2.9444389791664403,1.1,0.8291561975888498,0.024691358024691357,0.12345679012345678,0.1728395061728395,0.2345679012345679,3.815286624203821,0.0,0,0.6944444444444444,0.39166666666666666,0.5009250701711044,0.48435956790123463
niche_32_10,Niche,8,6,0.09375,2.0,0.75,0.25,0.0,1,0.25,0.0,3.0,0.75,1.8516401995451028,0.6172133998483676,1.25,1.0,0.0,1.791759469228055,1.0,1.2344267996967353,0.0,0.0,0.0,0.09375,3.0,0.0,0,0.75,0.0,2.220446049250313e-16,0.2142857142857142
niche_32_20,Niche,17,30,0.10380622837370242,3.0,0.47058823529411764,0.17647058823529413,0.35294117647058826,3,0.23529411764705882,0.17647058823529413,1.5555555555555556,1.7647058823529411,1.5587120751868617,0.7091661770464428,1.8147058823529412,2.107142857142857,0.8751417118804335,3.332204510175204,1.2105263157894737,1.3605554421305703,0.06920415224913495,0.020761245674740483,0.06228373702422145,0.22837370242214533,2.4224086279209103,0.0,0,0.635179526355997,0.2045177045177045,0.488193950529227,0.8649264705882352
niche_32_40,Niche,5,8,0.32,2.0,0.2,0.2,0.6,1,0.4,0.4,1.0,1.6,0.9478594305064437,0.9478594305064437,2.075,2.0,0.7071067811865476,1.6094379124341003,1.0,0.5229125165837972,0.0,0.2,0.08,0.08,0.8181818181818181,0.0,0,0.5599999999999999,0.8666666666666666,0.4592793267718459,0.49687499999999996
niche_33_10,Niche,7,15,0.30612244897959184,2.0,0.42857142857142855,0.2857142857142857,0.2857142857142857,1,0.14285714285714285,0.42857142857142855,1.25,2.142857142857143,1.0583005244258363,0.7822095958576908,1.7523809523809522,1.8888888888888888,0.7583952786593615,2.8903717578961645,1.0,0.5192587309132409,0.0,0.24489795918367346,0.10204081632653061,0.24489795918367346,1.8378378378378377,0.0,0,0.8333333333333333,0.6095238095238097,0.5192587309132409,0.5195767195767194
niche_33_20,Niche,16,18,0.0703125,2.0,0.375,0.3125,0.3125,2,0.1875,0.25,1.1,1.125,1.1646366818982843,1.0703639625593153,1.94921875,2.0,0.5773502691896257,2.5649493574615367,1.0,1.3184352865947846,0.0390625,0.01171875,0.03515625,0.04296875,1.1333333333333333,0.0,0,0.5708333333333333,0.3041666666666667,0.4114253678777396,0.6933430989583333
niche_33_40,Niche,5,3,0.12,3.0,0.4,0.4,0.2,2,0.4,0.0,1.0,0.6,0.912870929175277,0.912870929175277,1.8,1.5,0.7071067811865476,0.6931471805599453,1.25,0.7453559924999299,0.04,0.0,0.0,0.0,1.1428571428571428,0.0,0,0.0,0.0,0.0,0.7000000000000001
niche_34_10,Niche,3,2,0.2222222222222222,2.0,0.3333333333333333,0.6666666666666666,0.0,1,0.6666666666666666,0.0,0.5,0.6666666666666666,0.8660254037844388,1.7320508075688776,1.6666666666666667,1.0,0.0,0.6931471805599453,1.0,0.8660254037844388,0.0,0.0,0.1111111111111111,0.0,0.5,0.0,0,0.6666666666666666,0.0,0.0,0.3333333333333333
niche_34_20,Niche,14,33,0.1683673469387755,3.0,0.42857142857142855,0.21428571428571427,0.35714285714285715,2,0.14285714285714285,0.42857142857142855,1.375,2.357142857142857,1.1113724351872976,0.7177897683763595,1.739795918367347,2.0697674418604652,0.7035741690082724,3.7612001156935624,1.1951219512195121,0.7334623940064201,0.12244897959183673,0.05102040816326531,0.15816326530612246,0.29081632653061223,4.3164556962025316,0.0,0,0.8904761904761903,0.2496598639455782,0.49016297316274327,0.47869477461314214
niche_34_40,Niche,13,22,0.1301775147928994,3.0,0.46153846153846156,0.15384615384615385,0.38461538461538464,2,0.3076923076923077,0.07692307692307693,1.5714285714285714,1.6923076923076923,1.4145787563268577,0.8139621829432299,1.75,2.0869565217391304,0.5964320793656581,3.1354942159291497,1.3333333333333333,1.3331180955749238,0.09467455621301775,0.03550295857988166,0.07692307692307693,0.21301775147928995,3.6907216494845367,0.0,0,0.7294871794871794,0.2554112554112554,0.3988620176087328,0.6458333333333334
niche_35_10,Niche,5,7,0.28,2.0,0.4,0.4,0.2,1,0.2,0.4,1.0,1.4,1.0832679205787932,0.9583148474999099,1.7333333333333332,1.3333333333333333,0.5163977794943223,1.791759469228055,1.0,0.31943828249996997,0.0,0.08,0.12,0.16,2.0000000000000004,0.0,0,0.7999999999999999,0.4,0.4364357804719847,0.46666666666666656
niche_35_20,Niche,8,12,0.1875,2.0,0.25,0.25,0.5,2,0.375,0.25,1.0,1.5,1.126872339638022,0.7968190728895957,2.1999999999999997,2.375,1.0606601717798212,2.0794415416798357,1.0769230769230769,0.9428090415820635,0.046875,0.109375,0.015625,0.09375,0.8181818181818182,0.0,0,0.4,0.7111111111111111,0.5837300238472755,0.8660317460317459
niche_35_40,Niche,17,27,0.09342560553633218,2.0,0.29411764705882354,0.29411764705882354,0.4117647058823529,2,0.35294117647058826,0.11764705882352941,1.0,1.588235294117647,1.6215075374790917,0.8920660810747798,2.037433155080214,1.8636363636363635,0.5602256811793028,3.091042453358316,1.1290322580645162,1.4971967404322797,0.03460207612456748,0.031141868512110725,0.05190311418685121,0.17993079584775087,1.1011235955056182,0.0,0,0.5233785822021116,0.44740259740259747,0.4103049699311091,0.6488210986874089
niche_36_10,Niche,6,5,0.1388888888888889,2.0,0.3333333333333333,0.3333333333333333,0.3333333333333333,2,0.3333333333333333,0.16666666666666666,1.0,0.8333333333333334,0.9033271832508971,0.9033271832508971,2.0,2.0,1.0,1.0986122886681098,1.2857142857142858,0.9797958971132712,0.05555555555555555,0.027777777777777776,0.0,0.0,1.2222222222222223,0.0,0,0.15277777777777776,0.7777777777777778,0.31622776601683794,0.9
niche_36_20,Niche,4,3,0.1875,2.0,0.25,0.75,0.0,1,0.75,0.0,0.3333333333333333,0.75,0.6666666666666666,2.0,1.75,1.0,0.0,1.0986122886681098,1.0,1.3333333333333333,0.0,0.0,0.1875,0.0,0.3333333333333333,0.0,0,0.75,0.0,0.0,0.25
niche_36_40,Niche,8,15,0.234375,2.0,0.125,0.625,0.25,2,0.25,0.5,0.42857142857142855,1.875,0.6647591758710533,1.4092663857595362,2.333333333333333,1.6923076923076923,0.48038446141526137,2.5649493574615367,1.0,0.9346928873436418,0.015625,0.125,0.359375,0.0625,0.8461538461538464,0.0,0,0.8214285714285714,0.5523809523809523,0.4216370213557839,0.4126984126984126
niche_37_10,Niche,3,2,0.2222222222222222,2.0,0.6666666666666666,0.3333333333333333,0.0,1,0.3333333333333333,0.0,2.0,0.6666666666666666,1.7320508075688776,0.8660254037844388,1.3333333333333333,1.0,0.0,0.6931471805599453,1.0,0.8660254037844388,0.0,0.0,0.0,0.1111111111111111,2.0,0.0,0,0.6666666666666666,0.0,0.0,0.3333333333333333
niche_37_20,Niche,3,3,0.3333333333333333,2.0,0.3333333333333333,0.3333333333333333,0.3333333333333333,1,0.3333333333333333,0.3333333333333333,1.0,1.0,1.0,1.0,1.8333333333333333,1.5,0.7071067811865476,0.6931471805599453,1.0,0.0,0.0,0.1111111111111111,0.0,0.0,1.0,0.0,0,0.3333333333333333,1.0,0.408248290463863,0.5833333333333333
niche_37_40,Niche,10,14,0.14,2.0,0.3,0.6,0.1,2,0.3,0.4,0.5714285714285714,1.4,0.9035079029052513,1.5133570078162575,1.875,1.5,0.5163977794943222,2.772588722239781,1.0,1.3384256497671616,0.06,0.02,0.21,0.08,1.3529411764705883,0.0,0,0.85,0.30833333333333335,0.4008918628686366,0.40625
niche_38_10,Niche,9,12,0.14814814814814814,2.0,0.3333333333333333,0.1111111111111111,0.5555555555555556,2,0.3333333333333333,0.1111111111111111,1.3333333333333333,1.3333333333333333,1.4031215200402283,0.649519052838329,2.018518518518518,2.3333333333333335,0.7071067811865476,2.1972245773362196,1.0,1.243734296383275,0.09876543209876543,0.024691358024691357,0.037037037037037035,0.1728395061728395,0.9285714285714287,0.0,0,0.5232804232804232,0.2916666666666667,0.485912657903775,0.794753086419753
niche_38_20,Niche,8,9,0.140625,2.0,0.25,0.25,0.5,2,0.5,0.0,1.0,1.125,0.7417981870189156,0.8809166301912132,2.0,2.0,0.0,1.6094379124341003,1.1818181818181819,0.4114755998989117,0.078125,0.0,0.0625,0.046875,0.92,0.0,0,0.3125,0.0,0.0,0.5714285714285714
niche_38_40,Niche,16,19,0.07421875,2.0,0.4375,0.4375,0.125,2,0.3125,0.25,1.0,1.1875,1.0299306559414643,0.9829572656782107,1.6666666666666665,1.3333333333333333,0.48507125007266594,2.8903717578961645,1.0952380952380953,0.6789269682777724,0.015625,0.0078125,0.0390625,0.04296875,2.326732673267327,0.0,0,0.7395833333333334,0.23809523809523808,0.35043832202523123,0.39629629629629637
niche_39_10,Niche,4,5,0.3125,2.0,0.25,0.5,0.25,1,0.25,0.5,0.6666666666666666,1.25,0.7659416862050705,1.2,2.0,1.5,0.5773502691896257,1.3862943611198906,1.0,0.4618802153517006,0.0,0.125,0.125,0.0,1.0,0.0,0,0.75,0.8333333333333333,0.4472135954999579,0.5
niche_39_20,Niche,17,46,0.15916955017301038,2.0,0.4117647058823529,0.35294117647058826,0.23529411764705882,2,0.17647058823529413,0.4117647058823529,1.1,2.7058823529411766,1.1522251834367863,0.9491128580897554,1.7561764705882352,1.9610389610389611,0.6774868117100226,4.343805421853684,1.08,1.0125920341377586,0.04844290657439446,0.1384083044982699,0.17993079584775087,0.2664359861591695,4.568698817106459,0.0,0,0.7067226890756303,0.3493121693121693,0.48840912999335867,0.45772665441176486
niche_39_40,Niche,7,7,0.14285714285714285,2.0,0.2857142857142857,0.42857142857142855,0.2857142857142857,2,0.2857142857142857,0.0,0.8,1.0,0.816496580927726,1.0,2.142857142857143,2.0,0.0,1.791759469228055,1.2222222222222223,1.1547005383792515,0.12244897959183673,0.0,0.061224489795918366,0.04081632653061224,1.2702702702702704,0.0,0,0.4714285714285714,0.0,0.0,0.8095238095238094
niche_3_10,Niche,8,6,0.09375,2.0,0.625,0.375,0.0,1,0.375,0.0,1.6666666666666667,0.75,1.5532863266952468,0.9428090415820635,1.375,1.0,0.0,1.791759469228055,1.0,1.0079052613579391,0.0,0.0,0.015625,0.0625,3.363636363636364,0.0,0,0.6458333333333333,0.0,1.5700924586837752e-16,0.26785714285714285
niche_3_20,Niche,4,4,0.25,2.0,0.5,0.25,0.25,1,0.25,0.25,1.5,1.0,1.4142135623730951,0.816496580927726,1.5833333333333333,1.3333333333333333,0.5773502691896257,1.0986122886681098,1.0,0.816496580927726,0.0,0.0625,0.0,0.125,2.0,0.0,0,0.4375,0.7777777777777777,0.408248290463863,0.47222222222222204
niche_3_40,Niche,3,3,0.3333333333333333,2.0,0.3333333333333333,0.3333333333333333,0.3333333333333333,1,0.3333333333333333,0.3333333333333333,1.0,1.0,1.0,1.0,1.8333333333333333,1.5,0.7071067811865476,0.6931471805599453,1.0,0.0,0.0,0.1111111111111111,0.0,0.0,1.0,0.0,0,0.3333333333333333,1.0,0.408248290463863,0.5833333333333334
niche_40_10,Niche,9,23,0.2839506172839506,2.0,0.5555555555555556,0.2222222222222222,0.2222222222222222,2,0.1111111111111111,0.3333333333333333,1.75,2.5555555555555554,1.1918913184237216,0.6521739130434784,1.5432098765432098,2.0526315789473686,0.6954434098279423,3.6375861597263857,1.0416666666666667,0.7934038082997678,0.04938271604938271,0.2839506172839506,0.07407407407407407,0.3950617283950617,1.7341772151898738,0.0,0,0.8950617283950617,0.7338624338624338,0.41654587621140576,0.42633316186556935
niche_40_20,Niche,9,21,0.25925925925925924,3.0,0.3333333333333333,0.1111111111111111,0.5555555555555556,2,0.2222222222222222,0.4444444444444444,1.3333333333333333,2.3333333333333335,1.0714285714285714,0.5248906591678238,2.022119341563786,2.96,0.9345230512584125,3.2188758248682006,1.125,0.7423074889580902,0.13580246913580246,0.2345679012345679,0.012345679012345678,0.24691358024691357,2.2047477744807122,0.0,0,0.5805555555555555,0.719047619047619,0.5660007932001458,0.7393249409388816
niche_40_40,Niche,20,25,0.0625,2.0,0.3,0.2,0.5,4,0.3,0.2,1.1428571428571428,1.25,0.8559390042213103,0.7283723744002608,2.1222222222222222,2.625,0.9574271077563381,2.772588722239781,1.2941176470588236,0.7567242423415339,0.0475,0.005,0.0225,0.03,1.8368794326241136,0.0,0,0.43499999999999994,0.17647058823529413,0.42513614377131087,0.8172839506172839
niche_41_10,Niche,3,3,0.3333333333333333,2.0,0.3333333333333333,0.3333333333333333,0.3333333333333333,1,0.3333333333333333,0.3333333333333333,1.0,1.0,1.0,1.0,1.8333333333333333,1.5,0.7071067811865476,0.6931471805599453,1.0,0.0,0.0,0.1111111111111111,0.0,0.0,1.0,0.0,0,0.3333333333333333,1.0,0.408248290463863,0.5833333333333333
niche_41_20,Niche,5,3,0.12,3.0,0.4,0.4,0.2,2,0.4,0.0,1.0,0.6,0.912870929175277,0.912870929175277,1.8,1.5,0.7071067811865476,0.6931471805599453,1.25,0.7453559924999299,0.04,0.0,0.0,0.0,1.1428571428571428,0.0,0,0.0,0.0,0.0,0.7000000000000001
niche_41_40,Niche,6,9,0.25,2.0,0.3333333333333333,0.3333333333333333,0.3333333333333333,2,0.16666666666666666,0.3333333333333333,1.0,1.5,0.9189365834726814,0.8164965809277259,2.074074074074074,2.272727272727273,0.6466697906828633,2.3978952727983707,1.3076923076923077,0.9428090415820635,0.1388888888888889,0.1388888888888889,0.027777777777777776,0.05555555555555555,1.5506072874493926,0.0,0,0.5,0.8133333333333332,0.4255231590028169,0.8921810699588475
niche_42_10,Niche,8,9,0.140625,2.0,0.375,0.375,0.25,2,0.5,0.125,1.0,1.125,1.0008814457418695,1.2055134949871444,1.75,1.7142857142857142,0.48795003647426666,1.9459101490553132,1.25,1.13932434570961,0.078125,0.0,0.109375,0.078125,1.704225352112676,0.0,0,0.625,0.0,1.4802973661668753e-16,0.5
niche_42_20,Niche,6,9,0.25,1.0,0.16666666666666666,0.5,0.3333333333333333,2,0.16666666666666666,0.6666666666666666,0.6,1.5,0.5577733510227171,1.1737877907772674,2.5416666666666665,2.3333333333333335,0.49999999999999994,2.1972245773362196,1.1,1.0327955589886446,0.16666666666666666,0.1111111111111111,0.16666666666666666,0.0,1.1818181818181817,0.0,0,0.75,0.7999999999999999,0.31180478223116176,0.8354166666666666
niche_42_40,Niche,7,8,0.16326530612244897,3.0,0.2857142857142857,0.42857142857142855,0.2857142857142857,2,0.2857142857142857,0.2857142857142857,0.8,1.1428571428571428,0.7872684844871326,1.063112568514423,2.0,1.7142857142857142,0.48795003647426666,1.9459101490553132,1.2,0.8322910148099242,0.061224489795918366,0.04081632653061224,0.061224489795918366,0.02040816326530612,1.7096774193548387,0.0,0,0.4642857142857143,0.5,0.3535533905932738,0.5833333333333334
niche_43_10,Niche,9,23,0.2839506172839506,2.0,0.5555555555555556,0.2222222222222222,0.2222222222222222,2,0.1111111111111111,0.3333333333333333,1.75,2.5555555555555554,1.2391304347826086,0.6221342617936603,1.5436507936507935,2.0,0.7559289460184544,3.58351893845611,1.08,0.7435926685429162,0.024691358024691357,0.25925925925925924,0.08641975308641975,0.4567901234567901,1.9473684210526314,0.0,0,0.9012345679012346,0.6621693121693121,0.43880130338335555,0.4243551587301585
niche_43_20,Niche,9,11,0.13580246913580246,3.0,0.4444444444444444,0.2222222222222222,0.3333333333333333,3,0.2222222222222222,0.2222222222222222,1.4,1.2222222222222223,1.4039495646800453,0.6818181818181818,1.762962962962963,2.0,0.7559289460184544,2.0794415416798357,1.411764705882353,1.2348252461096476,0.07407407407407407,0.024691358024691357,0.024691358024691357,0.13580246913580246,2.5162790697674424,0.0,0,0.5079365079365079,0.39999999999999997,0.4773665131518841,0.6090123456790123
niche_43_40,Niche,4,3,0.1875,2.0,0.25,0.75,0.0,1,0.75,0.0,0.3333333333333333,0.75,0.6666666666666666,2.0,1.75,1.0,0.0,1.0986122886681098,1.0,1.3333333333333333,0.0,0.0,0.1875,0.0,0.3333333333333333,0.0,0,0.75,0.0,0.0,0.25
niche_44_10,Niche,5,4,0.16,1.0,0.4,0.2,0.4,2,0.4,0.0,1.3333333333333333,0.8,1.0458250331675945,0.5590169943749473,1.8,2.0,0.0,0.6931471805599453,1.0,0.6846531968814575,0.08,0.0,0.0,0.04,1.0,0.0,0,0.13333333333333333,0.0,0.0,0.7000000000000001
niche_44_20,Niche,10,17,0.17,2.0,0.4,0.3,0.3,2,0.3,0.2,1.1666666666666667,1.7,1.2722453488241832,0.9625833496967512,1.7533333333333332,1.4285714285714286,0.5135525910130955,2.6390573296152584,1.0,0.8856148855400954,0.02,0.04,0.14,0.23,1.9702970297029705,0.0,0,0.5766666666666667,0.2518518518518518,0.3542459542160381,0.5047407407407408
niche_44_40,Niche,22,58,0.11983471074380166,3.0,0.3181818181818182,0.2727272727272727,0.4090909090909091,3,0.3181818181818182,0.3181818181818182,1.0666666666666667,2.6363636363636362,0.9901273597057101,1.057060675626123,1.9545454545454546,2.1818181818181817,0.7020135087782691,4.343805421853684,1.1343283582089552,0.9522903529750795,0.10330578512396695,0.03305785123966942,0.2334710743801653,0.2128099173553719,2.9236950414842884,0.0,0,0.709505772005772,0.11603174603174604,0.4417115326930056,0.5580881703330682
niche_45_10,Niche,9,10,0.12345679012345678,3.0,0.2222222222222222,0.4444444444444444,0.3333333333333333,2,0.3333333333333333,0.2222222222222222,0.7142857142857143,1.1111111111111112,0.8351646544245033,1.2278029157808674,2.1296296296296293,1.7142857142857142,0.48795003647426666,1.9459101490553132,1.0909090909090908,0.9836157786453,0.04938271604938271,0.012345679012345678,0.08641975308641975,0.037037037037037035,0.5789473684210527,0.0,0,0.537037037037037,0.25,0.3415650255319866,0.5679012345679013
niche_45_20,Niche,3,3,0.3333333333333333,2.0,0.3333333333333333,0.3333333333333333,0.3333333333333333,1,0.3333333333333333,0.3333333333333333,1.0,1.0,1.0,1.0,1.8333333333333333,1.5,0.7071067811865476,0.6931471805599453,1.0,0.0,0.0,0.1111111111111111,0.0,0.0,1.0,0.0,0,0.3333333333333333,1.0,0.408248290463863,0.5833333333333333
niche_45_40,Niche,16,33,0.12890625,2.0,0.3125,0.125,0.5625,3,0.3125,0.3125,1.2727272727272727,2.0625,1.1262513022033416,0.820311481972782,2.0381944444444446,2.730769230769231,0.8744228866031495,3.258096538021482,1.175,0.967674658904094,0.08203125,0.05859375,0.09375,0.16796875,1.9783933518005543,0.0,0,0.5803819444444446,0.33418367346938777,0.4866221509071476,0.714850245653817
niche_46_10,Niche,8,14,0.21875,2.0,0.375,0.25,0.375,2,0.25,0.25,1.2,1.75,1.0906440176234602,0.9035079029052513,1.8375,1.9166666666666667,0.6685579234215215,2.4849066497880004,1.125,0.8081220356417687,0.03125,0.125,0.09375,0.15625,1.4242424242424243,0.0,0,0.5916666666666667,0.5761904761904761,0.4053217416888888,0.5791071428571428
niche_46_20,Niche,10,17,0.17,2.0,0.3,0.4,0.3,1,0.3,0.4,0.8571428571428571,1.7,0.9625833496967512,1.1450040251495242,1.8666666666666665,1.4285714285714286,0.5135525910130955,2.6390573296152584,1.0,0.690463406339569,0.0,0.06,0.17,0.12,1.4,0.0,0,0.6416666666666667,0.4833333333333334,0.44280744277004763,0.3938271604938271
niche_46_40,Niche,4,3,0.1875,2.0,0.25,0.75,0.0,1,0.75,0.0,0.3333333333333333,0.75,0.6666666666666666,2.0,1.75,1.0,0.0,1.0986122886681098,1.0,1.3333333333333333,0.0,0.0,0.1875,0.0,0.3333333333333333,0.0,0,0.75,0.0,0.0,0.25
niche_47_10,Niche,5,7,0.28,3.0,0.4,0.2,0.4,2,0.2,0.4,1.3333333333333333,1.4,1.0832679205787932,0.6388765649999399,1.8222222222222222,2.0,0.7071067811865476,1.6094379124341003,1.125,0.5976143046671969,0.08,0.12,0.0,0.12,2.2608695652173916,0.0,0,0.49333333333333335,0.7666666666666666,0.4824979096371639,0.6395061728395061
niche_47_20,Niche,14,28,0.14285714285714285,2.0,0.42857142857142855,0.14285714285714285,0.42857142857142855,2,0.2857142857142857,0.21428571428571427,1.5,2.0,1.6052797503622467,0.5547001962252291,1.7714285714285716,2.259259259259259,0.9026709338484401,3.295836866004329,1.0,1.3301243435223524,0.05612244897959184,0.08163265306122448,0.030612244897959183,0.33163265306122447,1.823960880195599,0.0,0,0.6054421768707482,0.6441225441225442,0.5898614311315056,0.5844200244200245
niche_47_40,Niche,3,2,0.2222222222222222,3.0,0.3333333333333333,0.3333333333333333,0.3333333333333333,2,0.3333333333333333,0.0,1.0,0.6666666666666666,0.8660254037844388,0.8660254037844388,2.0,2.0,0.0,0.0,1.3333333333333333,0.8660254037844388,0.1111111111111111,0.0,0.0,0.0,1.25,0.0,0,0.0,0.0,0.0,1.0
niche_48_10,Niche,7,6,0.12244897959183673,2.0,0.42857142857142855,0.2857142857142857,0.2857142857142857,3,0.2857142857142857,0.14285714285714285,1.25,0.8571428571428571,1.247219128924647,0.8050764858994132,1.8095238095238098,2.0,0.816496580927726,1.3862943611198906,1.3333333333333333,1.2981468272831025,0.08163265306122448,0.0,0.02040816326530612,0.061224489795918366,1.8269230769230766,0.0,0,0.2857142857142857,0.0,0.33333333333333337,0.7724867724867724
niche_48_20,Niche,9,23,0.2839506172839506,2.0,0.3333333333333333,0.2222222222222222,0.4444444444444444,1,0.3333333333333333,0.3333333333333333,1.1666666666666667,2.5555555555555554,1.108695652173913,0.7853213855734106,1.865079365079365,2.0,0.6928203230275509,3.258096538021482,1.0,0.6323060683586517,0.0,0.25925925925925924,0.16049382716049382,0.35802469135802467,2.549295774647887,0.0,0,0.8037037037037037,0.5841269841269843,0.4984447862792268,0.48908730158730146
niche_48_40,Niche,33,42,0.03856749311294766,2.0,0.5454545454545454,0.09090909090909091,0.36363636363636365,4,0.21212121212121213,0.18181818181818182,2.0,1.2727272727272727,1.7599027396595597,0.5649747149841563,1.5958249158249158,2.5588235294117645,0.7463517925331651,3.5263605246161616,1.1923076923076923,1.7134484562556582,0.03581267217630854,0.0018365472910927456,0.011019283746556474,0.07713498622589532,2.477963317820969,0.0,0,0.5988324806506623,0.08753246753246754,0.4651401715490853,0.5030444467826414
niche_49_10,Niche,8,17,0.265625,2.0,0.375,0.25,0.375,1,0.375,0.25,1.2,2.125,1.217762751780625,0.7727437937863966,1.75,1.625,0.5,2.772588722239781,1.0,0.6535200704276835,0.0,0.15625,0.140625,0.359375,2.0000000000000004,0.0,0,0.9,0.5666666666666667,0.42008402520840293,0.42857142857142877
niche_49_20,Niche,5,4,0.16,2.0,0.2,0.6,0.2,2,0.2,0.0,0.5,0.8,0.5590169943749476,1.6298006013006623,2.4,2.0,0.0,1.0986122886681098,1.0,1.6770509831248421,0.12,0.0,0.12,0.0,0.25,0.0,0,0.6,0.0,0.0,0.8
niche_49_40,Niche,10,11,0.11,2.0,0.4,0.3,0.3,2,0.2,0.2,1.1666666666666667,1.1,1.3853490243227224,0.7959954870644664,1.9300000000000002,2.125,0.3535533905932738,2.0794415416798357,1.3125,1.4083575804390607,0.08,0.01,0.03,0.1,1.3346303501945527,0.0,0,0.5071428571428571,0.2333333333333333,0.27303013486693106,0.8001111111111111
niche_4_10,Niche,7,8,0.16326530612244897,2.0,0.42857142857142855,0.2857142857142857,0.2857142857142857,2,0.2857142857142857,0.2857142857142857,1.25,1.1428571428571428,1.1770372409854613,0.7872684844871326,1.7142857142857142,1.5,0.5477225575051661,1.791759469228055,1.2,0.6614378277661477,0.04081632653061224,0.02040816326530612,0.04081632653061224,0.10204081632653061,1.826923076923077,0.0,0,0.35,0.27777777777777773,0.408248290463863,0.49735449735449727
niche_4_20,Niche,15,34,0.1511111111111111,3.0,0.4,0.26666666666666666,0.3333333333333333,2,0.2,0.4,1.2222222222222223,2.2666666666666666,1.1962620973003653,0.8248039357190633,1.7800453514739227,2.111111111111111,0.7142135605692529,3.8066624897703196,1.0810810810810811,0.9986397075258702,0.09333333333333334,0.07111111111111111,0.13333333333333333,0.25333333333333335,2.8833570412517786,0.0,0,0.7651322751322751,0.4045177045177045,0.5098544887391833,0.4778806890427046
niche_4_40,Niche,19,24,0.0664819944598338,3.0,0.47368421052631576,0.3157894736842105,0.21052631578947367,3,0.3684210526315789,0.15789473684210525,1.3,1.263157894736842,1.145475533361959,1.0166438977413945,1.6228070175438594,1.7272727272727273,0.7672969364884684,3.091042453358316,1.25,1.0997684941571753,0.038781163434903045,0.0,0.04986149584487535,0.060941828254847646,2.9936305732484074,0.0,0,0.6964912280701755,0.0,0.3908679799852858,0.4130929174788822
niche_50_10,Niche,5,5,0.2,2.0,0.2,0.4,0.4,2,0.4,0.2,0.75,1.0,0.7071067811865476,1.224744871391589,2.1,1.6666666666666667,0.5773502691896257,1.0986122886681098,1.1666666666666667,0.7071067811865476,0.04,0.04,0.08,0.0,0.7647058823529412,0.0,0,0.24999999999999994,0.5833333333333333,0.31622776601683794,0.55
niche_50_20,Niche,13,29,0.17159763313609466,2.0,0.46153846153846156,0.07692307692307693,0.46153846153846156,2,0.3076923076923077,0.23076923076923078,1.7142857142857142,2.230769230769231,1.6887752811015009,0.6637371225834536,1.6685314685314685,2.2857142857142856,0.8544932592822077,3.332204510175204,1.0,1.436528713375393,0.023668639053254437,0.14201183431952663,0.04142011834319527,0.46745562130177515,2.522167487684729,0.0,0,0.7470695970695971,0.7681818181818182,0.5205796142726281,0.46124470226742953
niche_50_40,Niche,8,14,0.21875,3.0,0.25,0.125,0.625,2,0.375,0.375,1.1666666666666667,1.75,0.9035079029052513,0.7935600855193298,2.025,2.3636363636363638,0.504524979109513,2.3978952727983707,1.125,0.61088283865697,0.140625,0.0625,0.125,0.15625,1.5714285714285714,0.0,0,0.6095238095238096,0.2833333333333333,0.30472470011002206,0.562142857142857
niche_51_10,Niche,7,10,0.20408163265306123,2.0,0.2857142857142857,0.2857142857142857,0.42857142857142855,2,0.2857142857142857,0.42857142857142855,1.0,1.4285714285714286,0.8906926143924924,0.7937253933193772,2.0238095238095237,2.0,0.7559289460184544,2.0794415416798357,1.1666666666666667,0.48304589153964794,0.12244897959183673,0.02040816326530612,0.10204081632653061,0.12244897959183673,1.3519999999999999,0.0,0,0.6666666666666666,0.21428571428571427,0.5322906474223771,0.6058201058201057
niche_51_20,Niche,11,12,0.09917355371900827,2.0,0.2727272727272727,0.5454545454545454,0.18181818181818182,2,0.5454545454545454,0.18181818181818182,0.625,1.0909090909090908,0.9574271077563381,1.2605113600792692,1.8484848484848484,1.4,0.5163977794943223,2.302585092994046,1.0,0.9888264649460885,0.03305785123966942,0.0,0.08264462809917356,0.049586776859504134,0.65,0.0,0,0.7636363636363637,0.0,0.3333333333333333,0.3636363636363636
niche_51_40,Niche,9,7,0.08641975308641975,2.0,0.3333333333333333,0.4444444444444444,0.2222222222222222,2,0.3333333333333333,0.1111111111111111,0.8333333333333334,0.7777777777777778,0.8571428571428572,1.0714285714285714,2.0555555555555554,2.0,0.8944271909999159,1.791759469228055,1.2222222222222223,1.3034491136353326,0.04938271604938271,0.012345679012345678,0.012345679012345678,0.0,0.9148936170212766,0.0,0,0.31851851851851853,0.7222222222222223,0.2672612419124244,0.9652777777777776
niche_52_10,Niche,3,2,0.2222222222222222,2.0,0.3333333333333333,0.3333333333333333,0.3333333333333333,2,0.3333333333333333,0.0,1.0,0.6666666666666666,0.8660254037844388,0.8660254037844388,2.0,2.0,0.0,0.0,1.0,0.8660254037844386,0.1111111111111111,0.0,0.0,0.0,0.5,0.0,0,0.0,0.0,0.0,1.0
niche_52_20,Niche,4,3,0.1875,3.0,0.5,0.25,0.25,2,0.25,0.25,1.5,0.75,1.2765694770084508,0.6666666666666666,1.625,1.5,0.7071067811865476,0.6931471805599453,1.25,0.7698003589195009,0.0625,0.0,0.0,0.0625,2.2,0.0,0,0.25,0.0,0.408248290463863,0.5625
niche_52_40,Niche,11,10,0.08264462809917356,2.0,0.36363636363636365,0.6363636363636364,0.0,1,0.6363636363636364,0.0,0.5714285714285714,0.9090909090909091,1.0382677881933928,1.5905973720586868,1.6363636363636365,1.0,0.0,2.302585092994046,1.0,1.1865917579353062,0.0,0.0,0.08264462809917356,0.03305785123966942,0.8857142857142857,0.0,0,0.5984848484848485,0.0,1.2161883888976234e-16,0.2545454545454545
niche_53_10,Niche,4,3,0.1875,2.0,0.5,0.25,0.25,2,0.25,0.25,1.5,0.75,1.2765694770084508,0.6666666666666666,1.625,1.5,0.7071067811865476,0.6931471805599453,1.0,0.7698003589195009,0.0625,0.0,0.0,0.0625,1.6666666666666665,0.0,0,0.25,0.0,0.408248290463863,0.5625
niche_53_20,Niche,9,18,0.2222222222222222,3.0,0.2222222222222222,0.2222222222222222,0.5555555555555556,2,0.3333333333333333,0.4444444444444444,1.0,2.0,0.7905694150420949,0.7071067811865476,2.205246913580247,2.5454545454545454,0.5096471914376255,3.091042453358316,1.0526315789473684,0.6123724356957945,0.19753086419753085,0.09876543209876543,0.1111111111111111,0.13580246913580246,1.511627906976744,0.0,0,0.5777777777777778,0.3666666666666666,0.3544615693064995,0.7390903635116596
niche_53_40,Niche,9,21,0.25925925925925924,2.0,0.3333333333333333,0.2222222222222222,0.4444444444444444,1,0.3333333333333333,0.3333333333333333,1.1666666666666667,2.3333333333333335,1.0714285714285714,0.9091372900969895,1.8380952380952382,1.9047619047619047,0.7003400534570263,3.044522437723423,1.0,0.7107053122190142,0.0,0.20987654320987653,0.18518518518518517,0.2716049382716049,2.4710743801652892,0.0,0,0.729100529100529,0.5846560846560847,0.46583988957697514,0.4484183673469387
niche_54_10,Niche,8,8,0.125,2.0,0.625,0.25,0.125,1,0.25,0.125,2.0,1.0,1.7728105208558367,0.7559289460184544,1.4,1.2857142857142858,0.48795003647426666,1.9459101490553132,1.0,1.4142135623730951,0.0,0.03125,0.0,0.140625,3.7058823529411766,0.0,0,0.5833333333333333,0.7166666666666667,0.31622776601683794,0.30857142857142844
niche_54_20,Niche,14,25,0.12755102040816327,2.0,0.5,0.07142857142857142,0.42857142857142855,3,0.14285714285714285,0.35714285714285715,1.8571428571428572,1.7857142857142858,1.4095061873960297,0.5885052774091847,1.657142857142857,2.142857142857143,0.6546536707079771,3.044522437723423,1.0740740740740742,1.113829154141417,0.061224489795918366,0.05102040816326531,0.03571428571428571,0.20918367346938777,4.544554455445544,0.0,0,0.7528138528138528,0.3456349206349206,0.4841487374764082,0.5057142857142858
niche_54_40,Niche,8,6,0.09375,2.0,0.25,0.625,0.125,2,0.625,0.0,0.5,0.75,0.6172133998483676,1.8516401995451028,1.875,1.2,0.4472135954999579,1.6094379124341003,1.1428571428571428,1.4253932901995967,0.015625,0.0,0.09375,0.0,0.5000000000000001,0.0,0,0.5,0.0,0.0,0.4107142857142857
niche_55_10,Niche,4,4,0.25,2.0,0.5,0.5,0.0,1,0.5,0.0,1.0,1.0,1.1547005383792515,1.1547005383792515,1.5,1.0,0.0,1.3862943611198906,1.0,0.0,0.0,0.0,0.125,0.125,1.0,0.0,0,1.0,0.0,0.0,0.3333333333333333
niche_55_20,Niche,9,10,0.12345679012345678,2.0,0.2222222222222222,0.4444444444444444,0.3333333333333333,2,0.3333333333333333,0.0,0.7142857142857143,1.1111111111111112,0.7035623639735145,0.9486832980505138,2.2222222222222223,2.0,0.0,2.0794415416798357,1.2857142857142858,0.8746427842267951,0.09876543209876543,0.0,0.06172839506172839,0.037037037037037035,0.8620689655172413,0.0,0,0.7037037037037037,0.0,0.0,0.6944444444444444
niche_55_40,Niche,5,3,0.12,2.0,0.4,0.6,0.0,1,0.6,0.0,0.6666666666666666,0.6,0.912870929175277,1.4907119849998596,1.6,1.0,0.0,1.0986122886681098,1.0,0.7453559924999299,0.0,0.0,0.04,0.0,0.6666666666666666,0.0,0,0.4,0.0,0.0,0.3
niche_56_10,Niche,3,2,0.2222222222222222,3.0,0.3333333333333333,0.3333333333333333,0.3333333333333333,2,0.3333333333333333,0.0,1.0,0.6666666666666666,0.8660254037844388,0.8660254037844388,2.0,2.0,0.0,0.0,1.3333333333333333,0.8660254037844388,0.1111111111111111,0.0,0.0,0.0,1.25,0.0,0,0.0,0.0,0.0,1.0
niche_56_20,Niche,3,2,0.2222222222222222,2.0,0.3333333333333333,0.3333333333333333,0.3333333333333333,2,0.3333333333333333,0.0,1.0,0.6666666666666666,0.8660254037844388,0.8660254037844388,2.0,2.0,0.0,0.0,1.0,0.8660254037844386,0.1111111111111111,0.0,0.0,0.0,0.5,0.0,0,0.0,0.0,0.0,1.0
niche_56_40,Niche,4,5,0.3125,2.0,0.25,0.25,0.5,2,0.25,0.5,1.0,1.25,0.7659416862050705,0.7659416862050705,2.1875,2.3333333333333335,0.5773502691896258,1.0986122886681098,1.0,0.4618802153517006,0.125,0.125,0.0,0.0,1.0,0.0,0,0.375,0.8333333333333333,0.3535533905932738,0.890625
niche_57_10,Niche,4,5,0.3125,2.0,0.25,0.5,0.25,1,0.25,0.5,0.6666666666666666,1.25,0.7659416862050705,1.2,2.0,1.5,0.5773502691896257,1.3862943611198906,1.0,0.4618802153517006,0.0,0.125,0.125,0.0,1.0,0.0,0,0.75,0.8333333333333333,0.4472135954999579,0.5
niche_57_20,Niche,10,16,0.16,3.0,0.2,0.3,0.5,2,0.6,0.2,0.875,1.6,0.9409658158863512,1.3241873818392254,1.94,2.0,0.6030226891555273,2.4849066497880004,1.0588235294117647,1.1711224435462664,0.08,0.03,0.22,0.12,0.8260869565217392,0.0,0,0.7232142857142858,0.18511904761904763,0.2173067468400883,0.3569876543209878
niche_57_40,Niche,10,13,0.13,1.0,0.3,0.3,0.4,2,0.4,0.1,1.0,1.3,0.9628196592573635,0.9628196592573635,2.0,2.0,0.0,2.1972245773362196,1.1333333333333333,0.9029136852132825,0.09,0.0,0.09,0.09,1.7272727272727273,0.0,0,0.725,0.0,2.1333355589415134e-16,0.6666666666666665
niche_58_10,Niche,4,4,0.25,2.0,0.25,0.25,0.5,2,0.25,0.25,1.0,1.0,0.816496580927726,0.816496580927726,2.25,2.5,0.7071067811865476,0.6931471805599453,1.3333333333333333,0.816496580927726,0.125,0.0625,0.0,0.0,1.3529411764705883,0.0,0,0.22916666666666663,0.7777777777777777,0.3535533905932738,1.0833333333333333
niche_58_20,Niche,5,4,0.16,2.0,0.2,0.8,0.0,1,0.8,0.0,0.25,0.8,0.5590169943749473,2.2360679774997902,1.8,1.0,0.0,1.3862943611198906,1.0,1.6770509831248421,0.0,0.0,0.24,0.0,0.25,0.0,0,0.8,0.0,0.0,0.2
niche_58_40,Niche,8,7,0.109375,3.0,0.375,0.375,0.25,3,0.25,0.125,1.0,0.875,0.9537405261671773,0.9537405261671773,2.0625,2.4285714285714284,0.7867957924694432,1.9459101490553132,1.125,1.3313882800244972,0.078125,0.015625,0.015625,0.015625,1.1333333333333333,0.0,0,0.4270833333333333,0.5,0.2672612419124244,1.1026785714285714
niche_59_10,Niche,8,9,0.140625,3.0,0.375,0.25,0.375,2,0.5,0.125,1.2,1.125,1.2055134949871444,0.8809166301912132,1.71875,1.6666666666666667,0.5163977794943222,1.791759469228055,1.1818181818181819,0.9200874124564723,0.0625,0.0,0.0625,0.109375,1.206896551724138,0.0,0,0.43749999999999994,0.0,0.28867513459481287,0.4185267857142857
niche_59_20,Niche,9,12,0.14814814814814814,2.0,0.3333333333333333,0.6666666666666666,0.0,1,0.6666666666666666,0.0,0.5,1.3333333333333333,0.9185586535436917,1.5,1.6666666666666667,1.0,0.0,2.4849066497880004,1.0,0.9185586535436917,0.0,0.0,0.2222222222222222,0.09876543209876543,1.4545454545454548,0.0,0,0.925925925925926,0.0,1.5700924586837752e-16,0.25
niche_59_40,Niche,3,2,0.2222222222222222,3.0,0.3333333333333333,0.3333333333333333,0.3333333333333333,2,0.3333333333333333,0.0,1.0,0.6666666666666666,0.8660254037844388,0.8660254037844388,2.0,2.0,0.0,0.0,1.3333333333333333,0.8660254037844388,0.1111111111111111,0.0,0.0,0.0,1.25,0.0,0,0.0,0.0,0.0,1.0
niche_5_10,Niche,4,4,0.25,2.0,0.5,0.25,0.25,2,0.25,0.25,1.5,1.0,1.1547005383792515,0.816496580927726,1.625,1.6666666666666667,0.5773502691896257,1.0986122886681098,1.0,0.816496580927726,0.0625,0.0625,0.0,0.0625,1.0,0.0,0,0.375,0.7777777777777777,0.3535533905932738,0.5625
niche_5_20,Niche,5,4,0.16,2.0,0.2,0.8,0.0,1,0.8,0.0,0.25,0.8,0.5590169943749473,2.23606797749979,1.8,1.0,0.0,1.3862943611198906,1.0,1.6770509831248421,0.0,0.0,0.24,0.0,0.25,0.0,0,0.8,0.0,0.0,0.2
niche_5_40,Niche,9,17,0.20987654320987653,2.0,0.4444444444444444,0.3333333333333333,0.2222222222222222,1,0.2222222222222222,0.3333333333333333,1.2,1.8888888888888888,1.3352422897430785,0.8134892168199606,1.666666666666667,1.3333333333333333,0.48795003647426666,2.70805020110221,1.0,0.7382294351771255,0.0,0.06172839506172839,0.14814814814814814,0.345679012345679,2.3749999999999996,0.0,0,0.75,0.3259259259259259,0.44280744277004763,0.41666666666666674
niche_60_10,Niche,4,4,0.25,1.0,0.25,0.25,0.5,2,0.5,0.0,1.0,1.0,0.816496580927726,0.816496580927726,2.0,2.0,0.0,0.6931471805599453,1.0,0.0,0.125,0.0,0.0625,0.0625,0.6000000000000001,0.0,0,0.5,0.0,0.0,0.6666666666666666
niche_60_20,Niche,4,5,0.3125,2.0,0.5,0.25,0.25,1,0.25,0.25,1.5,1.25,1.2,0.7659416862050705,1.5833333333333333,1.5,0.5773502691896257,1.3862943611198906,1.0,0.4618802153517006,0.0,0.125,0.0,0.125,1.4,0.0,0,0.75,0.8333333333333333,0.36514837167011077,0.47222222222222204
niche_60_40,Niche,3,2,0.2222222222222222,3.0,0.3333333333333333,0.3333333333333333,0.3333333333333333,2,0.3333333333333333,0.0,1.0,0.6666666666666666,0.8660254037844388,0.8660254037844388,2.0,2.0,0.0,0.0,1.3333333333333333,0.8660254037844388,0.1111111111111111,0.0,0.0,0.0,1.25,0.0,0,0.0,0.0,0.0,1.0
niche_61_10,Niche,10,15,0.15,3.0,0.2,0.2,0.6,2,0.5,0.3,1.0,1.5,1.0061539042374907,0.9558139185602919,2.0100000000000002,2.0,0.7071067811865476,2.1972245773362196,1.1666666666666667,0.7698003589195009,0.05,0.04,0.09,0.1,0.6879795396419437,0.0,0,0.5233333333333333,0.4533333333333333,0.4154426465742203,0.39606172839506176
niche_61_20,Niche,7,7,0.14285714285714285,2.0,0.2857142857142857,0.2857142857142857,0.42857142857142855,3,0.2857142857142857,0.2857142857142857,1.0,1.0,0.816496580927726,1.0,2.0714285714285716,2.0,0.816496580927726,1.3862943611198906,1.4545454545454546,0.816496580927726,0.061224489795918366,0.02040816326530612,0.04081632653061224,0.02040816326530612,1.434782608695652,0.0,0,0.2738095238095238,0.4666666666666666,0.3779644730092272,0.7857142857142859
niche_61_40,Niche,9,16,0.19753086419753085,2.0,0.5555555555555556,0.1111111111111111,0.3333333333333333,2,0.1111111111111111,0.2222222222222222,2.0,1.7777777777777777,1.6102091284985316,0.546651740141747,1.661111111111111,2.263157894736842,0.9911892555667042,2.9444389791664403,1.0,1.352081728298996,0.06172839506172839,0.12345679012345678,0.0,0.35802469135802467,3.931506849315068,0.0,0,0.7222222222222222,0.8124999999999999,0.5947688626685159,0.718611111111111
niche_62_10,Niche,6,10,0.2777777777777778,2.0,0.3333333333333333,0.16666666666666666,0.5,2,0.3333333333333333,0.3333333333333333,1.25,1.6666666666666667,0.9797958971132712,0.8197560612767678,1.8611111111111114,2.125,0.6408699444616557,2.0794415416798357,1.0,0.6196773353931866,0.05555555555555555,0.16666666666666666,0.05555555555555555,0.1111111111111111,1.8800000000000001,0.0,0,0.5055555555555556,0.7777777777777777,0.408248290463863,0.5379629629629629
niche_62_20,Niche,19,22,0.060941828254847646,3.0,0.47368421052631576,0.2631578947368421,0.2631578947368421,2,0.3684210526315789,0.15789473684210525,1.4,1.1578947368421053,1.4180231716495926,0.8761716542303611,1.6096491228070173,1.5,0.5144957554275266,2.8903717578961645,1.1851851851851851,1.1887906209656383,0.024930747922437674,0.0,0.030470914127423823,0.07202216066481995,1.9643387815750373,0.0,0,0.5614035087719298,0.0,0.3535533905932738,0.3920159194282001
niche_62_40,Niche,22,29,0.05991735537190083,3.0,0.4090909090909091,0.18181818181818182,0.4090909090909091,2,0.36363636363636365,0.18181818181818182,1.3846153846153846,1.3181818181818181,1.1076991192417909,1.1076991192417909,1.7742424242424242,2.0,0.6488856845230502,2.995732273553991,1.2564102564102564,1.1832781655350015,0.0371900826446281,0.002066115702479339,0.05371900826446281,0.05371900826446281,2.1469440832249673,0.0,0,0.41374458874458875,0.09555555555555556,0.3330458530441192,0.5653102453102451
niche_63_10,Niche,9,9,0.1111111111111111,2.0,0.5555555555555556,0.2222222222222222,0.2222222222222222,2,0.3333333333333333,0.1111111111111111,1.75,1.0,1.6583123951777,0.8660254037844386,1.488888888888889,1.4285714285714286,0.5345224838248488,1.9459101490553132,1.0,1.4142135623730951,0.024691358024691357,0.012345679012345678,0.024691358024691357,0.12345679012345678,2.333333333333333,0.0,0,0.6518518518518518,0.35833333333333334,0.3651483716701107,0.35111111111111104
niche_63_20,Niche,10,15,0.15,2.0,0.2,0.2,0.6,2,0.5,0.2,1.0,1.5,1.186342028003479,0.9558139185602919,2.088888888888889,2.4444444444444446,0.5270462766947298,2.1972245773362196,1.25,1.1758894715842625,0.07,0.06,0.07,0.12,0.7886178861788617,0.0,0,0.45,0.6206349206349207,0.32960882164869615,0.539917695473251
niche_63_40,Niche,10,24,0.24,2.0,0.2,0.2,0.6,2,0.3,0.2,1.0,2.4,0.8827915878928169,0.6573421981221796,2.5,3.5588235294117645,0.8173921571330258,4.219507705176107,1.3513513513513513,0.937885723118563,0.29,0.2,0.08,0.17,1.0588235294117647,0.0,0,0.8133333333333332,0.6745238095238095,0.5,1.1666666666666667
niche_64_10,Niche,6,4,0.1111111111111111,2.0,0.5,0.5,0.0,1,0.5,0.0,1.0,0.6666666666666666,1.2247448713915892,1.2247448713915892,1.5,1.0,0.0,1.3862943611198906,1.0,0.7745966692414835,0.0,0.0,0.027777777777777776,0.027777777777777776,1.4000000000000001,0.0,0,0.3333333333333333,0.0,0.0,0.3
niche_64_20,Niche,17,26,0.08996539792387544,2.0,0.5294117647058824,0.17647058823529413,0.29411764705882354,2,0.17647058823529413,0.29411764705882354,1.75,1.5294117647058822,1.4641929335799853,0.8372565441428685,1.6029411764705883,1.75,0.6756639246921762,3.1780538303479458,1.0,1.2760597173983919,0.03460207612456748,0.02422145328719723,0.04498269896193772,0.1384083044982699,3.483516483516483,0.0,0,0.7901960784313725,0.28710317460317464,0.5021322058350292,0.4622651143790851
niche_64_40,Niche,14,35,0.17857142857142858,3.0,0.35714285714285715,0.21428571428571427,0.42857142857142855,2,0.2857142857142857,0.35714285714285715,1.2222222222222223,2.5,1.4443523968041339,0.7483314773547882,1.8578373015873015,2.032258064516129,0.7951465679458907,3.4339872044851463,1.054054054054054,1.0982503567738306,0.04591836734693878,0.10204081632653061,0.14795918367346939,0.4642857142857143,1.644281217208814,0.0,0,0.7452380952380953,0.4413919413919413,0.5384243620517126,0.5052960609991861
niche_65_10,Niche,5,9,0.36,2.0,0.2,0.2,0.6,1,0.4,0.4,1.0,1.8,0.9128709291752769,0.8240220541217403,2.1166666666666663,2.1666666666666665,0.752772652709081,1.791759469228055,1.0,0.30429030972509225,0.0,0.28,0.04,0.08,0.9354838709677419,0.0,0,0.72,0.9,0.4811252243246881,0.5541666666666666
niche_65_20,Niche,3,2,0.2222222222222222,2.0,0.3333333333333333,0.6666666666666666,0.0,1,0.6666666666666666,0.0,0.5,0.6666666666666666,0.8660254037844388,1.7320508075688776,1.6666666666666667,1.0,0.0,0.6931471805599453,1.0,0.8660254037844388,0.0,0.0,0.1111111111111111,0.0,0.5,0.0,0,0.6666666666666666,0.0,0.0,0.3333333333333333
niche_65_40,Niche,11,12,0.09917355371900827,1.0,0.36363636363636365,0.2727272727272727,0.36363636363636365,2,0.36363636363636365,0.0,1.1428571428571428,1.0909090909090908,0.9574271077563381,0.7619419633774973,1.9090909090909092,2.0,0.0,2.1972245773362196,1.2,0.8998456657795393,0.0743801652892562,0.0,0.03305785123966942,0.049586776859504134,1.9074889867841414,0.0,0,0.3606060606060606,0.0,0.0,0.6909090909090908
niche_66_10,Niche,9,11,0.13580246913580246,2.0,0.4444444444444444,0.2222222222222222,0.3333333333333333,3,0.2222222222222222,0.2222222222222222,1.4,1.2222222222222223,1.2120265114521258,0.6818181818181818,1.8148148148148147,2.125,0.8345229603962802,2.0794415416798357,1.2666666666666666,1.0112997936948631,0.09876543209876543,0.0,0.04938271604938271,0.12345679012345678,3.10126582278481,0.0,0,0.5962962962962962,0.0,0.3892494720807615,0.7878086419753085
niche_66_20,Niche,18,42,0.12962962962962962,2.0,0.5,0.05555555555555555,0.4444444444444444,2,0.2222222222222222,0.2777777777777778,1.8888888888888888,2.3333333333333335,1.2298800925361815,0.7495496847387481,1.6192743764172333,2.325,0.5256253906367645,3.6888794541139363,1.1428571428571428,0.9526610232449334,0.09567901234567901,0.040123456790123455,0.12654320987654322,0.2623456790123457,5.590502408809359,0.0,0,0.5925044091710758,0.22157738095238094,0.34418273060651644,0.4599986389113467
niche_66_40,Niche,10,12,0.12,2.0,0.2,0.5,0.3,2,0.3,0.1,0.625,1.2,0.7657804862272346,1.3494397557212354,2.2333333333333334,1.7777777777777777,0.4409585518440984,2.1972245773362196,1.1428571428571428,1.1249142628509214,0.05,0.02,0.11,0.03,1.0,0.0,0,0.63,0.35714285714285715,0.23570226039551584,0.6185185185185185
niche_67_10,Niche,5,4,0.16,2.0,0.6,0.2,0.2,2,0.2,0.0,2.0,0.8,1.629800601300662,0.5590169943749473,1.6,2.0,0.0,1.0986122886681098,1.0,1.6770509831248421,0.12,0.0,0.0,0.12,2.75,0.0,0,0.6,0.0,3.8459253727671276e-16,0.8000000000000003
niche_67_20,Niche,7,10,0.20408163265306123,3.0,0.2857142857142857,0.2857142857142857,0.42857142857142855,2,0.42857142857142855,0.0,1.0,1.4285714285714286,0.8906926143924924,0.7937253933193772,2.0,2.0,0.0,2.0794415416798357,1.2857142857142858,0.6298147875897061,0.16326530612244897,0.0,0.12244897959183673,0.14285714285714285,1.5128205128205128,0.0,0,0.7738095238095237,0.0,3.4399002279594067e-16,0.6666666666666664
niche_67_40,Niche,15,25,0.1111111111111111,2.0,0.3333333333333333,0.3333333333333333,0.3333333333333333,3,0.3333333333333333,0.2,1.0,1.6666666666666667,1.4461772268392874,0.9531901324349872,1.9096296296296296,1.5714285714285714,0.5976143046671969,3.044522437723423,1.0740740740740742,1.21420167776433,0.02666666666666667,0.02666666666666667,0.08888888888888889,0.19111111111111112,1.4953789279112755,0.0,0,0.44111111111111106,0.23379629629629628,0.37535168694024656,0.6153592004703116
niche_68_10,Niche,7,5,0.10204081632653061,2.0,0.5714285714285714,0.42857142857142855,0.0,1,0.42857142857142855,0.0,1.3333333333333333,0.7142857142857143,1.5577761927397231,1.058300524425836,1.4285714285714286,1.0,0.0,1.6094379124341003,1.0,1.1015141094572205,0.0,0.0,0.02040816326530612,0.061224489795918366,2.0,0.0,0,0.7142857142857143,0.0,1.7199501139797033e-16,0.28571428571428564
niche_68_20,Niche,4,5,0.3125,2.0,0.25,0.5,0.25,1,0.25,0.5,0.6666666666666666,1.25,0.7659416862050705,1.2,2.0,1.5,0.5773502691896257,1.3862943611198906,1.0,0.4618802153517006,0.0,0.125,0.125,0.0,1.0,0.0,0,0.75,0.8333333333333333,0.4472135954999579,0.5
niche_68_40,Niche,3,2,0.2222222222222222,3.0,0.3333333333333333,0.3333333333333333,0.3333333333333333,2,0.3333333333333333,0.0,1.0,0.6666666666666666,0.8660254037844388,0.8660254037844388,2.0,2.0,0.0,0.0,1.3333333333333333,0.8660254037844388,0.1111111111111111,0.0,0.0,0.0,1.25,0.0,0,0.0,0.0,0.0,1.0
niche_69_10,Niche,4,4,0.25,2.0,0.5,0.5,0.0,1,0.5,0.0,1.0,1.0,1.1547005383792515,1.1547005383792515,1.5,1.0,0.0,1.3862943611198906,1.0,0.0,0.0,0.0,0.125,0.125,1.0,0.0,0,1.0,0.0,0.0,0.3333333333333333
niche_69_20,Niche,8,12,0.1875,3.0,0.125,0.25,0.625,2,0.375,0.25,0.8571428571428571,1.5,0.8728715609439694,0.7968190728895957,2.458333333333333,2.7142857142857144,0.7559289460184545,1.9459101490553132,1.2,0.7968190728895957,0.140625,0.046875,0.078125,0.09375,0.7021276595744681,0.0,0,0.40625,0.39999999999999997,0.3864007706456543,0.6984126984126984
niche_69_40,Niche,23,60,0.11342155009451796,2.0,0.30434782608695654,0.30434782608695654,0.391304347826087,2,0.2608695652173913,0.391304347826087,1.0,2.608695652173913,1.0702119114238708,0.9582575727629684,2.0183135704874835,2.0864197530864197,0.6163913299235628,4.394449154672439,1.3406593406593406,0.9597716479254929,0.11153119092627599,0.022684310018903593,0.19848771266540643,0.23062381852551986,3.736099221866278,0.0,0,0.7184265010351966,0.14932113341204253,0.4221757018497432,0.6111746416736534
niche_6_10,Niche,9,9,0.1111111111111111,4.0,0.5555555555555556,0.1111111111111111,0.3333333333333333,3,0.2222222222222222,0.1111111111111111,2.0,1.0,1.6583123951777,0.5,1.6222222222222222,1.8333333333333333,0.9831920802501751,1.791759469228055,1.5,1.3228756555322954,0.037037037037037035,0.012345679012345678,0.0,0.12345679012345678,4.0649350649350655,0.0,0,0.6296296296296297,0.42000000000000004,0.5962847939999439,0.6344444444444444
niche_6_20,Niche,18,55,0.1697530864197531,3.0,0.2777777777777778,0.05555555555555555,0.6666666666666666,3,0.3333333333333333,0.3888888888888889,1.3076923076923077,3.0555555555555554,0.8656801036228446,0.6196585067972389,2.2018518518518517,3.658536585365854,0.7978379420955493,4.812184355372417,1.2361111111111112,0.623880621316961,0.28703703703703703,0.04938271604938271,0.2191358024691358,0.30864197530864196,4.4195262342262565,0.0,0,0.6570546737213403,0.1506172839506173,0.3811513805034796,0.9474700435729846
niche_6_40,Niche,13,21,0.1242603550295858,3.0,0.38461538461538464,0.07692307692307693,0.5384615384615384,2,0.38461538461538464,0.15384615384615385,1.5,1.6153846153846154,1.8318381864524573,0.6462286662165803,1.86013986013986,2.2941176470588234,0.985184366143778,2.833213344056216,1.1923076923076923,1.6212636561588487,0.03550295857988166,0.05917159763313609,0.01775147928994083,0.28994082840236685,1.6423944605762788,0.0,0,0.46794871794871795,0.6815426997245179,0.585211365638384,0.686951096042005
niche_70_10,Niche,5,3,0.12,2.0,0.4,0.6,0.0,1,0.6,0.0,0.6666666666666666,0.6,0.912870929175277,1.4907119849998598,1.6,1.0,0.0,1.0986122886681098,1.0,0.7453559924999299,0.0,0.0,0.04,0.0,0.6666666666666666,0.0,0,0.4,0.0,0.0,0.3
niche_70_20,Niche,6,7,0.19444444444444445,3.0,0.3333333333333333,0.16666666666666666,0.5,2,0.3333333333333333,0.16666666666666666,1.25,1.1666666666666667,0.8427360687858643,0.6452337023220693,2.0833333333333335,2.6,0.5477225575051661,1.6094379124341003,1.2222222222222223,0.885253336275981,0.16666666666666666,0.027777777777777776,0.027777777777777776,0.05555555555555555,1.7692307692307696,0.0,0,0.4166666666666667,0.3,0.2672612419124244,1.0416666666666667
niche_70_40,Niche,22,45,0.09297520661157024,2.0,0.2727272727272727,0.36363636363636365,0.36363636363636365,3,0.36363636363636365,0.36363636363636365,0.875,2.0454545454545454,1.0929521424360247,1.006200646654846,1.9601851851851853,2.1153846153846154,0.7580637397238855,3.9512437185814275,1.1346153846153846,1.0442980872351244,0.05785123966942149,0.030991735537190084,0.10950413223140495,0.12603305785123967,1.711002444987775,0.0,0,0.6333333333333333,0.295679012345679,0.488528205896143,0.4527329512051734
niche_71_10,Niche,8,8,0.125,2.0,0.5,0.25,0.25,1,0.25,0.25,1.5,1.0,1.3093073414159542,0.7559289460184544,1.5833333333333333,1.3333333333333333,0.5163977794943223,1.791759469228055,1.0,0.7559289460184544,0.0,0.03125,0.0,0.0625,2.0000000000000004,0.0,0,0.4375,0.7777777777777777,0.408248290463863,0.4047619047619047
niche_71_20,Niche,3,2,0.2222222222222222,2.0,0.3333333333333333,0.3333333333333333,0.3333333333333333,2,0.3333333333333333,0.0,1.0,0.6666666666666666,0.8660254037844388,0.8660254037844388,2.0,2.0,0.0,0.0,1.0,0.8660254037844386,0.1111111111111111,0.0,0.0,0.0,0.5,0.0,0,0.0,0.0,0.0,1.0
niche_71_40,Niche,3,2,0.2222222222222222,2.0,0.3333333333333333,0.6666666666666666,0.0,1,0.6666666666666666,0.0,0.5,0.6666666666666666,0.8660254037844388,1.7320508075688776,1.6666666666666667,1.0,0.0,0.6931471805599453,1.0,0.8660254037844386,0.0,0.0,0.1111111111111111,0.0,0.5,0.0,0,0.6666666666666666,0.0,0.0,0.3333333333333333
niche_72_10,Niche,5,7,0.28,2.0,0.4,0.4,0.2,1,0.2,0.4,1.0,1.4,1.0832679205787932,0.9583148474999099,1.7333333333333332,1.3333333333333333,0.5163977794943223,1.791759469228055,1.0,0.31943828249996997,0.0,0.08,0.12,0.16,2.0000000000000004,0.0,0,0.7999999999999999,0.4,0.4364357804719847,0.46666666666666656
niche_72_20,Niche,14,34,0.17346938775510204,3.0,0.2857142857142857,0.07142857142857142,0.6428571428571429,2,0.2857142857142857,0.35714285714285715,1.3,2.4285714285714284,0.9237642725257903,0.6797578989398705,2.058707482993197,3.159090909090909,0.7134319875402743,3.784189633918261,1.32,0.6824933542533195,0.19387755102040816,0.061224489795918366,0.15306122448979592,0.22959183673469388,3.3759576237797138,0.0,0,0.6242063492063491,0.2797619047619048,0.3532195336457383,0.7124982532207021
niche_72_40,Niche,3,2,0.2222222222222222,2.0,0.3333333333333333,0.6666666666666666,0.0,1,0.6666666666666666,0.0,0.5,0.6666666666666666,0.8660254037844388,1.7320508075688776,1.6666666666666667,1.0,0.0,0.6931471805599453,1.0,0.8660254037844386,0.0,0.0,0.1111111111111111,0.0,0.5,0.0,0,0.6666666666666666,0.0,0.0,0.3333333333333333
niche_73_10,Niche,5,4,0.16,2.0,0.8,0.2,0.0,1,0.2,0.0,4.0,0.8,2.23606797749979,0.5590169943749473,1.2,1.0,0.0,1.3862943611198906,1.0,1.6770509831248421,0.0,0.0,0.0,0.24,4.0,0.0,0,0.8,0.0,0.0,0.2
niche_73_20,Niche,11,27,0.2231404958677686,2.0,0.36363636363636365,0.09090909090909091,0.5454545454545454,2,0.18181818181818182,0.45454545454545453,1.4285714285714286,2.4545454545454546,1.003970170997326,0.6905197740101582,1.9121212121212123,2.787878787878788,0.7398300378117159,3.4965075614664802,1.25,0.7162622076227302,0.17355371900826447,0.1322314049586777,0.1487603305785124,0.2809917355371901,4.0741350906095555,0.0,0,0.7265512265512265,0.4038961038961039,0.4715499935674589,0.6461531986531985
niche_73_40,Niche,13,12,0.07100591715976332,2.0,0.38461538461538464,0.38461538461538464,0.23076923076923078,3,0.3076923076923077,0.15384615384615385,1.0,0.9230769230769231,1.1242281302693367,1.0335797197299477,1.8974358974358974,1.4444444444444444,0.7264831572567789,2.1972245773362196,1.0769230769230769,0.9736101204623268,0.011834319526627219,0.011834319526627219,0.01775147928994083,0.023668639053254437,1.1666666666666667,0.0,0,0.30769230769230765,0.2857142857142857,0.3333333333333333,0.8404558404558404
niche_74_10,Niche,7,11,0.22448979591836735,2.0,0.42857142857142855,0.42857142857142855,0.14285714285714285,1,0.2857142857142857,0.2857142857142857,1.0,1.5714285714285714,1.1535070491317747,0.9620913858416692,1.6428571428571428,1.3636363636363635,0.504524979109513,2.3978952727983707,1.0,0.6803013430498076,0.0,0.08163265306122448,0.12244897959183673,0.1836734693877551,2.5,0.0,0,0.7357142857142858,0.4444444444444444,0.3692744729379982,0.37202380952380953
niche_74_20,Niche,8,14,0.21875,2.0,0.375,0.25,0.375,2,0.25,0.375,1.2,1.75,0.9035079029052513,0.8503129247346799,1.8333333333333333,2.0,0.5773502691896257,2.5649493574615367,1.1764705882352942,0.61088283865697,0.125,0.0625,0.140625,0.15625,1.360655737704918,0.0,0,0.5535714285714286,0.3375,0.3227486121839514,0.5892857142857142
niche_74_40,Niche,6,6,0.16666666666666666,2.0,0.3333333333333333,0.16666666666666666,0.5,3,0.3333333333333333,0.16666666666666666,1.25,1.0,1.0954451150103321,0.6324555320336759,2.0,2.0,1.0,1.0986122886681098,1.1428571428571428,0.6324555320336759,0.05555555555555555,0.027777777777777776,0.0,0.05555555555555555,0.875,0.0,0,0.2083333333333333,0.4666666666666666,0.5773502691896257,0.8
niche_75_10,Niche,4,5,0.3125,2.0,0.25,0.5,0.25,1,0.25,0.5,0.6666666666666666,1.25,0.7659416862050705,1.2,2.0,1.5,0.5773502691896257,1.3862943611198906,1.0,0.4618802153517006,0.0,0.125,0.125,0.0,1.0,0.0,0,0.75,0.8333333333333333,0.4472135954999579,0.5
niche_75_20,Niche,7,7,0.14285714285714285,3.0,0.2857142857142857,0.2857142857142857,0.42857142857142855,2,0.42857142857142855,0.14285714285714285,1.0,1.0,1.0,1.0,1.9523809523809523,1.75,0.5,1.3862943611198906,1.2222222222222223,0.816496580927726,0.061224489795918366,0.0,0.061224489795918366,0.061224489795918366,0.9811320754716981,0.0,0,0.4047619047619047,0.0,0.3086066999241838,0.5714285714285713
niche_75_40,Niche,19,32,0.0886426592797784,3.0,0.42105263157894735,0.3684210526315789,0.21052631578947367,3,0.3157894736842105,0.21052631578947367,1.0909090909090908,1.6842105263157894,1.298620395094562,0.9081039465709737,1.7289055973266498,2.2549019607843137,0.6882771899431787,3.9318256327243257,1.135135135135135,1.3742106320033733,0.08587257617728532,0.019390581717451522,0.06925207756232687,0.13019390581717452,2.6,0.0,0,0.6877192982456141,0.14788359788359787,0.3292515103492637,0.4909525430271741
niche_76_10,Niche,5,4,0.16,2.0,0.2,0.4,0.4,2,0.4,0.0,0.75,0.8,0.5590169943749476,1.0458250331675945,2.2,2.0,0.0,0.6931471805599453,1.2,0.6846531968814576,0.08,0.0,0.04,0.0,0.5000000000000001,0.0,0,0.13333333333333333,0.0,0.0,0.7
niche_76_20,Niche,5,7,0.28,3.0,0.2,0.4,0.4,2,0.2,0.6,0.75,1.4,0.6388765649999399,0.9583148474999099,2.4,2.3333333333333335,0.5163977794943222,1.791759469228055,1.2222222222222223,0.7824607964359518,0.16,0.12,0.08,0.0,1.5,0.0,0,0.68,0.8,0.32732683535398854,0.89375
niche_76_40,Niche,10,22,0.22,2.0,0.2,0.4,0.4,2,0.4,0.4,0.75,2.2,0.9534625892455924,0.9772433634301273,2.146666666666667,2.090909090909091,0.6837634587578276,3.091042453358316,1.0434782608695652,0.748429638498695,0.07,0.13,0.21,0.2,1.05078125,0.0,0,0.660952380952381,0.37037037037037035,0.4735424207422438,0.5380740740740739
niche_77_10,Niche,6,4,0.1111111111111111,2.0,0.3333333333333333,0.5,0.16666666666666666,2,0.5,0.0,0.75,0.6666666666666666,0.7745966692414835,1.2247448713915892,1.8333333333333333,1.3333333333333333,0.5773502691896257,1.0986122886681098,1.2,0.7745966692414835,0.027777777777777776,0.0,0.027777777777777776,0.0,0.8000000000000002,0.0,0,0.3333333333333333,0.0,0.0,0.5666666666666667
niche_77_20,Niche,16,32,0.125,2.0,0.4375,0.1875,0.375,3,0.1875,0.1875,1.4444444444444444,2.0,1.6832508230603465,0.7302967433402214,1.9496527777777777,2.475,0.9604352645732546,3.6888794541139363,1.3043478260869565,1.570562531918633,0.08203125,0.0625,0.0625,0.33203125,3.769771406701228,0.0,0,0.578659188034188,0.5443167943167944,0.6251157300259895,0.9427951388888888
niche_77_40,Niche,13,32,0.1893491124260355,2.0,0.38461538461538464,0.38461538461538464,0.23076923076923078,1,0.3076923076923077,0.3076923076923077,1.0,2.4615384615384617,1.1915364512189015,1.003574341209127,1.7450549450549449,1.542857142857143,0.5054326709601878,3.5553480614894135,1.0,0.8848037093992468,0.0,0.11242603550295859,0.24260355029585798,0.33136094674556216,2.582677165354331,0.0,0,0.7445054945054945,0.3398268398268398,0.44521262977849774,0.4055049712192567
niche_78_10,Niche,6,6,0.16666666666666666,1.0,0.3333333333333333,0.16666666666666666,0.5,2,0.5,0.0,1.25,1.0,1.0954451150103321,0.6324555320336759,1.8333333333333333,2.0,0.0,1.0986122886681098,1.0,0.6324555320336759,0.08333333333333333,0.0,0.027777777777777776,0.08333333333333333,0.8,0.0,0,0.38888888888888884,0.0,0.0,0.5666666666666667
niche_78_20,Niche,15,21,0.09333333333333334,2.0,0.3333333333333333,0.2,0.4666666666666667,2,0.3333333333333333,0.2,1.2,1.4,1.2605242095250824,0.7539980898739251,1.9380952380952379,2.1333333333333333,0.833809387832792,2.70805020110221,1.0869565217391304,1.0525548537328677,0.05333333333333334,0.013333333333333334,0.04,0.10222222222222223,1.2758620689655171,0.0,0,0.49904761904761913,0.22161172161172157,0.498296417534675,0.6136054421768706
niche_78_40,Niche,11,46,0.38016528925619836,2.0,0.2727272727272727,0.09090909090909091,0.6363636363636364,2,0.2727272727272727,0.45454545454545453,1.25,4.181818181818182,0.860990329693712,0.6219063320326512,2.065335898669232,3.622516556291391,1.062962663842932,5.017279836814924,1.0212765957446808,0.32565188367085224,0.049586776859504134,0.8016528925619835,0.08264462809917356,0.33884297520661155,1.9947553477774072,0.0,0,0.8485996326905417,0.8449494949494949,0.5565012374397615,0.5972595457458038
niche_79_10,Niche,6,4,0.1111111111111111,2.0,0.3333333333333333,0.6666666666666666,0.0,1,0.6666666666666666,0.0,0.5,0.6666666666666666,0.7745966692414835,1.8165902124584952,1.6666666666666667,1.0,0.0,1.3862943611198906,1.0,1.2247448713915892,0.0,0.0,0.08333333333333333,0.0,0.5,0.0,0,0.5,0.0,0.0,0.2666666666666667
niche_79_20,Niche,4,5,0.3125,2.0,0.25,0.5,0.25,1,0.25,0.5,0.6666666666666666,1.25,0.7659416862050705,1.2,2.0,1.5,0.5773502691896257,1.3862943611198906,1.0,0.4618802153517006,0.0,0.125,0.125,0.0,1.0,0.0,0,0.75,0.8333333333333333,0.4472135954999579,0.5
niche_79_40,Niche,8,9,0.140625,2.0,0.375,0.625,0.0,1,0.625,0.0,0.6,1.125,0.8809166301912132,1.6068635853769857,1.625,1.0,0.0,2.1972245773362196,1.0,1.0355242177968311,0.0,0.0,0.1875,0.0625,1.6666666666666665,0.0,0,0.75,0.0,0.0,0.26785714285714285
niche_7_10,Niche,7,12,0.24489795918367346,2.0,0.5714285714285714,0.42857142857142855,0.0,1,0.42857142857142855,0.0,1.3333333333333333,1.7142857142857142,1.247219128924647,0.9354143466934854,1.4285714285714286,1.0,0.0,2.4849066497880004,1.0,0.3118047822311618,0.0,0.0,0.24489795918367346,0.3673469387755102,1.3333333333333333,0.0,0,1.0,0.0,0.0,0.2857142857142857
niche_7_20,Niche,8,10,0.15625,3.0,0.125,0.625,0.25,2,0.25,0.0,0.42857142857142855,1.25,0.565685424949238,1.5269016246728442,2.5,2.0,0.0,2.0794415416798357,1.2307692307692308,1.3522468075656264,0.125,0.0,0.21875,0.046875,0.8461538461538463,0.0,0,0.7916666666666666,0.0,0.0,0.5714285714285714
niche_7_40,Niche,8,17,0.265625,2.0,0.25,0.375,0.375,2,0.25,0.5,0.8333333333333334,2.125,0.9557692240748189,0.8506924863760513,2.183333333333333,2.111111111111111,0.7583952786593615,2.8903717578961645,1.15,0.6031717124344995,0.078125,0.171875,0.15625,0.203125,1.798833819241983,0.0,0,0.6906249999999999,0.6208333333333333,0.545929680166113,0.7184126984126983
niche_80_10,Niche,6,9,0.25,2.0,0.5,0.3333333333333333,0.16666666666666666,1,0.16666666666666666,0.3333333333333333,1.3333333333333333,1.5,1.3165611772087666,0.8164965809277259,1.5833333333333333,1.25,0.4629100498862757,2.0794415416798357,1.0,0.5962847939999439,0.0,0.05555555555555555,0.1111111111111111,0.2777777777777778,2.9999999999999996,0.0,0,0.8888888888888888,0.27777777777777773,0.408248290463863,0.4166666666666667
niche_80_20,Niche,7,16,0.32653061224489793,2.0,0.42857142857142855,0.2857142857142857,0.2857142857142857,1,0.14285714285714285,0.42857142857142855,1.25,2.2857142857142856,1.0326694776161442,0.7456470903405533,1.7357142857142858,1.9,0.718184846459608,2.995732273553991,1.0,0.4269562819149833,0.0,0.2857142857142857,0.10204081632653061,0.2653061224489796,2.043478260869565,0.0,0,0.8459183673469387,0.7142857142857143,0.49053542175871456,0.4964285714285716
niche_80_40,Niche,16,26,0.1015625,2.0,0.3125,0.3125,0.375,3,0.1875,0.4375,1.0,1.625,0.8062869336218891,0.8953088345762131,2.0963541666666665,2.2666666666666666,0.639683829949492,3.4011973816621555,1.4772727272727273,0.9127628907194663,0.1171875,0.0,0.09375,0.08203125,1.5258896947208636,0.0,0,0.6625,0.0,0.39325238193485357,0.7744719328703702
niche_81_10,Niche,7,10,0.20408163265306123,2.0,0.42857142857142855,0.5714285714285714,0.0,1,0.5714285714285714,0.0,0.75,1.4285714285714286,1.058300524425836,1.268857754044952,1.5714285714285714,1.0,0.0,2.302585092994046,1.0,0.6298147875897062,0.0,0.0,0.24489795918367346,0.1836734693877551,2.5,0.0,0,0.869047619047619,0.0,2.1065000811460205e-16,0.2857142857142856
niche_81_20,Niche,3,2,0.2222222222222222,3.0,0.3333333333333333,0.3333333333333333,0.3333333333333333,2,0.3333333333333333,0.0,1.0,0.6666666666666666,0.8660254037844388,0.8660254037844388,2.0,2.0,0.0,0.0,1.3333333333333333,0.8660254037844388,0.1111111111111111,0.0,0.0,0.0,1.25,0.0,0,0.0,0.0,0.0,1.0
niche_81_40,Niche,23,70,0.1323251417769376,3.0,0.34782608695652173,0.17391304347826086,0.4782608695652174,2,0.17391304347826086,0.4782608695652174,1.2666666666666666,3.0434782608695654,1.1445604190586427,0.717667319995302,1.9494596184813575,3.2960893854748603,1.0528379586841699,5.187385805840755,1.2307692307692308,0.9951925257282163,0.14177693761814744,0.1001890359168242,0.1342155009451796,0.28733459357277885,3.625947082865269,0.0,0,0.6414149717858159,0.39480676328502423,0.568067388163495,0.5927762481096317
niche_82_10,Niche,8,9,0.140625,3.0,0.5,0.125,0.375,2,0.25,0.25,1.75,1.125,1.3801311186847083,0.569662172854805,1.6145833333333333,1.8333333333333333,0.7527726527090811,1.791759469228055,1.25,1.0355242177968311,0.046875,0.03125,0.0,0.109375,2.2876712328767126,0.0,0,0.43125,0.7222222222222223,0.4811252243246881,0.4661458333333332
niche_82_20,Niche,6,6,0.16666666666666666,1.0,0.16666666666666666,0.3333333333333333,0.5,2,0.3333333333333333,0.16666666666666666,0.8,1.0,0.6324555320336759,0.8944271909999159,2.4166666666666665,2.3333333333333335,0.5773502691896258,1.0986122886681098,1.1428571428571428,0.6324555320336759,0.08333333333333333,0.027777777777777776,0.027777777777777776,0.0,0.5652173913043479,0.0,0,0.19444444444444442,0.4666666666666666,0.28867513459481287,0.8416666666666668
niche_82_40,Niche,9,11,0.13580246913580246,2.0,0.5555555555555556,0.2222222222222222,0.2222222222222222,3,0.1111111111111111,0.2222222222222222,1.75,1.2222222222222223,1.864744681524183,0.6818181818181818,1.7063492063492065,1.7,0.8232726023485646,2.302585092994046,1.1538461538461537,1.6420356243807672,0.037037037037037035,0.037037037037037035,0.012345679012345678,0.2345679012345679,3.883720930232558,0.0,0,0.605379188712522,0.6285714285714286,0.5096471914376255,0.8564342403628117
niche_83_10,Niche,4,5,0.3125,2.0,0.25,0.5,0.25,1,0.25,0.5,0.6666666666666666,1.25,0.7659416862050705,1.2,2.0,1.5,0.5773502691896257,1.3862943611198906,1.0,0.4618802153517006,0.0,0.125,0.125,0.0,1.0,0.0,0,0.75,0.8333333333333333,0.4472135954999579,0.5
niche_83_20,Niche,6,7,0.19444444444444445,2.0,0.16666666666666666,0.5,0.3333333333333333,2,0.3333333333333333,0.3333333333333333,0.6,1.1666666666666667,0.6452337023220693,1.3732131246511903,2.1666666666666665,1.6,0.5477225575051661,1.6094379124341003,1.0,0.885253336275981,0.027777777777777776,0.05555555555555555,0.1388888888888889,0.0,0.5,0.0,0,0.5222222222222223,0.6,0.3779644730092272,0.4666666666666667
niche_83_40,Niche,7,10,0.20408163265306123,2.0,0.2857142857142857,0.42857142857142855,0.2857142857142857,2,0.2857142857142857,0.0,0.8,1.4285714285714286,0.6831300510639732,0.9780933834080806,2.142857142857143,2.0,0.0,2.4849066497880004,1.375,1.02469507659596,0.24489795918367346,0.0,0.16326530612244897,0.10204081632653061,1.3333333333333333,0.0,0,1.0,0.0,0.0,0.8095238095238094
niche_84_10,Niche,3,2,0.2222222222222222,2.0,0.3333333333333333,0.6666666666666666,0.0,1,0.6666666666666666,0.0,0.5,0.6666666666666666,0.8660254037844388,1.7320508075688776,1.6666666666666667,1.0,0.0,0.6931471805599453,1.0,0.8660254037844388,0.0,0.0,0.1111111111111111,0.0,0.5,0.0,0,0.6666666666666666,0.0,0.0,0.3333333333333333
niche_84_20,Niche,7,6,0.12244897959183673,2.0,0.14285714285714285,0.8571428571428571,0.0,1,0.8571428571428571,0.0,0.16666666666666666,0.8571428571428571,0.4409585518440985,2.6457513110645907,1.8571428571428572,1.0,0.0,1.791759469228055,1.0,2.204792759220492,0.0,0.0,0.30612244897959184,0.0,0.16666666666666666,0.0,0,0.8571428571428571,0.0,0.0,0.14285714285714288
niche_84_40,Niche,3,2,0.2222222222222222,2.0,0.3333333333333333,0.6666666666666666,0.0,1,0.6666666666666666,0.0,0.5,0.6666666666666666,0.8660254037844388,1.7320508075688776,1.6666666666666667,1.0,0.0,0.6931471805599453,1.0,0.8660254037844386,0.0,0.0,0.1111111111111111,0.0,0.5,0.0,0,0.6666666666666666,0.0,0.0,0.3333333333333333
niche_85_10,Niche,3,3,0.3333333333333333,2.0,0.3333333333333333,0.3333333333333333,0.3333333333333333,1,0.3333333333333333,0.3333333333333333,1.0,1.0,1.0,1.0,1.8333333333333333,1.5,0.7071067811865476,0.6931471805599453,1.0,0.0,0.0,0.1111111111111111,0.0,0.0,1.0,0.0,0,0.3333333333333333,1.0,0.408248290463863,0.5833333333333333
niche_85_20,Niche,8,9,0.140625,2.0,0.375,0.5,0.125,1,0.375,0.25,0.8,1.125,1.1079319597850887,1.1079319597850887,1.708333333333333,1.25,0.4629100498862757,2.0794415416798357,1.0,0.7879157870470386,0.0,0.03125,0.0625,0.0625,1.1818181818181819,0.0,0,0.75,0.3333333333333333,0.3849001794597505,0.363095238095238
niche_85_40,Niche,17,47,0.16262975778546712,3.0,0.23529411764705882,0.23529411764705882,0.5294117647058824,2,0.35294117647058826,0.29411764705882354,1.0,2.764705882352941,1.0815544703947946,0.8628833511444112,2.1078831532613043,2.6769230769230767,0.7727324146270715,4.174387269895637,1.2166666666666666,0.9832515509747958,0.1314878892733564,0.11764705882352941,0.18339100346020762,0.27335640138408307,2.1629074532097903,0.0,0,0.6936104744928274,0.3862962962962964,0.3802408165407822,0.5741667857619238
niche_86_10,Niche,2,1,0.25,2.0,0.5,0.5,0.0,1,0.5,0.0,1.0,0.5,1.4142135623730951,1.4142135623730951,1.5,1.0,0.0,0.0,1.0,0.0,0.0,0.0,0.0,0.0,1.0,0.0,0,0.0,0.0,0.0,0.5
niche_86_20,Niche,4,3,0.1875,2.0,0.25,0.5,0.25,2,0.25,0.0,0.6666666666666666,0.75,0.6666666666666666,1.2765694770084508,2.25,2.0,0.0,0.6931471805599453,1.0,1.3333333333333333,0.125,0.0,0.0625,0.0,0.3333333333333333,0.0,0,0.5,0.0,0.0,0.9166666666666666
niche_86_40,Niche,19,31,0.08587257617728532,3.0,0.42105263157894735,0.3157894736842105,0.2631578947368421,2,0.2631578947368421,0.21052631578947367,1.1818181818181819,1.631578947368421,1.279298787580961,0.8225630752217324,1.7578947368421052,1.7333333333333334,0.639683829949492,3.4011973816621555,1.1142857142857143,1.018274460365739,0.0443213296398892,0.0110803324099723,0.060941828254847646,0.12465373961218837,2.2853025936599427,0.0,0,0.5956140350877193,0.12083333333333333,0.3651483716701107,0.5388693957115009
niche_87_10,Niche,3,2,0.2222222222222222,2.0,0.3333333333333333,0.3333333333333333,0.3333333333333333,2,0.3333333333333333,0.0,1.0,0.6666666666666666,0.8660254037844388,0.8660254037844388,2.0,2.0,0.0,0.0,1.0,0.8660254037844386,0.1111111111111111,0.0,0.0,0.0,0.5,0.0,0,0.0,0.0,0.0,1.0
niche_87_20,Niche,5,7,0.28,2.0,0.4,0.4,0.2,1,0.2,0.4,1.0,1.4,1.0832679205787932,0.9583148474999099,1.7333333333333332,1.3333333333333333,0.5163977794943223,1.791759469228055,1.0,0.31943828249997,0.0,0.08,0.12,0.16,2.0000000000000004,0.0,0,0.7999999999999999,0.4,0.4364357804719848,0.4666666666666665
niche_87_40,Niche,22,41,0.08471074380165289,4.0,0.3181818181818182,0.2727272727272727,0.4090909090909091,3,0.3181818181818182,0.2727272727272727,1.0666666666666667,1.8636363636363635,1.1975017194051307,0.8328473697055548,1.9701704545454546,2.1463414634146343,0.7266696501766153,3.713572066704308,1.3389830508474576,1.0496849407468611,0.07231404958677685,0.008264462809917356,0.08057851239669421,0.13636363636363635,1.784132392309564,0.0,0,0.4772186147186146,0.09988095238095239,0.4536353832932455,0.5929354275643338
niche_88_10,Niche,7,8,0.16326530612244897,2.0,0.2857142857142857,0.42857142857142855,0.2857142857142857,2,0.2857142857142857,0.2857142857142857,0.8,1.1428571428571428,0.9354143466934852,1.063112568514423,2.0238095238095233,1.8333333333333333,0.752772652709081,1.791759469228055,1.2727272727272727,0.973610120462327,0.061224489795918366,0.04081632653061224,0.061224489795918366,0.04081632653061224,1.3519999999999996,0.0,0,0.35714285714285715,0.4999999999999999,0.3818813079129867,0.689153439153439
niche_88_20,Niche,15,40,0.17777777777777778,2.0,0.4,0.13333333333333333,0.4666666666666667,2,0.26666666666666666,0.26666666666666666,1.4444444444444444,2.6666666666666665,1.3041828311793011,0.7319250547113999,1.8406349206349204,2.9402985074626864,0.9355050007952337,4.204692619390966,1.069767441860465,1.1659223816361022,0.08444444444444445,0.19555555555555557,0.07111111111111111,0.3288888888888889,2.5917901938426455,0.0,0,0.6084900284900284,0.630988455988456,0.57708769184729,0.6225102256775727
niche_88_40,Niche,3,3,0.3333333333333333,2.0,0.3333333333333333,0.3333333333333333,0.3333333333333333,1,0.3333333333333333,0.3333333333333333,1.0,1.0,1.0,1.0,1.8333333333333333,1.5,0.7071067811865476,0.6931471805599453,1.0,0.0,0.0,0.1111111111111111,0.0,0.0,1.0,0.0,0,0.3333333333333333,1.0,0.408248290463863,0.5833333333333333
niche_89_10,Niche,9,14,0.1728395061728395,2.0,0.4444444444444444,0.1111111111111111,0.4444444444444444,2,0.3333333333333333,0.2222222222222222,1.6,1.5555555555555556,1.5452362609131383,0.7266782124777074,1.650793650793651,1.8,0.6324555320336759,2.302585092994046,1.0,1.2216165268919337,0.012345679012345678,0.08641975308641975,0.024691358024691357,0.24691358024691357,1.6526315789473687,0.0,0,0.5740740740740741,0.6815476190476191,0.4417613170304636,0.416702097505669
niche_89_20,Niche,4,3,0.1875,3.0,0.25,0.5,0.25,2,0.25,0.0,0.6666666666666666,0.75,0.6666666666666666,1.2765694770084508,2.25,2.0,0.0,0.6931471805599453,1.25,1.3333333333333333,0.125,0.0,0.0625,0.0,0.7142857142857142,0.0,0,0.5,0.0,0.0,0.9166666666666666
niche_89_40,Niche,5,8,0.32,2.0,0.4,0.2,0.4,2,0.2,0.4,1.3333333333333333,1.6,0.9478594305064437,0.7126096406869612,1.8222222222222222,2.142857142857143,0.6900655593423543,1.9459101490553132,1.0,0.5229125165837972,0.08,0.2,0.0,0.08,1.1428571428571428,0.0,0,0.5866666666666667,0.8666666666666666,0.45133546692422,0.6395061728395061
niche_8_10,Niche,8,10,0.15625,2.0,0.375,0.625,0.0,1,0.625,0.0,0.6,1.25,1.0253919111386491,1.4020393310154626,1.625,1.0,0.0,2.302585092994046,1.0,0.855235974119758,0.0,0.0,0.1875,0.109375,1.5263157894736845,0.0,0,0.8833333333333334,0.0,1.7199501139797033e-16,0.2678571428571428
niche_8_20,Niche,6,6,0.16666666666666666,2.0,0.3333333333333333,0.6666666666666666,0.0,1,0.6666666666666666,0.0,0.5,1.0,0.8944271909999159,1.5491933384829668,1.6666666666666667,1.0,0.0,1.791759469228055,1.0,0.8944271909999159,0.0,0.0,0.16666666666666666,0.05555555555555555,1.0,0.0,0,0.6666666666666666,0.0,0.0,0.2666666666666667
niche_8_40,Niche,29,72,0.08561236623067776,3.0,0.5517241379310345,0.20689655172413793,0.2413793103448276,2,0.3448275862068966,0.10344827586206896,1.7692307692307692,2.4827586206896552,1.4224903641075521,1.0904831219021407,1.4879310344827585,1.626865671641791,0.4872875106609372,4.204692619390966,1.2087912087912087,1.275889304962824,0.036860879904875146,0.013079667063020214,0.1724137931034483,0.25802615933412604,6.996878969679379,0.0,0,0.7308410459272529,0.07233560090702948,0.2577502379924899,0.315732074438971
niche_90_10,Niche,9,25,0.30864197530864196,2.0,0.2222222222222222,0.1111111111111111,0.6666666666666666,1,0.3333333333333333,0.4444444444444444,1.1428571428571428,2.7777777777777777,1.0461357464497616,0.78,2.0456349206349205,2.5,0.7801894976054939,3.1780538303479458,1.0,0.626418390534633,0.0,0.35802469135802467,0.14814814814814814,0.3333333333333333,1.6204506065857889,0.0,0,0.8000881834215168,0.7629629629629631,0.49577580698703994,0.46651785714285715
niche_90_20,Niche,6,5,0.1388888888888889,3.0,0.3333333333333333,0.16666666666666666,0.5,3,0.3333333333333333,0.0,1.25,0.8333333333333334,0.9033271832508971,0.4898979485566356,2.1666666666666665,3.0,0.0,0.6931471805599453,1.2857142857142858,0.9797958971132712,0.1111111111111111,0.0,0.0,0.027777777777777776,0.8947368421052633,0.0,0,0.1111111111111111,0.0,0.0,1.3666666666666667
niche_90_40,Niche,8,12,0.1875,3.0,0.25,0.375,0.375,2,0.25,0.5,0.8333333333333334,1.5,0.8728715609439694,0.9428090415820635,2.046875,1.7777777777777777,0.6666666666666666,2.1972245773362196,1.0769230769230769,0.5039526306789696,0.03125,0.078125,0.078125,0.0625,1.181818181818182,0.0,0,0.5166666666666666,0.6875000000000001,0.4732423621500228,0.49972098214285715
niche_91_10,Niche,8,16,0.25,2.0,0.5,0.375,0.125,1,0.125,0.375,1.25,2.0,1.2535663410560174,0.8451542547285166,1.5749999999999997,1.2,0.41403933560541256,2.70805020110221,1.0,0.4629100498862757,0.0,0.046875,0.234375,0.421875,3.9999999999999996,0.0,0,0.9375,0.16250000000000003,0.3872983346207417,0.382142857142857
niche_91_20,Niche,6,7,0.19444444444444445,2.0,0.16666666666666666,0.5,0.3333333333333333,2,0.3333333333333333,0.3333333333333333,0.6,1.1666666666666667,0.6452337023220693,1.3732131246511903,2.1666666666666665,1.6,0.5477225575051661,1.6094379124341003,1.0,0.8852533362759808,0.027777777777777776,0.05555555555555555,0.1388888888888889,0.0,0.5,0.0,0,0.5222222222222223,0.6,0.3779644730092272,0.4666666666666666
niche_91_40,Niche,15,53,0.23555555555555555,3.0,0.3333333333333333,0.2,0.4666666666666667,2,0.3333333333333333,0.3333333333333333,1.2,3.533333333333333,1.2605653781026744,0.6132593799366652,1.8703030303030304,2.2142857142857144,0.67790301348871,4.430816798843313,1.0535714285714286,0.7894629774138334,0.07555555555555556,0.23555555555555555,0.2088888888888889,0.68,2.0953710305018944,0.0,0,0.7905146705146705,0.42917748917748916,0.5104398936967868,0.4789311294765839
niche_92_10,Niche,5,3,0.12,2.0,0.4,0.6,0.0,1,0.6,0.0,0.6666666666666666,0.6,0.912870929175277,1.4907119849998596,1.6,1.0,0.0,1.0986122886681098,1.0,0.7453559924999299,0.0,0.0,0.04,0.0,0.6666666666666666,0.0,0,0.4,0.0,0.0,0.3
niche_92_20,Niche,18,36,0.1111111111111111,3.0,0.5555555555555556,0.1111111111111111,0.3333333333333333,3,0.16666666666666666,0.2777777777777778,2.0,2.0,1.6359922335498094,0.747545001596402,1.5600288600288599,2.7209302325581395,1.0762718145645807,3.7612001156935624,1.3584905660377358,1.5434872662825796,0.06481481481481481,0.06790123456790123,0.046296296296296294,0.26851851851851855,4.933219178082192,0.0,0,0.6074074074074074,0.3347557204700062,0.4951748968242753,0.4451754696368905
niche_92_40,Niche,9,13,0.16049382716049382,2.0,0.4444444444444444,0.2222222222222222,0.3333333333333333,2,0.2222222222222222,0.3333333333333333,1.4,1.4444444444444444,1.2046507510281406,0.70185721503441,1.722222222222222,1.8333333333333333,0.9374368665610922,2.4849066497880004,1.1875,0.8076923076923077,0.07407407407407407,0.024691358024691357,0.06172839506172839,0.16049382716049382,2.3540372670807455,0.0,0,0.8500000000000001,0.31851851851851853,0.6097498436202111,0.5121527777777777
niche_93_10,Niche,6,9,0.25,2.0,0.5,0.3333333333333333,0.16666666666666666,1,0.16666666666666666,0.3333333333333333,1.3333333333333333,1.5,1.3165611772087666,0.8164965809277259,1.5833333333333333,1.25,0.4629100498862757,2.0794415416798357,1.0,0.5962847939999439,0.0,0.05555555555555555,0.1111111111111111,0.2777777777777778,2.9999999999999996,0.0,0,0.8888888888888888,0.2777777777777778,0.408248290463863,0.41666666666666663
niche_93_20,Niche,12,16,0.1111111111111111,2.0,0.5,0.16666666666666666,0.3333333333333333,2,0.25,0.25,1.6666666666666667,1.3333333333333333,1.9009566969387715,0.7385489458759964,1.625,1.5833333333333333,0.6685579234215214,2.4849066497880004,1.0,1.6410916544123362,0.020833333333333332,0.027777777777777776,0.027777777777777776,0.2361111111111111,1.9189189189189189,0.0,0,0.5671296296296297,0.4305555555555555,0.5,0.4602272727272728
niche_93_40,Niche,16,33,0.12890625,2.0,0.375,0.0625,0.5625,2,0.375,0.25,1.5,2.0625,1.4966956768791906,0.7184651872450984,1.7916666666666665,3.037037037037037,0.8979241650984822,3.295836866004329,1.3125,1.3584412825330328,0.07421875,0.078125,0.0546875,0.26953125,2.021939586645469,0.0,0,0.6706845238095238,0.5521978021978022,0.49796302243959006,0.4764166666666666
niche_94_10,Niche,7,10,0.20408163265306123,2.0,0.42857142857142855,0.2857142857142857,0.2857142857142857,2,0.2857142857142857,0.14285714285714285,1.25,1.4285714285714286,1.268857754044952,0.8906926143924924,1.7714285714285716,1.6666666666666667,0.5,2.1972245773362196,1.0,1.02469507659596,0.04081632653061224,0.08163265306122448,0.061224489795918366,0.16326530612244897,2.181818181818182,0.0,0,0.6238095238095239,0.5466666666666666,0.34641016151377546,0.6323809523809524
niche_94_20,Niche,9,17,0.20987654320987653,2.0,0.5555555555555556,0.1111111111111111,0.3333333333333333,1,0.2222222222222222,0.2222222222222222,2.0,1.8888888888888888,1.7041065808083498,0.5580489988532434,1.5218253968253965,1.7857142857142858,0.6992932067530679,2.6390573296152584,1.0,1.317633928506007,0.0,0.13580246913580246,0.012345679012345678,0.4691358024691358,2.968503937007874,0.0,0,0.8950617283950617,0.8306878306878307,0.4685486262129581,0.3990575396825395
niche_94_40,Niche,16,11,0.04296875,2.0,0.4375,0.5625,0.0,1,0.5625,0.0,0.7777777777777778,0.6875,1.0242244932983082,1.5682806292980238,1.5625,1.0,0.0,2.3978952727983707,1.0,1.1726920361161526,0.0,0.0,0.02734375,0.0078125,1.0,0.0,0,0.625,0.0,0.0,0.2625
niche_95_10,Niche,4,4,0.25,2.0,0.25,0.25,0.5,2,0.25,0.25,1.0,1.0,0.816496580927726,0.816496580927726,2.25,2.5,0.7071067811865476,0.6931471805599453,1.0,0.816496580927726,0.125,0.0625,0.0,0.0,0.6000000000000001,0.0,0,0.22916666666666663,0.7777777777777777,0.3535533905932738,1.0833333333333333
niche_95_20,Niche,5,4,0.16,3.0,0.2,0.4,0.4,2,0.4,0.0,0.75,0.8,0.5590169943749476,1.0458250331675945,2.2,2.0,0.0,0.6931471805599453,1.3333333333333333,0.6846531968814575,0.08,0.0,0.04,0.0,0.875,0.0,0,0.13333333333333333,0.0,0.0,0.7
niche_95_40,Niche,9,9,0.1111111111111111,2.0,0.4444444444444444,0.2222222222222222,0.3333333333333333,2,0.3333333333333333,0.2222222222222222,1.4,1.0,1.118033988749895,0.7071067811865476,1.7222222222222223,1.8333333333333333,0.408248290463863,1.791759469228055,1.25,0.8660254037844386,0.04938271604938271,0.012345679012345678,0.012345679012345678,0.04938271604938271,2.0422535211267605,0.0,0,0.4999999999999999,0.42857142857142855,0.23570226039551584,0.5694444444444444
niche_96_10,Niche,7,8,0.16326530612244897,3.0,0.42857142857142855,0.2857142857142857,0.2857142857142857,2,0.2857142857142857,0.14285714285714285,1.25,1.1428571428571428,1.28086884574495,0.7872684844871326,1.7857142857142858,1.7142857142857142,0.48795003647426666,1.9459101490553132,1.1111111111111112,1.0968705484240155,0.08163265306122448,0.02040816326530612,0.04081632653061224,0.12244897959183673,1.625,0.0,0,0.4047619047619047,0.26666666666666666,0.3535533905932738,0.6547619047619048
niche_96_20,Niche,4,5,0.3125,3.0,0.25,0.25,0.5,2,0.25,0.5,1.0,1.25,0.7659416862050705,0.7659416862050705,2.1875,2.3333333333333335,0.5773502691896258,1.0986122886681098,1.1666666666666667,0.4618802153517006,0.125,0.125,0.0,0.0,1.2857142857142856,0.0,0,0.375,0.8333333333333333,0.3535533905932738,0.890625
niche_96_40,Niche,3,2,0.2222222222222222,3.0,0.3333333333333333,0.3333333333333333,0.3333333333333333,2,0.3333333333333333,0.0,1.0,0.6666666666666666,0.8660254037844388,0.8660254037844388,2.0,2.0,0.0,0.0,1.3333333333333333,0.8660254037844388,0.1111111111111111,0.0,0.0,0.0,1.25,0.0,0,0.0,0.0,0.0,1.0
niche_97_10,Niche,6,4,0.1111111111111111,2.0,0.3333333333333333,0.6666666666666666,0.0,1,0.6666666666666666,0.0,0.5,0.6666666666666666,0.7745966692414835,1.549193338482967,1.6666666666666667,1.0,0.0,1.3862943611198906,1.0,0.7745966692414835,0.0,0.0,0.05555555555555555,0.0,0.5,0.0,0,0.6666666666666666,0.0,0.0,0.2666666666666667
niche_97_20,Niche,7,13,0.2653061224489796,2.0,0.42857142857142855,0.42857142857142855,0.14285714285714285,1,0.14285714285714285,0.42857142857142855,1.0,1.8571428571428572,1.095985142213462,0.954590280460835,1.6785714285714286,1.25,0.45226701686664544,2.4849066497880004,1.0,0.2627423273322974,0.0,0.061224489795918366,0.24489795918367346,0.30612244897959184,2.9999999999999996,0.0,0,0.9285714285714286,0.21428571428571433,0.41602514716892186,0.41071428571428575
niche_97_40,Niche,35,78,0.0636734693877551,3.0,0.42857142857142855,0.11428571428571428,0.45714285714285713,3,0.37142857142857144,0.2,1.55,2.2285714285714286,1.1776085110569816,1.0038696063170844,1.704625850340136,2.4367816091954024,0.7731113434850683,4.465908118654584,1.290909090909091,1.100975740389343,0.05551020408163265,0.004897959183673469,0.1036734693877551,0.12979591836734694,3.424617379797121,0.0,0,0.6421696557410843,0.08755760368663595,0.36591525848750334,0.4580692086358353
niche_98_10,Niche,8,8,0.125,2.0,0.375,0.625,0.0,1,0.625,0.0,0.6,1.0,1.0690449676496976,1.6035674514745464,1.625,1.0,0.0,2.0794415416798357,1.0,1.1952286093343936,0.0,0.0,0.140625,0.0625,1.0869565217391306,0.0,0,0.6208333333333333,0.0,1.3597399555105182e-16,0.26785714285714285
niche_98_20,Niche,5,9,0.36,2.0,0.2,0.2,0.6,1,0.4,0.4,1.0,1.8,0.9128709291752769,0.8240220541217403,2.1166666666666663,2.1666666666666665,0.752772652709081,1.791759469228055,1.0,0.30429030972509225,0.0,0.28,0.04,0.08,0.935483870967742,0.0,0,0.72,0.9,0.4811252243246881,0.5541666666666666
niche_98_40,Niche,13,22,0.1301775147928994,3.0,0.23076923076923078,0.15384615384615385,0.6153846153846154,2,0.38461538461538464,0.07692307692307693,1.1,1.6923076923076923,1.2624040208450422,0.7390150544398302,2.1923076923076925,2.4761904761904763,0.6015852075182383,3.044522437723423,1.2666666666666666,1.1703993808712485,0.11834319526627218,0.023668639053254437,0.07692307692307693,0.1834319526627219,1.3293515358361776,0.0,0,0.6015873015873016,0.37857142857142856,0.3015113445777637,0.7307692307692307
niche_99_10,Niche,3,2,0.2222222222222222,3.0,0.3333333333333333,0.3333333333333333,0.3333333333333333,2,0.3333333333333333,0.0,1.0,0.6666666666666666,0.8660254037844388,0.8660254037844388,2.0,2.0,0.0,0.0,1.3333333333333333,0.8660254037844388,0.1111111111111111,0.0,0.0,0.0,1.25,0.0,0,0.0,0.0,0.0,1.0
niche_99_20,Niche,11,26,0.21487603305785125,3.0,0.2727272727272727,0.45454545454545453,0.2727272727272727,2,0.18181818181818182,0.5454545454545454,0.75,2.3636363636363638,0.7632459490218241,1.1705205436878356,2.2045454545454546,2.25,0.6698641270570836,3.6888794541139363,1.2777777777777777,0.9664489995023293,0.1487603305785124,0.12396694214876033,0.33884297520661155,0.15702479338842976,3.4745762711864403,0.0,0,0.832972582972583,0.37857142857142856,0.5459642140991688,0.7185606060606059
niche_99_40,Niche,7,6,0.12244897959183673,2.0,0.42857142857142855,0.2857142857142857,0.2857142857142857,2,0.2857142857142857,0.14285714285714285,1.25,0.8571428571428571,1.2472191289246473,0.8050764858994132,1.761904761904762,1.5,0.5773502691896257,1.3862943611198906,1.0,0.8819171036881969,0.02040816326530612,0.02040816326530612,0.0,0.04081632653061224,1.0999999999999999,0.0,0,0.25,0.5833333333333333,0.33333333333333337,0.6190476190476191
niche_9_10,Niche,5,3,0.12,2.0,0.6,0.4,0.0,1,0.4,0.0,1.5,0.6,1.4907119849998598,0.912870929175277,1.4,1.0,0.0,1.0986122886681098,1.0,0.7453559924999299,0.0,0.0,0.0,0.04,2.333333333333333,0.0,0,0.4,0.0,0.0,0.3
niche_9_20,Niche,3,2,0.2222222222222222,2.0,0.3333333333333333,0.3333333333333333,0.3333333333333333,2,0.3333333333333333,0.0,1.0,0.6666666666666666,0.8660254037844388,0.8660254037844388,2.0,2.0,0.0,0.0,1.0,0.8660254037844386,0.1111111111111111,0.0,0.0,0.0,0.5,0.0,0,0.0,0.0,0.0,1.0
niche_9_40,Niche,23,62,0.11720226843100189,2.0,0.391304347826087,0.13043478260869565,0.4782608695652174,2,0.2608695652173913,0.30434782608695654,1.4285714285714286,2.6956521739130435,1.4982804762737851,0.6658167097802585,1.9698691819955407,3.076923076923077,0.9016636554059979,4.762173934797756,1.3406593406593406,1.3823402727429843,0.13610586011342155,0.062381852551984876,0.10396975425330812,0.3761814744801512,5.04398526227827,0.0,0,0.7416566779267008,0.2856888209829386,0.5205882054972382,0.8616036100762511
random_100_10,Random,0,,,,,,,,,,,,,,,,,,,,,,,,,,,,,,
random_100_20,Random,0,,,,,,,,,,,,,,,,,,,,,,,,,,,,,,
random_100_40,Random,0,,,,,,,,,,,,,,,,,,,,,,,,,,,,,,
random_10_10,Random,8,20,0.3125,3.0,0.125,0.0,0.875,3,0.0,0.75,1.1428571428571428,2.5,0.565685424949238,0.5237229365663817,20.25925925925925,NaN,NaN,0.0,1.3870967741935485,0.9071147352221454,0.03125,0.03125,0.03125,0.015625,2.514644351464435,0.875,2,0.5071428571428571,0.5333333333333333,4.8023199697549,66.23389291702046
random_10_20,Random,0,,,,,,,,,,,,,,,,,,,,,,,,,,,,,,
random_10_40,Random,0,,,,,,,,,,,,,,,,,,,,,,,,,,,,,,
random_11_10,Random,0,,,,,,,,,,,,,,,,,,,,,,,,,,,,,,
random_11_20,Random,19,36,0.0997229916897507,3.0,0.10526315789473684,0.21052631578947367,0.6842105263157895,9,0.0,0.5789473684210527,0.8823529411764706,1.894736842105263,0.6317366704968774,0.723111987524794,10.989278752436642,4.571428571428571,1.289909123240272,3.5553480614894135,1.484375,0.9069821376849498,0.09695290858725762,0.00554016620498615,0.05263157894736842,0.05263157894736842,1.8915022004242672,0.5789473684210527,10,0.293609022556391,0.1478835978835979,3.146985987378299,16.23515149327364
random_11_40,Random,0,,,,,,,,,,,,,,,,,,,,,,,,,,,,,,
random_12_10,Random,10,27,0.27,1.0,0.1,0.0,0.9,4,0.0,0.8,1.1111111111111112,2.7,0.5534941178138245,0.5534941178138245,60.59411764705878,NaN,NaN,0.0,1.469387755102041,0.876456264162906,0.13,0.08,0.03,0.07,2.077606306206284,0.9,6,0.3068398268398268,0.626984126984127,11.511329864614623,551.9027767098121
random_12_20,Random,20,40,0.1,2.0,0.05,0.15,0.8,7,0.0,0.6,0.8947368421052632,2.0,0.5848976518656018,0.6688560540599386,19.07375249500998,4.741935483870968,1.5484990998917603,3.4339872044851463,1.9021739130434783,0.8111071056538127,0.14,0.0175,0.065,0.0575,2.8836514334862926,0.7,10,0.25202380952380954,0.15880952380952382,5.977208817950521,31.370025119421843
random_12_40,Random,0,,,,,,,,,,,,,,,,,,,,,,,,,,,,,,
random_13_10,Random,6,5,0.1388888888888889,2.0,0.3333333333333333,0.3333333333333333,0.3333333333333333,2,0.3333333333333333,0.16666666666666666,1.0,0.8333333333333334,0.9033271832508971,0.9033271832508971,1.9166666666666667,1.6666666666666667,0.5773502691896257,1.0986122886681098,1.0,0.6196773353931867,0.05555555555555555,0.0,0.027777777777777776,0.027777777777777776,0.7142857142857142,0.0,0,0.2222222222222222,0.0,0.31622776601683794,0.6416666666666666
random_13_20,Random,0,,,,,,,,,,,,,,,,,,,,,,,,,,,,,,
random_13_40,Random,0,,,,,,,,,,,,,,,,,,,,,,,,,,,,,,
random_14_10,Random,2,1,0.25,2.0,0.5,0.5,0.0,1,0.5,0.0,1.0,0.5,1.4142135623730951,1.4142135623730951,1.5,1.0,0.0,0.0,1.0,0.0,0.0,0.0,0.0,0.0,1.0,0.0,0,0.0,0.0,0.0,0.5
random_14_20,Random,0,,,,,,,,,,,,,,,,,,,,,,,,,,,,,,
random_14_40,Random,0,,,,,,,,,,,,,,,,,,,,,,,,,,,,,,
random_15_10,Random,6,5,0.1388888888888889,2.0,0.3333333333333333,0.3333333333333333,0.3333333333333333,2,0.3333333333333333,0.0,1.0,0.8333333333333334,0.9033271832508971,0.9033271832508971,2.0,2.0,0.0,1.0986122886681098,1.2857142857142858,0.9797958971132712,0.08333333333333333,0.0,0.027777777777777776,0.027777777777777776,1.222222222222222,0.0,0,0.25,0.0,0.0,0.8
random_15_20,Random,20,49,0.1225,2.0,0.05,0.1,0.85,7,0.0,0.7,0.9473684210526315,2.45,0.5535804000718364,0.7775427037340915,13.897449684643183,5.333333333333333,0.9016696346674323,3.7376696182833684,1.7767857142857142,0.9722243533981721,0.1625,0.025,0.1175,0.08,2.7641059670913397,0.8,29,0.28761904761904755,0.31492367281840966,3.9029179037014887,18.901331713800516
random_15_40,Random,0,,,,,,,,,,,,,,,,,,,,,,,,,,,,,,
random_16_10,Random,9,19,0.2345679012345679,1.0,0.1111111111111111,0.1111111111111111,0.7777777777777778,6,0.0,0.5555555555555556,1.0,2.111111111111111,0.7278587729441753,0.6882472016116853,71.92592592592601,3.5,0.7071067811865476,0.6931471805599453,1.2083333333333333,0.9104654680003259,0.1111111111111111,0.04938271604938271,0.08641975308641975,0.07407407407407407,1.5273010920436816,0.7777777777777778,1,0.3709876543209877,0.4958333333333333,16.80503962283775,786.4938271604957
random_16_20,Random,0,,,,,,,,,,,,,,,,,,,,,,,,,,,,,,
random_16_40,Random,0,,,,,,,,,,,,,,,,,,,,,,,,,,,,,,
random_17_10,Random,10,19,0.19,1.0,0.1,0.0,0.9,5,0.0,0.8,1.1111111111111112,1.9,0.5233836452693439,0.677202072477852,24.341666666666665,NaN,NaN,0.0,2.0357142857142856,0.9544891585077505,0.11,0.01,0.07,0.07,3.3487042375038683,0.9,2,0.33325396825396825,0.36296296296296293,5.343466251315467,85.48391203703704
random_17_20,Random,0,,,,,,,,,,,,,,,,,,,,,,,,,,,,,,
random_17_40,Random,0,,,,,,,,,,,,,,,,,,,,,,,,,,,,,,
random_18_10,Random,0,,,,,,,,,,,,,,,,,,,,,,,,,,,,,,
random_18_20,Random,0,,,,,,,,,,,,,,,,,,,,,,,,,,,,,,
random_18_40,Random,39,93,0.0611439842209073,1.0,0.02564102564102564,0.07692307692307693,0.8974358974358975,8,0.02564102564102564,0.7692307692307693,0.9473684210526315,2.3846153846153846,0.45751659043952847,0.5978400979670737,26.36960926657831,4.545454545454546,1.809068067466582,2.3978952727983707,2.4236311239193085,0.7034376092620597,0.11505588428665352,0.0046022353714661405,0.05851413543721236,0.04602235371466141,4.187991743909052,0.8717948717948718,107,0.20187277110354032,0.08746867167919799,6.4315546157520895,55.252674661432486
random_19_10,Random,10,22,0.22,2.0,0.1,0.0,0.9,6,0.0,0.8,1.1111111111111112,2.2,0.5984368987312575,0.46945252681302024,28.152380952380945,NaN,NaN,0.0,1.6,0.5335399048987578,0.11,0.0,0.07,0.07,2.9346775395490448,0.9,4,0.2580952380952381,0.17666666666666667,9.068090306216096,130.75726883345925
random_19_20,Random,0,,,,,,,,,,,,,,,,,,,,,,,,,,,,,,
random_19_40,Random,0,,,,,,,,,,,,,,,,,,,,,,,,,,,,,,
random_1_10,Random,0,,,,,,,,,,,,,,,,,,,,,,,,,,,,,,
random_1_20,Random,0,,,,,,,,,,,,,,,,,,,,,,,,,,,,,,
random_1_40,Random,0,,,,,,,,,,,,,,,,,,,,,,,,,,,,,,
random_20_10,Random,0,,,,,,,,,,,,,,,,,,,,,,,,,,,,,,
random_20_20,Random,0,,,,,,,,,,,,,,,,,,,,,,,,,,,,,,
random_20_40,Random,0,,,,,,,,,,,,,,,,,,,,,,,,,,,,,,
random_21_10,Random,10,27,0.27,2.0,0.1,0.0,0.9,4,0.0,0.8,1.1111111111111112,2.7,0.5252357379304357,0.6307180135528296,21.048034934497814,NaN,NaN,0.0,1.4565217391304348,0.9594745297642195,0.11,0.02,0.05,0.07,3.6288720046756286,0.9,8,0.342987012987013,0.5394179894179894,4.20695146705692,52.362515334693576
random_21_20,Random,0,,,,,,,,,,,,,,,,,,,,,,,,,,,,,,
random_21_40,Random,0,,,,,,,,,,,,,,,,,,,,,,,,,,,,,,
random_22_10,Random,0,,,,,,,,,,,,,,,,,,,,,,,,,,,,,,
random_22_20,Random,0,,,,,,,,,,,,,,,,,,,,,,,,,,,,,,
random_22_40,Random,0,,,,,,,,,,,,,,,,,,,,,,,,,,,,,,
random_23_10,Random,7,6,0.12244897959183673,3.0,0.2857142857142857,0.14285714285714285,0.5714285714285714,4,0.2857142857142857,0.14285714285714285,1.2,0.8571428571428571,0.8050764858994132,0.4409585518440985,2.4285714285714284,3.5,0.7071067811865476,0.6931471805599453,1.5454545454545454,0.881917103688197,0.10204081632653061,0.0,0.0,0.02040816326530612,1.5846153846153848,0.0,0,0.09523809523809523,0.0,0.28867513459481287,1.7023809523809523
random_23_20,Random,20,51,0.1275,2.0,0.1,0.15,0.75,6,0.0,0.65,0.9444444444444444,2.55,0.6421775416360239,0.7361364284532167,12.761280077401977,5.2700729927007295,0.919587900310566,4.919980925828125,1.7642276422764227,1.1011308385548115,0.2075,0.0375,0.1125,0.09,4.450787207540827,0.75,27,0.25659257409257413,0.29281305114638445,3.562191460835488,18.632404327982993
random_23_40,Random,0,,,,,,,,,,,,,,,,,,,,,,,,,,,,,,
random_24_10,Random,0,,,,,,,,,,,,,,,,,,,,,,,,,,,,,,
random_24_20,Random,16,25,0.09765625,3.0,0.1875,0.125,0.6875,6,0.125,0.5,1.0769230769230769,1.5625,0.6998666539658346,0.5709407441524325,8.675178571428566,1.6666666666666667,0.5773502691896257,1.0986122886681098,1.6727272727272726,1.093008081702357,0.109375,0.0078125,0.03125,0.0390625,2.5624738758032657,0.5625,5,0.23673115079365079,0.2083333333333333,3.1963612985738004,41.06722146258497
random_24_40,Random,4,2,0.125,2.0,0.5,0.5,0.0,1,0.5,0.0,1.0,0.5,1.1547005383792515,1.1547005383792515,1.5,1.0,0.0,0.6931471805599453,1.0,0.0,0.0,0.0,0.0,0.0,1.0,0.0,0,0.0,0.0,0.0,0.3333333333333333
random_25_10,Random,10,19,0.19,1.0,0.1,0.1,0.8,7,0.0,0.7,1.0,1.9,0.5233836452693439,0.5792131234813747,40.1166666666666,3.5,0.7071067811865476,0.6931471805599453,1.3076923076923077,0.7360062092422117,0.02,0.01,0.02,0.02,0.69971671388102,0.8,6,0.2664285714285714,0.5185185185185186,12.593625975257396,505.27191358024515
random_25_20,Random,16,21,0.08203125,2.0,0.1875,0.25,0.5625,6,0.125,0.375,0.9230769230769231,1.3125,0.7729360149096229,0.7211312185143205,0.8299319727891155,1.6666666666666667,0.5163977794943223,1.791759469228055,1.5945945945945945,0.7807200583588264,0.05859375,0.0,0.02734375,0.0390625,1.441587479038569,0.375,1,0.2197916666666667,0.0,0.910285787822821,1.3446009293110035
random_25_40,Random,0,,,,,,,,,,,,,,,,,,,,,,,,,,,,,,
random_26_10,Random,7,6,0.12244897959183673,2.0,0.2857142857142857,0.42857142857142855,0.2857142857142857,2,0.2857142857142857,0.14285714285714285,0.8,0.8571428571428571,0.8050764858994132,1.0496913126495102,2.2142857142857144,2.2,0.8366600265340756,1.6094379124341003,1.0,1.2981468272831025,0.08163265306122448,0.02040816326530612,0.02040816326530612,0.0,0.5555555555555556,0.0,0,0.4095238095238095,0.7222222222222222,0.28867513459481287,1.0714285714285714
random_26_20,Random,3,2,0.2222222222222222,2.0,0.3333333333333333,0.6666666666666666,0.0,1,0.6666666666666666,0.0,0.5,0.6666666666666666,0.8660254037844388,1.7320508075688776,1.6666666666666667,1.0,0.0,0.6931471805599453,1.0,0.8660254037844386,0.0,0.0,0.1111111111111111,0.0,0.5,0.0,0,0.6666666666666666,0.0,0.0,0.3333333333333333
random_26_40,Random,16,21,0.08203125,1.0,0.0625,0.125,0.8125,8,0.125,0.25,0.9333333333333333,1.3125,0.604343062059215,0.7211312185143205,0.6808137254901976,1.0,0.0,0.0,1.75,0.9587091346375555,0.07421875,0.0,0.0390625,0.03125,1.0381135318202497,0.75,0,0.29375,0.22380952380952382,1.5205325512749304,8.218625385210832
random_27_10,Random,8,6,0.09375,2.0,0.5,0.5,0.0,1,0.5,0.0,1.0,0.75,1.1818736805705579,1.1818736805705579,1.5,1.0,0.0,1.791759469228055,1.0,0.7126966450997984,0.0,0.0,0.03125,0.03125,1.6666666666666667,0.0,0,0.5208333333333333,0.0,0.0,0.2857142857142857
random_27_20,Random,20,64,0.16,1.0,0.05,0.05,0.9,7,0.0,0.85,1.0,3.2,0.5608528515151114,0.5422146351089352,62.564355270277744,5.54,0.885483840989242,3.912023005428146,2.092391304347826,0.7197861524530448,0.1975,0.0375,0.11,0.1225,5.544353697793498,0.9,47,0.31810966810966806,0.23452380952380958,14.392484403383802,348.5937066610589
random_27_40,Random,0,,,,,,,,,,,,,,,,,,,,,,,,,,,,,,
random_28_10,Random,0,,,,,,,,,,,,,,,,,,,,,,,,,,,,,,
random_28_20,Random,0,,,,,,,,,,,,,,,,,,,,,,,,,,,,,,
random_28_40,Random,0,,,,,,,,,,,,,,,,,,,,,,,,,,,,,,
random_29_10,Random,10,24,0.24,2.0,0.1,0.1,0.8,6,0.0,0.7,1.0,2.4,0.8146043499230654,0.4479032082388083,16.008730158730156,4.2,1.7402791237532642,2.70805020110221,1.368421052631579,0.6148873228105183,0.11,0.05,0.05,0.2,2.5984110912064806,0.8,3,0.35460317460317464,0.42333333333333334,5.5803810405132035,31.695843481425484
random_29_20,Random,0,,,,,,,,,,,,,,,,,,,,,,,,,,,,,,
random_29_40,Random,0,,,,,,,,,,,,,,,,,,,,,,,,,,,,,,
random_2_10,Random,0,,,,,,,,,,,,,,,,,,,,,,,,,,,,,,
random_2_20,Random,0,,,,,,,,,,,,,,,,,,,,,,,,,,,,,,
random_2_40,Random,0,,,,,,,,,,,,,,,,,,,,,,,,,,,,,,
random_30_10,Random,10,25,0.25,1.0,0.1,0.0,0.9,6,0.0,0.7,1.1111111111111112,2.5,0.6036923425424944,0.5077182070575939,28.611999999999984,NaN,NaN,0.0,2.2837837837837838,0.7055336829505575,0.17,0.05,0.05,0.08,2.5730035833363267,0.9,10,0.28682539682539676,0.47000000000000003,8.45483814156131,106.0529955555554
random_30_20,Random,0,,,,,,,,,,,,,,,,,,,,,,,,,,,,,,
random_30_40,Random,0,,,,,,,,,,,,,,,,,,,,,,,,,,,,,,
random_31_10,Random,0,,,,,,,,,,,,,,,,,,,,,,,,,,,,,,
random_31_20,Random,20,97,0.2425,2.0,0.05,0.0,0.95,4,0.0,0.95,1.0526315789473684,4.85,0.4550610582752502,0.3012152045996664,19.394792807426526,NaN,NaN,0.0,1.9574468085106382,0.4687456007292914,0.32,0.1325,0.16,0.17,3.5861398005925524,0.95,99,0.29483561373267253,0.44352453102453104,4.673326221858859,21.467634388450175
random_31_40,Random,0,,,,,,,,,,,,,,,,,,,,,,,,,,,,,,
random_32_10,Random,4,3,0.1875,2.0,0.5,0.25,0.25,2,0.25,0.25,1.5,0.75,1.2765694770084508,0.6666666666666666,1.625,1.5,0.7071067811865476,0.6931471805599453,1.0,0.7698003589195009,0.0625,0.0,0.0,0.0625,1.6666666666666665,0.0,0,0.25,0.0,0.408248290463863,0.5625
random_32_20,Random,19,30,0.08310249307479224,2.0,0.15789473684210525,0.15789473684210525,0.6842105263157895,8,0.10526315789473684,0.47368421052631576,1.0,1.5789473684210527,0.6780509467729936,0.6087834458578989,13.897660818713444,2.5,1.7728105208558367,2.0794415416798357,1.828125,0.708502158530216,0.06371191135734072,0.00554016620498615,0.0332409972299169,0.0332409972299169,2.323447379380845,0.47368421052631576,2,0.2013784461152882,0.1222222222222222,5.9478402489091104,98.29452718892128
random_32_40,Random,0,,,,,,,,,,,,,,,,,,,,,,,,,,,,,,
random_33_10,Random,0,,,,,,,,,,,,,,,,,,,,,,,,,,,,,,
random_33_20,Random,4,3,0.1875,2.0,0.25,0.25,0.5,1,0.25,0.0,1.0,0.75,0.6666666666666666,0.6666666666666666,0.75,1.0,0.0,0.0,1.0,0.7698003589195009,0.0,0.0,0.0,0.0,0.3333333333333333,0.5,0,0.0,0.0,0.816496580927726,0.9166666666666666
random_33_40,Random,0,,,,,,,,,,,,,,,,,,,,,,,,,,,,,,
random_34_10,Random,4,3,0.1875,2.0,0.5,0.5,0.0,1,0.5,0.0,1.0,0.75,1.2765694770084508,1.2765694770084508,1.5,1.0,0.0,1.0986122886681098,1.0,0.7698003589195009,0.0,0.0,0.0625,0.0625,1.6666666666666665,0.0,0,0.5,0.0,0.0,0.3333333333333333
random_34_20,Random,20,60,0.15,2.0,0.05,0.0,0.95,6,0.0,0.9,1.0526315789473684,3.0,0.5072572735017881,0.43259045634870014,16.932780511474462,NaN,NaN,0.0,1.7755102040816326,0.7254762501100115,0.255,0.0475,0.1175,0.1275,1.9464813284969589,0.95,57,0.2616810966810967,0.3412229437229437,4.179230211878395,17.21995634418376
random_34_40,Random,0,,,,,,,,,,,,,,,,,,,,,,,,,,,,,,
random_35_10,Random,5,4,0.16,2.0,0.2,0.4,0.4,2,0.2,0.0,0.75,0.8,0.5590169943749473,1.0458250331675945,0.6,1.0,0.0,0.0,1.0,1.1180339887498947,0.0,0.0,0.0,0.0,0.25,0.4,0,0.2,0.0,0.7071067811865476,0.9666666666666669
random_35_20,Random,0,,,,,,,,,,,,,,,,,,,,,,,,,,,,,,
random_35_40,Random,21,38,0.08616780045351474,1.0,0.09523809523809523,0.047619047619047616,0.8571428571428571,9,0.0,0.5714285714285714,1.0526315789473684,1.8095238095238095,0.5956908975545646,0.48237638894272,13.684498838175148,4.5,1.6431676725154984,1.791759469228055,2.292307692307692,0.8992148005997948,0.10657596371882086,0.0045351473922902496,0.024943310657596373,0.036281179138321996,5.285780002103168,0.8571428571428571,4,0.25651927437641725,0.15087719298245614,3.4875878805085434,23.80302783599368
random_36_10,Random,0,,,,,,,,,,,,,,,,,,,,,,,,,,,,,,
random_36_20,Random,0,,,,,,,,,,,,,,,,,,,,,,,,,,,,,,
random_36_40,Random,0,,,,,,,,,,,,,,,,,,,,,,,,,,,,,,
random_37_10,Random,5,3,0.12,2.0,0.4,0.4,0.2,2,0.4,0.0,1.0,0.6,0.912870929175277,0.912870929175277,1.8,1.5,0.7071067811865476,0.6931471805599453,1.0,0.7453559924999299,0.04,0.0,0.0,0.0,0.6666666666666666,0.0,0,0.0,0.0,0.0,0.7000000000000001
random_37_20,Random,0,,,,,,,,,,,,,,,,,,,,,,,,,,,,,,
random_37_40,Random,0,,,,,,,,,,,,,,,,,,,,,,,,,,,,,,
random_38_10,Random,10,13,0.13,1.0,0.2,0.1,0.7,4,0.1,0.4,1.125,1.3,0.7297563831157798,0.6332866171912035,9.6,4.333333333333333,1.5275252316519465,1.0986122886681098,1.2777777777777777,1.0998774661296007,0.11,0.02,0.03,0.04,1.153846153846154,0.5,0,0.2316666666666667,0.43809523809523804,4.247171004146353,36.37777777777779
random_38_20,Random,20,89,0.2225,3.0,0.05,0.0,0.95,5,0.0,0.95,1.0526315789473684,4.45,0.46953868975122465,0.40248531880888533,11.500773481916687,NaN,NaN,0.0,1.7242990654205608,0.6225037192426778,0.275,0.07,0.1275,0.135,3.2920926551857024,0.95,85,0.3010499523696118,0.3927380952380952,2.654818332508267,8.37905681115778
random_38_40,Random,39,112,0.07363576594345825,5.0,0.10256410256410256,0.02564102564102564,0.8717948717948718,8,0.0,0.7692307692307693,1.0857142857142856,2.871794871794872,0.5880134077747536,0.5880134077747535,18.03024470060126,5.360655737704918,1.033324519616916,4.110873864173311,2.1947674418604652,0.7733590480750371,0.15581854043392504,0.017094017094017096,0.08086785009861933,0.08086785009861933,5.5793426421752,0.8461538461538461,178,0.20567242586473355,0.18026598026598029,4.270611001652624,40.80300956186383
random_39_10,Random,0,,,,,,,,,,,,,,,,,,,,,,,,,,,,,,
random_39_20,Random,17,20,0.06920415224913495,2.0,0.17647058823529413,0.35294117647058826,0.47058823529411764,5,0.23529411764705882,0.29411764705882354,0.7857142857142857,1.1764705882352942,0.6876136269737534,0.9132702228803915,1.0151848435393453,1.8571428571428572,0.8997354108424372,1.9459101490553132,1.5,0.8468692342977161,0.05190311418685121,0.006920415224913495,0.031141868512110725,0.01730103806228374,1.2124566889208148,0.23529411764705882,0,0.2147058823529412,0.1794871794871795,0.9751894604332308,1.7021072409139453
random_39_40,Random,0,,,,,,,,,,,,,,,,,,,,,,,,,,,,,,
random_3_10,Random,4,3,0.1875,2.0,0.25,0.5,0.25,2,0.25,0.0,0.6666666666666666,0.75,0.6666666666666666,1.2765694770084508,2.25,2.0,0.0,0.6931471805599453,1.0,1.3333333333333333,0.125,0.0,0.0625,0.0,0.3333333333333333,0.0,0,0.5,0.0,0.0,0.9166666666666666
random_3_20,Random,0,,,,,,,,,,,,,,,,,,,,,,,,,,,,,,
random_3_40,Random,0,,,,,,,,,,,,,,,,,,,,,,,,,,,,,,
random_40_10,Random,0,,,,,,,,,,,,,,,,,,,,,,,,,,,,,,
random_40_20,Random,0,,,,,,,,,,,,,,,,,,,,,,,,,,,,,,
random_40_40,Random,0,,,,,,,,,,,,,,,,,,,,,,,,,,,,,,
random_41_10,Random,10,19,0.19,1.0,0.1,0.0,0.9,5,0.0,0.7,1.1111111111111112,1.9,0.5233836452693438,0.677202072477852,15.54406779661016,NaN,NaN,0.0,2.1481481481481484,1.075769102930238,0.1,0.01,0.02,0.03,3.9722820590655927,0.9,2,0.31166666666666665,0.29259259259259257,3.682947169090975,30.733853618053526
random_41_20,Random,0,,,,,,,,,,,,,,,,,,,,,,,,,,,,,,
random_41_40,Random,0,,,,,,,,,,,,,,,,,,,,,,,,,,,,,,
random_42_10,Random,2,1,0.25,2.0,0.5,0.5,0.0,1,0.5,0.0,1.0,0.5,1.4142135623730951,1.4142135623730951,1.5,1.0,0.0,0.0,1.0,0.0,0.0,0.0,0.0,0.0,1.0,0.0,0,0.0,0.0,0.0,0.5
random_42_20,Random,0,,,,,,,,,,,,,,,,,,,,,,,,,,,,,,
random_42_40,Random,0,,,,,,,,,,,,,,,,,,,,,,,,,,,,,,
random_43_10,Random,0,,,,,,,,,,,,,,,,,,,,,,,,,,,,,,
random_43_20,Random,0,,,,,,,,,,,,,,,,,,,,,,,,,,,,,,
random_43_40,Random,0,,,,,,,,,,,,,,,,,,,,,,,,,,,,,,
random_44_10,Random,0,,,,,,,,,,,,,,,,,,,,,,,,,,,,,,
random_44_20,Random,0,,,,,,,,,,,,,,,,,,,,,,,,,,,,,,
random_44_40,Random,0,,,,,,,,,,,,,,,,,,,,,,,,,,,,,,
random_45_10,Random,0,,,,,,,,,,,,,,,,,,,,,,,,,,,,,,
random_45_20,Random,0,,,,,,,,,,,,,,,,,,,,,,,,,,,,,,
random_45_40,Random,0,,,,,,,,,,,,,,,,,,,,,,,,,,,,,,
random_46_10,Random,7,9,0.1836734693877551,2.0,0.14285714285714285,0.2857142857142857,0.5714285714285714,4,0.0,0.2857142857142857,0.8333333333333334,1.2857142857142858,0.7398142353865992,0.865431218188735,8.999999999999998,4.0,1.0,1.0986122886681098,1.4,1.1758894715842623,0.08163265306122448,0.04081632653061224,0.061224489795918366,0.04081632653061224,1.3004694835680752,0.5714285714285714,0,0.30476190476190473,0.625,2.666666666666666,13.666666666666663
random_46_20,Random,0,,,,,,,,,,,,,,,,,,,,,,,,,,,,,,
random_46_40,Random,0,,,,,,,,,,,,,,,,,,,,,,,,,,,,,,
random_47_10,Random,0,,,,,,,,,,,,,,,,,,,,,,,,,,,,,,
random_47_20,Random,20,70,0.175,2.0,0.05,0.0,0.95,6,0.0,0.9,1.0526315789473684,3.5,0.4948716593053935,0.4093430853779308,40.2043167180083,NaN,NaN,0.0,1.831578947368421,0.6355051611764042,0.2975,0.0725,0.1275,0.1575,2.72539449532518,0.95,59,0.2935936285936286,0.31265873015873014,8.15673670141652,98.79281631609756
random_47_40,Random,0,,,,,,,,,,,,,,,,,,,,,,,,,,,,,,
random_48_10,Random,8,13,0.203125,1.0,0.125,0.125,0.75,4,0.0,0.5,1.0,1.625,0.6527139518645053,0.5637694654233257,11.999999999999998,4.333333333333333,1.5275252316519465,1.0986122886681098,1.434782608695652,1.0784917930888174,0.15625,0.046875,0.0625,0.078125,2.273258645884072,0.75,1,0.33809523809523806,0.6333333333333333,3.1894055390162745,21.805714285714284
random_48_20,Random,0,,,,,,,,,,,,,,,,,,,,,,,,,,,,,,
random_48_40,Random,36,72,0.05555555555555555,1.0,0.08333333333333333,0.1111111111111111,0.8055555555555556,9,0.027777777777777776,0.6388888888888888,0.9696969696969697,2.0,0.5732115042211109,0.5976143046671968,11.737698117683077,4.7,1.316997630453711,3.4011973816621555,2.274774774774775,0.7367883976130073,0.08410493827160494,0.0038580246913580245,0.038580246913580245,0.037037037037037035,2.805339601507687,0.5555555555555556,41,0.24018959435626097,0.10714285714285715,3.30928759393987,26.054683985830362
random_49_10,Random,10,26,0.26,3.0,0.1,0.0,0.9,4,0.0,0.8,1.1111111111111112,2.6,0.5790558866992931,0.41344911529736156,12.710231023102306,NaN,NaN,0.0,1.6842105263157894,0.7206907344900101,0.19,0.1,0.05,0.05,2.5859713647707867,0.9,6,0.29666666666666663,0.5564285714285714,3.6041972667351176,23.66502267388454
random_49_20,Random,0,,,,,,,,,,,,,,,,,,,,,,,,,,,,,,
random_49_40,Random,0,,,,,,,,,,,,,,,,,,,,,,,,,,,,,,
random_4_10,Random,6,4,0.1111111111111111,2.0,0.3333333333333333,0.5,0.16666666666666666,2,0.5,0.0,0.75,0.6666666666666666,0.7745966692414835,1.2247448713915892,1.8333333333333333,1.3333333333333333,0.5773502691896257,1.0986122886681098,1.2,0.7745966692414833,0.027777777777777776,0.0,0.027777777777777776,0.0,0.8000000000000002,0.0,0,0.3333333333333333,0.0,0.0,0.5666666666666667
random_4_20,Random,0,,,,,,,,,,,,,,,,,,,,,,,,,,,,,,
random_4_40,Random,0,,,,,,,,,,,,,,,,,,,,,,,,,,,,,,
random_50_10,Random,0,,,,,,,,,,,,,,,,,,,,,,,,,,,,,,
random_50_20,Random,0,,,,,,,,,,,,,,,,,,,,,,,,,,,,,,
random_50_40,Random,0,,,,,,,,,,,,,,,,,,,,,,,,,,,,,,
random_51_10,Random,0,,,,,,,,,,,,,,,,,,,,,,,,,,,,,,
random_51_20,Random,0,,,,,,,,,,,,,,,,,,,,,,,,,,,,,,
random_51_40,Random,0,,,,,,,,,,,,,,,,,,,,,,,,,,,,,,
random_52_10,Random,10,23,0.23,3.0,0.1,0.0,0.9,6,0.0,0.7,1.1111111111111112,2.3,0.5815189173257647,0.29345589465676214,8.935555555555554,NaN,NaN,0.0,1.574468085106383,0.7158892194335345,0.15,0.03,0.06,0.09,2.4369885433715224,0.9,6,0.3146103896103896,0.38142857142857145,2.9156256619354903,8.997812894375857
random_52_20,Random,0,,,,,,,,,,,,,,,,,,,,,,,,,,,,,,
random_52_40,Random,0,,,,,,,,,,,,,,,,,,,,,,,,,,,,,,
random_53_10,Random,8,6,0.09375,2.0,0.5,0.375,0.125,2,0.375,0.0,1.25,0.75,1.1818736805705579,0.9428090415820635,1.625,1.4,0.5477225575051661,1.6094379124341003,1.25,1.0079052613579391,0.03125,0.0,0.015625,0.03125,2.6363636363636362,0.0,0,0.25,0.0,0.0,0.5535714285714286
random_53_20,Random,0,,,,,,,,,,,,,,,,,,,,,,,,,,,,,,
random_53_40,Random,0,,,,,,,,,,,,,,,,,,,,,,,,,,,,,,
random_54_10,Random,4,2,0.125,2.0,0.5,0.5,0.0,1,0.5,0.0,1.0,0.5,1.1547005383792515,1.1547005383792515,1.5,1.0,0.0,0.6931471805599453,1.0,0.0,0.0,0.0,0.0,0.0,1.0,0.0,0,0.0,0.0,0.0,0.3333333333333333
random_54_20,Random,0,,,,,,,,,,,,,,,,,,,,,,,,,,,,,,
random_54_40,Random,40,93,0.058125,1.0,0.125,0.1,0.775,8,0.0,0.7,1.0285714285714285,2.325,0.6112782525732536,0.6415670490398406,11.40413354149074,5.357142857142857,0.9588683806594999,4.836281906951478,1.9695817490494296,0.9319420575276337,0.1175,0.005625,0.055625,0.05375,3.3433954902283674,0.725,104,0.22650217837717843,0.07433862433862433,3.54363617555065,19.590493212224438
random_55_10,Random,0,,,,,,,,,,,,,,,,,,,,,,,,,,,,,,
random_55_20,Random,0,,,,,,,,,,,,,,,,,,,,,,,,,,,,,,
random_55_40,Random,0,,,,,,,,,,,,,,,,,,,,,,,,,,,,,,
random_56_10,Random,3,2,0.2222222222222222,2.0,0.3333333333333333,0.6666666666666666,0.0,1,0.6666666666666666,0.0,0.5,0.6666666666666666,0.8660254037844388,1.7320508075688776,1.6666666666666667,1.0,0.0,0.6931471805599453,1.0,0.8660254037844386,0.0,0.0,0.1111111111111111,0.0,0.5,0.0,0,0.6666666666666666,0.0,0.0,0.3333333333333333
random_56_20,Random,0,,,,,,,,,,,,,,,,,,,,,,,,,,,,,,
random_56_40,Random,0,,,,,,,,,,,,,,,,,,,,,,,,,,,,,,
random_57_10,Random,3,2,0.2222222222222222,2.0,0.3333333333333333,0.6666666666666666,0.0,1,0.6666666666666666,0.0,0.5,0.6666666666666666,0.8660254037844388,1.7320508075688776,1.6666666666666667,1.0,0.0,0.6931471805599453,1.0,0.8660254037844386,0.0,0.0,0.1111111111111111,0.0,0.5,0.0,0,0.6666666666666666,0.0,0.0,0.3333333333333333
random_57_20,Random,0,,,,,,,,,,,,,,,,,,,,,,,,,,,,,,
random_57_40,Random,0,,,,,,,,,,,,,,,,,,,,,,,,,,,,,,
random_58_10,Random,4,3,0.1875,2.0,0.25,0.75,0.0,1,0.75,0.0,0.3333333333333333,0.75,0.6666666666666666,2.0,1.75,1.0,0.0,1.0986122886681098,1.0,1.3333333333333333,0.0,0.0,0.1875,0.0,0.3333333333333333,0.0,0,0.75,0.0,0.0,0.25
random_58_20,Random,20,44,0.11,1.0,0.05,0.15,0.8,6,0.0,0.7,0.8947368421052632,2.2,0.5234808381476689,0.7314473487616447,28.26628718882815,4.863636363636363,1.3200091827045153,3.091042453358316,1.9191919191919191,0.826381032657016,0.1375,0.0275,0.08,0.055,3.0494484303778053,0.65,26,0.2658730158730159,0.30539682539682544,5.605532102481435,49.455350174286394
random_58_40,Random,0,,,,,,,,,,,,,,,,,,,,,,,,,,,,,,
random_59_10,Random,7,10,0.20408163265306123,2.0,0.2857142857142857,0.14285714285714285,0.5714285714285714,3,0.2857142857142857,0.42857142857142855,1.2,1.4285714285714286,0.7937253933193772,0.8906926143924925,2.0476190476190474,3.0,0.8944271909999159,1.791759469228055,1.0,0.6298147875897061,0.10204081632653061,0.061224489795918366,0.08163265306122448,0.061224489795918366,1.4705882352941178,0.0,0,0.4476190476190475,0.4047619047619047,0.42163702135578385,0.7195767195767194
random_59_20,Random,0,,,,,,,,,,,,,,,,,,,,,,,,,,,,,,
random_59_40,Random,0,,,,,,,,,,,,,,,,,,,,,,,,,,,,,,
random_5_10,Random,0,,,,,,,,,,,,,,,,,,,,,,,,,,,,,,
random_5_20,Random,0,,,,,,,,,,,,,,,,,,,,,,,,,,,,,,
random_5_40,Random,0,,,,,,,,,,,,,,,,,,,,,,,,,,,,,,
random_60_10,Random,0,,,,,,,,,,,,,,,,,,,,,,,,,,,,,,
random_60_20,Random,0,,,,,,,,,,,,,,,,,,,,,,,,,,,,,,
random_60_40,Random,0,,,,,,,,,,,,,,,,,,,,,,,,,,,,,,
random_61_10,Random,8,13,0.203125,1.0,0.125,0.0,0.875,6,0.0,0.5,1.1428571428571428,1.625,0.6527139518645053,0.4578608056263661,13.583333333333334,NaN,NaN,0.0,1.4545454545454546,0.8546031690208167,0.109375,0.0,0.03125,0.046875,2.2495164410058024,0.875,1,0.3339285714285714,0.21428571428571425,3.8050798255269864,31.706349206349213
random_61_20,Random,8,5,0.078125,2.0,0.5,0.5,0.0,1,0.5,0.0,1.0,0.625,1.190438094628552,1.190438094628552,1.5,1.0,0.0,1.6094379124341003,1.0,0.7406560798180412,0.0,0.0,0.015625,0.015625,1.2857142857142856,0.0,0,0.25,0.0,0.0,0.2857142857142857
random_61_40,Random,0,,,,,,,,,,,,,,,,,,,,,,,,,,,,,,
random_62_10,Random,0,,,,,,,,,,,,,,,,,,,,,,,,,,,,,,
random_62_20,Random,0,,,,,,,,,,,,,,,,,,,,,,,,,,,,,,
random_62_40,Random,0,,,,,,,,,,,,,,,,,,,,,,,,,,,,,,
random_63_10,Random,9,12,0.14814814814814814,2.0,0.2222222222222222,0.3333333333333333,0.4444444444444444,4,0.1111111111111111,0.3333333333333333,0.8571428571428571,1.3333333333333333,0.9185586535436917,0.9185586535436919,7.638888888888889,3.0,1.6733200530681511,1.791759469228055,1.1428571428571428,1.125,0.06172839506172839,0.012345679012345678,0.037037037037037035,0.06172839506172839,1.0224719101123596,0.4444444444444444,0,0.282010582010582,0.2222222222222222,3.75,25.361111111111114
random_63_20,Random,0,,,,,,,,,,,,,,,,,,,,,,,,,,,,,,
random_63_40,Random,0,,,,,,,,,,,,,,,,,,,,,,,,,,,,,,
random_64_10,Random,6,4,0.1111111111111111,1.0,0.3333333333333333,0.3333333333333333,0.3333333333333333,2,0.3333333333333333,0.0,1.0,0.6666666666666666,0.7745966692414835,0.7745966692414835,2.0,2.0,0.0,0.6931471805599453,1.0,0.7745966692414835,0.05555555555555555,0.0,0.0,0.0,0.5,0.0,0,0.0,0.0,0.0,0.8
random_64_20,Random,17,32,0.11072664359861592,3.0,0.11764705882352941,0.058823529411764705,0.8235294117647058,7,0.058823529411764705,0.5294117647058824,1.0666666666666667,1.8823529411764706,0.6998186148924591,0.6196056268405735,14.387846992729674,1.0,0.0,0.6931471805599453,1.9759036144578312,0.8085088270622035,0.15570934256055363,0.020761245674740483,0.0657439446366782,0.07612456747404844,2.18562859019434,0.8235294117647058,9,0.2807422969187675,0.14821428571428572,3.289033082994318,42.637443729281834
random_64_40,Random,0,,,,,,,,,,,,,,,,,,,,,,,,,,,,,,
random_65_10,Random,0,,,,,,,,,,,,,,,,,,,,,,,,,,,,,,
random_65_20,Random,0,,,,,,,,,,,,,,,,,,,,,,,,,,,,,,
random_65_40,Random,0,,,,,,,,,,,,,,,,,,,,,,,,,,,,,,
random_66_10,Random,0,,,,,,,,,,,,,,,,,,,,,,,,,,,,,,
random_66_20,Random,18,43,0.13271604938271606,1.0,0.1111111111111111,0.2222222222222222,0.6666666666666666,5,0.0,0.7222222222222222,0.875,2.388888888888889,0.6115048796179661,0.7750524266895298,7.929723853011524,5.1420118343195265,1.0425235979295948,5.1298987149230735,1.6103896103896105,1.0208901892685822,0.17592592592592593,0.027777777777777776,0.10185185185185185,0.07098765432098765,1.9656961107227655,0.6666666666666666,22,0.29211860670194,0.21805555555555556,2.334089077931529,7.459345440434258
random_66_40,Random,0,,,,,,,,,,,,,,,,,,,,,,,,,,,,,,
random_67_10,Random,5,3,0.12,2.0,0.4,0.6,0.0,1,0.6,0.0,0.6666666666666666,0.6,0.912870929175277,1.4907119849998598,1.6,1.0,0.0,1.0986122886681098,1.0,0.7453559924999299,0.0,0.0,0.04,0.0,0.6666666666666666,0.0,0,0.4,0.0,0.0,0.3
random_67_20,Random,0,,,,,,,,,,,,,,,,,,,,,,,,,,,,,,
random_67_40,Random,0,,,,,,,,,,,,,,,,,,,,,,,,,,,,,,
random_68_10,Random,3,2,0.2222222222222222,2.0,0.3333333333333333,0.3333333333333333,0.3333333333333333,2,0.3333333333333333,0.0,1.0,0.6666666666666666,0.8660254037844388,0.8660254037844388,2.0,2.0,0.0,0.0,1.0,0.8660254037844386,0.1111111111111111,0.0,0.0,0.0,0.5,0.0,0,0.0,0.0,0.0,1.0
random_68_20,Random,0,,,,,,,,,,,,,,,,,,,,,,,,,,,,,,
random_68_40,Random,0,,,,,,,,,,,,,,,,,,,,,,,,,,,,,,
random_69_10,Random,0,,,,,,,,,,,,,,,,,,,,,,,,,,,,,,
random_69_20,Random,0,,,,,,,,,,,,,,,,,,,,,,,,,,,,,,
random_69_40,Random,40,107,0.066875,3.0,0.05,0.1,0.85,9,0.025,0.725,0.9473684210526315,2.675,0.5888782310370223,0.6356972431493937,12.659095536486031,5.074866310160428,0.9642866650293969,5.231108616854587,2.272289156626506,0.8941156473762727,0.141875,0.008125,0.071875,0.0675,5.496614204384115,0.8,161,0.24949744291656048,0.10293780293780294,3.3719511085887164,14.443768637767006
random_6_10,Random,4,5,0.3125,2.0,0.25,0.0,0.75,2,0.25,0.25,1.3333333333333333,1.25,1.0066445913694333,0.4,2.7499999999999996,NaN,NaN,0.0,1.2857142857142858,0.8,0.0,0.0625,0.0,0.0,1.6086956521739129,0.5,0,0.3,0.7777777777777777,1.1401754250991376,2.416666666666665
random_6_20,Random,0,,,,,,,,,,,,,,,,,,,,,,,,,,,,,,
random_6_40,Random,0,,,,,,,,,,,,,,,,,,,,,,,,,,,,,,
random_70_10,Random,8,5,0.078125,2.0,0.375,0.375,0.25,2,0.375,0.0,1.0,0.625,0.828078671210825,0.828078671210825,1.875,1.6666666666666667,0.5773502691896257,1.0986122886681098,1.1666666666666667,0.7406560798180412,0.03125,0.0,0.0,0.0,0.8461538461538461,0.0,0,0.0,0.0,0.0,0.6964285714285714
random_70_20,Random,0,,,,,,,,,,,,,,,,,,,,,,,,,,,,,,
random_70_40,Random,0,,,,,,,,,,,,,,,,,,,,,,,,,,,,,,
random_71_10,Random,3,2,0.2222222222222222,3.0,0.3333333333333333,0.3333333333333333,0.3333333333333333,2,0.3333333333333333,0.0,1.0,0.6666666666666666,0.8660254037844388,0.8660254037844388,2.0,2.0,0.0,0.0,1.3333333333333333,0.8660254037844388,0.1111111111111111,0.0,0.0,0.0,1.25,0.0,0,0.0,0.0,0.0,1.0
random_71_20,Random,0,,,,,,,,,,,,,,,,,,,,,,,,,,,,,,
random_71_40,Random,0,,,,,,,,,,,,,,,,,,,,,,,,,,,,,,
random_72_10,Random,3,2,0.2222222222222222,3.0,0.3333333333333333,0.3333333333333333,0.3333333333333333,2,0.3333333333333333,0.0,1.0,0.6666666666666666,0.8660254037844388,0.8660254037844388,2.0,2.0,0.0,0.0,1.3333333333333333,0.8660254037844386,0.1111111111111111,0.0,0.0,0.0,1.25,0.0,0,0.0,0.0,0.0,1.0
random_72_20,Random,0,,,,,,,,,,,,,,,,,,,,,,,,,,,,,,
random_72_40,Random,0,,,,,,,,,,,,,,,,,,,,,,,,,,,,,,
random_73_10,Random,3,2,0.2222222222222222,2.0,0.3333333333333333,0.6666666666666666,0.0,1,0.6666666666666666,0.0,0.5,0.6666666666666666,0.8660254037844388,1.7320508075688776,1.6666666666666667,1.0,0.0,0.6931471805599453,1.0,0.8660254037844388,0.0,0.0,0.1111111111111111,0.0,0.5,0.0,0,0.6666666666666666,0.0,0.0,0.3333333333333333
random_73_20,Random,5,4,0.16,2.0,0.2,0.4,0.4,2,0.4,0.0,0.75,0.8,0.5590169943749476,1.0458250331675945,2.2,2.0,0.0,0.6931471805599453,1.0,0.6846531968814576,0.08,0.0,0.04,0.0,0.25,0.0,0,0.13333333333333333,0.0,0.0,0.7
random_73_40,Random,0,,,,,,,,,,,,,,,,,,,,,,,,,,,,,,
random_74_10,Random,0,,,,,,,,,,,,,,,,,,,,,,,,,,,,,,
random_74_20,Random,0,,,,,,,,,,,,,,,,,,,,,,,,,,,,,,
random_74_40,Random,0,,,,,,,,,,,,,,,,,,,,,,,,,,,,,,
random_75_10,Random,10,27,0.27,2.0,0.1,0.0,0.9,3,0.0,0.8,1.1111111111111112,2.7,0.5534941178138245,0.46357983593873053,17.270323741007182,NaN,NaN,0.0,1.469387755102041,0.7448445989628819,0.09,0.01,0.05,0.07,3.1903738614441646,0.9,7,0.36756854256854254,0.41999999999999993,4.630712344904183,38.375209400824595
random_75_20,Random,14,28,0.14285714285714285,1.0,0.07142857142857142,0.21428571428571427,0.7142857142857143,6,0.14285714285714285,0.5714285714285714,0.8461538461538461,2.0,0.5883484054145521,0.6793662204867574,7.08673469387755,4.0588235294117645,1.4348601079588785,2.833213344056216,1.5862068965517242,0.9607689228305228,0.10204081632653061,0.015306122448979591,0.05612244897959184,0.05102040816326531,2.523742808462175,0.6428571428571429,8,0.2494897959183673,0.3128205128205128,2.268907176611571,9.309746029239445
random_75_40,Random,40,95,0.059375,1.0,0.025,0.125,0.85,10,0.025,0.7,0.8974358974358975,2.375,0.5106994989869305,0.6788432689655791,57.45870181120697,5.294117647058823,0.8488746876271656,2.833213344056216,2.174757281553398,0.8829500687593571,0.10125,0.00625,0.05375,0.044375,2.9227277238835763,0.825,113,0.23930430680430673,0.1682121971595656,11.211888454432671,209.98557264307868
random_76_10,Random,0,,,,,,,,,,,,,,,,,,,,,,,,,,,,,,
random_76_20,Random,0,,,,,,,,,,,,,,,,,,,,,,,,,,,,,,
random_76_40,Random,0,,,,,,,,,,,,,,,,,,,,,,,,,,,,,,
random_77_10,Random,9,7,0.08641975308641975,2.0,0.4444444444444444,0.4444444444444444,0.1111111111111111,2,0.3333333333333333,0.0,1.0,0.7777777777777778,1.2494896917525644,1.0714285714285714,1.7777777777777777,1.75,0.4629100498862757,2.0794415416798357,1.0,1.7142857142857142,0.07407407407407407,0.0,0.024691358024691357,0.037037037037037035,1.0769230769230769,0.0,0,0.5444444444444445,0.0,3.8459253727671276e-16,0.6944444444444448
random_77_20,Random,20,68,0.17,3.0,0.05,0.05,0.9,5,0.0,0.8,1.0,3.4,0.5174077690662121,0.42030073093610415,23.126006032098324,5.432098765432099,0.8052681479628115,4.394449154672439,1.8869047619047619,0.6004915123929888,0.2425,0.0475,0.1225,0.13,4.257601617892733,0.9,56,0.286269425019425,0.32146825396825396,5.021856732565691,35.580764982941915
random_77_40,Random,0,,,,,,,,,,,,,,,,,,,,,,,,,,,,,,
random_78_10,Random,0,,,,,,,,,,,,,,,,,,,,,,,,,,,,,,
random_78_20,Random,0,,,,,,,,,,,,,,,,,,,,,,,,,,,,,,
random_78_40,Random,0,,,,,,,,,,,,,,,,,,,,,,,,,,,,,,
random_79_10,Random,5,5,0.2,1.0,0.2,0.0,0.8,4,0.2,0.2,1.25,1.0,0.7071067811865476,0.0,3.8,NaN,NaN,0.0,1.1666666666666667,0.7071067811865476,0.08,0.0,0.0,0.0,0.7647058823529412,0.4,0,0.13333333333333333,0.0,1.2649110640673518,6.7
random_79_20,Random,0,,,,,,,,,,,,,,,,,,,,,,,,,,,,,,
random_79_40,Random,0,,,,,,,,,,,,,,,,,,,,,,,,,,,,,,
random_7_10,Random,3,3,0.3333333333333333,2.0,0.3333333333333333,0.3333333333333333,0.3333333333333333,1,0.3333333333333333,0.3333333333333333,1.0,1.0,1.0,1.0,1.8333333333333333,1.5,0.7071067811865476,0.6931471805599453,1.0,0.0,0.0,0.1111111111111111,0.0,0.0,1.0,0.0,0,0.3333333333333333,1.0,0.408248290463863,0.5833333333333333
random_7_20,Random,20,71,0.1775,2.0,0.05,0.05,0.9,6,0.0,0.95,1.0,3.55,0.5443409994580575,0.5742102142908745,20.63694082580239,5.308510638297872,0.9161231516111072,4.543294782270004,1.8804347826086956,0.7014027942528863,0.1975,0.0725,0.1175,0.1275,4.15846157965269,0.9,46,0.31002011877011876,0.3916341991341991,5.102734875747242,31.131540077657604
random_7_40,Random,0,,,,,,,,,,,,,,,,,,,,,,,,,,,,,,
random_80_10,Random,6,7,0.19444444444444445,2.0,0.5,0.16666666666666666,0.3333333333333333,2,0.16666666666666666,0.3333333333333333,1.6666666666666667,1.1666666666666667,1.261680123761121,0.6452337023220693,1.6296296296296298,1.8,0.8366600265340756,1.6094379124341003,1.0,0.8852533362759808,0.05555555555555555,0.05555555555555555,0.0,0.1111111111111111,2.6,0.0,0,0.34722222222222215,0.7333333333333334,0.5143444998736397,0.49711934156378595
random_80_20,Random,0,,,,,,,,,,,,,,,,,,,,,,,,,,,,,,
random_80_40,Random,0,,,,,,,,,,,,,,,,,,,,,,,,,,,,,,
random_81_10,Random,10,28,0.28,1.0,0.1,0.0,0.9,4,0.0,0.8,1.1111111111111112,2.8,0.4702004204317024,0.5270462766947299,10.125925925925921,NaN,NaN,0.0,1.5098039215686274,0.6116777418411967,0.06,0.02,0.07,0.08,3.479414455626715,0.9,9,0.39772727272727276,0.5199999999999999,2.9572089190254367,14.33866111195785
random_81_20,Random,0,,,,,,,,,,,,,,,,,,,,,,,,,,,,,,
random_81_40,Random,0,,,,,,,,,,,,,,,,,,,,,,,,,,,,,,
random_82_10,Random,0,,,,,,,,,,,,,,,,,,,,,,,,,,,,,,
random_82_20,Random,0,,,,,,,,,,,,,,,,,,,,,,,,,,,,,,
random_82_40,Random,0,,,,,,,,,,,,,,,,,,,,,,,,,,,,,,
random_83_10,Random,0,,,,,,,,,,,,,,,,,,,,,,,,,,,,,,
random_83_20,Random,18,40,0.12345679012345678,2.0,0.1111111111111111,0.0,0.8888888888888888,6,0.05555555555555555,0.7777777777777778,1.125,2.2222222222222223,0.5246847793171238,0.47712373533867436,8.807151453818287,NaN,NaN,0.0,1.7222222222222223,0.7437978852602681,0.18209876543209877,0.018518518518518517,0.08024691358024691,0.08024691358024691,3.9521517084852515,0.8333333333333334,21,0.25256533589866925,0.27354497354497354,3.0608631142512794,14.341068887728571
random_83_40,Random,0,,,,,,,,,,,,,,,,,,,,,,,,,,,,,,
random_84_10,Random,0,,,,,,,,,,,,,,,,,,,,,,,,,,,,,,
random_84_20,Random,14,17,0.08673469387755102,2.0,0.35714285714285715,0.2857142857142857,0.35714285714285715,3,0.2857142857142857,0.14285714285714285,1.1111111111111112,1.2142857142857142,1.0799796920378952,0.8029092695830125,1.9821428571428572,2.1333333333333333,0.8338093878327919,2.70805020110221,1.105263157894737,1.0067644514152672,0.061224489795918366,0.00510204081632653,0.03571428571428571,0.061224489795918366,1.4925816023738874,0.0,2,0.25000000000000006,0.0606060606060606,0.5285941398709245,0.7352335164835169
random_84_40,Random,0,,,,,,,,,,,,,,,,,,,,,,,,,,,,,,
random_85_10,Random,0,,,,,,,,,,,,,,,,,,,,,,,,,,,,,,
random_85_20,Random,6,5,0.1388888888888889,2.0,0.3333333333333333,0.3333333333333333,0.3333333333333333,2,0.3333333333333333,0.16666666666666666,1.0,0.8333333333333334,0.9033271832508971,0.9033271832508971,2.0,2.0,1.0,1.0986122886681098,1.0,0.9797958971132712,0.05555555555555555,0.027777777777777776,0.0,0.0,0.7142857142857142,0.0,0,0.15277777777777776,0.7777777777777777,0.31622776601683794,0.9
random_85_40,Random,0,,,,,,,,,,,,,,,,,,,,,,,,,,,,,,
random_86_10,Random,5,3,0.12,2.0,0.4,0.6,0.0,1,0.6,0.0,0.6666666666666666,0.6,0.912870929175277,1.4907119849998598,1.6,1.0,0.0,1.0986122886681098,1.0,0.7453559924999299,0.0,0.0,0.04,0.0,0.6666666666666666,0.0,0,0.4,0.0,0.0,0.3
random_86_20,Random,0,,,,,,,,,,,,,,,,,,,,,,,,,,,,,,
random_86_40,Random,0,,,,,,,,,,,,,,,,,,,,,,,,,,,,,,
random_87_10,Random,0,,,,,,,,,,,,,,,,,,,,,,,,,,,,,,
random_87_20,Random,20,105,0.2625,3.0,0.05,0.05,0.9,4,0.0,0.95,1.0,5.25,0.43203833046148354,0.4093430853779308,24.27737033837584,5.68780971258672,0.6398319932824509,6.9167150203536085,1.832167832167832,0.5298129428260175,0.37,0.19,0.1875,0.2375,4.164416173066584,0.9,79,0.3682592734063322,0.5217352092352092,5.2196696321154885,35.52739411945574
random_87_40,Random,40,138,0.08625,1.0,0.025,0.0,0.975,6,0.025,0.825,1.0256410256410255,3.45,0.5410760735220017,0.39356189823890486,19.265726491920443,NaN,NaN,0.0,2.2055888223552893,0.6687476609236997,0.193125,0.0225,0.07875,0.09875,3.2971000266564223,0.95,269,0.20916444666444667,0.18155122655122655,3.8586100245595243,22.92204919103216
random_88_10,Random,0,,,,,,,,,,,,,,,,,,,,,,,,,,,,,,
random_88_20,Random,0,,,,,,,,,,,,,,,,,,,,,,,,,,,,,,
random_88_40,Random,0,,,,,,,,,,,,,,,,,,,,,,,,,,,,,,
random_89_10,Random,0,,,,,,,,,,,,,,,,,,,,,,,,,,,,,,
random_89_20,Random,0,,,,,,,,,,,,,,,,,,,,,,,,,,,,,,
random_89_40,Random,0,,,,,,,,,,,,,,,,,,,,,,,,,,,,,,
random_8_10,Random,0,,,,,,,,,,,,,,,,,,,,,,,,,,,,,,
random_8_20,Random,0,,,,,,,,,,,,,,,,,,,,,,,,,,,,,,
random_8_40,Random,40,151,0.094375,2.0,0.05,0.05,0.9,6,0.025,0.85,1.0,3.775,0.5177348955149695,0.5072018081681796,13.812168368545496,5.621890547263682,0.7103775665120066,6.401917196727186,2.333922261484099,0.6968706644613,0.186875,0.020625,0.0975,0.103125,6.201444039201616,0.875,310,0.23275395764366347,0.16092171717171716,3.936953382648479,15.971510832677653
random_90_10,Random,2,1,0.25,2.0,0.5,0.5,0.0,1,0.5,0.0,1.0,0.5,1.4142135623730951,1.4142135623730951,1.5,1.0,0.0,0.0,1.0,0.0,0.0,0.0,0.0,0.0,1.0,0.0,0,0.0,0.0,0.0,0.5
random_90_20,Random,20,82,0.205,3.0,0.05,0.05,0.9,5,0.0,0.9,1.0,4.1,0.5589907397901777,0.4469404708282019,14.426950538389809,5.587209302325581,0.7402064690037947,5.147494476813453,1.7706422018348624,0.6310777935919296,0.3475,0.1075,0.175,0.1875,4.738217162615838,0.9,71,0.29714585122479853,0.3850721500721501,3.7758835904069086,13.91237082877893
random_90_40,Random,0,,,,,,,,,,,,,,,,,,,,,,,,,,,,,,
random_91_10,Random,4,4,0.25,2.0,0.25,0.25,0.5,2,0.25,0.25,1.0,1.0,0.816496580927726,0.816496580927726,2.25,2.5,0.7071067811865476,0.6931471805599453,1.3333333333333333,0.816496580927726,0.125,0.0625,0.0,0.0,1.3529411764705883,0.0,0,0.22916666666666663,0.7777777777777777,0.3535533905932738,1.0833333333333333
random_91_20,Random,0,,,,,,,,,,,,,,,,,,,,,,,,,,,,,,
random_91_40,Random,0,,,,,,,,,,,,,,,,,,,,,,,,,,,,,,
random_92_10,Random,6,5,0.1388888888888889,2.0,0.3333333333333333,0.3333333333333333,0.3333333333333333,2,0.3333333333333333,0.16666666666666666,1.0,0.8333333333333334,0.9033271832508971,0.9033271832508971,1.9166666666666667,1.6666666666666667,0.5773502691896257,1.0986122886681098,1.0,0.6196773353931866,0.05555555555555555,0.0,0.027777777777777776,0.027777777777777776,0.7142857142857142,0.0,0,0.2222222222222222,0.0,0.31622776601683794,0.6416666666666667
random_92_20,Random,15,26,0.11555555555555555,2.0,0.13333333333333333,0.13333333333333333,0.7333333333333333,5,0.06666666666666667,0.4666666666666667,1.0,1.7333333333333334,0.7383928539486743,0.7383928539486743,9.219277108433733,4.125,1.7268882005337975,2.0794415416798357,1.4090909090909092,1.1715672144415588,0.13777777777777778,0.022222222222222223,0.07111111111111111,0.07111111111111111,1.5073219515679694,0.7333333333333333,5,0.2551851851851852,0.44786324786324777,3.417646405839385,19.77335918545091
random_92_40,Random,0,,,,,,,,,,,,,,,,,,,,,,,,,,,,,,
random_93_10,Random,2,1,0.25,2.0,0.5,0.5,0.0,1,0.5,0.0,1.0,0.5,1.4142135623730951,1.4142135623730951,1.5,1.0,0.0,0.0,1.0,0.0,0.0,0.0,0.0,0.0,1.0,0.0,0,0.0,0.0,0.0,0.5
random_93_20,Random,18,33,0.10185185185185185,3.0,0.16666666666666666,0.05555555555555555,0.7777777777777778,6,0.0,0.5555555555555556,1.1333333333333333,1.8333333333333333,0.706246867477705,0.6810155703783249,14.168845315904134,5.0,0.816496580927726,1.3862943611198906,1.5846153846153845,1.1068356135183106,0.11419753086419752,0.018518518518518517,0.05246913580246913,0.040123456790123455,2.0167597765363126,0.7777777777777778,11,0.261075036075036,0.18040293040293037,4.391448567793415,42.405777817983505
random_93_40,Random,0,,,,,,,,,,,,,,,,,,,,,,,,,,,,,,
random_94_10,Random,0,,,,,,,,,,,,,,,,,,,,,,,,,,,,,,
random_94_20,Random,0,,,,,,,,,,,,,,,,,,,,,,,,,,,,,,
random_94_40,Random,0,,,,,,,,,,,,,,,,,,,,,,,,,,,,,,
random_95_10,Random,0,,,,,,,,,,,,,,,,,,,,,,,,,,,,,,
random_95_20,Random,0,,,,,,,,,,,,,,,,,,,,,,,,,,,,,,
random_95_40,Random,0,,,,,,,,,,,,,,,,,,,,,,,,,,,,,,
random_96_10,Random,7,6,0.12244897959183673,2.0,0.14285714285714285,0.42857142857142855,0.42857142857142855,2,0.42857142857142855,0.0,0.6666666666666666,0.8571428571428571,0.4409585518440985,1.247219128924647,2.2857142857142856,2.0,0.0,1.0986122886681098,1.1428571428571428,0.8819171036881969,0.061224489795918366,0.0,0.061224489795918366,0.0,0.3125,0.0,0,0.14285714285714285,0.0,0.0,0.5714285714285715
random_96_20,Random,0,,,,,,,,,,,,,,,,,,,,,,,,,,,,,,
random_96_40,Random,0,,,,,,,,,,,,,,,,,,,,,,,,,,,,,,
random_97_10,Random,3,2,0.2222222222222222,3.0,0.3333333333333333,0.3333333333333333,0.3333333333333333,2,0.3333333333333333,0.0,1.0,0.6666666666666666,0.8660254037844388,0.8660254037844388,2.0,2.0,0.0,0.0,1.3333333333333333,0.8660254037844388,0.1111111111111111,0.0,0.0,0.0,1.25,0.0,0,0.0,0.0,0.0,1.0
random_97_20,Random,20,49,0.1225,2.0,0.05,0.05,0.9,6,0.0,0.8,1.0,2.45,0.4861121766990861,0.5375078665392272,25.54575250971501,5.333333333333333,1.3228756555322954,2.1972245773362196,1.7946428571428572,0.7934495849150873,0.15,0.005,0.0825,0.0675,2.9180205068685066,0.9,26,0.2903282828282828,0.1319047619047619,5.420194013460598,41.95220756417745
random_97_40,Random,0,,,,,,,,,,,,,,,,,,,,,,,,,,,,,,
random_98_10,Random,9,10,0.12345679012345678,3.0,0.3333333333333333,0.3333333333333333,0.3333333333333333,2,0.4444444444444444,0.1111111111111111,1.0,1.1111111111111112,0.9486832980505138,0.9486832980505138,1.8518518518518516,1.75,0.4629100498862757,2.0794415416798357,1.2857142857142858,0.8746427842267951,0.06172839506172839,0.012345679012345678,0.04938271604938271,0.04938271604938271,1.3625,0.0,0,0.3703703703703704,0.3333333333333333,0.25819888974716115,0.5308641975308642
random_98_20,Random,0,,,,,,,,,,,,,,,,,,,,,,,,,,,,,,
random_98_40,Random,0,,,,,,,,,,,,,,,,,,,,,,,,,,,,,,
random_99_10,Random,0,,,,,,,,,,,,,,,,,,,,,,,,,,,,,,
random_99_20,Random,8,8,0.125,1.0,0.125,0.125,0.75,5,0.125,0.125,1.0,1.0,0.5345224838248488,0.5345224838248488,0.3750000000000003,1.0,0.0,0.0,1.4166666666666667,0.7559289460184544,0.03125,0.0,0.015625,0.015625,0.6633663366336635,0.75,0,0.125,0.7777777777777777,1.6201851746019649,6.196428571428565
random_99_40,Random,0,,,,,,,,,,,,,,,,,,,,,,,,,,,,,,
random_9_10,Random,7,6,0.12244897959183673,3.0,0.5714285714285714,0.2857142857142857,0.14285714285714285,2,0.2857142857142857,0.14285714285714285,1.6666666666666667,0.8571428571428571,1.4174834246858972,0.8050764858994132,1.476190476190476,1.4,0.5477225575051661,1.6094379124341003,1.25,1.1097213530798988,0.04081632653061224,0.0,0.02040816326530612,0.08163265306122448,3.260869565217391,0.0,0,0.5238095238095238,0.0,0.33333333333333337,0.36507936507936495
random_9_20,Random,0,,,,,,,,,,,,,,,,,,,,,,,,,,,,,,
random_9_40,Random,0,,,,,,,,,,,,,,,,,,,,,,,,,,,,,,
